ind1,ind2,ind3,ind4,ind5,ind6,ind7,ind8,ind9,ind10
-0.688071940241696,-1.20839906817559,-0.995979762302571,-1.09409074391764,-0.387712429896821,-0.35040227829246,-0.908280545849745,-0.979304467581319,-0.35678217466034,-1.02554757979816
-3.05826576976142,-3.08110558960542,-3.06171197018065,-3.11816215883295,-2.94152127679374,-3.24113786389987,-2.79279882836084,-2.83148317459892,-2.61542724302867,-3.0690968896523
-0.406652796272638,0.375413270904385,0.319675521113095,-0.190424117764317,-0.409376475006976,-0.235046102225245,-0.0996927164803136,-0.177249696882979,0.259645813142758,-0.444159207650413
-0.353473468231697,0.0749990978803217,-0.0112687800568106,-0.439800837384801,-0.617949499894305,0.099883818173013,-0.269796075179413,-0.0719816765950048,-0.316171526041757,0.206842287502315
5.79714334736559,5.62866393478995,5.51543001949789,5.6718203443339,5.8185020354055,5.39800157394516,6.1365850226318,5.31263826587216,5.8819555191963,5.23603760687704
0.874263780916509,1.06325743262558,0.0599516250596501,0.670747549907129,0.194727925628756,0.741887790835442,1.42702131545156,0.606744395609613,0.356879101766529,0.614899422401034
1.69697276986577,2.31344814404575,1.86558865210489,1.49279579730502,1.97637017287879,2.15253090954164,2.23895409603029,1.81642892182323,2.19945818032481,1.74644266156962
-3.56900445455871,-3.42574591351632,-4.12410598677073,-3.47864871034481,-3.66004230828673,-3.54925054845694,-3.2053367045077,-3.34644598981351,-3.9063408146015,-2.97251592185203
