mu1,mu2,mu3,mu4,tau1,tau2,tau3,tau4
-0.756202106485579,-2.51283949530163,0.243604472600332,-0.322825217698638,1.62037016709268,0.230534011557888,1.19522521600733,1.0235461654855
-0.668460337473228,-2.88707677622114,0.643787087316676,-0.12779661587524,2.58562326747245,1.05440025666248,3.23335575284951,3.54294928734725
-0.745884895958494,-3.27613076360238,0.699484742876408,-0.128159774758978,2.95361940163978,2.1850909130212,5.70078278477584,5.09151157201354
-0.896547740107116,-3.29952403294853,0.66482403285325,-0.13584278396251,4.88087695990076,2.86462754680506,9.72492028152353,5.41748340993073
-0.600062710675401,-3.18876767898412,0.704985212423525,0.0146340451104729,4.48234520901846,2.80541268083032,9.71043905701924,6.30331023004891
-0.559438693550919,-3.13989376410968,0.874023702953963,-0.0303007673712027,6.28376960114477,3.74229202579578,13.329323495295,5.09301618986516
-0.677066831357281,-3.23172781142985,0.783155282009651,-0.0503245662057492,7.20597499004422,4.03507322565598,17.0636107709355,4.51828594283214
-0.720200329347513,-3.10641797296985,0.920566809433899,-0.147117564227984,6.53726645496434,4.26612495653923,11.1373725551739,3.80364307723368
-0.798075315196894,-3.08634893650107,0.834356674810447,-0.154812840717306,5.67379181741157,3.41863795013928,11.5259911146077,5.21320394129128
-0.801705827818511,-3.2758390468891,0.856620149425591,-0.0464940786106654,5.44046902504023,4.37919157493867,12.1883178614162,5.19457748633036
-0.606446614818582,-3.45307575219101,0.820037292142285,-0.126347822570643,6.48291917824708,5.47949689469866,13.2971244837465,5.0576622778189
-0.711541358324934,-3.39676722236359,0.84842677445326,-0.0566493018444182,7.954584803032,5.27546282298124,21.770512291837,5.76589927582337
-0.834561958861833,-3.48145850183935,0.831977002947589,-0.121785584669673,4.96390751248513,4.43041485829681,23.0531886925199,6.22936881107322
-0.809816083840508,-3.65905525521367,0.813004737249279,-0.164895724829647,10.3702467781377,3.51359090257694,14.5831630935222,5.51335807625002
-0.731082344845153,-3.45513949073165,0.844483029652963,-0.0809936743679852,9.08535231025322,4.79527635389264,10.8806314443882,5.98917940160566
-0.806265556185129,-3.39292343788284,0.766673120483515,-0.170272180541594,13.8660826136983,5.1309628137677,11.805651121088,5.90798036895909
-0.758045675899535,-3.44657377335547,0.823053687759564,-0.0706335837763418,9.61700696364855,4.25716841283265,7.05926100353359,6.85275856142266
-0.854638281928402,-3.34822100389863,0.848390867597093,-0.059159820589612,8.89422374806958,6.67748208095383,16.4872431700428,7.28271467790433
-0.767302838110538,-3.3203757687764,0.90113120767178,-0.153526129579391,7.62007038467792,4.06772382413349,11.0408788849753,7.10265709060562
-0.811682804013986,-3.13687105506962,0.775478393455889,-0.0453422172936812,4.56350233614502,3.77941927013599,10.8598865534276,10.9262519481899
-0.715072446099939,-3.21006479082961,0.834201422239819,-0.072934690182924,7.6910312083151,2.24398548452539,9.85305745325397,5.31952652279134
-0.830100527526122,-3.24918463352671,0.97390883681762,0.051148185959777,7.48103657185385,2.06857459511371,15.8893639267752,4.81805950911414
-0.707815040546227,-3.52205372933334,0.986826517129476,-0.0133184800750373,10.3034423459263,1.80052071325929,15.6095025515667,5.76268051642223
-0.722170721373234,-3.51519532265823,0.978074689032198,-0.230348975359218,6.80126768425238,2.49530967626556,8.62097801686453,3.85130387279759
-0.727198758360994,-3.55485407397317,1.02135042829328,-0.163709150429378,10.5564915368918,2.75067993668416,9.61168859304541,5.1447260899735
-0.766574457177657,-3.63494512297464,1.0842447691339,-0.067432544681596,6.75030408105434,4.15677271637648,7.78242069391509,6.22906334999265
-0.730879960665493,-3.5333192230489,1.00512879647009,-0.0509221774649413,7.13287813924549,3.34790144041139,14.44365633036,7.46115842933783
-0.620600596458193,-3.53705578127132,0.988905640505792,-0.0157899515590579,5.89029058395523,2.83741748453769,13.5629903811944,6.39784500820021
-0.784759429189896,-3.51004521682847,1.08909349024477,0.0138359073629601,6.02353925822946,3.06569140787532,11.3569293113466,6.93029481652031
-0.755804253408813,-3.47219817999914,1.043975390399,-0.047064677084397,6.17273042118235,2.79673014746912,10.6727911709618,8.07374590418096
-0.622640375271299,-3.54208467223663,1.0586236460088,-0.0654072173511675,5.67745176850718,3.07161433820198,9.20881907305411,5.34218188252071
-0.526980331570672,-3.42621945437547,1.05460801133518,0.0163396777034888,8.16672604381361,4.17941126443036,10.0582695901089,10.0826314025291
-0.557534154841197,-3.54339632278377,1.09269482096098,0.0849926082014615,6.15451646992595,3.73448151168789,5.21123219584844,8.26561939945926
-0.567647685252049,-3.55375168114597,1.16209832951898,0.0690746077455916,6.58550142837216,4.51861966828711,6.11018868317553,9.43274238770778
-0.568074823676074,-3.43985346907595,1.09656872453854,-0.0260143907351153,7.10523944174936,5.59420862866895,12.9954326112759,5.95533465732875
-0.632778076707891,-3.52757128798736,1.09304157791306,0.00617591918263417,8.527269063998,7.47570102625614,16.5889622764038,6.52839944188689
-0.672131048567181,-3.55357698203704,1.12894359043982,0.0429363348240471,7.87933062539559,8.94174869775327,12.4460242692316,10.0149637261157
-0.646573570571183,-3.47131585649866,1.09550806747093,0.0173002739989339,10.5526768256202,10.6780311039856,17.0854822485712,7.1256325825919
-0.597510535901782,-3.47230710339724,1.07870866176238,0.00481997277015289,13.4399637503988,8.56922238005117,17.7986831101264,6.94268478600918
-0.675470051372009,-3.44412811352852,1.16942694331473,-0.0025784964920375,10.5680197906559,6.80978043972006,14.707085348404,5.73711050462464
-0.667403305965703,-3.45903532991055,0.97577857127036,0.0491944167531626,8.87120140628066,8.15103935732981,20.7606097528545,6.02155906651669
-0.681418868304076,-3.42990165777662,0.992938086503403,0.00104797480400733,16.1858537433255,7.54813238975424,14.6065189630263,6.48566653632496
-0.65173744003626,-3.48133473909397,1.05819926757254,-0.0198903815943179,11.8026226649731,12.7248424210647,16.4220786387076,6.87997479030798
-0.685608632963867,-3.4804607848924,0.991722898694104,-0.0420218473813132,13.3995976902965,15.4033364083294,14.4731780911996,6.77973641116469
-0.689959756220633,-3.42129508040379,0.935628622019385,0.00815974207016818,11.7359477774425,6.82808715561953,12.1164741943244,6.0273608576051
-0.728757192033397,-3.5253032589903,0.997390970515825,0.00880052920755522,11.0031986321938,7.76048944949791,18.0727735475539,3.92954822695848
-0.67329871304468,-3.4361796636241,1.01901656030885,0.0250809333326964,5.46419390825285,7.90103476077844,12.634166837107,8.08302744451852
-0.701924389354456,-3.39624108147493,0.997235667968941,-0.02429406777097,9.19699182088264,7.94584842701721,8.08981812466931,7.44748530780504
-0.68219887253314,-3.35903705448023,1.06996138066163,-0.0662470451024078,4.4292147725068,6.24702897248102,19.8336908716943,6.94138413269025
-0.542850455275033,-3.39942966979939,1.0871533658173,-0.000940298384148268,7.03876161132423,10.6547535034667,10.044525870739,6.19869767595614
-0.668944973472787,-3.43906784852164,1.01894151849521,0.0409204938418664,6.91232644236933,12.7151984707649,8.63111185085877,5.01450895354831
-0.80596680892789,-3.46588763740124,1.15012326657895,-0.0514327846337501,5.29224405118069,10.2122105970678,9.33259536389564,5.64736050077083
-0.688264812342479,-3.49495485679097,1.13214457786916,0.0255496995191319,9.35444410747607,7.74028583629929,8.34646718090191,11.7520409225232
-0.751116887296135,-3.44209237897873,1.12210792648296,-0.0412106045731573,6.31038690522034,6.52131834282439,10.8812425706757,7.50939974611697
-0.668125838167751,-3.39446886952664,1.06309236436465,0.0689298199036614,5.75184337130694,7.05991732925198,13.6819560726525,7.53433507141089
-0.80294791508711,-3.45745700404329,1.1844194558383,0.0356476730385314,6.34331965500104,7.73197298886047,18.914801831683,4.69564968736386
-0.697902677637057,-3.47491543618122,1.13814365415339,-0.0706309841703449,5.79972483968259,4.74896881732071,14.1721286900966,6.19478057172046
-0.767752347778733,-3.36005889614453,1.15884242748009,-0.107265322154177,6.11750622132881,7.17509619958708,6.4567567332323,7.22858293105998
-0.742161956826493,-3.26015402884914,1.22099747067086,0.0747555479996565,3.9714572953515,9.49350568647785,13.3618397252173,5.4348933044441
-0.758741841817976,-3.21793539420888,1.16430107942477,0.0252576901936956,4.86900045664073,18.3621046238682,13.3383077761144,5.80063844935046
-0.828829646865176,-3.16765107681772,1.17724042310159,0.0563947960585718,5.60337827939813,10.1210939737809,8.84594005264868,5.72647676191201
-0.713627424947516,-3.14972236250168,1.30808313126533,-0.0155450651747251,7.03382075632482,13.5755358316987,10.6652698051221,5.29076063501919
-0.712645088836585,-3.08274099587555,1.06634895995698,-0.010891239029886,8.64148623107826,13.3055305369751,6.51194422001285,6.23669616821873
-0.658738322326329,-3.14899856204213,1.10568879896324,-0.0293924787131351,5.00250542163653,11.1638800270051,7.21221289271597,7.397805385153
-0.546058445174972,-3.15243202648658,1.18076693769748,0.0174939345636655,8.13911947611858,8.56209916275351,5.15935967929416,7.48899139265581
-0.637397098543788,-3.09916574794648,1.19328008140278,-0.0311059754753419,9.5050834263481,7.03666244528127,7.28522780575796,9.25185387282381
-0.720045289814708,-3.11388712060987,1.05438744869504,-0.0687192530563057,8.21210046031727,9.7722933633505,14.3150003198513,6.46992729706705
-0.627077809727358,-3.046027206845,1.15827238124385,0.050091552253269,6.15882299014526,5.85686630271418,10.0746463783698,6.29211876008708
-0.564225288290035,-3.09558666145148,1.17145252836887,0.0178457070576521,5.8817282383281,6.17887432088857,9.63377184703085,5.50979493795283
-0.739981039675253,-3.04079032403225,1.05546751755423,-0.0448712774952796,4.8572461488032,8.12576798120983,7.28263584685544,7.59805440161034
-0.508709904113049,-3.00310954036846,1.13052818184952,-0.0540691899332339,7.30952617457212,6.12959958479684,9.40428998731053,8.69932836836637
-0.539441261755832,-3.11250419258143,1.11732528097639,-0.0330453977131438,5.72656224105714,8.02279120353717,9.87101008731525,6.77304687435447
-0.63913036052669,-2.86868020405525,1.06943436032018,-0.172232889595649,5.18022634201845,7.38085801648326,14.6891511180767,6.43743384179887
-0.717015562079164,-3.12456834315455,1.0894612532432,0.00813438360399802,8.88559297233224,5.89897012152708,14.7600498349456,6.72161939879163
-0.74870821002484,-3.11729740986341,1.03166049147322,-0.105134573854084,6.86075814672037,3.50015024036011,10.7230854114122,6.89368839947572
-0.692879439173315,-3.22941923107445,1.0013229757929,-0.219592022433737,8.75807411154871,3.4532840359111,11.7304001154308,5.44185597518197
-0.71111214166333,-3.09428095043881,1.14563065071558,-0.164013370945382,8.58534589982296,5.17592647553139,13.5813243058392,6.30784140238147
-0.704477183964106,-3.09925770016312,1.1122758753587,-0.0807573134195925,5.74062916550081,4.61145622376952,9.2079863672091,5.70284375146014
-0.61391143622264,-3.14641467884559,1.04028327647567,0.128367796832945,7.11470008882094,5.82220746797322,7.1169224144855,5.290935963697
-0.645954361426529,-3.19236691304557,1.19908728791914,-0.17846523306421,4.08977268003297,6.47492806141476,7.1813491580494,5.00102370563987
-0.644470086813177,-3.16542117123971,1.12206996928834,-0.00735292003007211,8.16459718668282,7.52510096389614,11.5449922868201,4.66996977694875
-0.601802328361463,-3.22946053020899,1.13325396460182,-0.00829300047409415,7.46053730790906,9.18703907628812,9.31647716076695,5.2815133937502
-0.540653291333028,-3.15702218469154,1.25964804094646,0.0820127621565318,9.56575352966204,9.54912441846519,10.2673504431995,6.04995089513069
-0.579104133706813,-3.09492816226492,1.11463783761637,0.00189552841142879,8.01023230305492,8.89543314002976,12.2796573503577,8.00747790069546
-0.644345268296525,-3.14845185627809,1.11124974870287,-0.136129935081991,8.63723208288025,9.21696031907925,10.1599736659153,6.32759255097712
-0.667351628547282,-3.13899904371857,1.20601283993318,-0.101042439912473,6.59397392958645,9.29969108552449,12.6112194400999,6.38618915965606
-0.596120277070154,-3.12762487900812,1.19966252357631,-0.024045911400083,9.98599844204293,7.44053059660472,14.3038404683454,6.36193142686915
-0.728621455553238,-2.99338253870761,1.1802261589995,-0.0171958271501631,7.13466811811414,6.53886782867248,12.7343937531395,7.82702708966053
-0.649775523360628,-3.10615895078807,1.25515890155389,0.00977613367862983,6.2820547112257,4.35149640652979,13.4095387860835,7.8052826145577
-0.596633224729558,-3.11368301516722,1.21411125018537,0.0140574525567848,7.87401224765472,5.9577511223221,10.8489691635591,7.3748715792977
-0.529457270847308,-3.11572754317896,1.20640928894983,0.00249001283497348,5.72467734690938,3.62085493376797,14.2994018095232,6.96378931776486
-0.593783088076246,-3.0721923640648,1.19334115438908,0.0456286452272046,9.51661450725241,5.08109345226992,15.7437567621679,5.39460128795931
-0.440328955125863,-3.02894884744573,1.1848338222782,0.0195362217992344,4.72478679820658,6.56087993113371,18.3038406708778,5.25142059935239
-0.625918358398194,-3.06314545668346,1.22452401503613,0.0784995146988768,7.00308979727537,4.10391985933959,18.2038810211426,4.14029584387974
-0.776560459783921,-3.04608938216346,1.14498873434246,0.0428112975223665,4.48069039942476,7.42159304476257,13.6239661348649,7.88226199372658
-0.744513530195268,-3.06241998265706,1.13432833600453,-0.0823605249194392,4.36484878500204,7.65771415302655,14.6314909609355,8.46658382765991
-0.716399350222055,-3.10901212429561,1.2095807200649,-0.0422272563177071,5.58951013825168,8.24128330709151,6.92856248147349,7.70045072391813
-0.732180905710071,-3.09870330775942,1.13636727169908,-0.0128799686693045,10.010763723696,9.47105934220309,9.48681504327603,8.21925297867554
-0.678753112171048,-3.13842916261928,1.06448798440487,-0.0189099406216861,12.0684712896991,9.06304439855257,9.44847258062461,9.51613965402465
-0.802695819171772,-3.09934576593217,1.10162039442723,-0.0515385668872445,9.16718087136123,11.2352211520159,12.5962819406776,4.95020548576599
-0.80370541843696,-3.11705262410768,1.09020122508009,-0.131580521789311,5.81045684856116,16.7710213098381,15.1488296669457,6.0541626257754
-0.773829703750181,-3.22807006072444,1.06815262664986,-0.23991972615391,6.64866804866946,9.09144480186961,12.7130841771755,6.72568609492139
-0.789645374387925,-3.19238108191066,1.16997101249022,-0.0274087099635876,5.6154087688969,19.1690475127369,8.23182750270337,6.59872209177061
-0.693845932501295,-3.20184594713692,1.17007031666428,-0.135174416388374,3.52100899274289,13.5925259198018,11.0295533498675,9.55383775487813
-0.73639199744791,-3.21197813466977,1.23250313246642,-0.172326033832698,5.99470939438163,7.23135291048851,8.13177457845694,10.780315679675
-0.809653121507405,-3.32128514114581,1.14907294481052,-0.0875127678925461,4.69561774291526,5.04485952890831,10.0654834796656,5.73034904787575
-0.788756612759124,-3.12595697156594,1.2359365552971,-0.128411574604661,6.55690742477305,5.16455954065751,12.3832931100955,12.3755574366905
-0.702706218151802,-3.09570215646411,1.0655651902449,-0.0271323592656658,4.54879267443613,5.88762098044231,7.16485931438138,6.88713276292028
-0.860501114327144,-3.09737833909222,1.25072904637972,-0.142081460643702,4.04376796093934,5.76366747782617,10.2063770377286,6.09002816918874
-0.682574603995627,-3.1618905167144,1.225945899996,-0.108038161588716,5.15147631204214,4.58351014029379,9.79646230565337,7.0554415922198
-0.849041467045837,-3.06570963291122,1.19309255623941,-0.107565598097369,6.56339792353977,6.2799335595743,10.7036644088223,5.68262410131116
-0.810950823129374,-3.05554143102849,1.29115022942749,-0.213885262392009,5.79470215867016,3.95243067655621,9.82164839005693,8.5865847126164
-0.651747093095224,-3.14276300257491,1.19156600158073,-0.0848498020486086,6.66593000121603,2.25878877551117,14.5467423226179,7.20814009725566
-0.782267796559902,-3.14088604391578,1.25885018238983,0.0703205799241916,6.7242496572436,2.58082006697663,20.3079343843865,10.5125528926757
-0.66305743965492,-3.08976833713243,1.26331483395676,0.0901536171789783,6.24468772587154,3.65205158750077,16.9682716700385,4.60544350822589
-0.753747600531932,-3.04377540177644,1.19675050033522,0.0113611410351128,10.9309997633284,3.86351500465266,9.39615838576821,6.1697348316779
-0.60651773733101,-2.93496004398838,1.32558143536786,0.000694327119897531,10.4469716893136,6.71247855260792,9.84761277206114,5.47229054902413
-0.675649416032368,-3.0593100941505,1.28363737830926,0.000145163814737805,8.89713844074935,5.83410213712869,16.2408632535304,5.2370609059933
-0.601080695501258,-3.08935028732546,1.2381378309733,0.22614099231216,9.67632256011784,8.228378877433,15.8870251452249,2.81118315810792
-0.69569313456805,-3.10149385326846,1.20438182678753,-0.0244823515845863,7.30135691859446,9.0797143964801,14.5988503514466,6.44129209683215
-0.603336744815735,-3.09961820857388,1.19854232388655,0.144401282755388,5.42859410141168,8.2952110255895,16.4962185263376,6.03272299730755
-0.655714163931575,-3.05180106102138,1.184415750939,-0.021427431437598,5.89075582930705,8.25558758233806,10.0851107890511,5.85556177065352
-0.680949826455737,-3.17477097224071,1.15375932506523,0.0525158299922423,6.46750761167196,4.3753934829862,8.66976897944868,5.60089450477771
-0.632214129601316,-3.21106927445516,1.14173123975764,-0.0487881100644179,8.30142373732368,5.25374181035525,7.65046086601309,4.50846060628024
-0.743472274352015,-3.21616150315333,1.03320051937254,0.015411508826233,10.1626929681168,3.85541715424378,8.00998372091824,5.22337185238765
-0.627767542479709,-3.25549275694392,1.09655146230387,-0.115068840052594,7.38017265660642,4.96570712465402,23.4492494071274,3.88626661596914
-0.616993315266197,-3.27552453106776,1.07342778572541,0.0597923621414775,5.33258104665462,5.86799804029363,9.82143388680504,7.78950630047371
-0.596748993094854,-3.10555386599103,1.10138322236858,0.0328616964881013,9.16483424320717,6.76165983030771,10.5003125906213,5.73288139147729
-0.542530213825301,-3.24240263807688,1.11692174620322,-0.0365344512672029,8.11239898554954,6.81963571267493,12.9713568694528,4.9441466938175
-0.582740706657158,-3.27695277782482,1.10712695260215,-0.0982947039454953,4.70518575631684,4.87659130301414,14.7275017342929,4.43835889160088
-0.662801799367493,-3.28898711093737,1.12775997970078,0.0201787370514031,5.31049478853836,7.5637289542179,11.9052164027941,6.99057223540451
-0.674164653466485,-3.22160220087423,1.00783584126071,0.12581799901991,5.58473860817087,7.10058004758464,11.3680019685748,5.63726150260654
-0.682635719007291,-3.19192055363312,1.09862855476558,-0.0382504101781731,4.56798614672833,5.49408703072468,14.7071868753125,6.32399275443036
-0.600309147046305,-3.29158012571989,1.01849446427461,0.022005631793097,10.1230724045368,5.43027735353555,10.5750034704917,9.17079726731939
-0.685810736379595,-3.28450203289503,1.033452749218,0.0208006454409138,9.57625478440093,6.77032791104195,12.671297651332,7.20750600799909
-0.795903414794952,-3.20189086289633,1.03210325995649,-0.0724409538289774,9.7747079053169,4.36988460904242,8.52459469947724,8.47360996355409
-0.738997799549534,-3.19142051914417,1.08132656460455,-0.0955665196029168,10.6705585813747,5.21644398420814,10.9375460861976,7.13197388884421
-0.750386348900382,-3.27126911399153,0.961488627234693,-0.121637603919639,12.5117218160535,6.362558728752,7.68937889734471,7.88980032332755
-0.709166049779608,-3.26831093300696,1.13436960579708,-0.0375283631550804,10.6488125191025,7.38081244289857,9.84678503324166,5.76053849643564
-0.761038647856648,-3.23812054544932,1.04519100040294,0.0224381889860232,12.3378513201196,3.08301170378178,11.7695518017752,5.00576983719598
-0.770209157012224,-3.35985894982059,0.980591665733012,-0.0011573571716615,13.5291685814477,5.05468730541182,8.92585455890339,6.04454016996958
-0.716928071871983,-3.3537231665112,0.991739650701293,-0.0533124158117165,11.9529751658771,4.15281994467479,9.7268182797005,3.70823800606551
-0.734430924235015,-3.46818033090283,1.01915059203025,-0.00251746188718817,12.7502686157844,3.51118084921852,14.1001609114039,5.67664597958477
-0.704927776361711,-3.42578319096823,1.04891804170987,-0.044227716784972,18.2388872947246,3.98199426745524,14.7006823544754,7.30682972797219
-0.623345205530411,-3.58233037580805,1.03475433440532,0.051476096287303,15.1242006701546,5.66887292571313,9.74155182261912,7.72436855915581
-0.735457381955841,-3.35479863300617,1.01815881170481,-0.054308652080763,10.5294510673282,5.31708753585681,8.52576563791118,9.96609443282392
-0.778362909553003,-3.33416318100534,0.899937614678964,-0.0434657649234066,11.772248156543,5.18755022561604,13.7712080471081,6.15108505692663
-0.711409632616499,-3.24561884217121,0.963009610320086,-0.0865033098017941,10.47125870645,4.20019567997492,10.4861015786756,6.50468588163055
-0.689133492212544,-3.20163788111021,0.927247711154367,-0.0329215756605353,15.2689073476352,2.90172383147318,12.3630003588461,4.8339874111914
-0.717665140871292,-3.29660281714605,0.980374154116806,0.0724926323237374,13.6172990187931,4.5738124049302,9.10459154080973,9.15598522657232
-0.689509175137778,-3.27589465331126,1.04873114562309,0.0565626027210506,10.735508243937,5.12854787509003,8.15182775738326,5.59192007141253
-0.681624783620319,-3.30240966806176,1.02362878407901,0.025983460777731,16.5194066893626,4.85150706853275,12.5888586693511,6.25879940742608
-0.72570275826843,-3.37106789410271,1.17562508494429,-0.203894146143956,11.0311779104618,6.59695570467827,11.4170533318786,6.13977511855193
-0.675594364541057,-3.31889116491517,1.06849479852641,-0.144170821301408,9.78904729528192,4.8062607067729,14.0692297721909,5.05525742646244
-0.727554413368601,-3.42325607080358,1.05062084537661,-0.0645790349749346,10.1692529329483,5.33153139525286,13.2901120840173,6.82405607025048
-0.724252503009479,-3.56939087475044,1.0308422652911,-0.0172847109697424,9.11864780458849,4.01790240768247,24.0989793496956,4.37393329562802
-0.678693871121694,-3.53575747912634,1.0508975878659,-0.15317006212968,8.44054250781474,3.682717514336,11.9977037932415,5.80320725266056
-0.726886279688633,-3.42874346469688,1.05405548930893,-0.186570645340242,7.35553903013094,2.90142393145383,14.4221329836687,3.15944147271939
-0.774339367183802,-3.43453557726371,1.07987021978399,-0.173308251812659,5.65348628626993,4.16803834425227,12.5859431968417,5.5974072419956
-0.657316153412988,-3.68842526520964,1.03456699515276,-0.198786187149789,7.00350209977095,5.46169159838609,13.2513435775451,3.54220467576799
-0.764594727620061,-3.71380932478818,1.05297059512165,-0.111276969810742,10.0838251168037,4.54942733155939,16.333481285533,5.36209336446791
-0.718512804617944,-3.66154204094756,1.05519945306195,-0.223573314120317,8.63228568237214,4.02137661614827,16.3246325448114,8.66359670788553
-0.742123848152384,-3.57821099400948,0.985802151401958,0.000206968181908226,7.36158095400589,6.89146875911681,13.6104356145964,6.42333505778062
-0.863962179027094,-3.67555288755042,1.02526129377646,-0.0403497105346035,10.1505628243501,6.31959478202298,13.6783806896755,6.75930468519933
-0.795234464472895,-3.65305122930533,1.0765857626809,-0.0948449662788811,4.42632818103593,6.01242722424092,13.9574195642323,6.61290063598329
-0.810946804344859,-3.75527691017663,1.05202693472835,-0.149227750518154,7.58116881649606,5.1908470277752,14.8879727409465,6.82723814701622
-0.742665106187464,-3.55719457946846,0.974865251509796,-0.15672642038458,9.55907895002786,5.354011475256,8.85975089590765,4.84735568014235
-0.726145679770775,-3.45586003713594,0.989951598328537,-0.223457457609918,7.53128864488563,7.02942347003947,15.324432091711,5.74674076943652
-0.756549958302049,-3.50152975672013,1.0763443788789,-0.0484454274999507,6.44760692681735,11.6750996499144,14.9912450888217,6.28240486937012
-0.657160771580192,-3.58216577221919,1.01549864205185,-0.0489428267883189,9.11493114320585,11.6939201003343,20.1424782321799,6.34891432285755
-0.532274483665826,-3.46885703150855,1.09490553782249,-0.153582616036538,7.74467920194857,10.5627559114517,18.3231187355143,5.37177793351343
-0.529054295971361,-3.49661819507819,1.10779083048632,-0.1382075159436,7.2053232304762,10.5453967281978,16.7012711206595,6.46222625926505
-0.549288822819424,-3.38682500637825,1.10166127821004,-0.186222856170225,8.70177583190382,6.94127673397286,11.8457798041463,8.86119132044584
-0.650985940971932,-3.39702687051932,1.12692263417492,-0.0362557899930867,11.3022916105252,4.85545778236216,9.07639199712981,9.63000925510137
-0.678285009991743,-3.46756177750729,1.0980791533472,0.0613965438525367,11.5555173583978,7.14415867323227,7.73016698985317,8.03689820403259
-0.498159687758119,-3.48965540171851,1.06924517853641,0.0432310528580062,5.78198478346833,5.30833152478364,10.3686174317859,6.25716783495827
-0.650420299828636,-3.41788703345112,1.0300751288802,0.0695716021564778,8.42054061517437,10.8237592594713,7.52501288506361,6.1302612768087
-0.616375177206848,-3.4020227080669,1.07152630808065,-0.0189241244235431,9.57123165980278,11.7905349741838,9.30324990794148,8.82913416519279
-0.601885698657298,-3.45302544053349,0.995779290351976,0.0644263762134838,7.44473906320061,9.70773393276513,13.8161503449056,8.874775091854
-0.695596962591358,-3.48116795234003,0.984246795635692,-0.159704464547935,8.89111979953032,10.9470100407646,11.0973930771054,7.78536259275189
-0.565633019024051,-3.399430319099,0.998231610921562,-0.0323158722711713,8.61936894274736,11.4914027460926,10.1441342353499,8.77833003538249
-0.616591810525821,-3.36796417814269,1.07495309076924,-0.0531313034398706,6.9263365764978,7.99110702355771,12.8860130444449,9.40611230340621
-0.604645149436054,-3.26059669842121,1.04445959444884,0.0286945157978957,11.8333935142969,8.26111197361317,8.97635051969644,8.67531389354058
-0.584708359286169,-3.17743847414294,1.09128795665932,-0.0230809567935154,5.34203270344504,16.141352868537,17.6953882245051,7.27054626971755
-0.571495235703403,-3.19974574084997,1.10819878858145,0.0574761889469082,9.7820272254772,11.7609367175529,16.4566224512667,7.67621763023993
-0.460218221460241,-3.17211206467928,1.06268962856943,-0.0674649022621598,9.95111520545094,10.9589815733794,10.5483450847501,7.27958654675156
-0.535182206155545,-3.26603221208901,0.99876849086277,0.0369097285531485,10.0943733942696,8.97969074418934,10.2152252839221,6.23585688058821
-0.605573730153201,-3.14401123982322,1.15386920310843,-0.0342572939516381,11.9729327751107,12.1456138878033,10.4548368763892,5.79024018698006
-0.610735484153881,-3.20774399593957,1.16089940144825,-0.0166416922768304,9.57265808934919,12.4493201977502,8.27772133416112,9.2282142081439
-0.48468807180113,-3.17436582578951,1.09764207547088,-0.0185567927002859,7.01333150828482,13.464297618129,8.96174765311109,6.84858901484168
-0.470391660335201,-3.10891333266614,1.15489991555425,-0.0727456158801519,5.55567088195731,12.311172405963,6.78740105330314,7.16882663586262
-0.503343055806473,-3.16502993485365,1.06224303912877,0.00600694191273992,10.0393213582259,8.60517798637571,5.56446372958132,7.45847633073681
-0.486617591333646,-3.06708789214009,1.12601842698415,0.0353183741720996,10.8620081463124,4.72966624963624,7.58313007919015,5.39643987871292
-0.502022539537669,-3.04657592733533,1.04521556773162,-0.224391460758098,10.3999507263629,5.26208327648521,6.1548724433263,6.64531916098421
-0.67094845271742,-3.13931839842034,1.02730742258399,-0.0797972272145808,10.2710713554201,7.08989150786526,8.54334209699114,6.60659472912928
-0.66381074464495,-3.12180795155364,1.10357346088905,-0.0290645475670837,8.65127286458932,9.53358345367078,9.77437626259708,6.53158502106104
-0.564796955519775,-3.10959488753583,0.971621512782677,-0.0639806034490225,12.0039369272532,10.9767423965882,13.079376199596,6.34459092323217
-0.571496982831432,-3.12428476140378,1.03940133767897,-0.00362275199762451,7.74937028238561,6.88538373969192,10.7726823637412,4.06285767425765
-0.481070139284047,-3.21023784601178,1.02729029817987,-0.139946241103959,4.25268509436359,5.40590853954633,11.4274935509572,10.638689922473
-0.536407488728245,-3.13125113395365,1.08606116538874,-0.0479515896301015,7.75543592131414,5.74273884617872,10.6854177128089,7.56851767609031
-0.567996467131549,-3.0712713715646,0.967599177744585,-0.0988912653923797,6.96907285410854,7.09526542618244,10.1717960404885,5.93316118041736
-0.644470993202429,-3.02861025023916,1.02053033417692,-0.0101994412966281,10.1574734073903,4.85201277680553,7.37768461994242,7.07689168133121
-0.612345514869495,-3.07276654393994,1.02662841082682,0.0380220353796006,6.28385569403822,6.11869597787412,8.50871077906521,7.23617566772212
-0.531779245317042,-2.98754122364042,0.930789951426863,-0.127707286051472,8.94404513731638,5.56123183181208,9.21207486438712,7.74961834248339
-0.560112107818004,-2.9540847619624,0.994208807410943,-0.0370192768517466,9.13881033009365,6.73987293838254,9.76191630240654,6.04646069930795
-0.670898557465651,-2.9319970680108,0.960484729869906,0.0261095044411153,7.23669457754418,8.35481657751711,19.7180197601556,6.09696711079896
-0.574344413168759,-2.98311355317454,1.04043150218355,0.0276795273695477,8.81697758165919,8.28079524241925,13.4610475359246,7.24127771455469
-0.56740840484138,-2.93348323011902,0.965372263488064,-0.0695709916868688,9.23620620039897,6.21881237714242,16.2790955530009,6.83577710992519
-0.631016816771133,-3.07002550677184,1.01723893240905,0.0628225781780227,5.6995561657601,8.35739754975745,17.2360302361984,8.37399069959069
-0.693040799591895,-3.04760354679052,1.01809701624932,0.0270504767422386,12.7995576262162,10.2121035022914,21.0357902198017,10.9778379180031
-0.500612861953253,-3.07223958015652,0.934733783617483,0.00943644048138571,9.15241821323956,10.2754032625609,12.1870150906099,10.1207340942789
-0.586046022311055,-2.93612014092225,1.09220336755227,0.0664405964584803,10.1720769079847,10.4850570263998,7.97694972750357,5.22694062662868
-0.567951730296117,-2.95622292939486,1.00903588471487,0.0592494164157188,8.58955068529353,9.32543092620024,15.0463955616855,5.91958130097627
-0.540001897943909,-2.99112370167991,1.09905296110458,-0.123197526113583,7.58191061679681,9.08080826874191,11.6593553994327,8.40073030601001
-0.526047078409734,-2.99365298884837,1.05586268724037,0.0191191498643225,8.59364438581049,8.09454707344144,11.2859892186914,7.71847808896099
-0.398188494314198,-3.0137972752948,0.899870635712533,-0.0488125204500941,4.09873111404041,12.3693823230125,8.84079153226894,6.45664200245606
-0.616406407766069,-3.06556211846713,0.997056233202317,-0.184445669154644,6.03962365570878,16.1915002071759,6.99436395908045,5.61673385096424
-0.622808654171519,-3.13188753942769,0.893555428318704,-0.135803263190641,5.76909589148818,12.3358299499052,10.6349986105486,4.98877215542522
-0.680868477928575,-3.08318042884593,0.926147407766131,0.0260102993252372,9.67966209653729,13.6899140032378,8.25748282691819,9.20306876115124
-0.58727293982299,-3.06800081523774,0.774563360556217,-0.0309898623565777,10.7155466813196,12.4411460299217,6.23352273122309,8.76839742864181
-0.592065379046262,-3.02997398592478,0.859915702336663,0.0234613253830427,10.9109898371707,10.691936195796,7.36953464414376,8.57961247579909
-0.643661190313367,-2.97437424655188,0.8437617768788,-0.0129550698227716,10.4903129795403,6.31233383794798,8.5951335645665,6.55487867800882
-0.600894984411091,-2.99061490574488,0.829721528397214,0.0773551031278689,7.44470438935516,6.16821122413377,7.5359206907811,8.00619891678347
-0.647665983990779,-3.04362628404983,0.85390546276016,0.11932398501129,12.0896652739112,4.2566169736391,7.94150245382855,8.14425196154554
-0.666426646545046,-3.07541250118705,0.897599945241761,-0.00911107006486846,14.5293619208836,6.0153184541776,5.17447318492021,9.86534410032406
-0.682811581893884,-3.07220514106844,0.914758963405428,-0.0855275584718829,12.4493497290834,14.5193784160929,6.28986228117045,5.59459532535799
-0.661087515567066,-3.03363091471144,0.872275113803175,-0.0522101291176745,8.23413864205843,12.8911713568566,7.80492877192954,10.0001731387359
-0.606642597000751,-3.05327846374243,0.731618335182458,0.0183316953558779,9.49883298150368,9.07462947085852,6.11891851117232,6.68287214198817
-0.646953824326596,-3.09827557308651,0.934536382739476,0.0324693889185881,10.3578988915407,10.6977571272781,6.54179313515012,6.76937241902594
-0.552380970536175,-3.10824715443906,0.917339948241959,-0.0470159786264372,6.83160815707562,10.1639648652739,12.7199313439414,7.40061657693982
-0.50716270514867,-3.14000263174121,0.936132511484596,-0.171931291127207,7.22747103717521,9.01498001181875,13.1002053526744,6.6718250430112
-0.627265620642828,-3.02403211293118,1.07913310652302,0.0163383346756592,7.38883850603071,9.89454571069287,9.87577421217933,6.4803177241787
-0.488398477440644,-3.03086178213758,0.976280097221931,-0.074257085251228,8.44128309276368,12.2799568293541,9.75488655259962,5.68880070686003
-0.475534154227345,-2.96177442071374,1.04176631370642,0.0415946517100993,5.56018583440096,9.78535236602166,9.66910875279405,6.98677269689864
-0.407611657283583,-2.99596312305878,1.06657138300027,0.00809742220604389,5.3576280153086,7.57644204254515,11.749488068851,6.4856145926323
-0.511295996953602,-3.12394362740869,1.07559806173625,0.116938840978504,9.48289123950164,9.52013421339507,8.51370426588698,8.60527118072956
-0.558562464571695,-3.19145050678599,1.01757631826086,0.0167697768809125,9.54734177118313,9.08645161912862,7.1840744616479,5.27480092017096
-0.650327092269115,-3.28455424241531,1.05744898170233,-0.0199265512651069,12.868092147532,10.5923617722698,6.89356912265203,5.07526383657973
-0.663817777883217,-3.12736021346183,0.988830503142704,-0.122089625640107,10.7944465602052,11.2388661892875,12.0143901551263,7.11664581663491
-0.634069181286417,-3.26412129268522,1.04538931851372,-0.0860836939908677,10.2595008301551,11.0635163154014,16.3829964644524,5.45991239753846
-0.654496331085984,-3.17438893788626,0.907239501414711,-0.0265456179138373,7.41421117588791,9.38934599586588,8.89446181204792,6.62084132076414
-0.69006384804627,-3.17592710608186,0.904441677153055,0.00119562267372941,8.16534023390315,8.24195091188514,13.5080365914048,6.12810062202838
-0.571960586792479,-3.32486818097661,0.922411539132708,0.0222571150516685,10.3196573960647,7.63332298807882,13.5631093480656,7.53199800344997
-0.631876403279624,-3.37386347835032,0.861927751604826,-0.0274831997667105,10.9844125879603,5.72348022072142,11.5058492384288,8.20201498205033
-0.640997699793636,-3.25546715997442,0.922840433125644,0.032598566047975,6.20977781557262,9.39661621162219,16.5076077782946,4.67226909930908
-0.520574606081096,-3.29446020336105,1.01092523566789,-0.0299432816670836,7.18976324319335,8.57707318083031,16.2179326990147,4.56167004361459
-0.619064968356182,-3.23802778937178,1.04778661837189,0.00353679669988594,8.42553148707883,12.083166160153,14.4073838101008,5.28707275319661
-0.580846419666095,-3.23949052968527,0.906584754376448,-0.0836516508755137,6.68234218732683,9.83625758019897,9.42463681418444,6.3752911883152
-0.581205985273028,-3.21153239061495,0.942699797131137,-0.0922192863326011,6.52283233285238,6.8069228601763,9.6552220876736,4.15223689355629
-0.499495253383424,-3.03624106499298,0.964563090003389,0.0332026890663713,10.9825787896667,6.46561653129442,14.7478085398643,3.82940905706862
-0.514034610819896,-3.11046938117636,0.903527199917015,-0.0895604812579484,10.2554974126488,8.57872287093909,13.583332114385,5.74963014775673
-0.581228408039729,-3.11698508316886,0.934493191635348,-0.0623466173476715,10.1871585255643,7.48313697765009,23.6267946327188,6.09675208379334
-0.490454620867246,-3.05825853471233,0.949271501804557,-0.0813832733166232,5.84566536377631,7.74190508499449,11.6497103619609,7.40664261736112
-0.586549714927807,-3.0120050863051,1.02468628502497,-0.108237068065392,6.67599664165479,16.9562291964272,11.4957302225717,6.05124940364363
-0.572167358110749,-3.10484019958817,1.00607632964537,0.0296550335815659,8.88182945023547,10.736355819831,16.0951282971706,5.13423962771988
-0.488355365632151,-3.11530176739623,0.946848760062888,0.00533403883922099,7.54703724458519,14.6054440809004,13.1365502073809,5.86491512920856
-0.567706028292219,-3.04619633100799,0.954753868361672,-0.0144144251432737,5.21137250795014,13.9628459427261,11.6629569689578,6.75694650459484
-0.412583891160298,-3.036674768242,0.979284613532495,-0.174525167308223,5.70773465291483,11.9937998906144,11.1720403509277,8.45026187191609
-0.703212710287332,-2.99405831380006,1.01749230141499,-0.0727682921460037,4.08487738003483,9.38326526616548,6.2632859007549,5.97087444675892
-0.636269057189987,-3.07992441956688,0.973984060077804,0.0463236820356479,5.56885229697832,13.6575925192973,11.3363640874559,5.48449626361531
-0.636513190481124,-3.0261898960591,0.949589795770084,0.0205476647541984,3.87428660450004,12.6582259987292,9.11395360280433,6.35763934182487
-0.641653236568346,-3.07246986125059,1.04959948101772,-0.0183980699488288,7.6639488942664,6.88102727813351,10.0732666043644,6.08634311547142
-0.644131379515709,-3.26222006699747,0.902803882341083,-0.0216811863892171,10.1071381159288,6.94362113644589,8.89389168402119,8.41226973355338
-0.647658460764677,-3.32374135842304,0.926873613928436,-0.0248659568919231,10.8878055995793,5.2596697739336,6.38586249217938,5.4093390252975
-0.694720242296624,-3.33759317414618,0.908830559291122,-0.108232764305442,10.2595972259421,10.3580660296943,9.29364038115931,8.44634149082738
-0.612921190422556,-3.29160575901959,0.954829705316077,-0.0274871290095438,11.5545484231932,6.65734046598118,8.26542783974944,7.28939908345392
-0.637539266708592,-3.16186202970533,0.88758322650361,0.0220420056407348,9.54199253390521,5.71853999388841,15.3419257818768,9.62712573101829
-0.722789293599639,-3.24561776425563,0.986134152693741,-0.032430273358059,6.76923074070981,6.27047049236434,12.0324502112954,8.39918443569303
-0.581843391893798,-3.18288011543111,0.961011340637655,-0.0572229042987262,7.21869824638718,6.38810337965173,9.0845969512666,7.32927009390384
-0.722312085443977,-3.21054845315046,0.940911381643567,0.0891301947545817,5.35522452261756,6.40502721351306,10.2744922657732,7.67705654009622
-0.660950886742094,-3.23248916527515,1.01788365816358,0.112662262121458,7.76044598865743,3.40042915326734,9.93067311014452,8.70799866728804
-0.705200390505019,-3.3050850833566,1.05542273511097,-0.0992303643202334,7.25829164436817,5.77910189398435,10.1421197834649,4.76051424525557
-0.658815487712822,-3.27822516585994,1.1318651715828,-0.0549775950617475,6.74132948435155,3.79593473171254,8.6922128609304,6.72359639193637
-0.60884829278518,-3.1765572768669,1.12859180091609,-0.0164171954166829,6.68133769116895,7.10606628830778,13.463608847333,4.64150095210955
-0.57691015752585,-3.1316287734578,1.07143014378335,0.0044616162846807,8.01210374179433,8.6125731227917,11.6133417893839,6.268784048266
-0.667773507995471,-3.16211643862876,1.00031572028715,0.0285406058397403,5.60106611016184,7.76544169048892,9.58637366885136,3.7347807276092
-0.687679702491095,-3.20835360658761,0.918437353223699,-0.0343910079308046,5.36068472214125,8.48187780262091,8.43933805571462,4.07079967961433
-0.782296478047441,-3.25301410770563,1.01504703958692,-0.150662862034642,4.68331304650572,8.27890119993624,10.6259627274558,5.54040561687708
-0.857757821088536,-3.22805583965884,0.925204008539261,-0.147377418962329,6.01246600916349,10.2304659790429,14.2161736759915,3.01072314829697
-0.655107449320185,-3.25739211398593,1.01748997683756,0.0881823425584577,5.48857008313166,19.137756952385,11.1686898660138,6.14228008970294
-0.643197559970985,-3.23918597305579,1.00602557669301,-0.150896893455392,6.82839266349026,12.0681069306807,21.1497396775973,5.33504373037291
-0.675753296447931,-3.31205768597793,1.09205995711752,0.0115451681421261,4.71960768553634,6.38754559756644,16.1972214042532,6.44240001030016
-0.577490749194248,-3.26631018246311,1.14458483397757,-0.0577797252727148,4.0197633411832,10.4504338537898,12.0351328917411,9.16375682898803
-0.485038500266874,-3.35472533006939,1.15384377878123,-0.155971107369132,8.2741528515357,7.55543068574702,15.4419926316323,5.61458598620124
-0.465494561910028,-3.39163691184561,1.07659461354974,-0.0889399297884977,6.84138695610007,5.83297729018615,14.5260557608665,4.68886575318377
-0.608826395969578,-3.29460715459166,1.07233114225969,-0.00321450626902105,8.51651549777076,8.09914672696939,18.3147776630199,6.48316117789523
-0.604621905887984,-3.29639607640182,1.03303749777498,-0.0596295670905585,7.14534118706809,8.67845318551596,11.2292777378854,6.46624614058892
-0.646063252233906,-3.28815420090275,1.13667355923553,0.0283715380489251,7.85723662574809,7.53391003848819,9.47427492603607,6.95664927829954
-0.530860393094327,-3.23448918481885,1.11358474312258,-0.126627122751022,6.63303047758746,5.24710236499112,10.0936276386161,3.49177803027383
-0.572185962499579,-3.1791177068823,1.1193590961093,-0.101920676109676,8.20708411113336,6.63382516723696,9.31247485107939,3.91032000375716
-0.666033848594633,-3.34959077911418,1.00697915398808,-0.0157505549192148,8.61502649518064,10.099796121638,5.73421218573045,3.75108327423573
-0.684642200819585,-3.41117116984036,1.00994942495581,-0.0314727956818265,7.01614988816703,6.76791038673026,7.9754755522746,4.32118624486649
-0.613982473610656,-3.42084441845589,1.01469733267604,-0.0525884466620552,11.2665395447701,5.93754076070224,10.3463094248866,7.00252533404141
-0.715733225256209,-3.30923815418598,1.07104772648463,-0.103092671626836,8.34212693589638,8.98121583907624,9.25042412346863,5.0893172554349
-0.629854545820655,-3.26956420680383,0.960747166610446,-0.00536061589172826,11.5108760445337,6.90390949643902,7.22740763467508,5.95302775579199
-0.60894966778197,-3.27697024615785,1.12466682412357,0.0150083070947307,12.3528563585082,6.66138104532269,7.91172126405379,8.48631873550766
-0.600476324272435,-3.31733079864888,1.05396739967831,0.00767415904580263,13.4715856911801,6.79912241481288,8.62253838970615,4.49108664358489
-0.629608940735448,-3.19190342193852,0.985024911799956,-0.0846188899991143,9.88215016822791,4.76423194082616,6.33667984176501,5.75994850856854
-0.660692713570303,-3.11089719061843,1.04920748052329,-0.0872489015152717,12.7089686340903,4.77048266504088,11.7758219888692,5.27949779843336
-0.659478868158401,-3.06909377960803,1.02557333281801,-0.0946893730815187,10.4914790265111,5.27527506732171,14.6936262949235,8.14160586682853
-0.719777812953745,-2.98841548810969,0.939490790714412,-0.0402224093958636,13.3333451625256,5.39323491078211,7.88521134527958,9.21599040660655
-0.677329365203617,-2.98038734340394,0.887604550403332,-0.110163861642873,10.2622947354411,8.21379749365079,7.73689743646741,10.2547139764901
-0.698567107918674,-2.96531964102235,0.919055553203105,0.0225166632535044,8.84251376686779,6.66864059584118,10.5384074088313,8.64092779736993
-0.712157088033736,-3.05782484739281,0.908607380900442,-0.115943744310202,8.83526093586635,6.72375231893482,8.86900541893932,8.26850382991503
-0.584585296495664,-2.97647634871544,1.01531376510102,-0.0498834719079708,8.08986233497309,10.1178208876306,5.8086561221441,6.2800931806617
-0.542727877992254,-2.80938266306633,1.05982013299689,0.039664352517294,8.59299303901662,7.33944316868357,8.56288929307982,6.75918538798314
-0.59172674209597,-3.0539150542264,1.01165512601793,0.0298779949171357,10.2692538315749,5.85673669406072,11.7804912865492,6.29001607406938
-0.710563808952929,-2.97005629965347,1.00900290482845,-0.0373146995944764,6.71181341942644,4.90286720108808,8.09808063342659,5.49716648085158
-0.651279165862642,-2.97011352275717,1.00323856216057,-0.0966849165863432,6.24481501685006,4.27315601456115,11.1122327776362,7.37025240996665
-0.632827085851413,-3.10263961239199,0.918983411969578,-0.0489451715803007,7.83294742246974,7.72910903895195,9.80950104969016,7.63658044161153
-0.635159763210754,-3.12041810382917,0.942827834943035,-0.0315450862464758,8.99340754420417,6.18787761597424,13.0467315364151,7.40342557188625
-0.662791826922528,-3.00351625494443,0.962627235661338,-0.00243444975661452,4.55474289187469,6.58387334412509,11.7634703892801,10.1037255581186
-0.522682028236138,-3.04928632324388,0.935298369773599,0.0350687190820991,7.30690036176568,13.0352385254725,10.164916426757,6.81413852092974
-0.596163498737803,-3.00506462601825,0.965421909346668,-0.0785480137868091,6.89028323728451,9.91959082032096,6.95127841822879,5.30675203818978
-0.76165289281465,-2.96958026563026,1.0144623942219,0.0836740118271196,5.36685749252667,10.7281668981742,9.83481309863921,5.4362163657244
-0.635556405127115,-3.00261309383645,0.991123288904328,-0.0488681999496399,4.96459240602332,8.80114203025447,11.8929654184425,3.80566152226124
-0.583494567005382,-3.12403816548411,0.975796944199422,-0.026926438485712,7.03364328105457,8.05136853497627,14.424588770757,4.19717879385137
-0.622090230234962,-3.10423129111811,0.950435708946435,-0.0182486957613161,4.46119978753518,5.23051580087847,12.699124252652,3.91126293332771
-0.693560098658127,-3.21228901868881,0.948808449461317,0.045782478441822,6.76397774940006,3.98792095502021,14.0721045932044,4.6954004315363
-0.590376158083342,-3.0881354628705,0.913563165221078,0.115835094597278,8.33782188695859,3.50766372129021,13.3518068539766,4.70866587300858
-0.603896870458374,-3.03045551383876,0.95171036222702,0.0131387414327161,4.3173286817328,5.17295353742438,14.2056010823829,4.88330201552203
-0.467002758294078,-3.08601601942547,1.00577855390257,0.116381973267558,4.92159529868179,3.3506781584319,17.8656873845619,5.5342399461267
-0.498881547925221,-2.98298228362942,1.02673010829756,0.107787877820729,8.68366433918569,2.64869792840719,17.1291827405554,6.71572298906107
-0.627455591134175,-3.03572949529453,1.12092176684648,0.0435419576565204,8.6149117064802,5.86617829642557,15.373575567149,3.77330879810385
-0.692938831767171,-3.111826973376,0.989418320489943,0.110827519016094,8.0386013890405,5.18091789674089,9.65188680668626,5.20737302130432
-0.777708287848973,-3.06906600696625,1.12538612887044,0.0117364513621071,8.58622070770937,5.47624140705391,4.9827464760818,6.11897923739347
-0.673430642983253,-2.95109347488748,1.03861665346848,-0.0312590001230966,7.43972383418487,6.73427929776533,9.73554465226446,7.02341414711766
-0.773002564732427,-3.09134234655335,1.02204675740508,-0.0160098585423026,9.44260081398537,5.05237136489467,7.0689482207356,7.41435543910415
-0.729086374010234,-3.11380649562082,0.923429533811133,0.000560077200935221,7.69703168279679,11.3247227853782,6.1237815794354,8.02285107454175
-0.796745189549058,-3.10197725934013,0.963326583355695,-0.0762667581206193,10.1936588882266,9.70806114139296,8.93033255800006,10.5442289784029
-0.783338418398027,-3.13939007130708,0.945417361350282,-0.13126948240402,5.99580633067339,10.4331437558485,8.34835114348442,11.225307606456
-0.801358564780644,-3.17983811498815,1.02464593454621,-0.103738589748979,7.35727703953388,9.58761521337807,7.94992362027559,8.6864375446324
-0.769970852466539,-3.13074320066086,0.940700295373206,-0.149813493219752,7.53436561156707,7.23710979539965,12.6875507281893,6.40456153228556
-0.819154481935498,-3.18076914471742,0.969182093491087,-0.0646802767422177,6.31550866415853,15.1503756176628,15.94421175125,6.51796580053085
-0.764216259825783,-3.13628459822834,0.921971330568419,-0.149187898967028,7.07000093233818,11.6186882831147,19.4972955138267,7.53663343039307
-0.719764705028645,-3.12044010680987,0.985019437048449,-0.0401087703599983,10.2252025248271,6.81590378904502,13.0357010295475,11.7996544032256
-0.733226843943725,-3.09520958194373,0.979696597369005,0.0791116100492648,6.58602260279737,8.94545808197668,13.4874160526177,6.06368248234626
-0.758885908898359,-3.13499630160683,1.06453226012743,-0.137381461922317,6.58082756283229,9.40814435116327,14.81470009762,4.72436300667851
-0.62318777660936,-3.14856664802784,0.991854052028215,-0.0384471009462536,6.81868300540782,7.22943123311952,20.9453133224282,8.07083525845722
-0.651067527677423,-3.14495542845349,1.01894127299134,0.0421222519885231,7.05363068439217,7.5150454011995,16.1124210831267,6.3592581375119
-0.668726119250755,-3.07223084706372,1.07634067120342,-0.0286845013264269,5.89256904728484,11.5493318278501,14.5422811732933,6.94181040156871
-0.575281381079632,-3.08221360431891,0.98290967281582,-0.0472110367730702,9.18837233197434,10.0195680682931,11.0176149557975,6.6234186764431
-0.747407967393078,-3.0537295946038,0.948569243216129,-0.249598576322954,11.6392447175923,10.1656031108735,11.6267365857427,6.37736711312369
-0.594873439991299,-3.16020965511882,0.973533990057863,-0.146790203448998,10.3987226393462,7.77273912963032,12.0195111854506,7.36442318711744
-0.629672351029596,-3.23470494989976,0.901249294287297,-0.140173544187082,12.3405773397507,7.67746549099685,12.0912761174781,5.04215422278835
-0.654687294135485,-3.10307478334113,0.901288533382042,-0.118152660435011,8.3083632988139,7.30872694708321,7.8099077419767,9.6714488946092
-0.745433856375227,-3.14032707314977,0.935959734100542,-0.044998739470701,11.8938625823101,7.51587431371013,7.95744403454139,10.4821267370699
-0.74431159649715,-3.10511719971368,0.84970002962053,0.0298507353250281,10.1481442945423,7.75362696823481,8.04346643237652,8.16406414382615
-0.670100354314551,-3.12460561701215,1.0646900581153,-0.052523615807677,7.41634023550294,7.72305652299164,6.02588014104737,11.3459184376116
-0.757989674161903,-3.25818078082456,0.914696873354162,-0.0258114847033289,4.66256599049627,6.33538931563407,10.1657666799464,9.86465693155283
-0.605906630948859,-3.07909211880784,0.969465336370874,-0.0934846221359664,6.01986026682789,3.75089775655234,8.06010923022029,6.46163500067506
-0.686093155568217,-3.1818569521071,0.985106645856411,-0.0649126229906868,9.05349421493347,4.64681342119669,9.52050525515023,6.04763778119428
-0.694790966280057,-3.26897062861943,0.958769865179692,-0.0181902905508696,8.15502517114645,6.49860386101761,9.50718718262274,8.43458390071671
-0.712490183044043,-3.29345559776195,1.02423555816411,0.103580338533205,7.35149985936517,6.78417805789044,8.7407618372948,9.59764713725437
-0.63262638053749,-3.18931310570874,1.0220424138689,-0.0741250828384586,7.77755781831122,7.41151208000011,10.8105084332828,6.62369617911069
-0.634975874975156,-3.10744553248677,0.985175240334385,-0.134729840906331,5.09245823806944,3.59257546112769,9.30674162121943,8.97093121211988
-0.693481110857549,-3.42281423317264,1.03534842525521,-0.0623241830586374,6.47925860210909,5.82314016692826,9.72512503764471,5.9793823110113
-0.653274081493334,-3.31133165330361,1.09581764808613,-0.0221234676848994,8.3590120823215,6.70919767844571,12.3797883753356,7.99784090870288
-0.679413969037203,-3.28678649918481,1.12501468983268,-0.0544998634580209,5.39113204920619,7.50894837073272,11.8146755799202,11.2237076857023
-0.660476337370794,-3.36624937328525,1.02793054628609,-0.0676303479533872,7.83857979140136,8.53325892328532,11.0167204534872,10.0584906458861
-0.750073122284252,-3.37512645778734,1.03922355917883,-0.0235000604703791,4.38849251217082,10.2660187842416,11.7302950639262,8.64980432697867
-0.779147438795782,-3.44627053966337,0.998388468943134,-0.0711151137409562,6.40791623864421,6.11818109660597,10.2090890287847,6.19800803292353
-0.670863935256309,-3.42461413122171,0.966402680988709,-0.193397091860704,5.81298678180868,8.10994678327519,17.4718772907639,6.76215833609419
-0.799729181768248,-3.54568367538545,0.972104371377515,-0.0575805829128523,6.29840804493226,9.92431584847053,18.9404959724919,5.62920548895576
-0.604564756193679,-3.42242098723795,0.952564754277645,-0.0866918601886947,8.83821909071746,6.71433793796898,17.8531490900787,6.56200906056474
-0.772177587346728,-3.37157285071466,1.03872197717485,-0.150967079130853,11.6899289387953,7.49990433111386,12.6607026208255,7.09309436875659
-0.705232065488519,-3.34397399611155,0.974317700897473,-0.0790551862238841,10.483353221597,10.1902037615938,11.2011465433726,8.73587806757798
-0.773290950812353,-3.37550450947348,0.971272706295364,-0.00453555417017977,7.02754545176635,7.13559546083285,9.14287039080993,8.23767507622981
-0.702655486509932,-3.4073786647574,0.973178810201342,-0.0216516628339053,6.29613395432733,7.15272738901735,13.0111820500264,5.31199021140567
-0.645722682603293,-3.33802597553157,0.918181402696027,-0.0770689736661597,8.6672793335964,8.69643144670179,12.4857091605643,6.98295198838658
-0.633630171070388,-3.22785081222282,0.936161025525391,-0.0275566664454998,8.35098691671156,8.32549372508324,13.1798348764623,5.5050522442747
-0.695385300545092,-3.30791117719277,0.977784966086277,-0.122270570219606,7.69905936045312,3.66034882145959,18.8842527715619,4.34458191088896
-0.653381553940179,-3.22508490316813,1.03895014704081,-0.111057278052941,5.60666746235109,2.99381828288332,18.5001790237964,4.99227661087276
-0.599860419186685,-3.23702684479886,1.08743417278697,-0.127071911520558,6.92478047702308,4.2119051538003,19.0474100065369,3.84392369487354
-0.714431795693997,-3.14107964586667,1.13388525920631,-0.0634031309430871,5.85543519276058,6.12511291026461,11.4312233814223,7.66286623643785
-0.672055340599076,-3.22688975652572,1.11131095822655,-0.0781634540225514,7.90223199581896,7.65281355011583,12.9213440400613,8.03425720595773
-0.619890225866437,-3.22808697987673,1.17874756628173,-0.141054830745252,8.18257422314477,7.57268938305812,13.4862429193396,8.03756074402432
-0.674589548463801,-3.11436175457664,1.11420356617888,-0.0688523036665101,7.23103975662601,7.21087068597517,9.0036848804419,7.27200508697596
-0.741232586281989,-3.16868002151662,1.15272289513337,0.00772190127058048,7.36115389265643,16.580128497244,11.4473219948455,8.1764567213153
-0.641165257272124,-3.17023540966786,1.17342153912829,0.0484760889726858,10.6274689582091,15.917980187416,8.54892201609388,6.01146118263136
-0.582259517073532,-3.19201294947798,1.17903443789355,0.100659932765087,8.96383614988091,14.2430215718587,10.7196251074069,6.88477440535588
-0.701442425717358,-3.24170174122323,1.24589226368155,-0.019721959384234,7.91726802883925,20.4799996626855,10.7765399980189,7.19270998429883
-0.625786942928444,-3.22011606866845,1.28944633275363,0.0321568868525638,8.08137913556642,13.0114559871813,10.0390175526467,6.25867172471311
-0.557960555725778,-3.18935330973262,1.22545549037245,-0.051743198141059,9.35234736119904,13.2710903350111,8.78170222714513,7.02582842200285
-0.504825237655157,-3.31466567151566,1.18718347927508,0.0496914084814751,8.66033410465083,14.1742612985251,7.230363308831,7.13734342764659
-0.612287692822424,-3.31365466785647,1.21620721681914,0.00745397973900237,6.23863895682871,13.9993308996429,6.79877000585614,6.95756735895581
-0.675508769632079,-3.34595433566859,1.17455278842348,0.037445353408403,5.93164111302142,13.1796514119621,13.4978460363583,6.14172845801485
-0.585050505982738,-3.32044795372804,1.16305566042451,0.0819710010172037,7.18490005867136,8.1520945386214,6.54721382577389,6.85940522321355
-0.600181284899779,-3.26846742187886,1.14962238418047,-0.0370316390091663,5.28147471187932,11.4746035250655,8.88871759520687,5.51955076852765
-0.607719101740009,-3.32058435339027,1.20092852896733,-0.112321915729809,7.32822906015163,8.16614298379444,8.20911188565029,6.51387332258168
-0.567100825449086,-3.32992149769401,1.14074139548835,0.0216542374079615,10.4453430242245,10.6786389391769,12.0320377842689,6.19663048290179
-0.68345498076376,-3.29215979144457,1.13801520275309,-0.0945765180689637,8.82413604324234,6.84044280408244,12.1919295190544,8.59456675863736
-0.618181151788835,-3.29016734979046,1.10641229109188,-0.0763637259360382,11.1753510181803,5.08196778094161,12.9845519627962,8.00752367320167
-0.642264712189558,-3.19630979836205,1.09037741023706,-0.0875787734666143,7.8861147654551,5.32493505916331,14.3917184952586,6.74906954732903
-0.65739234069959,-3.22335037406238,1.17127482517794,-0.0232661540288707,5.3408280708954,7.24613130366231,15.17175329797,6.54711640963019
-0.539169970285706,-3.24272415035932,1.10747196945142,-0.0622211396806995,8.2011676808071,9.65056342989012,15.4594348308338,7.14182983541124
-0.628556864457374,-3.2213685786504,1.13365294633484,0.00689168318012919,8.36641900415203,13.5801387713201,9.47407791528488,6.16710988671397
-0.598499961657336,-3.20352647049796,1.13174292011424,-0.170874882359227,6.90207889086019,9.72634229716901,13.2207217044327,7.44735707300107
-0.750316111293356,-3.14507212135631,1.12919562915163,-0.0959701933497808,6.94380255111067,4.89427137813427,13.8032449591502,8.98461031233344
-0.80381452592393,-3.10422551692151,1.09239590232367,-0.114302137240862,7.43615826398927,7.74783545911214,7.9609019546846,4.14105580843653
-0.712839146031371,-3.00579384797872,1.10556516025928,-0.0770849206832797,7.25306772634982,5.46347007746289,10.021198346961,5.14608137151634
-0.756835593447924,-3.16839696386876,1.05505611709383,0.0400718080478199,8.46975067085735,6.25004117538484,12.7903373874651,5.10644853967338
-0.788316381008028,-3.23769627322844,1.11310451299784,-0.0144834646870804,11.7557122258664,6.26949067760609,13.8579283801822,6.5345774421749
-0.745609124523069,-3.14229138051926,1.03431743900778,-0.222164724701365,6.88372199147697,7.56780819279684,13.8661709406109,4.78539945930319
-0.733270122670792,-3.10332507417066,1.02770299769158,-0.0489857161430207,10.7299521212411,10.3674756632488,15.9231826786403,8.266386278977
-0.642789641837691,-3.21182039413191,0.914659546214538,-0.0117138465172433,7.84711965029768,7.44873738313954,11.2134626980284,5.73180353552439
-0.642222198458213,-3.19491606931645,1.05542479169777,-0.18014281796838,7.19449340852926,8.66492864856766,11.3628965432441,8.09180290579302
-0.709446406950912,-3.32069526362539,1.05940062782762,-0.111127266614613,5.64132915794769,7.10692913635755,8.13528131548596,6.16508309174911
-0.712866592589017,-3.38874920422597,1.00692436737448,-0.0866760653151771,4.66423689962582,8.21123552770588,14.2712085500145,6.14000215538182
-0.75919808315962,-3.39872560516205,1.00343823516786,-0.177349197294014,5.91755621951601,4.44804669848571,10.1671371651564,4.78682853496404
-0.727811357829139,-3.40601093506665,0.94833424087712,-0.0265755124032973,6.45329374613877,5.81681820326342,14.2724269180733,5.01102448715624
-0.799008080348831,-3.34200782939826,1.08567688265432,-0.0140165154968347,4.10676101509824,8.3611746467323,9.63320741916629,5.38749856183461
-0.637708702116475,-3.28714603451423,0.959968510354084,-0.0190052566924288,6.87430061303173,8.06443819078867,9.19283967172233,6.72560614112503
-0.717140013441389,-3.40479279068503,1.05952708136,-0.10436612421435,6.57395446132357,5.76569686891674,10.8502131296105,5.20613771558436
-0.706416635542802,-3.40979001903278,1.04234889476012,-0.157891228658469,6.29956556620683,6.28043519092299,18.1217671867842,8.39816058663784
-0.551111867074194,-3.25830078223419,1.05428292719107,-0.0632574012751612,5.89863261380459,7.02055178541175,10.6318378503517,6.62455369134807
-0.612519523453798,-3.27605822463562,0.96771929963787,-0.187558234565893,7.16952015700428,6.57097750982843,15.7319661148056,6.4325757414816
-0.560434719308329,-3.40241763877981,1.1303749400043,-0.114151090796485,7.92388114592282,8.43222627347794,14.7239666696497,5.68463563969265
-0.554771108672152,-3.4349499846695,1.00274627975132,-0.0356709815583506,10.5421129450664,11.7741937801283,10.4043131362897,5.55728202346041
-0.604514057815918,-3.44434802042904,1.02731974652921,0.14461083215667,10.1795082231479,6.25368182498704,10.8446225962566,9.08894925198781
-0.671806550197619,-3.47489740692951,1.02145384325961,0.0301366241857911,7.35068074885213,5.16314235577646,9.40449794535521,6.14086192534045
-0.700233426441847,-3.37712820515794,1.03013724956276,0.0235498942171398,7.26349014933167,6.9769942607265,13.3754241423879,5.84092719490582
-0.583651445383431,-3.36375584036617,0.952582135972342,0.0472485314511768,7.82373292802755,7.80174520121774,13.1559661153541,9.99909505547707
-0.720045107140663,-3.25716820227737,0.928636335333262,-0.0114161862730372,4.91778607482675,6.47697743009534,13.7634856143821,8.90236891509423
-0.759098096554615,-3.27148945661633,0.918769175957727,-0.155245773872113,7.43741993882185,6.35717933730752,8.96860103177594,6.56848678203921
-0.753318215271233,-3.32490072320627,0.994718851906619,-0.102908794458089,7.63817780492102,5.97091668141505,10.1972889253435,5.75724392372319
-0.73883757974873,-3.34903836900557,0.915109858161606,-0.193793433130109,4.37830063799872,8.88464123665493,14.1623251867524,6.03176272705121
-0.669737567292555,-3.44670768431181,0.892424177308956,-0.0523738315501415,5.49731516176059,5.32633337376361,10.928530429059,7.01886442643034
-0.621258949331404,-3.44478534138612,0.970102793866215,-0.161088430440141,6.51773008645199,8.26704794497383,11.2762819438466,6.0298301706694
-0.681148275304618,-3.5661490868466,0.917498461210076,-0.0740318616169247,6.57033153475481,9.39685802336026,11.5572377510109,6.57097076661306
-0.684837531061524,-3.50072164973797,0.959159159578904,-0.145628957074211,5.46806814674886,7.38131747262607,11.9435495198669,2.88514184133789
-0.69657647634347,-3.46622827325835,0.888520528902795,0.00630443642171453,6.68411430899161,3.39161200805493,10.3992033517762,7.26807678249697
-0.781502568651439,-3.44342279465164,0.955001061656616,0.0578762466490673,5.88083496005786,3.20258837346488,12.399375642671,4.17769708694915
-0.792532041120723,-3.41894155952207,0.926374493305438,-0.230490098359966,5.40871280084113,4.24021164502374,8.06611609769372,5.00695110460887
-0.778033690220561,-3.38299177838302,0.82909390485725,-0.118863162718187,6.55862439399725,5.87027568326902,10.779548347524,8.74908984440094
-0.567671404673723,-3.37419895129739,0.865464446818816,0.0401266685817594,6.57889098498143,6.63840944866714,8.68708338883294,6.04019939372495
-0.624381557043309,-3.25677244092928,0.9761114220155,-0.0397302733296686,6.19815272623842,4.93656951946292,6.60456566569037,9.58582134757518
-0.633823359924497,-3.25744571588858,0.92814981113597,0.0520629644022059,5.83794942630802,6.23831665204536,9.1706438617656,7.39557561504436
-0.733811727233993,-3.31333295861906,0.963400195268883,0.0408417500466926,4.5286220610825,9.50064729255361,12.0517630676277,5.88362135066978
-0.762547058818244,-3.34589216378573,0.964049705008663,0.0769497083331066,4.83012487883193,12.7896972593492,15.86894209565,8.290135138185
-0.723462957268002,-3.3417782597038,0.975639808974099,-0.0909236046905021,5.18460072159738,7.15799204748953,12.273771275656,7.00141248455793
-0.63575805258148,-3.32066820575985,0.898347118772288,-0.048049760644353,8.70240779075224,9.17931305376025,16.689089905185,5.96870822776101
-0.760215323898487,-3.37545800005525,0.942810089262206,-0.00325765657849247,5.03466017595795,6.39437432335635,13.3763139641909,7.23653833733082
-0.765075404417795,-3.35149514990765,1.03503981798944,-0.138623024195914,4.75842412703662,4.1714824716721,8.88184257825179,7.41245420682861
-0.706804502264363,-3.27213104500477,0.916716370512808,-0.0710107397022046,6.99517954996749,7.4922745857531,18.5809286880437,3.94064619939442
-0.737576587339402,-3.46666961517198,0.898105639735601,-0.00995551545648502,7.89609330648017,5.53052501461446,13.5710606532155,8.4250259250526
-0.766571111018008,-3.60928834869399,0.961445144143014,0.0769236626345551,4.1750542534275,6.99972811198269,9.44024302068252,9.34151301373214
-0.685918071595443,-3.51889100600121,0.856405113641751,-0.0342242224321657,5.15696909987498,5.32678109877568,7.06086279250316,8.18185027026305
-0.707862970537915,-3.4417458428512,0.984302066315066,-0.118486763018518,7.07256618097351,6.54261907232405,15.8284094716494,10.4412155834302
-0.57771175083544,-3.45177857033582,0.923366978709961,-0.00462482824178346,4.25482563818553,4.96914853410315,7.14286299480425,10.0373348423369
-0.641644193060214,-3.31123894400808,0.971183600926466,-0.0491967987315324,7.98801709770036,7.58780123322899,6.77782978243374,10.4816780878229
-0.613234209251111,-3.37877445588583,1.03613517672103,-0.0619455116222802,6.84147794590802,4.21667723134775,7.57608520411623,12.7537676029463
-0.664256727583677,-3.22771235022493,1.00422823498548,0.0167901370800493,6.22770507851676,5.05296532472064,5.58261227286794,6.26540132669295
-0.525866323525599,-3.32592326744503,0.903977140313026,-0.0515158875866253,4.30773553146789,4.06161949105304,9.06825933237115,7.53280833119378
-0.725434370554114,-3.3440871666647,0.929869774009411,-0.00978716557218008,3.80843933436679,7.32368190782722,9.16031554410487,3.86992793760438
-0.38050337570908,-3.13421550265964,0.773143856570949,0.035663040868242,3.36310775618073,6.05159206696479,8.66876030741333,3.88612226889206
-0.552243301007736,-3.21543421442639,0.921056669940981,-0.108113816974426,4.029161460675,6.5808040768107,6.55560927304857,5.20915732527279
-0.706771612011317,-3.07721994479698,0.821631904235711,-0.0305057891219491,4.04747972091761,4.46027256669081,6.06974897997577,5.5033306997381
-0.664181737245834,-3.0797828373837,0.884203107452199,-0.0733351509966411,5.38370621549622,5.91264924876473,5.19651618969034,5.43913813708875
-0.735165626922382,-3.0901330219202,0.979542591738118,-0.0576815530802939,7.05332021373005,4.01471077912029,4.29907343066819,7.10672425131112
-0.809808823598784,-3.25775343826772,0.874282821649821,-0.0512862871726785,7.01315154237895,6.70279757956888,8.81021065320428,8.87006578459715
-0.76592548618572,-3.22623348339243,0.878114628030329,-0.160043821500474,5.04180394998797,7.22644088805766,10.1631190989527,9.2533896836683
-0.857626057043264,-3.16486526908347,0.785614904784692,0.0531776227960337,7.60532250569107,5.46861782234377,10.9238987316791,5.47935445316093
-0.788286792946568,-3.16278302324498,0.849207540119444,-0.0815600482594626,6.63466872571596,4.23831340070597,19.6827937311383,3.59206542990438
-0.608720974232235,-2.97056829469841,0.850918094902148,-0.0830193184908602,10.402916752911,5.41664985658649,18.5795473670974,6.0236310968705
-0.693537751448418,-3.12863668263547,0.801469733773898,-0.0077879957523843,10.7341380834559,5.32628287001,16.6860833306564,6.91068677949081
-0.625394860223015,-3.14449592056052,0.708169878485741,0.00815646191515227,8.79954453045247,5.9616451937651,8.68771535765646,4.8198038492695
-0.577974641371014,-3.14270540430918,0.826712296550831,-0.0680733075069638,7.93254337244078,5.84858924966381,7.58180813965374,8.76783807729585
-0.737308720840546,-3.16580343617446,0.874809811599319,0.0626706179372546,4.94089484558867,3.20145219065546,7.14216854630469,7.66535090198025
-0.686343196621661,-3.09435155788522,0.797770150872843,-0.0387309360107572,10.0562008861064,6.35768448245362,13.1345323795767,8.5416811140189
-0.692902675758295,-3.15689701033169,0.790027453672835,-0.110953036530726,10.729072390223,5.82637346175654,14.1041054760237,4.62688547712009
-0.79269099964307,-3.17673921624926,0.72203086388596,-0.0293144098920495,6.98175545249916,8.37817249220334,15.2476786843581,8.22600994946789
-0.701655599315902,-3.21173635482369,0.81176033171308,-0.0811956837530322,6.28788329820081,8.29040087124983,12.6557118802006,7.52866209709429
-0.62714729164892,-3.21521008460732,0.824067769050382,-0.0276633920128633,8.12104997479631,6.90915287762125,11.7104565517423,6.51325116454221
-0.584899749726403,-3.10968892644636,0.881967439880407,0.043049799720567,5.16790445131336,8.59245269293896,13.5738251262764,4.99164590656138
-0.605298116023413,-3.18315307619111,0.812428512382155,-0.0547946220419595,6.57662235018173,4.30323237759435,14.9238449162053,8.93797514159196
-0.611664953321186,-3.18858143116424,0.804281010399476,-0.0636488822741527,6.64844493042853,7.77681628346877,14.2935470189408,4.52790879903146
-0.644954612442594,-3.1222899699569,0.863853149002266,-0.0352930547915368,6.71489279891522,8.25247977271656,13.3358896929988,7.23300646764426
-0.623232740129526,-3.12021844806955,0.864781339278493,-0.101274261664512,4.67210793836298,6.18330113696873,22.3113518607844,5.15966907577946
-0.499942208526737,-3.13348804293039,0.829794912481787,-0.0739253122611315,4.81487389635787,7.11781982976887,13.2125796728493,6.56873067975365
-0.602195915096443,-3.20190500113824,0.853842401890902,-0.045760538297769,8.16879732011562,7.3459037768029,16.5844557302565,4.63049969668255
-0.494905555727186,-3.3402313774346,0.823391206950756,-0.074351722066153,7.69918869428007,8.75873270709484,8.10897183885003,5.27827232513264
-0.426794400618514,-3.29882486269316,0.863554491174162,-0.0239703065474023,5.50519774750573,9.41052392132756,7.85199775002436,7.97358320551967
-0.492327227743011,-3.20214570794602,0.760532041289088,-0.0579521847546613,5.7598287801443,8.29971893732336,7.4333356225031,5.61258980619961
-0.543832016053635,-3.18225416408389,0.833157727270744,0.0939798051619675,7.72002744797898,7.46686330099863,12.1345375469024,4.49867921521532
-0.610279094835201,-3.29648974885053,0.768499365668167,-0.0642188529047001,6.70678007251397,9.09740447925458,7.34894736093367,7.92857103252814
-0.611283047011241,-3.30005832102045,0.809852485850567,-0.0126917271785395,6.39234917139078,10.2705675349264,12.286737257335,6.01731789056675
-0.615837698950312,-3.25848188936327,0.700793137610909,-0.075857659301156,7.46473586136474,7.61115927267343,9.3459605215941,5.05042709676251
-0.591136710769232,-3.26660410121865,0.90849484930834,-0.0386894250236489,11.026337805364,7.16767781728137,11.2274758940884,6.88828279824494
-0.687747572222882,-3.1255499937337,0.816447910552453,-0.106439431782964,6.71410959969473,5.7540806949141,12.3538469181563,4.65075272496785
-0.64580941374701,-3.11177153905879,0.808890792399619,-0.0227335381891297,9.34565302812613,8.36329936930412,10.4038745551154,9.62735679379499
-0.68554993546947,-2.98093926980289,0.80696327185325,-0.107166824377382,6.9444251534683,10.803974212912,7.03731613804518,14.5234717986753
-0.740087679483469,-3.00900455703765,0.913009821139053,-0.203941141980123,5.48293544944967,12.154587973658,9.732335232053,9.18063995479902
-0.701059094489945,-3.03398371531555,0.888705021519169,-0.122238209761014,7.39597501618053,9.92989727985102,7.38548919778251,8.83150646166192
-0.687112009730596,-3.04622924673438,0.834703752021012,-0.00814946323452199,7.52497385633347,12.8217741376985,8.55091442442074,7.78172404742382
-0.523469642796499,-2.92226584240895,0.832142584882936,-0.0945462520556039,6.61859271399163,11.592902892619,14.8865220405938,8.57780954902832
-0.690647315975042,-2.9107598918546,0.786024866229132,-0.142731258958287,7.64312274041725,12.8718625254716,12.9183272711742,4.73310047099852
-0.585741803494825,-3.00851893224149,0.893987142412642,-0.0254850782264319,9.93728829849955,6.85928301632074,17.2533789423214,6.50726289219092
-0.556184383506661,-3.05629272426976,0.878313518906967,-0.0202622380789639,9.92596662426113,9.86041474561534,10.3041017100345,7.61216570971651
-0.529024845101468,-3.11395537074379,0.908517175649857,-0.0362126288168722,7.28816098697861,8.02326269137124,11.1322678793978,6.63406667734644
-0.517160679185597,-3.06575258070632,0.986165540666037,0.0714056034120745,12.3557996195734,10.9246264577817,8.79568024122671,5.00817491897309
-0.579946367260743,-3.11171593213686,0.827011069439568,-0.0663328396291473,8.9720806835505,11.3267102714726,7.47176966625438,6.47377694879614
-0.629775382350066,-3.08931278421304,0.857056317941892,-0.0356661977807635,10.5421174927325,10.1475660545387,8.40259055472878,9.20434192504626
-0.612116697374891,-3.20176380477819,1.01540415960369,-0.0396845451923745,8.45015267066374,11.0462437124551,5.77354662880565,7.79765097701405
-0.507045238595295,-3.13124705363691,0.906627853494575,-0.0102371292258634,8.64691655009247,15.2321653464888,10.3827164936149,8.84519731028024
-0.739402311954536,-3.10418359406144,0.863169518419539,0.0900234193884063,12.5223576725556,9.9986390447591,11.2060285149238,6.44623502736165
-0.720522005736131,-3.13340710867253,0.818804572151919,-0.0310370864288891,10.5792424849012,10.2976336952106,11.2697920326711,5.83123857820627
-0.592568337719892,-3.23652856572478,0.862658803358878,-0.088125402074651,9.67238459986878,12.6315117271543,7.84223172771656,7.30292555415205
-0.607396030257413,-3.34320691606354,0.764183322632658,-0.106421591203783,10.8977281017708,15.8861244739159,12.3780809823072,7.19986879031036
-0.701105940233922,-3.32908790096851,0.830286806083432,-0.0383152214456357,14.0055512719076,10.6667902001498,7.34563937261614,6.9383600332485
-0.633690114332189,-3.2852791976626,0.893515927847798,0.0324838388090714,10.5198928701154,13.758617758276,8.30141221963213,7.25898306653941
-0.650150973426294,-3.30802566191794,0.779426123173011,0.0233585716761053,11.9405810382372,12.4880574649126,13.5736966214453,5.13935640082703
-0.606425118847716,-3.25869086592345,0.853711018573023,-0.0527444288438145,10.7375566445639,9.37671639950272,11.9980280447269,5.53171927207045
-0.659751910210056,-3.28960063983038,0.824611776757252,-0.0825738570562764,10.3303223693351,15.241534472896,11.9924165885395,7.43372108350088
-0.771978092080102,-3.30199236483016,0.887550860934484,-0.0271320658141095,8.27652451789407,18.2002298993825,12.4940034595967,5.12369877977136
-0.633784276159026,-3.23791794721671,0.773340519360424,-0.0338036047170558,7.83032603542086,12.3338828294662,10.5154421963813,7.56208600558405
-0.742429172142253,-3.25987618479741,0.732322896353733,0.0103996561904757,9.40716331216281,8.94672351473774,8.10221684892953,7.59099711331365
-0.690731818935699,-3.17049384021896,0.719702949505124,0.00888543129148551,11.8664767874567,8.05136776759253,9.55733653370772,8.01406852783338
-0.728108031425681,-3.25902810586083,0.762123810456702,0.0125423978632019,14.9561159161644,10.489507043821,5.57723315597135,5.39726453246393
-0.659977736632547,-3.26103392136287,0.829436094669392,0.0478116333481574,14.4296822138492,10.3382152206378,8.4777325174776,9.15072898199458
-0.604216604238494,-3.27592451878145,0.756676030260299,-0.152086656689891,10.3927464893491,17.2067183690585,7.4576858677639,7.19787695833652
-0.671114892010124,-3.25491352670837,0.802746156693002,-0.117474824053952,9.8229120618565,12.4103958522753,11.7798319607939,8.92615642174478
-0.599570365333984,-3.20956630305094,0.869510999147312,-0.0825768154446031,9.06675339976172,12.156761012738,9.95919787497539,8.93564306213235
-0.62165071051818,-3.26435846344935,0.880058394943631,-0.0666166843880102,8.01909873447826,8.49357941111163,6.98428794529122,7.37717923038845
-0.608565305269842,-3.27473040321759,0.939968689931728,-0.100294559542798,10.4655177331443,12.9002006972365,6.70481927377605,3.34514162481302
-0.691587773046942,-3.33187601601893,0.895082619454475,-0.113237919505106,5.87739850266964,11.7133726432074,12.510785406631,8.86003422739615
-0.639943618605729,-3.32550392671062,0.750587966716922,-0.108812011806004,7.19406223493874,9.13969225956958,14.0208045440885,6.78635416633544
-0.566210796426608,-3.42730938036452,0.8051958053951,0.120921989920732,10.3576017460674,18.7025193230031,9.40709448417834,5.06770063949926
-0.435664100465686,-3.32893017030892,0.820008404939335,-0.121969624463256,8.99172855650526,11.2100792696863,9.0131063224323,5.77558172718353
-0.639876178174228,-3.32276518366962,0.863223926218676,-0.101294995496849,6.2016262549564,10.6472162669079,8.87764402583655,7.03511753935253
-0.496952496813358,-3.27297151486863,0.859357904421641,0.060643208294531,5.4661428254231,10.9203680442059,9.19888481881044,6.28813590003711
-0.645389739315866,-3.26125120482927,0.896034145364284,-0.0616480082305664,6.32885363606065,6.5925795999268,10.7799346515693,6.20077907094209
-0.43752922556831,-3.20557699382019,0.913968407648864,0.0195611749291865,4.92403077814154,6.17504438232038,10.7150745573053,3.7706248422578
-0.491945501866632,-3.29183762793568,1.01540929024195,-0.0612267769699278,7.66730620944487,11.0592240301667,12.8628485061118,5.16710741842896
-0.560240374863162,-3.26657496209167,0.981781016939549,-0.155903394138819,6.8767923395507,10.4409524356015,13.5454487763887,5.68590873092972
-0.687885291422227,-3.22369887383338,0.829084282596462,0.0305537316946809,5.23209026976681,7.72515239683232,11.6272566074776,7.59314571485806
-0.552104011833185,-3.10935542094543,0.958695385505841,-0.0630583985150775,5.16012895944553,9.0551727122047,8.52925425808679,8.73587088274623
-0.812192985966679,-3.23738200582427,0.87735355107962,0.00273903495206219,4.21577605344231,8.98003808753096,7.83898947424919,5.77260432462024
-0.718356789630342,-3.25912740046105,0.822910413937832,0.0258612436927776,5.76605870930265,7.69028247425728,11.8722887396641,4.37979740836656
-0.636682652522845,-3.27824900095201,0.990647563004098,0.0593981721904012,5.73670907587909,7.21045349569466,7.49481099145324,3.73599741151606
-0.769113453750873,-3.2089907822727,0.812266667925013,-0.0175566910858628,5.61527563747035,10.4158924696764,15.0869334646138,5.22442395073951
-0.771548208131483,-3.04975853628118,0.821321651889198,-0.138513758126944,6.76392443354706,8.53627377259858,17.7360024015246,7.08824518958122
-0.701269243045043,-3.15681754174136,0.857780286189531,-0.033452765071292,5.11253649787081,12.1367507736273,15.2152559250933,7.15434153120988
-0.68549371867942,-3.23445391712738,0.850518292301601,-0.0591219299255008,3.84073103015241,10.2086663179867,11.2887184350148,8.18871519009253
-0.778854844025165,-3.24625617725311,0.898908337473467,0.0312168787737742,6.80493211099816,9.66501236459733,11.1587764708161,7.21253430248102
-0.770090848292475,-3.17390367026224,0.824958823110016,0.0163939070266981,10.5300230897727,8.90948897906694,16.9558984055795,5.17243456934196
-0.663500554378074,-3.36608537001364,0.949384355071221,-0.101574512116234,7.11526462200493,9.2977932810004,9.32962957306748,5.87589696219614
-0.605286418385632,-3.45775408657215,0.950397061129106,-0.0326216817980106,5.59956877855657,8.33228622172773,9.7919962789351,12.5800244456779
-0.624775532577072,-3.43157305709814,0.94208027973782,0.029643208609095,6.35341033327692,7.7477091082084,12.6324105376022,3.81461563909705
-0.814473590029583,-3.40676746969758,0.908097661904291,-0.0756318475171601,5.99859592664582,7.10059825602851,17.7999309915378,5.61281652828782
-0.745119193846991,-3.48511125352025,0.947034118959198,-0.000326716617128466,9.74905508356601,8.12093908583794,10.7333210100596,5.67368998702055
-0.854307143164429,-3.44309185929227,0.83164232255047,-0.000209144801117556,10.6220333594535,8.15545732086275,10.7855652832615,4.1673667084995
-0.817283548034281,-3.53930321219541,0.894794833871974,-0.0799800289976205,8.00835241800261,7.20097454735041,8.40461381083147,6.74936721859497
-0.810196384859053,-3.43875235382102,0.756525168233234,-0.12176248139817,8.0416872365126,9.21889733745454,8.15072262710121,5.71833294526863
-0.762107056366046,-3.55461522692105,0.819594255317646,-0.0459660491880116,6.18321387102647,5.93546743257364,9.73152568806615,4.49111133356102
-0.732853096930761,-3.43211608023073,0.88902918594675,-0.0819859480529416,9.51489649964792,9.71575611750439,9.19961090174723,3.8745304191554
-0.675584734770927,-3.55708786358891,0.899244210245016,-0.260560502747356,7.9307730201254,7.77733273526676,11.3283393858183,4.23001887876617
-0.764309836462461,-3.54573632081155,1.00032856031848,-0.0330168692518283,6.75754093041716,11.4992342084897,7.72807704274773,6.29696169477197
-0.719617818955025,-3.4774258348168,0.876784816911227,-0.0695273445815767,7.96728640105388,11.6794460637442,6.66394753750788,6.94664565867998
-0.739725189769737,-3.54419775426421,0.923244326180557,-0.178588881268291,7.47834528265959,6.44322465830585,9.33046771689657,6.8879550909698
-0.730003694032067,-3.49929267886765,0.754479896808951,-0.197438725270922,8.21235932910788,8.60326627467383,12.1940406967697,5.11785899005667
-0.781180618385818,-3.44745008635795,0.823786259421394,-0.17848475840591,7.97750534794648,8.93097422860489,7.65355354959913,5.22891155674803
-0.712950667946684,-3.50986341404991,0.859351608439759,-0.133335818257951,6.09705743370441,8.56935331441781,9.53336169009417,5.2928257579272
-0.738334096230234,-3.40503963673916,0.879312062188108,-0.190957995417507,5.34003382836995,9.00748846422483,6.23471954224356,5.49277369756717
-0.85651928428213,-3.41177532761521,0.833167799451055,0.101350587672513,8.18768451793129,10.3345022367822,7.98823524103993,7.28911969912029
-0.77267702493594,-3.47248333776743,0.848556398272764,-0.0454102607891175,8.34818825785577,11.0556554860431,7.22393384876576,8.57431876003787
-0.779805040527422,-3.51431424982677,0.834795970345934,-0.105810167619673,9.60849423952927,16.6260780191429,6.65296233885504,7.98055059230023
-0.808471401724567,-3.54922429357748,0.775382897446974,-0.120777446943096,4.47012508613562,5.74558428303112,8.73297024429213,7.03565405079778
-0.765606968681122,-3.58152511507536,0.973612944117246,-0.138585014250625,5.37560117600965,10.8993361593556,7.66253085016488,9.21713122509491
-0.805600443665283,-3.48647492343354,0.900648266083298,-0.00682264866270479,8.47401664117249,6.83910241744153,9.01865604743178,5.78552415344885
-0.738138813572305,-3.42393918999056,1.07524746488872,-0.118315362954403,6.8008809522674,5.61248160357393,6.62802367261108,4.98940119750191
-0.776331437801754,-3.42078109428151,0.957136127370214,0.00780014286274802,4.5861062540366,4.90198629071293,5.67470416910647,5.95327218191067
-0.798284895120393,-3.4607294341587,0.962786449319321,0.0195948117926714,5.38068919150897,7.66624704129758,8.90266302468176,4.66161616036648
-0.739927740479061,-3.41439132822998,0.907118350457992,-0.0574822561007013,9.9489873946236,7.31067847428096,10.7913406798522,5.53331728929827
-0.664993668285733,-3.52924711384502,0.892433014307719,-0.0115172116966271,7.93892531602977,7.14272142823501,9.95138907611952,6.25885357524153
-0.79240580737951,-3.49818423722093,0.991277660377031,-0.0508857248611823,8.2885692669066,2.74310536701785,8.88866279516092,6.71405203157585
-0.675220292958078,-3.20990086819032,0.998759857177434,-0.00696292292125321,7.03445688131569,3.70338161687928,8.29800294391463,5.58153251282591
-0.721092366429095,-3.2084043989674,0.972558552273676,0.0189475557952983,10.1485359958633,3.23381836436997,13.6156685617812,5.75274071167103
-0.708764330637147,-3.23199187820131,0.95455807412471,-0.0253266229524409,4.89285148181469,3.63017796759507,15.702935711683,5.12786855063966
-0.7400100451272,-3.03906909580295,0.943442547202201,0.126559319705855,7.25542698256472,2.73086636870444,16.0456006275056,7.58826281432276
-0.71797186918166,-2.95820636655973,0.935547863825139,-0.0216184332087167,9.57273228463392,2.80206237871978,13.2521047412184,9.23068741109095
-0.694477856914185,-3.03826263276473,0.985521236673732,-0.108281273177306,10.601639384964,1.88704933584605,20.008218422102,6.80370347684164
-0.707771700838648,-3.31473979603938,0.976581760961543,-0.0164351996996832,14.7788262146092,2.47649663342096,11.5745792348977,7.82122156833325
-0.838973493625613,-3.41376505830525,0.878878017535305,0.00430615214055981,11.6881360728183,3.60324414577109,10.2892499463896,6.56478881080155
-0.719937529721682,-3.35941457459646,0.934278664175108,-0.0923293631500831,8.60928448841502,2.76436020236382,10.6593507370964,5.76136411146226
-0.635762487184946,-3.60011697960877,1.09991090142544,-0.0336130376160983,6.67307332767864,1.55770514748608,9.28196608461328,9.02035874871517
-0.669809383849434,-3.34696271320786,1.15161385252206,-0.0211968709073593,7.37188949203582,2.21181238378805,12.4168113619372,5.99821455764417
-0.639439918441166,-3.24665649698959,1.1474376873941,-0.0424525188713867,6.5374477178396,4.3154035747322,12.3658196413695,9.1364432113627
-0.639905272474365,-3.27893468706209,1.01300966998841,-0.00372794700234506,9.97893490978108,5.79214249859249,11.9887779589218,7.91415687242008
-0.649503370252223,-3.30264071032349,1.1159574394978,0.0162472260045431,6.82714746600655,6.6694692911689,12.0261213048507,4.76635578627028
-0.658391497756838,-3.33365440957988,1.08038125743179,-0.00673279528718369,7.88984652958931,6.20935784244952,15.6210695729758,6.51300211274633
-0.632341178878278,-3.16739650509131,1.15041464173198,-0.109532368766066,7.23166831575956,5.60480468024184,12.1207673228195,6.56761076932712
-0.629846405023374,-3.19460009736052,1.18977856200091,-0.147543290087173,7.47335636469451,6.17384988129131,14.1414140036337,4.39836067328677
-0.623586855524531,-3.1764550670799,1.12741375156512,-0.143999267374968,7.85888609588879,6.99847130624478,15.4243660338274,4.07673755805434
-0.652985118173159,-3.09041015073518,1.13510339992403,0.0427588235003252,5.30136276202179,6.15788292803927,8.16572897877732,5.41042346854377
-0.634323539737034,-3.11974322506092,1.07137446394583,-0.0526932099083777,9.80265528025575,7.6147574348018,8.56541520546141,9.62887182503066
-0.667968022635061,-3.16470698691779,1.14960326122117,-0.137621590854273,5.96046161938501,6.29172983829669,11.3943786925002,7.15509350215618
-0.66837616227022,-3.29847911790484,1.12505832662903,0.00621133011960175,9.77797893509922,5.04636871326827,13.5937345051193,6.74760076661168
-0.715565923133935,-3.26943577986616,1.13743241110818,-0.00128472697665403,5.78369756969222,5.6941600722579,14.3542177299425,5.4839276004219
-0.653519969399926,-3.08344483554506,1.13634738040819,0.0118231913229364,6.74804813731957,5.06755365226223,13.8991962056346,9.09855686522647
-0.73605429265995,-3.03613100371756,1.19485626059693,0.034057753970685,6.616590510133,5.74487648717533,13.0969222355484,5.38846231094223
-0.64836146148998,-3.17791348011268,1.14337006059006,-0.0986165992260322,6.15294217579028,7.25755908060209,18.3768897914698,4.33912063116923
-0.654054364136601,-3.20485507880575,1.13621969375302,0.0357001314908449,5.90245973282274,12.6388832961415,12.9062639978602,6.72548621290666
-0.645040146511037,-3.10025225330151,1.15308165799661,-0.0665708946875154,7.0960051531158,13.7305211519669,12.3981013104319,6.13541739704828
-0.666567721950509,-3.13210739511055,1.12674039046488,-0.0648951233094976,6.99211852336455,14.3712493385605,15.6735797856947,4.43005129218095
-0.773909756434226,-3.16516295890043,1.22287009749997,-0.036651606709078,7.89808106398664,10.8719014608348,12.7748575157595,4.8852815245521
-0.720603988854941,-3.16951235626354,1.18425753966342,-0.131758474929617,9.25261154607538,13.8794005903486,16.478801495648,5.22739569403003
-0.700878607101907,-3.17752908332975,1.21474570326399,0.0291232298126879,5.65808005469835,11.9584119299426,11.9875896301338,6.11854280489892
-0.678393253793399,-3.10992947875999,1.17902852383309,-0.0481241484725513,5.5188978751557,11.9585685923665,9.60746797404017,6.6765565393643
-0.6571261633206,-3.15557124554865,1.20786392282048,-0.00413067153353457,7.97009885906757,17.6040942160241,10.5170167969058,10.742253884419
-0.651529959807747,-3.23070966468327,1.14994696523725,0.0175914426333767,7.90835428390317,12.5648591554684,9.84422337826545,10.2246470067714
-0.670986489143289,-3.16801287140191,1.17426798636512,0.0505229240442184,3.55417820740439,8.19648101559,15.2978373940309,11.5259653846887
-0.717984610396928,-3.17486418903568,1.19281125218195,0.018229586128487,6.01028543055318,7.38851282382855,13.662781753523,10.2850174619839
-0.588376388209447,-3.13836081132059,1.14498749016132,0.0676532331455142,7.35232380447267,5.81311070653939,15.5996668481644,8.57516151554252
-0.643220446482033,-3.21756401802665,1.28705939789162,0.113825882414389,12.4839429811957,4.89098031574783,11.1726425471122,5.34940590012078
-0.579309325386496,-3.21379968025535,1.21453757108871,0.0227011030660875,8.36714384210825,5.50719443796082,17.6203650192404,6.70538672072471
-0.575834524834199,-3.26517921717828,1.20626703977824,0.00497272579288424,11.9197542189653,6.87823936801667,11.6256255393244,4.2271404135539
-0.598685838375276,-3.31625942439337,1.18332128724777,-0.049920871950302,7.67664396773437,7.311536377726,11.9310782979964,5.11898596536067
-0.716239721110256,-3.33053220370639,1.19069629598653,0.076989988152192,7.40274880696401,6.53585213267186,10.9002091303338,5.72709642759709
-0.633653243194078,-3.31178758155293,1.23416340253903,-0.0607258699881606,6.2273131704423,4.69771896893232,7.94919350738607,4.80462036298783
-0.622594602059817,-3.41816810009423,1.19971075800104,0.0691625741419488,7.06260732661468,5.24888827691297,9.52292784687585,9.67131919838118
-0.592165440179571,-3.44715736201561,1.18480855574408,-0.0811008643024737,9.34118727787203,4.29952025244067,13.259285965954,7.37455604447136
-0.578812155164432,-3.51675992115472,1.24675589360124,0.00818406534901266,7.90660809371026,4.25025362796057,13.1217468379784,6.79739409943369
-0.520841158114665,-3.56768299062636,1.25442949644001,0.0653141992070866,5.29511225155651,5.72431780421704,14.7505444330406,6.55887470090469
-0.524933299825613,-3.45446309963368,1.22653078569381,0.00920254473239783,8.48846416347386,5.61491771002887,16.3548690848373,6.48569454694833
-0.460960865516722,-3.50703039419248,1.32340943600575,0.0278424026318377,10.743812385662,6.45314722890782,15.7097034320233,9.04614696403477
-0.592644136923248,-3.50584732060212,1.29945859373167,-0.0243785982484858,12.0002545679366,6.53186375173854,15.2235807853892,9.25768716453434
-0.658648982176484,-3.40446863095036,1.23779047296188,-0.140208674675113,10.8591677539307,7.31036677493718,13.2864435789172,6.68249807218433
-0.705409551148371,-3.40604902341145,1.23521996315614,0.127149954990292,8.35703257043441,5.57740928485196,16.9079786369134,5.1517533227033
-0.682096512907161,-3.34368207995009,1.21736344620209,5.21955907797911e-05,8.02514638324256,7.23569975446613,10.1059490447192,7.28547274589982
-0.587632761177076,-3.22450840570655,1.21915487240116,0.0657400463414027,5.66130911698995,5.55990056389468,10.1871847376284,6.61007489821568
-0.562624103660684,-3.32739992421184,1.29401874087645,-0.0335328253443709,4.64935070898983,4.25662951189633,9.59852694359877,7.76511270373158
-0.609313221889603,-3.2942118489894,1.28080823416837,0.0537434744797718,5.5403763916714,3.35109392367692,12.9982578975767,7.49731923283199
-0.611416604992294,-3.35729284104714,1.21081657676715,-0.0416866187156887,10.3360542339344,3.23485831081087,12.3803689217062,9.08709455247195
-0.737677382747905,-3.24534104369892,1.19627752070937,-0.127710101481392,10.0553155365557,3.07499904654305,7.39459063389542,6.09712826498368
-0.695663986669451,-3.25499819027441,1.24211029550002,-0.120008200669039,6.36478868586849,4.39226151807651,9.42275078392775,6.28919920530752
-0.682256911409896,-3.17139740768537,1.20412931045943,-0.113113970918394,8.39047561078055,4.70102307055103,9.52539344892695,6.94664575295609
-0.625361775667789,-3.18874829004422,1.15971615526437,-0.0115677620160888,5.96893645865487,5.3266391595043,8.51367854517363,9.4453481712285
-0.717741958996051,-3.27777449854938,1.17536512122465,0.063063718741216,6.51896990560723,4.97753100319898,7.11675427705587,6.93370739416343
-0.63242892214394,-3.26650171562152,1.2059013096975,-0.0647174706105427,8.49614758059297,6.90752962002192,8.88947445844863,9.42496442357714
-0.710514826280707,-2.98471012478173,1.32548289107808,-0.130908638882627,12.4028076909025,5.43706617349751,15.2861061040549,6.53520158809849
-0.657540425239501,-3.18895164865471,1.29277145793017,0.0120781581524061,12.087063990821,4.22408691957638,12.4141136773061,6.00215556197149
-0.603420922469843,-3.17317876319854,1.32516105687493,-0.0103931645981679,9.63839089884599,4.82934604016072,7.39918135857011,4.49808270221195
-0.5545112574497,-3.13745199461551,1.35319806891877,-0.0542252133264076,8.05299452349735,4.76590904291796,11.0707394479287,9.10208273011699
-0.538972106998163,-3.09715247277172,1.21843451110656,0.0141567946141344,8.93917640268456,2.63913004110893,10.7867613677064,4.55336244737524
-0.540252921515587,-3.19380246581695,1.24690152795691,-0.0706911886930596,8.01769697451428,3.44741929204796,7.70523561333513,8.33149105675147
-0.602798884246444,-3.05262250535557,1.25382559452261,0.0155790761979664,8.93715693527757,4.33205483724679,6.51421978200793,7.33748674402597
-0.572162840392799,-3.03008270165392,1.3235061654583,-0.0688075232515259,7.98502553398408,4.74138934381998,13.4835671136887,7.4302967065432
-0.580527822739103,-3.14369139313666,1.26268883068041,-0.0782900373936439,7.32347090246862,6.14401768537546,6.93703976517302,8.13007390985673
-0.596983826003057,-3.23479371757466,1.2159312655082,-0.0727977576856519,11.0261602842691,3.35261682179046,8.65259401937924,6.13493637165127
-0.614165279569014,-3.15306463231968,1.19564199436947,-0.00473031736283879,9.03753907688494,4.24705056309045,10.0571430462876,7.24186960173562
-0.698249463988993,-3.1670176453651,1.3284188154048,-0.052558704762892,10.6993497526475,5.50547732596095,10.2567418559894,5.41485648367473
-0.629854012440677,-3.01317712974787,1.18702472613369,-0.0582031133131976,7.73168561860372,4.24374803908217,9.40083396141195,9.0809851359156
-0.707045802389363,-2.99934798115952,1.12406748197018,-0.266332130053671,7.86842256006746,9.72083405502632,6.37494568861139,6.51887939940233
-0.781634842654086,-3.08658070353503,1.1993549389334,-0.158794571209881,5.64293020460582,5.41351793597505,7.37281549076961,7.23069924398069
-0.761427981150903,-3.18576787159697,1.21558404037067,-0.104886100917737,5.66584608150115,6.4507296723026,12.1638610406906,12.9438522680602
-0.645051693635099,-3.06222291480786,1.27381149197686,-0.159392443512105,4.76172029702643,9.85529372130996,11.2775311426545,6.59443530841955
-0.6917595287497,-3.13419350304683,1.25064787085648,-0.139238793659378,5.14573115437122,10.3874756339144,14.1019299695646,6.36906834665819
-0.61023131138398,-3.03413826146374,1.23086497894403,-0.185175212418098,6.73661225840156,8.02046152601676,13.8566021892949,6.85048442792177
-0.619631162618666,-3.05463042010712,1.34191949868935,-0.192223484726766,6.44917068377346,4.74392725876023,12.7126110242523,8.5804924758151
-0.731705875234841,-3.06089464520896,1.2630482325977,-0.0296920287983855,8.23615038962705,4.1552367603805,12.4907537655438,9.59536947661116
-0.699824010887966,-3.08493702273868,1.26421788239906,-0.0399671189006761,5.95811916402013,5.96799163516791,10.2200583983609,10.1734601750569
-0.714822939696343,-2.99269948115036,1.26005516481809,-0.0410121066751303,6.11354061210038,8.05384445531489,12.4956955446138,6.27960960889697
-0.759932066528742,-3.00531193585001,1.23624262238289,-0.0365205567054507,4.69614047031464,6.41916478040449,12.4558991627164,8.31997921904817
-0.673870233436336,-3.0625247485962,1.28603796736298,-0.12458942435354,7.82060000459686,7.2649124220867,16.3836107168121,4.82621976227945
-0.714368086145512,-3.20547822832535,1.37611430699488,0.00285498957840452,8.77000451356899,10.0428458584451,9.3330483181679,4.44418991856703
-0.659349867102516,-3.20797580311854,1.3464666756986,-0.0725660407763153,9.31318874120351,10.4568121040596,9.11231086074567,6.61066259791919
-0.640537992273079,-3.19541373827609,1.36654561520861,-0.0202688112018242,7.3161206654812,11.2162618592907,11.9113973779059,6.01573828378806
-0.590343044302712,-3.20893777699002,1.37472340311364,-0.117976586760832,11.7221246760913,10.9353135847788,15.9798662119111,5.78031987520404
-0.708808684265186,-3.18391803410458,1.43858157855458,0.111371927350376,9.87771365361027,10.4858924209193,8.86108503794594,4.68503007639032
-0.623665948749536,-3.11844299730807,1.30440248624471,0.0227661090475921,12.4436347903384,5.4374237845809,13.9372371347069,5.08908722613231
-0.656605383618394,-3.20453886189691,1.45176001392956,-0.0022217803334308,9.0714873579111,7.85267660268962,10.9612779667765,7.07230631478363
-0.627020911243445,-3.21310174066962,1.35118134393723,-0.0232558417379758,13.9523575998079,5.06728033166192,11.0655007042701,4.83894627116802
-0.651656050788554,-3.29499731063717,1.29958761942077,0.0247111520349478,7.41701367012935,6.66635073893341,19.6122807591077,4.42617979863503
-0.699125538875642,-3.28749568170129,1.31021725810748,-0.0995681617333609,8.32577742667032,6.51527828167505,19.6707750043692,4.21391609483182
-0.664620169104582,-3.163127000744,1.29095988242981,-0.0788451155087066,8.64399310275533,10.0600472140723,15.9750925116471,4.92638648438582
-0.669035432520293,-3.17904479275936,1.26518382431894,-0.101088045763323,6.40977412400826,6.28211473027594,14.938012048048,3.46092865976469
-0.652159931350209,-3.1911657506287,1.37408728761967,0.0169489844747465,8.77778431312408,5.43447949490039,16.9934455672164,4.75115699702831
-0.771176286582125,-3.003190973716,1.35323141258174,-0.116896828229707,6.53627015354741,5.34892786039149,17.5456845990747,6.43701169219025
-0.686212709876437,-3.13985876752218,1.38241894028462,-0.103154588738365,12.2169109704504,3.87616240084691,15.7634736167306,6.38958290829936
-0.638734029482678,-2.97739651836102,1.34727839235121,0.0489033573475441,9.11447095409455,4.35289142554922,24.0832101551575,6.05444239057501
-0.639926812147755,-3.1172647485488,1.32600510332351,-0.117064223200843,8.2079089178658,4.91611608014244,13.5556273736852,6.33669507366969
-0.620439794846198,-3.05506235127192,1.36515133923145,-0.0441073957442767,6.44751337836912,6.75577625865738,11.4345288355406,5.51558534427176
-0.599524156333901,-3.07406325862955,1.27879251757328,-0.135226512577412,7.43498319413638,4.76129075280921,10.2860124052266,5.05414391897861
-0.659587209488521,-3.10999870939512,1.2172761453629,0.0307974801569349,5.74673504275275,5.34344761061509,10.6863889322733,8.09857231730942
-0.717594925900965,-3.16614289577207,1.30007104807036,-0.112102113177029,7.45972689496935,8.35330938105881,14.5873515353548,7.60363801518423
-0.645438396199501,-3.21353124348334,1.30210119139898,-0.0878270497724012,9.89924941269198,7.78238628547014,13.7693241488687,7.3082159423856
-0.62323536542225,-3.18760254008141,1.31879472521962,-0.0474741496129172,8.8375134227491,5.12753171321999,8.47523152651247,7.61485309645664
-0.636394664494255,-3.2789198582314,1.27585502911982,-0.0776748859334303,11.5107336248094,3.57325301698096,11.8901065357045,6.70371225983294
-0.620868792071653,-3.32129943835459,1.38693646777652,-0.0191416281457089,14.0158502281644,4.68253346671154,9.85948573937892,4.90901615513549
-0.618587461479819,-3.25852819585519,1.22088833035369,0.0641395038999614,16.0099104747069,7.97698036496172,7.1488554054297,8.87187396816356
-0.639842899562841,-3.24277831024853,1.37776721905567,0.00617809375965308,14.2349707071151,5.84200462012471,9.55080587188818,6.25221267351616
-0.58524852776269,-3.27911362662286,1.28015064462848,-0.0271116276790046,12.9317275330444,7.41670450326791,13.900701731463,6.7972188387339
-0.681055686006204,-3.19371247227117,1.31906286110758,-0.0286844229941951,11.4677825169587,11.3112091682294,12.0160883120267,5.02810392875493
-0.702239033903958,-3.09896898251997,1.27280797182069,-0.0254313608111602,12.3265104263732,12.0575803630179,13.6454460570943,3.66455821259795
-0.541559215178445,-3.27117236155376,1.32282031922878,-0.220210666478987,14.4549277438139,10.7303548480031,8.40581080550057,2.96322868646266
-0.500592276718666,-3.26990850391089,1.31311473399122,-0.036650953847016,10.2651285730973,10.1913658688485,11.4108844943898,4.91788918308938
-0.496712684295392,-3.27128266264594,1.34690386476352,0.0623132078441101,13.5002393171402,11.3058894208103,8.38899037523361,5.23838167148326
-0.470616964464626,-3.27409746382301,1.31541373022603,-0.115015668639672,9.8690253556272,11.1907811595544,9.16166792872078,7.68273144423606
-0.543052676904816,-3.26846618065235,1.31966818023452,-0.0137810441376321,9.30412662933517,8.65435416745134,8.24450580120273,4.30590171973936
-0.515776349329078,-3.29161684368199,1.33945131854374,0.070097400675868,15.7198871142609,10.0137384295573,7.36359527767968,7.20125799605207
-0.551517714716374,-3.23674424564441,1.4102595504799,0.0456042878560446,12.0857494383514,14.8675420501444,11.6770474766611,6.09353314497524
-0.522200762131791,-3.18972417689096,1.46571831631073,-0.0940016336451409,14.6022945703122,11.6279427315333,10.2167852110861,5.51213672714375
-0.52916772001978,-3.17277253021425,1.33683370173324,-0.122553953776317,11.6810771901272,9.15346991896076,9.9349670326365,6.11492148473302
-0.505873180370439,-3.18911163672242,1.40999187371336,0.0384166418763775,10.419780474297,8.29688059167625,9.14116936434264,5.78282202950127
-0.48498712393583,-3.08539711513065,1.31745988300248,0.0965664595893409,10.8875990265973,13.8842315775549,12.9627215175722,5.66403593169851
-0.479441662695806,-3.08948349726492,1.30425780713367,0.0137370959481217,5.93650636462743,16.4938227939457,13.3127021782267,5.95916406653644
-0.63918591959331,-3.12450264053376,1.29295104335898,-0.0156438413837549,9.39818076922472,10.7039561858189,26.1753194010999,7.37183093541797
-0.602135544251311,-3.01976479350371,1.21493202398816,-0.018733571593423,9.30538020140639,9.07467140533103,12.7268695633353,7.11114261861303
-0.743128820836599,-2.95936697458053,1.26169864564908,0.000540705331583041,11.9268943915027,10.774809593434,9.06126523470335,7.92548959120551
-0.645683222290708,-2.90889602737306,1.28569865546334,-0.104934258780467,8.71704870194148,9.49893073395974,11.1946830260468,6.35149317741719
-0.617504835671116,-3.02508749408462,1.19785357260714,-0.122674139682852,10.3456665656437,10.1814876954233,16.6683174645011,7.14760572454476
-0.710493513099314,-3.12688321265172,1.30510944047362,-0.103796506787114,7.01786162847319,10.991592605418,9.3958080166851,7.16552146404007
-0.581108818874985,-3.13166439311216,1.18072721849552,-0.0454997507966967,9.26640239005612,7.6727027584388,18.4303698904367,9.417041154401
-0.681983166976585,-3.13130686527592,1.23032335925051,-0.0710644013199582,15.3724869308289,8.7224657204882,14.5393074341707,9.40651407708274
-0.554688622647723,-3.04403808260119,1.3135753757035,-0.102141387695035,6.93411986575844,5.56974698458303,18.4070816110266,8.11756444633569
-0.613901646148297,-3.0297076479865,1.31632060034043,-0.0205124240800034,10.1039203403567,4.40873588486095,14.1179481719118,8.29041958611766
-0.607396260732899,-2.97488386906692,1.35407041385404,-0.0515759920731148,6.6628069267118,4.47355913772129,12.7335130206567,9.91487031724582
-0.766877279884052,-2.88324155619067,1.24751930722692,-0.0265434119826211,6.48626927050446,3.38534649001443,11.7688791653381,7.28173678150294
-0.634914737209691,-3.30164137245787,1.40925811527278,-0.137287339876592,9.04129546930177,4.64959603032614,20.0989068998256,8.40701387239471
-0.615919804546742,-3.19359407344235,1.35674303049302,-0.0511018181207689,5.71257312550697,5.23521826324702,13.097038074143,7.24994658766771
-0.645098662968313,-3.12308743521111,1.39705509826188,-0.0292469255408003,6.22004736333702,6.98178974154191,15.4605191175806,8.90253438029508
-0.68639512764978,-3.33130945043962,1.33978217645069,0.0199914547826991,8.93903306036388,4.77364152459448,25.1201376532155,8.99674800661823
-0.813744703490854,-3.18311300959695,1.32177114975122,-0.0649759079814363,5.82687371646489,5.62570443243072,28.5028866879269,7.18603126510425
-0.601590570688051,-3.29143001958373,1.34964455859251,-0.0388424889625894,5.11424341377892,4.88778593237912,17.6585325724383,8.47206395228425
-0.55574083735852,-3.11374428072204,1.28090025424602,-0.171996449643649,4.40574598339619,6.74689892558027,15.9218137312781,4.9903146234737
-0.873264996975034,-3.11416449172633,1.27387846707152,-0.0150407366709807,6.46025197441354,4.66295196533047,15.2356156054962,7.73632026674897
-0.827739314113884,-3.1916695794229,1.25125321546031,-0.158516347571682,5.78271500125807,6.45556592734877,12.3828590413236,5.54333435626363
-0.787195068916667,-3.24216583934381,1.15551317793382,-0.183330462519309,8.14366187758638,5.90619435547472,11.2667194489066,5.12287950888307
-0.831847611565677,-3.31066066942417,1.13843435742506,-0.116823189425147,6.94842334266112,3.3921322350413,14.2567099119496,5.36156032830462
-0.775033653970561,-3.157094865825,1.21529646629918,-0.034882930973116,12.9742027748661,3.20143579439521,17.7094054681486,6.80772198439211
-0.747568868610456,-3.136907234525,1.32514012952868,-0.0222233839572495,8.26841010316324,3.22223932855985,16.3813958157549,6.62230683210365
-0.640461895732541,-3.14190403237748,1.26307146868235,-0.120759137022067,8.84016500387239,4.9879599302028,17.529148908809,5.05715937454055
-0.684916825636223,-3.15499886518246,1.26292848977085,-0.0755909083602841,9.42305829228113,4.74389111469964,14.9461888323803,5.27403156980712
-0.707590521809619,-3.08804006777975,1.32858034083309,0.174720596990904,11.2911062141964,3.73230611947016,14.9303901976381,3.28252224418528
-0.693708584609337,-3.01911243886589,1.28988494272984,-0.00119709643885724,11.1871367170871,5.85093268023813,11.7807209492301,6.82198696788554
-0.680919466989648,-3.01896448559346,1.23569662348112,0.0418099485361204,8.9366207799817,5.6373725013259,10.3894877286001,5.39204370989294
-0.635570295721178,-3.02093280649578,1.29421819788223,0.0580782628531282,6.42151217146823,6.69971511723895,7.67708547648235,6.6398624726899
-0.620259803838405,-3.04225305804269,1.27970428681645,-0.0301355981965469,11.586562244264,6.50568784001158,6.96518013744907,8.46777607708919
-0.671810040495989,-3.0591637632348,1.34456989815997,-0.0269378887419553,10.7538586409908,6.69152126433635,9.24776329906062,5.66949404251809
-0.617536586865949,-2.9286327355464,1.30709104333529,-0.0850946409728206,12.8696162955528,6.98107641008631,7.00164729029772,5.75787622138949
-0.710082922440609,-3.00760554070784,1.2609000752535,-0.0258777021120276,8.68096752256321,8.73632583871087,7.6567009009514,5.3674113822482
-0.609541760724269,-2.96632894294962,1.25660543840315,0.053943050807882,6.36468598278461,7.71768117239655,7.57762709839752,9.96678027498471
-0.506524994499295,-2.97681879223809,1.34369861272903,-0.0436747173278576,8.25519539275068,4.49238462468765,8.50814075888086,5.95835299462366
-0.5903660704116,-3.05739305726944,1.3272627952238,0.0151012043123552,10.8315836894641,4.69291951734014,5.275795421182,6.96212337332693
-0.665675703505913,-3.13341404290231,1.33479270976075,-0.131647679822557,11.404593622121,7.12127852741998,12.0269059768551,5.99557293302227
-0.583078275633905,-3.1094156574029,1.26416514600259,0.0227956109711511,13.7593586387804,8.51713268099437,11.2599167324269,8.75899968970073
-0.478501318809832,-3.06649192142954,1.28397478307301,-0.0673642319722927,7.81310563821601,7.87979179534055,13.3522956334582,5.29375664837851
-0.489908080468921,-3.05415832347569,1.30451780421175,0.0127188270867499,7.96225987250084,5.65335000110138,9.98630146662051,3.78047084902756
-0.59817948593942,-3.02645585332464,1.31132115560168,0.107974558338936,8.32823141594536,7.34897161972645,15.5867839227394,3.41453936274062
-0.514553198635813,-3.13794498414591,1.30531707195812,-0.0482354645477316,12.009968966417,5.61534357238955,15.5786426979396,4.79578464094503
-0.505667055372738,-3.05293187393555,1.3817941164673,0.0113292413524348,12.8711043043387,4.08753333999322,11.3917174765354,5.00489149618424
-0.474334620906004,-3.20401833066192,1.34546436178245,0.0568833102629019,15.216854595191,5.89332725660303,10.6699146721978,7.75818716871035
-0.513767554277037,-3.07530253929241,1.34171757510823,0.160476099641479,14.6731957688226,7.07714255091025,11.7192485811679,5.64014983324587
-0.565151102016983,-3.07199015744668,1.29467106292023,0.0189993549113304,13.0491129899399,6.62829605434357,19.2543708143165,4.82345954007163
-0.589017068578298,-3.18200728561869,1.29506208565369,-0.0991102075740225,15.0474610663361,5.45252906918956,11.2646040369846,8.30498175506978
-0.555487536689185,-3.2049321681906,1.26285550631588,0.0374063189726512,10.0763285065258,3.14196393879581,9.86422520311558,8.23841922910787
-0.572557450852565,-3.14944171973871,1.3136678181603,-0.0482874317113407,9.30005685214633,4.57774096309979,8.070025346915,5.57749610818176
-0.489079003538946,-3.31793971916641,1.25451127956663,0.0821780273045696,9.60833950032742,5.0954749614035,12.2238637238204,4.85263563446545
-0.597075804617319,-3.33978782589548,1.271257280313,-0.0597182348613236,13.7632406343294,4.45601221236151,10.20042991299,7.96494253914198
-0.659315527911108,-3.39154561782138,1.25689759276637,-0.0789784904449043,10.8628028625665,7.20175566726062,9.10345990918165,5.80351538853807
-0.640743919560869,-3.25806401338404,1.20562723770844,-0.130237941030376,8.34113719475794,6.25122896854954,9.00872273432132,5.50273599872276
-0.664988320069825,-3.27995163263475,1.21933128878452,-0.104576370919146,7.42764338638979,7.79023630639237,11.7325201715555,5.05238394226865
-0.627168772643868,-3.15954041399752,1.34952909795881,-0.0182251177936407,7.94604492387784,4.9028022534556,8.36433885596965,3.85204722452779
-0.595540475575391,-3.32088433704688,1.2249965675467,-0.0350174415663615,14.867895262684,8.44695531704743,12.2052993853362,7.41333409055487
-0.59371895451694,-3.32536837192837,1.28147382756295,0.0319736931920609,9.52911957606149,6.18378482625287,10.975955740811,11.4793826005032
-0.588179868105106,-3.23258886926153,1.24330313892187,0.0030144004671336,7.12088173683556,11.0683619859726,13.1080959575904,9.76174693634862
-0.563907049951214,-3.27491717031099,1.15131115890967,-0.00958230040475191,8.41014871336664,8.05406556433431,9.21809614475174,5.93984944951749
-0.566000846241041,-3.29848051762004,1.19519697507761,0.0670688946481541,4.72329033394303,9.02006068635691,9.8246951012509,4.98605155425254
-0.5743723843622,-3.28605208223833,1.22004287451825,-0.0147650112547807,6.47606968011434,10.1444053898475,11.3389336925595,4.05635984800539
-0.49879971855518,-3.21420500334993,1.16972631106609,0.0064305200294652,8.10085751143022,10.9410354050741,9.38637804986843,5.59106077389159
-0.596294568104804,-3.11319450292046,1.17174110434505,0.109971312839828,2.86518845954098,15.1477619669117,11.4679518054606,5.25899060288395
-0.620305693394191,-3.15343836612502,1.22746219145397,0.0258046802121648,6.70198559354304,13.3132811887598,12.3522802130008,7.12763443449775
-0.522326544515284,-3.1934433644596,1.17353640301929,-0.0672473129558647,8.1327516429598,14.114206214206,9.00602184959183,6.59863355938254
-0.586333117749354,-3.08260145316709,1.25474567530794,-0.0109337336509994,12.0412791153419,8.2380283416058,12.2012159852282,4.03689732060288
-0.464958114879999,-3.26755991216351,1.21273390373534,-0.0254299362031625,8.84605514005929,9.04285411410022,11.5323675131376,4.63821973125487
-0.511097442866576,-3.27598971776505,1.22975537118902,-0.135469507889826,12.4405702414508,6.3732541881563,14.0303188313371,6.92189455885344
-0.492721437677454,-3.22111308068996,1.14037790185869,-0.0408612882265302,5.76863336637017,7.5298019040068,7.42834804769751,6.74255591903948
-0.626795797195141,-3.25716804947258,1.15896340883322,-0.0294154915564293,6.94492184053219,8.4585635635744,15.1648949744458,4.7466768286832
-0.672795611350201,-3.32139775303042,1.14854077288237,0.0549751506227161,11.2178047798707,6.86869261277778,13.7166511735084,4.01491139184787
-0.639926886825875,-3.35754574864627,1.10938532394543,0.090021633406352,9.55853891709476,7.59438029096945,10.325173986404,3.1166404290444
-0.662316918578019,-3.10681442843549,1.05417241659989,-0.0521074494220106,10.9511947016656,7.40341708858153,8.75853506095834,5.59993018336837
-0.582153475314598,-3.24294865794688,1.03450582752779,0.00557288763304142,5.57392481663925,8.46043803924898,12.9907133214322,7.36824375544111
-0.783356215055437,-3.18763555652184,1.11426679309939,0.020063607192039,9.54521203579102,9.82379805179415,10.9661986665501,5.65555388268883
-0.727796226171104,-3.35268806473075,1.06153080663703,-0.0934802709583878,8.11899354745854,8.22394298198947,13.2225244973366,6.39882322021581
-0.718802623771259,-3.17607081972839,1.10075682182883,-0.0704067408317944,9.0850092968794,3.52782284745075,10.6421612225907,6.45570384528375
-0.698676329980705,-3.33296816823791,1.07649619783322,0.0380036456088559,11.5846996968266,6.23834658396413,8.31901725354328,6.03040224629295
-0.672230108432735,-3.34518803934437,1.05515755583311,0.0203393613410476,14.8557733505147,7.47575973942969,4.51310145496702,5.59054864953012
-0.595537703374582,-3.54434916754985,1.06356177613942,-0.0177845361279707,11.3890812338957,5.38863994548348,7.98055123193069,5.28066979317047
-0.690469635826647,-3.57023540142929,1.09650598807914,-0.163277084290662,11.5787096755708,7.21727436650994,10.1297301303248,8.20848324756345
-0.698125071471216,-3.55231478834127,1.14205292545313,-0.147104866136654,10.3925511607073,11.3219957270912,6.88860629015358,5.44989728153747
-0.593098602171125,-3.49674003492339,1.13683704624344,0.0152399471154938,10.6135060426573,15.1213821417589,7.60933639605026,6.33922494307283
-0.664985853820959,-3.53538046286289,1.18188076790392,-0.192167801031503,12.8135075510226,13.3937541463315,7.63925936926989,7.6355308990578
-0.645500626120283,-3.51555173133855,1.07841341754497,-0.0504258021129093,14.0195567233555,12.4038990084927,11.7967515024448,6.79278160990764
-0.655666449891693,-3.49791256753486,1.01527203872978,-0.178130169460398,11.8428469073836,13.3419595508726,6.33020485032212,8.06434705491402
-0.622619618351766,-3.51594151305166,0.994575028873631,-0.0393332874099144,9.1679133616384,18.4003031899696,8.70133848062687,4.48016360324328
-0.625652766834805,-3.48035594917137,1.0077909124168,-0.0611961206898952,8.20902967505466,15.5401760300784,10.0822306550004,7.42708294645344
-0.526622407942253,-3.47113098940504,1.02987369046849,-0.074683787737749,7.61115659480412,11.2388195145302,16.1327475243287,8.84990622266781
-0.679712622455846,-3.45072751172066,1.04664567160283,-0.00538528950853178,6.90213289229539,14.9057608056691,10.511505004544,3.30495149167772
-0.649397292073779,-3.35319433425111,1.03843205749136,-0.0553068870529987,12.9115061334817,8.51158360852616,8.84939504544358,8.11611834547663
-0.704630725518559,-3.37188865030751,0.944921620648998,0.0182134361194559,8.68887231726335,8.45170361281271,10.8949503337939,7.01928160063154
-0.733515182384322,-3.31977688527854,0.976108492764197,-0.0278069328322125,12.3408973071742,6.09722258265781,6.82775656459787,7.17593359060761
-0.764066834895619,-3.36913198796043,1.02053032005089,0.047674758430242,9.94600875131416,11.9284456791215,11.8714489720724,10.1323364702359
-0.617761346328065,-3.35068771275356,1.02618806891604,0.134250945819746,12.2221789394893,7.64287219757718,10.2700800415694,9.21084682639201
-0.661624929687134,-3.34709184360704,1.12214379419255,-0.0709413638690072,6.14889534145814,6.33126802610388,8.23861482231708,7.85775509763948
-0.591691985055174,-3.42125023299588,1.11880760697946,0.0190993308023405,6.18137798944374,6.20726410114915,10.6636202062437,6.2296354257066
-0.641077061125558,-3.45806894877504,1.0193212947502,0.0559759006079397,7.19413425690797,10.0235986130164,10.0503995443506,7.29783532428248
-0.630581735267765,-3.3820248364054,1.07909151192004,-0.00941829419347792,4.88656595835145,7.89706842128816,13.1912063813012,7.23782304135022
-0.687792919298983,-3.36482691256588,1.15918602966665,0.0333151918483198,6.16676081613462,6.2892123091494,14.7104963200055,7.22919089143226
-0.603709894811904,-3.38381079823642,1.09854851282492,-0.0268773833419321,6.41949043951957,11.3612602606966,8.998841540047,4.87584686530132
-0.629656464925124,-3.4252168355329,1.23029781176508,0.0342818105235774,8.0419993713625,11.0824817266931,8.96451006801073,6.61178228129452
-0.526886945891433,-3.40023239048719,1.22128495627579,-0.0507756534323642,8.40455727411078,13.1521928660993,13.8381273185514,7.00468771539245
-0.616494337149933,-3.37769156616154,1.19134729538214,0.0876553266003344,13.0682422075809,6.97048597708363,11.4932191965742,8.10640860839081
-0.672114569501277,-3.36415842565039,1.02024123231565,-0.0614080082673115,9.38969577964225,3.84918713294007,8.19019400801747,6.57663786419033
-0.676582383828386,-3.38880812680057,1.02956217399137,0.0053872360202094,14.3657458099392,6.81036670565875,9.4662606357678,6.6036128227304
-0.656890754984994,-3.31790420807424,1.00680202497399,-0.0149842814355186,15.0315067540897,7.06222007161503,11.6339926767307,4.86340457237451
-0.64172100570621,-3.41790296243391,1.05462183393092,-0.0714264321215647,19.5149300840102,11.6223896508098,7.90846993342768,8.25377304925755
-0.731792439137866,-3.38656752216768,1.13126198500762,-0.188675794632369,13.2793065140177,7.22293929825721,10.6197829375266,7.47135781377096
-0.591550011958923,-3.46902383713325,1.08952338230906,-0.0448487728995297,12.6509393585009,5.03442300815332,15.3005162497201,6.54895999834087
-0.518434579258284,-3.46873670086877,1.13253951213626,-0.0333637732922559,9.28647009779572,4.20151612661577,10.4308309434215,5.43187099535741
-0.687268760593911,-3.32891197479116,1.10904749296927,-0.107648829507495,11.9717657943784,4.18113829515456,11.2882082609412,12.5351965731504
-0.643476771801805,-3.31065842780634,1.11607648282529,-0.0378313499264033,12.8109346487182,3.70944017674513,9.92009093446423,8.45497919489465
-0.661892514068246,-3.42071550380585,1.05890176848413,0.102882361071786,10.8826101891757,4.99697094455964,14.9314673884361,9.96649825303134
-0.634406717717333,-3.26179090076458,1.07189042998255,0.00847910664227821,15.4824904888379,4.23812565771479,12.3281577687536,9.00759348899744
-0.669264570328031,-3.35787538307372,1.09090549963668,-0.0461356118579199,10.5923075765733,4.11561647907689,9.85274887908965,8.71547508385357
-0.6894065149611,-3.39016053964725,1.04642527178258,-0.0393970593509547,8.19911306594566,5.74528083016163,8.57442487318033,7.58889914509448
-0.653577419259511,-3.23206836117014,0.927711253344652,-0.0418804108910246,11.8054613637046,5.79832325678957,5.24593179365401,5.2170689585505
-0.53694172632196,-3.31585600167283,1.06683766315644,-0.0565830062231009,13.4864244125091,3.99532103851443,5.75414141224363,7.22193710372905
-0.726498553826533,-3.35757374652428,0.94545336742996,-0.0582725776511996,8.7069547871931,4.52603808165688,11.4729042155666,9.11326753813668
-0.677677676929447,-3.25449301664943,0.99652097278682,-0.077323434829744,10.6039842241705,4.88736747401006,8.05419539448541,8.91698314606032
-0.716988806758964,-3.38388147535661,1.02440101023052,-0.0341233741670153,11.5342137225736,5.3018905973475,6.0136782348056,6.14935600374385
-0.717268564825192,-3.55939127114174,0.974357147214307,0.0382311062688472,8.96819220824622,5.00435473207,10.6087790017832,9.17080925919248
-0.609023534624056,-3.39311677346509,0.886032995563186,-0.0279412031057245,7.76186085511355,5.70405422506728,14.1037823968407,9.49607608401666
-0.663355603378714,-3.23148857088357,0.986330541367793,0.00416078048193872,6.14745905511183,7.63851015054832,10.2615412112383,9.72421676791935
-0.585080323098303,-3.29833739167983,1.08607703136075,-0.0151318918673847,8.53875830147951,7.99104126277637,8.56108425669674,10.9624307624238
-0.511872822285159,-3.25674194109345,0.989177563330536,0.000531567946867921,7.99233060014208,6.68150061356912,8.16273166381617,6.24581258012632
-0.608725248317686,-3.31758551192346,0.930698804254264,0.0252120835932379,7.35613779862015,6.66000810528931,7.72079761156749,6.45268832100949
-0.6285266085122,-3.36620561150762,0.898584431918925,0.0982417008993165,9.14954659506646,5.40482060108964,12.2291767282718,8.13883569878213
-0.538165867866791,-3.30709499579911,1.02080654776978,0.00708269486967708,11.6231042185996,7.54991458950059,8.48530049102063,6.12367344180989
-0.543758205473938,-3.30747217994543,1.05439376672146,0.0163491744016729,12.7343023034082,8.01668838732195,8.19526862773074,6.5450074588234
-0.596514605721097,-3.27197479120688,0.985125778235017,0.105554334907283,12.0597472742903,6.82642349687953,10.9725759899383,7.69621417430965
-0.610068871582382,-3.20466393312003,1.06722013711337,0.0216639022393093,12.9985331313575,8.68274905037174,14.8214533883402,6.99514065334845
-0.618366946883442,-3.165177017582,1.14924221377893,0.0213545879795529,5.93572447514161,8.28841787858488,11.5567398086937,6.80971909555756
-0.562575485224889,-3.15982268730804,1.06096011145251,0.0499223168285646,9.41445798775016,6.87792465840405,12.351610665431,5.92612808281327
-0.579277233965341,-3.14753408518193,1.06042870601705,-0.076360633671556,8.87008006188657,11.1783879068314,15.9368661696443,6.71000317026003
-0.674290569212736,-3.2185167627057,1.0656158907125,-0.0437150733796438,12.0427721492017,10.0589348061094,10.3510693634778,10.4469192645199
-0.585961760510965,-3.22132465090776,1.04922862937839,-0.015252835498751,8.56415720398058,11.4541465354343,11.3671543951789,9.80733348807959
-0.614627460424702,-3.11726552669994,1.08969675595677,0.101342810825948,6.45700816373906,7.88558826400112,13.8252675657229,7.53649154457826
-0.619954352355058,-3.17809975610917,0.969355235657865,0.0056633883215956,13.1186109035602,9.42988941407143,14.4878277616003,6.62400339468153
-0.678270762600335,-3.18250242854833,1.06908920699253,0.0847967027539472,8.89594860848576,10.0545295563447,14.6537038668511,6.87415200237087
-0.591038005487358,-3.14860413357893,1.1195191849628,0.151597193687072,8.94850166695579,9.10078594902436,13.1800795065011,5.21037281274471
-0.575156463604513,-3.11414790332385,1.10932941501598,0.097605115487158,7.61406780154282,6.11650832117573,10.1000758733352,7.40958427576506
-0.659394923291281,-3.19667034739978,1.15022566142938,0.00304437733127638,9.83982905272455,6.38081269684921,8.61917515317482,6.76580107282523
-0.674429470772812,-3.26368794718248,1.04712129371219,0.0381423216608244,7.74663859306853,7.4479481913248,7.87370056716689,4.99816970296856
-0.64324171811145,-3.23549831646335,1.038398194959,0.0326243726323004,8.86699662633978,6.23886595063839,15.4971334346748,6.35124054676682
-0.713322135023537,-3.18454399320677,1.02253504574764,0.0879704302393221,7.90760948634822,7.08320483066072,13.1344455876019,5.1084491207606
-0.790854052628545,-3.27253754814409,0.925526002774559,-0.0550721684407536,14.4306820834798,3.78732462627793,8.4906966491429,6.50805390047974
-0.753362859346238,-3.26605099205575,0.844484403941141,-0.187439007692937,11.4985122288744,3.80950762093332,11.4033642506137,7.5863018730342
-0.814417539970531,-3.18591475140384,0.882308132700595,-0.142926509450474,7.92432734356092,4.34658480915318,7.13579022439697,8.16829821948672
-0.781665369585006,-3.2148433819796,0.827037293186614,-0.106454903884472,5.62872164323324,3.83319510047924,10.6864330630105,6.36561023154935
-0.824464752147909,-3.16494519617705,0.885715061490524,0.0866538364266299,6.74813709618186,3.4230096517151,8.5781174793945,5.92137137219764
-0.714659530737881,-3.20463238167162,0.934808305022191,0.0829740509723589,6.90267824248551,4.09461377883962,9.0097876051537,9.70213737107818
-0.733096254712936,-3.28128492589433,0.968063943108031,-0.014508723492604,7.53729540731227,5.207466468552,11.7754234697157,8.70840676730514
-0.613773487796652,-3.11538785933334,1.10348452137809,0.0135592976480281,14.0296721616674,3.40690283339354,9.83926581597889,6.5153037216048
-0.65463129756285,-3.21326214438795,1.00790741561457,-0.0481032712965299,9.34147345719181,4.32482419489608,9.3909493757733,5.3573647295838
-0.554321591596062,-3.20852280820526,1.04787910894427,-0.15641981787253,10.0499329242461,3.57701288513457,7.97265874782453,5.55079720406449
-0.574928728649268,-3.27423857994606,1.04915831958608,-0.0350291780578145,6.0491559188451,2.96328035039892,10.3815174846303,7.39302838197975
-0.613843696476911,-3.41335800439823,0.991365805812121,-0.0592314447741582,15.1568893502829,3.12637144998135,9.64312117778003,6.8903179663006
-0.548762967750146,-3.33740920719041,1.07208969951127,0.0602842553078636,12.6383193352118,4.39630998803042,6.36124406129942,6.42017458654109
-0.530301308667304,-3.26598967439242,0.933502179958932,0.0310161897876475,6.22864883444336,4.11037806263603,8.8719415106572,6.05266135528285
-0.704784877810153,-3.23528280734449,0.901629639038873,-0.0761259046992305,6.20051726437294,3.21113184985323,7.02544690635812,7.50194799004904
-0.681436713399604,-3.2706439793414,1.0222899701413,-0.0209319018581024,11.8587356267205,3.32764246478612,6.67062281812961,9.06239503691712
-0.69131511896335,-3.11590583122619,1.07556729952616,-0.0365242395679568,7.89013016196071,3.31101022110891,7.18329125438956,9.73418461023367
-0.712092518937187,-3.11637578730655,1.05510808984161,0.00137007275642743,8.7500623688412,4.22874274211394,7.21833476089041,4.97952189451306
-0.669293783176489,-3.06603132319735,1.06472853573261,-0.0120392776618204,4.46638630400411,5.66222031821157,9.47084101559772,6.7871085216743
-0.7311927438716,-3.13090081256329,0.99760798734202,-0.169027029728834,6.36906353230354,5.45901878095134,10.09460796337,5.6950980537365
-0.773316085555232,-3.17706945272576,0.922163007159931,-0.20130576083004,5.02574418067718,7.02437121678066,12.0982465998515,4.83526379227332
-0.657641094355814,-3.10040631067343,0.912249595376948,0.034007294048322,5.28998785134162,4.21148782887431,13.1872472094954,6.22067402158225
-0.682924521292718,-3.07941056998216,0.840810094031388,-0.128061367063115,3.80257211499363,11.6660106457928,12.7462704111384,4.53206590682209
-0.808058437258835,-3.15121271334836,0.877678319178215,-0.0147278851109586,3.75890335484317,8.45617368618185,9.77248582954355,6.95735989036194
-0.637972881373481,-3.19108831369409,0.946933978508125,-0.13216515689073,7.79767918973875,9.82488045647933,14.8882466037539,6.82286721858219
-0.642018487856119,-3.26363700177865,1.01532973516762,0.0193149327485587,6.01284545590023,14.8141857908744,7.74082979381964,6.92335103538162
-0.707557304711602,-3.22405212985059,1.04829439303089,-0.0755108858567034,8.23876497912932,13.9279902174805,11.3162690745103,4.63890644585521
-0.525963280059973,-3.19517248050899,0.986998230617798,-0.0716817642202303,6.34619258034262,14.5610041266453,7.06669111884573,4.35152203629773
-0.694413341945309,-3.12965804096148,1.07062477665372,0.0441969088418268,5.15877184253824,15.1111312682139,5.87293467963581,5.04500421637689
-0.701481887981479,-3.03890117138931,0.960881115622896,0.0110816438144955,5.08088745195709,10.0769328734737,7.93024017118095,5.89606985740687
-0.693666621339067,-3.12737161713758,0.911828729410329,-0.119050091787257,4.6372156333438,16.4809708374641,11.2309554637254,6.69411529753981
-0.740763145344246,-3.2378793604509,0.917569100416855,-0.104976717158117,4.038433621846,8.40061411874195,11.6165863881695,6.46902175663606
-0.746313038841112,-3.12695099451252,0.971088075132968,-0.0658050640702113,8.47091382911799,7.15680695222691,14.1553846380796,5.6330591919207
-0.627426332690636,-3.33650172868972,0.996282997416542,-0.060017590592418,6.10088474516934,6.3253340331631,15.3470513854819,5.7464270997807
-0.656380500516978,-3.29400518426974,1.04888404427532,0.0172453030823021,5.23556485764092,6.41759071113555,8.6831971594475,7.36707236290623
-0.638770530984958,-3.27002510717369,0.98528118268161,-0.0600489358280917,5.50250224563628,8.67081550105183,11.7267011117957,6.59744701210574
-0.573135340119716,-3.40003979211222,0.920088956710025,-0.0191398674677661,5.51681838113972,9.35154317728119,9.50235797412267,5.72303176252512
-0.535431739439689,-3.3898578745741,1.11947175928629,0.04536468818651,5.2578105533902,4.41352788569981,7.74765150383665,8.95621106237273
-0.587496886219564,-3.38664720717058,0.99633949880827,-0.0152218183428413,8.23291940178558,5.35346837517603,18.8666060325509,8.53442790497362
-0.6443571646829,-3.57432842878759,0.926040784854921,-0.0223135552867954,7.9132934858204,5.62980160831235,15.2954676989824,7.27345470518743
-0.7360929752494,-3.5538400062064,0.946453025613927,0.0391332071263293,6.03529651028843,4.69675482642723,13.7068299105861,10.5377091422763
-0.67466627538164,-3.42923225053223,1.01458381045391,0.0305176673032612,5.08697614372272,4.96273064450774,9.6094263742905,8.15034970167295
-0.697418910333467,-3.46323285963334,0.893782441669196,0.0262314950473085,9.53034491348972,3.98000150874607,10.0138234676606,9.44748253395549
-0.644932611483333,-3.47742542048564,0.894278153180935,-0.0706209028818488,5.66890710290375,4.78496791265364,14.9448242201717,6.49571746711035
-0.567102996772647,-3.37924167067485,0.883547722866996,0.0703028800810911,5.77153520729491,3.95980716674315,14.1782955567202,9.34905325637964
-0.51303042065169,-3.33492950517536,0.944212048024475,0.125351247408283,7.72362312875308,6.96051454391775,22.578545730358,6.99449628706799
-0.644119882686108,-3.3436272427282,0.940568686212249,-0.0730295503531596,5.89802305281147,8.03909044956768,21.5110209661124,7.28509682191126
-0.534798433120959,-3.34207829963267,0.977053195243287,-0.0585832558338948,9.45358758971008,11.8939352376859,24.8299033896022,10.030975289367
-0.552656405128191,-3.37394338144357,0.93387512098395,0.0959510063746574,8.86296664586671,10.6664180479534,17.4958971807874,9.0832013166574
-0.670436575075587,-3.33389496708057,0.928102983744354,0.0514107183631246,7.68635002822068,11.1498859029159,15.9204143768453,8.57314091816454
-0.607866045529213,-3.27528508371637,0.877674378882319,-0.0441422089567148,6.87777821267512,7.94054825147301,11.3303250909792,8.95015554755227
-0.568582491971562,-3.24036046147977,0.859457079898772,-0.0646513914781736,5.98110706504863,10.8134803637839,8.81273840273136,6.27247645923364
-0.636609422646535,-3.28548715058326,0.892912072979347,-0.0470664987456489,7.5519781079079,11.0939759961604,8.24093857522682,10.5072345676129
-0.596722843265523,-3.2761151100147,0.882329118701511,-0.0544414375700137,4.77881620889716,8.21085193954722,9.11364784611124,5.86828955478945
-0.619523476338441,-3.26207537379338,0.983984020071333,-0.0289558005509649,5.05202990125411,8.85803295915676,9.82776237542114,9.62878234124888
-0.620826528583973,-3.26739598492139,0.916771324260097,0.0324938531436049,5.08585923443564,8.24056139528494,10.4953779298882,8.37387711722519
-0.47974494602898,-3.3902919792655,0.956212858947518,-0.0797136838805117,7.28865847510494,5.6954438708259,11.7104109704699,4.62786739635257
-0.569058137077273,-3.3396498577087,1.00086082015624,-0.0376610021652711,5.99145650589184,3.69442627036827,10.4997644189394,9.80115346197957
-0.605089151857671,-3.54573476992415,0.972407818596977,-0.0668346401775722,7.52317798405452,3.43454700733176,15.300141674358,10.4128493544812
-0.613356730626282,-3.36645553807963,0.973348233259655,0.0186203185589525,5.39340637305281,4.78056911713034,7.47694074266548,7.78742412661713
-0.620822116010654,-3.42249307703232,1.08043954747173,-0.0160996150188715,7.9507981068697,5.12121626042131,17.5857486146004,6.31443440545775
-0.652378033304201,-3.36450491618452,1.06622520244008,0.111424203316883,9.32108710109116,4.39448069261965,23.0614302345355,6.77150828818506
-0.63537061670186,-3.50182425268136,1.06545281348112,-0.0373035455234454,8.2326198176727,5.70147796371416,16.7423242493664,5.82148197455725
-0.46232555520418,-3.28368575898579,1.04920923342426,0.0685729713871726,6.6270394887422,4.31322624118071,14.3361407711064,8.01345169869609
-0.534852791543954,-3.16969901573371,1.0969071851835,-0.183167209695487,8.5572456536593,4.04723157893085,18.2453504616384,6.80118858777452
-0.553781719187196,-3.30394140942253,1.029025241282,0.017187561461166,7.48147981021925,3.98523580444565,15.2131379547904,7.26351909836969
-0.674314968888797,-3.15185879870794,1.09761259706461,-0.115392087052201,7.03647704872121,4.30193309588142,24.7686904458653,6.06161327845495
-0.64573768673896,-3.25286382753619,0.933156404447554,-0.0903137290726679,8.96254015747375,7.23288539716522,15.7139025888384,6.39819744243639
-0.655188562688569,-3.19080618989151,0.993798922833878,-0.102130264165626,8.57664393417364,8.17391333586811,18.4296786240739,5.54943421632519
-0.777449580421636,-3.25550705884398,0.984791262792427,-0.135596572140532,7.79995926092143,6.40785306337855,16.1296235988662,5.31747733142354
-0.783978975472901,-3.23454642548693,1.03610184159701,-0.103879658604824,5.83776528687378,5.2334686579142,26.4838637028782,5.75605327739016
-0.851504261694188,-3.25117897433482,1.05435032780564,-0.0606133082762737,6.12363287420316,4.77659052897708,26.5700265011477,6.83143693801187
-0.592218031685178,-3.21676000906715,0.983752247364338,-0.0717629228243383,5.07754427658413,7.36103910201106,22.4283568284282,6.57152503730827
-0.694464033075722,-3.30456769152321,1.10070047319889,-0.132841304096496,7.50979244868406,8.52885959641325,25.8103887870175,6.04771137753638
-0.765951477422095,-3.23302842223634,1.10018069924512,-0.140415431193636,6.89504255051329,5.167634050047,17.1652552112939,6.2386182266337
-0.674422174800168,-3.29294088895205,1.17576204291665,0.0646249609305816,5.78490706040564,8.58173391004185,12.8180279041665,3.47012464707091
-0.713841267288928,-3.31043807053471,1.06897443780961,-0.0203241520763701,8.40752451634469,6.63359443297151,25.0212092454574,3.81436316187334
-0.773571476771644,-3.26811675450911,1.11506802328931,-0.115291698993589,8.84120673950273,4.22857738715679,11.52007044257,6.48484559670947
-0.685624494437555,-3.44827767515136,1.11429861338669,-0.0766852814491465,6.48047264158304,3.49613621245088,12.6951540166261,4.72572015757283
-0.73149614771649,-3.45544592289207,1.1228927653058,-0.0950383809092536,7.38768134229483,4.4040977420361,8.18032041558788,5.1001239656502
-0.669394151289634,-3.44331813617026,1.19103507665952,-0.0582026367449535,9.36375396194248,5.36212359201373,13.1664342168826,8.93396336426409
-0.654744316044424,-3.43545182475751,1.17438124611469,-0.169287799068295,5.0560707805618,7.15508722705967,11.3448668398984,6.91994969609651
-0.720255593877728,-3.42137234614262,1.11241695171844,-0.139969812141944,7.5120691546121,9.18405599341042,13.3693470525303,6.05002268143459
-0.591353523345035,-3.35100525824615,1.28483859706916,-0.0613136899752505,6.03762597413577,6.15465063388117,17.1063080333805,8.45685487838513
-0.610352544727551,-3.38967340718595,1.23439809968357,-0.183138282668858,6.92614808252365,6.82171048650942,14.5838583091328,6.86610201633245
-0.708293353796641,-3.19881880443591,1.14636846457518,-0.196038531362922,6.57874693381311,5.25396783167045,10.9237893054037,4.14628296664599
-0.568889469832543,-3.19410610517691,1.2364058173167,-0.0647282426269805,5.65295031928797,4.23627960301754,6.06858719728244,5.77999643690927
-0.637810275220774,-3.18022542709204,1.19985740845066,-0.0598416042701193,6.60584470041914,6.79985327143798,6.85474427577571,8.36972650826098
-0.76768931512604,-3.0277917964549,1.17556106086441,0.0812904000696856,6.68072898821371,6.06734070261417,13.2234357670149,6.14500773209822
-0.773219607908646,-3.07196275543625,1.27181160709101,-0.103734778693832,4.42635305330753,7.35872678199461,8.83200957660485,5.10449292600853
-0.652307476244164,-3.13030812445595,1.19537690573917,-0.0319608342113089,7.19565580536821,5.72407554865467,7.2908179143692,9.76559320072758
-0.675616335552025,-3.192343164126,1.13823115487887,-0.121989231159103,8.05010532604861,3.30464236265731,7.90494056393612,6.96102156749053
-0.750289914747479,-3.17760016188645,1.25702663501361,-0.00980850637247035,6.73748657765801,3.61980023228955,7.73196580641663,7.42598356466487
-0.661246564606069,-3.18222114776154,1.23859774024872,-0.00116451492061983,7.08362745870935,4.72566924844211,12.7139009481882,7.44112206138039
-0.489100661407484,-3.15612270264568,1.29328309008694,-0.0662583656393566,5.29706800733271,5.57543834888167,7.38456507947409,6.21371398819288
-0.608773110067033,-3.23235005177727,1.24168679523688,-0.12176283995967,7.54335442628832,4.52362257679162,12.8910027002794,5.29265929524742
-0.647800861031691,-3.41229625542695,1.21953875789329,-0.0220441354841337,5.1320212737029,4.14510276084307,13.7691843869529,7.5249250099744
-0.556213689756695,-3.47037577902403,1.22620808887749,-0.101104783250178,7.03532844291658,3.68039319036359,14.3563545031121,5.63172344818313
-0.595010569043535,-3.31464461844655,1.25163790891174,-0.156753885850688,8.1947071031636,4.86992239659194,12.6738098456144,6.56984006590902
-0.664131487600042,-3.40323544685474,1.19837207545007,-0.175747991039993,7.63551523451825,4.01201161333246,10.3678232873831,7.0412457831201
-0.641109876085446,-3.39950185553551,1.26764400455875,-0.116330115759098,6.78068068842579,4.21168107934608,11.3065632799803,9.53010267234788
-0.747962492073857,-3.21863543012363,1.2647016564991,-0.0231384154089172,3.90282641214379,5.76296703095654,12.0205592655176,8.55845823493538
-0.733770467567779,-3.30143371858477,1.27830075915695,-0.0569789913446526,6.39516819606052,6.54347228259674,9.77935885907027,4.28147982059075
-0.597974083428514,-3.13511321205773,1.31737825592055,-0.0798817929345692,3.31232403030058,8.67259387425085,10.970478596726,6.30077751121656
-0.757396230921731,-3.07413187011848,1.28071752920091,-0.0958302682135761,6.34458573688263,10.0578903433614,13.0911496432338,7.87600209122323
-0.666558404418406,-3.10040262989794,1.30422495899944,-0.0800862309775627,3.77914389011546,7.16220183689031,10.5476852399243,5.73131281422193
-0.59241738964226,-3.10857020815818,1.26019001563251,-0.109335694863753,4.40601374786378,7.60853208526329,15.7156456922233,8.44438190176197
-0.794541461401734,-3.05627756711421,1.30268211763435,-0.0769101905297713,3.61784692332673,8.57775194536834,16.9207144444615,7.75064125845872
-0.707648573239781,-2.97952472473379,1.32331826819681,-0.0926117847458956,6.61890037893878,6.84579276416984,12.2982857211225,7.49333540361471
-0.690269123223817,-3.14089012815792,1.39901418180759,-0.0958573134261783,4.23992670759364,6.85978989755374,15.620785012468,7.92901185062389
-0.635149644725936,-3.09221665405355,1.21224181498628,-0.0970595552878855,5.57467686887963,7.10192899076835,12.7442841441684,7.99987582938392
-0.643654647299652,-3.02717592830551,1.32609423867055,0.0537520523723309,7.48830702719583,7.48913091908845,10.5200253264904,5.29828410351231
-0.650719219871398,-2.9789562317479,1.37512249731007,-0.0370375553310731,8.63226548675479,5.80356943717032,13.3832084264434,6.5118214214779
-0.555282379896385,-3.20491352197613,1.25560437601189,-0.0308779458732475,7.85496800692677,6.14477424710688,11.7610206437747,8.63650310426468
-0.598170135913151,-3.00269375520106,1.29018119476002,0.00546070545441683,9.38874364007328,6.13189148876299,7.98369968998407,6.39906742546325
-0.691974278129216,-3.09001378783736,1.25871641200093,0.0391981330643698,4.93307386249703,6.27208797994627,9.46294612734254,8.70832784807657
-0.697158850244356,-3.2080812459775,1.20710151577565,-0.0393795419063452,7.06908900568647,5.44253642402034,11.394585798927,5.89064183970858
-0.565882410568398,-3.04973737979526,1.3894526410394,-0.142954634403744,5.52058270441282,4.42937506019767,8.63042014206681,4.89065103528905
-0.718251176491486,-3.01896356075084,1.28187684519556,-0.0198905841123888,3.81440089906663,5.36410176919638,14.0878454030944,7.11863964809248
-0.689261862809975,-2.95525969765446,1.24268603240987,0.0254406306850828,4.89726879471677,4.62846622998186,9.43566332373057,3.56965874739997
-0.822111346992487,-2.86185117524014,1.23432524113404,-0.0453414372464632,6.22133487660413,5.43404720195071,9.53943715582948,6.40883724583746
-0.857267359864107,-2.84577594337994,1.242917236762,-0.152366168579951,4.12978805832541,5.81022736559987,14.1922622378337,5.85305892247734
-0.751901767969341,-2.79379823840841,1.19715676801186,-0.0303727454723114,4.87356716448724,5.7529906812471,13.7981628298114,6.4603774279803
-0.771065191064743,-2.79124366968188,1.22785135910438,0.00513956701212935,5.75518477719551,5.13002990767753,12.1455114910902,6.78901770288148
-0.746398113921712,-2.90764821081493,1.26908376738017,-0.067998994380035,4.5708013722956,7.0480258391154,14.6933501919202,6.94387371715555
-0.748650485941091,-2.89056302025783,1.33569176013639,-0.150297741560097,5.92555916654609,5.80465317111573,8.5951482349878,5.90401110547267
-0.635298310740262,-2.86672222152247,1.23700038678232,-0.0573839950331073,6.02665139256305,4.71865623520614,14.9108081448137,6.29631333173951
-0.779453669302461,-2.84538350612504,1.2612942930249,-0.195244785009958,6.08799983153867,6.56978811176579,8.39205514679646,5.4926546565571
-0.612813775207246,-2.86119144872233,1.27150047889331,-0.0771632738647315,5.85471336140387,7.60973685303785,7.40662728111896,5.5668004311974
-0.705390025883603,-2.95635428385056,1.42294998715086,-0.0811877033182642,6.30659459891733,7.2647164809203,11.1958492305279,5.0541676436472
-0.733652137035763,-2.83287214903587,1.44024975638986,0.0245542800425274,6.99975727418783,8.03419184241675,10.2134093674339,5.80105500609517
-0.657639865087133,-2.8731564468189,1.36347235047925,-0.0831463768246521,7.98749978046405,5.6365078257466,11.4874876329673,3.98920338630139
-0.596620667723529,-2.92603742716283,1.43350671489179,0.0787758171522894,5.89757621594727,6.81749880236277,11.0965901405167,6.04768723490999
-0.576688314111171,-2.79050654056061,1.28479533903693,0.0302676338045607,6.44391515627545,4.24619449279442,17.0807387634291,7.19562752865729
-0.64395040562645,-2.84473982426164,1.35987933368741,0.0462978567567122,9.99843650125683,3.89116454368887,9.37803027072861,4.92407815144033
-0.612198581586746,-2.73131788727506,1.37642835559215,0.0939775092908351,8.62080636578103,4.48515442136024,14.9178222433723,5.67595009483703
-0.625696767311106,-2.96396644850271,1.42269078796662,0.0024448973331751,14.8073708156359,5.33459632231869,15.37842306153,5.30749396434084
-0.699505248025476,-2.85714259983273,1.33697563367451,-0.163208961849713,8.55697736657047,6.96030610349796,17.5393332036887,6.13967322504898
-0.596385983333556,-2.88545952415232,1.29878274204781,-0.0240092847104708,9.34835705080668,4.92756638359945,14.2908535439602,7.05627906907645
-0.58525308198936,-2.9673973504695,1.3498647343668,-0.136006388834464,10.5629671243799,5.55821832620562,14.3485705730529,6.82259566593724
-0.710249911381425,-2.90685368405111,1.28995561985265,-0.163765382754562,7.75212294185902,5.35193258887506,14.9468182097355,6.69307460446112
-0.75423325348327,-3.0956187248601,1.34512252020914,-0.142401945066224,6.74696437029995,5.26853485708938,17.5772663317459,6.49718357630137
-0.734841890773526,-3.16299682781336,1.33394784488146,0.0691977876921761,7.01422550328812,3.87264199492049,14.7289971353731,8.4934626116309
-0.679174647655052,-2.8786708384084,1.3708333234317,0.00885806703285145,4.07628239663024,4.90018876922141,13.1069452646839,8.56773137357433
