qu0,qu0025,qu005,qu095,qu0975,qu1,id,time
-1.34383204986163,-0.643534209293033,-0.537242065402547,0.540941743207123,0.649438973155177,1.52561117072578,1,0
-1.1385343696261,-0.110103940851476,0.015146623279257,1.3734876897812,1.5056245647618,3.37023387204595,1,0.2
-1.3224624003054,0.341928935500146,0.508205466739851,2.18738408070501,2.36709599814819,6.1315586033563,1,0.4
-0.946478475365598,0.773428326361983,0.958160497928698,2.90863015899963,3.11918603527878,7.00838384600504,1,0.6
-1.02684517093112,1.16285239724411,1.37090448429282,3.56218200195286,3.80098201737077,8.21199602074276,1,0.8
-0.438424528312766,1.53491395543084,1.76512122702714,4.16548141352151,4.42819097768878,8.8451535326939,1,1
-0.00627814332747136,1.89584604107707,2.13551739102351,4.7065514979855,4.98445023613095,9.87317709329766,1,1.2
-0.125002011644996,2.2101539554773,2.47936687183493,5.18908069728509,5.4762782411754,11.0986536986365,1,1.4
-0.123820160462067,2.53606376111719,2.80677825490745,5.627255863861,5.93912305475351,11.71856350949,1,1.6
0.156301958528552,2.82506776303835,3.11829491147963,6.04133636180613,6.35600954359696,12.4874851597497,1,1.8
0.722501998004726,3.10252093109777,3.40052245030895,6.41507247128206,6.7448588200978,12.2452361847317,1,2
0.392901334894859,3.37215474106257,3.67389978394824,6.75306232008259,7.07634307329476,13.5533297931293,1,2.2
1.10042660334301,3.61138989208414,3.93645035905165,7.06390258858772,7.37948455031086,13.6227371149985,1,2.4
1.86371083940029,3.85755259034044,4.17104843798687,7.34473960170893,7.67801355142302,13.7117619901386,1,2.6
1.01165674980451,4.07903699909746,4.38347856515937,7.59706394388302,7.95386101746264,13.9422980945372,1,2.8
1.79202127183061,4.26581366800575,4.58151085194124,7.8482236640666,8.19273128857875,14.1765822267909,1,3
1.73124297635312,4.4568864188634,4.78119792404363,8.08149884609274,8.43942199437311,14.8194117969733,1,3.2
1.8714371985952,4.62403650785341,4.95723126378157,8.28297967914202,8.6474777171519,15.4382989706433,1,3.4
2.1825354158746,4.79516571489652,5.11723507822918,8.49647883112922,8.86357869895641,15.6797215219053,1,3.6
1.42815401677241,4.94872257230589,5.26946203323174,8.68657013802517,9.06529818356863,14.972006159195,1,3.8
1.54799154873318,5.0894912217167,5.40922873396828,8.8502001930838,9.21922410118733,15.1625209874703,1,4
2.67110717067338,5.2206465465135,5.54400349454177,8.99850508752963,9.38037098846041,16.1740147140125,1,4.2
2.89990923458234,5.32866632277316,5.65046407956882,9.15708139465428,9.54508163932704,15.626821255867,1,4.4
2.63393145322354,5.44044114818839,5.76300636260866,9.28985169616065,9.6801338272675,15.757174225136,1,4.6
2.39703866922238,5.53424103460309,5.85327560648094,9.41689840396726,9.80653075241393,15.9930150966663,1,4.8
2.71794182459014,5.63490837827804,5.94676913698067,9.5474095229905,9.93911100424819,16.0181783252995,1,5
3.34566227455086,5.69865712072114,6.02174288695818,9.66598450089713,10.0899220579618,16.0108026610738,1,5.2
3.74641973414132,5.7829407019551,6.10313183145119,9.7771547456683,10.1826786631942,16.5891579054208,1,5.4
3.39541251287229,5.84285985442682,6.15057993626963,9.87794477137821,10.3041172384725,16.3205245033927,1,5.6
3.32925997711477,5.88006852220175,6.22247316524038,9.97386293281505,10.3955943288689,15.6379270616889,1,5.8
3.17383081389682,5.93854998425038,6.2696674993518,10.0641751605539,10.4737726850207,15.8487813315625,1,6
3.52386801149426,5.96565029574731,6.31752588982826,10.1538575506401,10.5847070849547,15.6178105869982,1,6.2
2.85896316724127,6.00057421163547,6.35099433355123,10.2513312958438,10.6981813541645,15.8752174266627,1,6.4
3.35750637995179,6.06255943671946,6.40782364388912,10.3256192250871,10.7659105456937,16.3572637019663,1,6.6
3.4344897607941,6.08681161874662,6.44064072866144,10.3973369846226,10.8442329732951,16.1972775478534,1,6.8
2.61243032007029,6.11159361199319,6.47039470486739,10.483123606326,10.915980747825,17.1618447578015,1,7
3.08188929307969,6.15856232684034,6.49865800126299,10.5258833290866,10.9959593235263,16.173661128382,1,7.2
2.67066470540476,6.16230104703203,6.53153980100032,10.6034347416865,11.0597235180978,17.1443921124401,1,7.4
2.98026602527176,6.206835858518,6.56352275805184,10.6614693170407,11.1152828247463,17.2345867425094,1,7.6
2.56913710678294,6.22890548433966,6.57941720489656,10.7171525710014,11.1749255993634,17.1763514466542,1,7.8
2.18957512765553,6.24541000632771,6.61548757594151,10.7800772047759,11.2647211359972,17.1752502703292,1,8
3.68266711386291,6.2572507245871,6.62401285994572,10.8296548385108,11.3075994104732,17.4407025292411,1,8.2
3.56614873573038,6.27542366564908,6.63526518366228,10.888842553462,11.3700486494118,17.2421001740171,1,8.4
3.64672837673081,6.29875068853736,6.64993126035537,10.9177385585736,11.4125750789413,16.8662787132887,1,8.6
3.91624729806641,6.30452393923502,6.66404904352208,10.9698211529879,11.4786786971208,16.722805518924,1,8.8
3.0483893453902,6.30374483545479,6.67572223549567,11.0226977309968,11.5289160767343,16.679104904784,1,9
3.48369335637608,6.33083539409341,6.69646543029534,11.0581385267456,11.5560123756564,16.9036279508325,1,9.2
3.93273173741823,6.31397064944316,6.68911617603596,11.0963295389212,11.6041761172179,16.9870087492053,1,9.4
3.95108118149808,6.3197192161768,6.71418414592926,11.1194860960713,11.6218992436011,16.9302929819839,1,9.6
3.8892750624017,6.33694148066413,6.71179004926658,11.1619045717299,11.6521735288673,16.8775058304409,1,9.8
3.15914964230246,6.36496230160102,6.71560254542124,11.2033383793735,11.6933273185223,16.882422531984,1,10
-1.47965480797517,-0.64584465594367,-0.545349726166342,0.537984875839495,0.637451816983456,1.64264067263793,2,0
-0.2990030786817,0.599783868836393,0.742922190022665,2.34468914330656,2.51440175429698,4.02453796032276,2,0.2
-0.301889389133846,1.57524418799762,1.76840960778185,3.88149007821578,4.09982495586989,5.9805502993671,2,0.4
1.1092536613242,2.40377650685787,2.64065189104676,5.11460402501384,5.36541631416368,7.28075750712823,2,0.6
1.39728472962763,3.14087029886401,3.37944762669891,6.07012361092672,6.35820329459853,8.3509018343792,2,0.8
1.33361990706246,3.7726016749759,4.02584736837798,6.87662304623798,7.1628236857622,9.2707715554484,2,1
2.41225145400797,4.31211264916804,4.58723694360856,7.53649416065546,7.85022170566851,9.93599509290789,2,1.2
2.78054503096212,4.77393002191453,5.05451869272377,8.07497537717255,8.41366269972787,10.3325119255609,2,1.4
3.36170284505065,5.15670220790805,5.44434292271364,8.5384297219906,8.87890519728511,11.4554374222121,2,1.6
3.20633390911256,5.48929068477802,5.76577971526629,8.94577691946091,9.28917808237936,11.6230925316412,2,1.8
3.83066537932101,5.74047879268736,6.02353712967943,9.29490694442147,9.6572288060488,12.0231854684273,2,2
4.29690371195331,5.93182949831524,6.23275944225722,9.59386619029477,9.96088117379353,12.27630530932,2,2.2
3.92208591075614,6.09895500555288,6.39998075450703,9.85524064457337,10.2323049478569,12.9682265278159,2,2.4
4.4426720448949,6.22944786743985,6.54094290102358,10.0966844374383,10.4789534578933,13.0668140837436,2,2.6
4.29336040591748,6.33511293964877,6.6374718748869,10.3059185528051,10.706209366898,13.4873774426236,2,2.8
4.41630502905217,6.41938679724887,6.72716263345485,10.4732178342447,10.8899841210732,13.8237336352179,2,3
4.28284315710352,6.47332229924221,6.7820862216485,10.6338039414848,11.0594986169555,14.1064115429826,2,3.2
4.63773752193459,6.50891086634676,6.83770785067244,10.7815387724109,11.2138080101702,14.4413299808224,2,3.4
4.23200469171398,6.55082966920358,6.88794015656418,10.9149288928861,11.3484177693279,14.34982878283,2,3.6
3.96475604082782,6.58781210229743,6.92147505838346,11.0318816729335,11.4704618620411,14.3800904578118,2,3.8
4.60640362098242,6.60689745913174,6.9412711489961,11.1403513645427,11.593605557654,14.9083724035595,2,4
3.83565160158337,6.61491386523672,6.97235957761394,11.2145924818671,11.7055274249274,15.0260388730029,2,4.2
3.91246265202637,6.63966083012654,6.98036896593155,11.3219826442302,11.7680097444826,14.9591476583752,2,4.4
4.27222639537229,6.62498655995414,6.99696088879676,11.3735049796689,11.8427419457954,15.1194417730133,2,4.6
4.27691804751844,6.6489097964855,7.00385124893129,11.4358520250902,11.9425569492022,14.9305034515535,2,4.8
4.3607463961542,6.67249248606377,7.02394236010216,11.5052401768007,11.9872353742797,15.4507721581658,2,5
4.26032922791257,6.6569083149358,7.02214819746175,11.5412625355837,12.0671688000986,15.6802614409026,2,5.2
4.48535075949056,6.64901252071892,7.03650828447832,11.5975653165433,12.1111334776969,16.4602138952555,2,5.4
4.14313331223082,6.68657248485359,7.02941025552752,11.6188089783814,12.1693803944885,16.3681981160356,2,5.6
4.48318474887921,6.6657181118945,7.03403749387986,11.6832342560819,12.2129201686959,16.7208395774497,2,5.8
4.02567970838453,6.68597257099407,7.03552598948574,11.7112906777398,12.240718254739,17.4221321842803,2,6
4.47091558922638,6.68091301638231,7.03777805521591,11.7335703523325,12.2862589420307,17.1388126316001,2,6.2
4.38771799653027,6.66901764319533,7.0536584653585,11.7732041601852,12.2998314002911,17.7404921047107,2,6.4
4.36104948817539,6.66649742018502,7.03682500708565,11.7850999664306,12.3470262638808,17.4449136344894,2,6.6
4.58123329282088,6.68204472303948,7.03726288238017,11.8040130428942,12.3571883293912,17.141145203561,2,6.8
4.67054691618732,6.66836948890363,7.04458713661897,11.8275255728601,12.3829981894768,16.1646985133874,2,7
4.8391605275648,6.69741995041895,7.04734886019532,11.8365739382718,12.3917991746829,16.6491082132826,2,7.2
4.44475785605891,6.67092294321604,7.03986127998014,11.8436307228242,12.4164798572108,17.3044936653553,2,7.4
4.45936870336918,6.66710822929987,7.05646337896498,11.8575203872228,12.4298083577114,16.9272405216926,2,7.6
4.28120938401675,6.67775805668614,7.04804973701533,11.8861471318189,12.4717661789262,16.997534673155,2,7.8
4.10716549525307,6.67342320917838,7.03452361027191,11.8827348457202,12.4279596143952,16.8301654961135,2,8
4.35841580098842,6.65971767454816,7.04570390593573,11.8980993973263,12.4596001259845,16.6395254307486,2,8.2
4.40833530393309,6.67967367208187,7.04189028096447,11.912448129663,12.4782572595754,16.8426993692079,2,8.4
4.23834340467925,6.67404708315224,7.0544056536249,11.9285223888554,12.5079324839997,16.3397085826876,2,8.6
4.69825788091633,6.68151812503729,7.04853785945325,11.9164556690864,12.5075490061753,16.0369545163775,2,8.8
4.66953193422105,6.66657354874054,7.04250953839064,11.9218630664232,12.5121401609935,16.2302402306926,2,9
4.46593357659589,6.67791698290253,7.03965660983551,11.9267035222863,12.5128378204121,16.7776908951069,2,9.2
4.23739725571536,6.68237408708626,7.03877250001938,11.9467872169985,12.5122830710916,16.9155309215965,2,9.4
3.81568427349717,6.67338139502063,7.04072835970176,11.941761446374,12.5336779138462,17.0867179110493,2,9.6
4.30435119655728,6.67653562508467,7.04719007091538,11.9407632392656,12.5388800148707,16.6269471935716,2,9.8
4.60716994726093,6.66691471518871,7.04059647967082,11.9380995220951,12.501296928185,16.6669205925598,2,10
-1.35169830832264,-0.644531536053307,-0.534623049527368,0.534637737326006,0.643063996582541,1.31037492828023,3,0
-0.883111578126517,0.134964746262325,0.268253006809637,1.72453519932998,1.88176332196644,3.82186798157317,3,0.2
-0.713124492373832,0.789783738803019,0.958562592988475,2.85784073664202,3.08349629001376,5.50371657623556,3,0.4
0.0669528679626282,1.38369905524303,1.59158421006656,3.87982929345412,4.15702000489714,7.46006935917318,3,0.6
-0.282423996125143,1.94601330999472,2.17206433268759,4.79365553379233,5.10040847898503,9.33876027533598,3,0.8
0.48956688226519,2.46670382020783,2.71398591719354,5.60759120746696,5.92621168076953,10.1462466135963,3,1
0.60066024536133,2.9407279807726,3.22099381376293,6.31928822351768,6.67140661905107,10.7912660517294,3,1.2
0.902918139303068,3.39546645796901,3.6858188687329,6.94852080177484,7.33717766915058,11.6631560368165,3,1.4
0.404757485449697,3.82426827793422,4.13665070416635,7.53281918896874,7.91498086299933,12.635161772741,3,1.6
2.12675458349965,4.2221211729943,4.53455409215956,8.05426304032699,8.4607352946492,12.981787583643,3,1.8
2.03605238196102,4.58930036616396,4.92074460264921,8.51976248375136,8.9460502870897,13.1158262638315,3,2
2.25449101016004,4.91758789895478,5.27016534608277,8.94942556301164,9.34081389773641,14.1059722095123,3,2.2
2.50824042006314,5.23646518726028,5.5801280060444,9.3222067561309,9.74567110632774,14.0949874105187,3,2.4
2.56467055782571,5.53711427069216,5.88900176645574,9.70693481362057,10.1141203312973,15.5835043755996,3,2.6
3.24796396902285,5.8187612419624,6.16423730739323,10.0177185581516,10.4582809594806,15.0845134300819,3,2.8
3.28229570711623,6.08247404862776,6.42733386129147,10.3224175788959,10.7755965274359,15.7943977242472,3,3
3.14838499289578,6.29797350861813,6.66052666984432,10.5940405374006,11.0507920580941,15.9961697181168,3,3.2
3.66636869312048,6.51074832147466,6.86618056036336,10.8609452482992,11.3114250221817,16.2680984317146,3,3.4
3.87193194752215,6.70518857979298,7.06140221110738,11.0960232526318,11.5589730699291,16.8747555191695,3,3.6
4.12479802212899,6.86301003983611,7.21757281016716,11.3080136129167,11.7877422185284,17.2921037547088,3,3.8
3.95959422635756,7.01785133579554,7.38465812051506,11.5088561944437,12.0046134860204,17.1217741703904,3,4
4.37823204700024,7.13272013251796,7.52087283175709,11.7183318855803,12.2009788159648,17.6951926572867,3,4.2
3.45892010882787,7.26663161127243,7.6520417408501,11.8909168220557,12.3917745914449,17.9384036544192,3,4.4
3.53072398394078,7.37322050450931,7.75303228053988,12.0676943183453,12.5631464456333,17.7647175967662,3,4.6
3.48563663359258,7.48736783694626,7.85906051045181,12.2121414872089,12.7188931170042,18.1637365615413,3,4.8
2.65016455338921,7.56884526217698,7.9404864025192,12.3748637593611,12.8950549953598,18.1382823202176,3,5
2.74306918267247,7.64128669667576,8.02924710849426,12.5121774099974,13.0200193708202,18.2209484905242,3,5.2
3.3761867148202,7.71164002026498,8.08858715588073,12.6365654252258,13.1723399202521,18.4078662090034,3,5.4
3.59428772166424,7.75239369476255,8.15715652815422,12.7665640170988,13.2955008625876,19.0700579423954,3,5.6
3.51119868610896,7.82482577112433,8.2080863208728,12.8907926237956,13.4088611827373,18.7110865452341,3,5.8
4.20934094044486,7.86547473924124,8.26302967416226,12.9897798133212,13.5358976392668,18.5871521176585,3,6
3.42376512392599,7.90461710209514,8.301615892193,13.0973797325367,13.6413203868282,18.7059251226561,3,6.2
4.37521550519252,7.94891529638273,8.35044354561134,13.1972973857339,13.7401304703901,19.3956477670088,3,6.4
5.03878717270449,7.98438319677239,8.38491828216985,13.2933191391831,13.8342097987145,19.146437671422,3,6.6
5.3009540853265,8.00626195077947,8.41192643543126,13.367546661915,13.9461837816688,18.9546351662787,3,6.8
5.09093184855823,8.00323020418581,8.4335838512619,13.4416164351223,13.9988263126757,18.9248003228334,3,7
5.45288462623584,8.03576335571293,8.4715827894743,13.5239258553186,14.0948100211573,18.920002671491,3,7.2
5.42626609247969,8.06197998323794,8.49141739484424,13.5931868443618,14.1704457464991,19.1482139788336,3,7.4
5.59567371571384,8.08117780171728,8.50702998266321,13.6467061876096,14.2311257729593,19.1942670809609,3,7.6
5.12417886860557,8.09421151325942,8.51862038004661,13.7314774364253,14.3190656449603,19.4737916807658,3,7.8
5.3542497782884,8.11942445474309,8.53711684856927,13.7968178916184,14.3867536109924,19.8587928091843,3,8
5.34630475984868,8.11548874678444,8.55565135821893,13.8636814335558,14.4635195508834,19.6586277375991,3,8.2
5.32748177324918,8.13565605793711,8.55759432177998,13.9008986611644,14.5119036656416,20.0156545174563,3,8.4
5.47824892065378,8.14142196882814,8.56606681509775,13.9698567637912,14.5811864579278,19.9628245046793,3,8.6
5.20357151434152,8.14348302643636,8.5872342265305,13.9890164925771,14.6283424662609,20.152284263189,3,8.8
5.48308669171782,8.1523604972137,8.59991543795486,14.0509099341572,14.6983449951045,20.0468266307199,3,9
5.85589228489004,8.16914665185493,8.60084981684437,14.087447580174,14.726776935034,19.6301621378972,3,9.2
5.48544743789959,8.16675430685339,8.61791062282415,14.136170428656,14.7825729756662,20.0929478440055,3,9.4
5.34555841756416,8.16717536157422,8.61558834499971,14.1789709215139,14.7955509969249,20.0728213267773,3,9.6
5.52968555189532,8.17503058361862,8.62711594113374,14.1946063635767,14.8599153565652,20.5580577689496,3,9.8
4.92396042794931,8.17032533377884,8.63177386021219,14.2368439970651,14.8677560261322,20.1575500523268,3,10
-1.41073354199411,-0.639820439227088,-0.537219181343119,0.538205619213672,0.637808315904886,1.41435229143429,4,0
-1.19201466942365,0.00878124428610359,0.136891480371194,1.50822610412965,1.65202606424426,4.34252014465367,4,0.2
-0.84986628372541,0.54628582741648,0.706797651536146,2.4220345224807,2.61715118706798,6.65986657174955,4,0.4
-0.799178339918043,1.0370555836773,1.22581768690264,3.25535831793996,3.48306228291237,8.73364785401226,4,0.6
0.109672102017853,1.49573036496206,1.70318156673728,3.99961127932288,4.26264900634747,9.65090291209102,4,0.8
0.0639086686725677,1.91651867493739,2.13520159392065,4.65219699524888,4.94748087438222,10.3360248004593,4,1
0.579362078493589,2.31132176867438,2.5526360365565,5.24948198717144,5.53703776368591,10.6494937059453,4,1.2
-0.00209590894846212,2.65706851311209,2.92277015048752,5.74980717845745,6.07646904708409,11.4029653204663,4,1.4
1.13575133295592,2.99755519129367,3.28013547535649,6.23198726074774,6.58253002641792,11.947713257075,4,1.6
0.898792045380872,3.31534135112641,3.60357092658855,6.64741048575462,7.01061928525286,12.3147669094128,4,1.8
1.07201111318686,3.60702635619608,3.90863126476045,7.02921180645774,7.40031881368976,13.0133709740887,4,2
1.49108668603064,3.87553919937843,4.18117677758474,7.3707334515921,7.76516375511257,13.2499631338016,4,2.2
1.10046988124917,4.14242364537734,4.43501201181965,7.7002987665397,8.11280302390195,13.813496786631,4,2.4
1.9324522760304,4.37316239899949,4.67372823637647,7.99873533021662,8.3894449118972,14.050241177715,4,2.6
1.65881280633432,4.58165497929564,4.88643650118808,8.24520442675642,8.65909597036089,14.3662747590404,4,2.8
1.65130197226465,4.76384393549797,5.07547215376372,8.50345451920131,8.89836170306226,14.7049970804878,4,3
1.83602305393869,4.92648967274208,5.25698971497204,8.7247196879135,9.15709780168041,14.6859328297383,4,3.2
1.96410964479151,5.11071012698345,5.41344045029146,8.93426906675866,9.38552048155927,14.855038372322,4,3.4
1.8708243436824,5.24932890208311,5.56468870202156,9.14517115063815,9.58422506611694,15.0437856512501,4,3.6
1.64640690844791,5.38738074529514,5.69266379866449,9.33425316911634,9.76359637360869,15.1749160043238,4,3.8
2.58314573502144,5.48384366311111,5.79800665175273,9.50506237524478,9.95624039841353,15.3623414077637,4,4
2.5820426774382,5.59923669003331,5.90001849024065,9.65788941025736,10.1190436362613,15.4860303168463,4,4.2
2.34279964892011,5.68276346439823,5.99424547303432,9.80494625487481,10.2689014365299,15.4262462923122,4,4.4
3.17914342969931,5.76470829164907,6.07866348486919,9.93480204001171,10.4045750390581,15.9110179670288,4,4.6
3.14559582876337,5.82690643919039,6.1555248125046,10.0891154339094,10.5390504202789,15.8396203252038,4,4.8
3.17207748093318,5.89802343414247,6.22325218006113,10.1937720688191,10.6462971397086,15.9255044166086,4,5
3.41738219987382,5.95986253481941,6.27837845032774,10.2892808609223,10.7663648277454,15.9271792176479,4,5.2
3.1268172756823,5.98208204164097,6.33205718584295,10.4087687856844,10.890187458004,16.4089964263925,4,5.4
3.29488141082433,6.04769046875408,6.38858471085198,10.4898490650488,11.001681864261,15.7940012327711,4,5.6
3.27699927610914,6.08896446225382,6.43327286591209,10.603674599163,11.0915484069206,15.9216566198796,4,5.8
3.85404854745507,6.11167016357263,6.44503340795844,10.6719878424682,11.1471332033486,16.1790486084089,4,6
3.15000503630062,6.14893619217511,6.49038078397373,10.7493380438741,11.2384339054445,16.1525555831973,4,6.2
3.72359487337827,6.14952496454268,6.50766623074557,10.8286929476373,11.3315767988319,16.3431432499056,4,6.4
3.43633667188589,6.19119032160006,6.52425102932348,10.9078106017168,11.3966675383417,16.3336357877787,4,6.6
3.87049802336712,6.21142698687337,6.56289130179489,10.9625739291103,11.4892406630129,16.7128431696694,4,6.8
3.7608667416212,6.21132900621376,6.5711746855595,11.0425231990844,11.523134551176,16.8211016396543,4,7
3.82805130195165,6.23572603852483,6.59193768998826,11.0889521413661,11.5942740891133,16.9265592112885,4,7.2
3.79636139815611,6.25418414691255,6.61095212142036,11.1569356170972,11.6265368865222,16.7726954001216,4,7.4
3.64816661399489,6.25865467064155,6.61987433673514,11.2128644590083,11.7225306123098,16.3759295632902,4,7.6
3.88311964878878,6.26926965724457,6.63733020752616,11.2546983070097,11.7675699783109,16.6547880389794,4,7.8
3.62754172662745,6.28488385522596,6.64316821776698,11.3046633298733,11.8192126115207,16.9931472574602,4,8
3.74909461857026,6.29752080595665,6.65130457731555,11.3705342458963,11.8716428462672,16.5685520022904,4,8.2
4.07220686374464,6.29704896128398,6.67341164200421,11.3980385671052,11.9255577236906,16.4896637434546,4,8.4
3.88349194089592,6.31398786020392,6.68758632234832,11.4359832680801,11.9618921584028,17.1020736621303,4,8.6
4.03820737992501,6.30278758530478,6.68849794948615,11.4787800836743,11.9831114291971,17.2589662052954,4,8.8
4.29674445819963,6.31421698287518,6.69060096649468,11.5143730163746,12.0341400409169,16.7193720375719,4,9
3.92009197973008,6.30237475593682,6.69084952776215,11.5404459404202,12.0807617765077,16.8938286669256,4,9.2
3.60923111443978,6.33076389456438,6.70122201393665,11.5747231501393,12.1140925119375,17.3300462775849,4,9.4
3.87902296408222,6.32631307422449,6.71225105144188,11.599036400471,12.1704297590534,17.6912178762913,4,9.6
3.55373281304004,6.33277396524342,6.72519572547089,11.640964556538,12.1986203994096,17.6820384153681,4,9.8
3.91096454451551,6.32769276461942,6.71737255951414,11.6671123425613,12.2251276383072,17.2373006507637,4,10
-1.42817513079278,-0.644096812937633,-0.534118358668587,0.532079998442497,0.636943224114107,1.32170576773037,5,0
-0.70541857444651,0.444118462712885,0.594262032942933,2.14763528580896,2.30656096266299,3.70763270920354,5,0.2
0.0935327041901987,1.33254994974739,1.51966759520232,3.62548291544219,3.85897137663196,5.74470008454425,5,0.4
0.131108752854632,2.12431739345251,2.34359298431987,4.86368036324259,5.14140718901293,7.49206726611103,5,0.6
0.895352155719644,2.83285277042341,3.08806055946294,5.91512444132698,6.2256954458925,8.50406861509388,5,0.8
0.949330350079821,3.48580145131699,3.7677979493888,6.82395258502232,7.16083819072179,9.47100447703954,5,1
1.54559670512529,4.07372839030883,4.35757669544382,7.59983581090503,7.94074228592099,10.7189550301355,5,1.2
2.0981692093094,4.60349905478094,4.91484958526626,8.25727473216669,8.62795843624999,11.2130103394049,5,1.4
2.83015258316877,5.07848795644644,5.40259378915364,8.83637587415948,9.21400254107905,12.2760814575073,5,1.6
2.86551752392537,5.5136362888513,5.8297720097313,9.34291153361716,9.73300126833924,12.7644288161324,5,1.8
3.18092076895611,5.89169060118746,6.2188741750619,9.80382068130664,10.1952733068337,13.1337362345695,5,2
4.01257998660216,6.21933953785592,6.55224572450386,10.1813198195785,10.5928895374033,13.9579521593056,5,2.2
3.87588879384376,6.51545074986218,6.83895334077298,10.5731532116677,10.9873291232626,14.4159808305656,5,2.4
4.18447957611723,6.76785610506569,7.09737419176167,10.8953371854752,11.3318098632123,15.1477469033987,5,2.6
4.63612302091092,6.99404933145401,7.32480292545357,11.1826172499659,11.6141737842078,15.4588503026057,5,2.8
4.84451684622985,7.16549458588374,7.50141742553917,11.448558929557,11.8996966311388,15.8315163921872,5,3
4.86809861681507,7.31782740106396,7.65306030461968,11.7005224462545,12.1465656054457,15.8431386539924,5,3.2
4.75959217292037,7.45683491692718,7.80857972845787,11.9307179293843,12.3840899670468,17.0031085073279,5,3.4
4.7535501323841,7.56629962379407,7.91596263846634,12.113045123633,12.5971421304312,16.9904826563692,5,3.6
5.25862794853086,7.63645067411161,8.00578564434093,12.2965245772968,12.7770418196638,17.6371198923933,5,3.8
5.37315039954154,7.70574792363533,8.0858673620967,12.4702735965362,12.9424594683018,17.2182609124157,5,4
4.93212599177421,7.79283232446704,8.15583037900453,12.6172272867397,13.0879659810413,17.1182260075029,5,4.2
4.80119240205762,7.83879310096853,8.21439683728831,12.7642064874965,13.2455752683464,17.6132141001984,5,4.4
5.00891651713938,7.88091460451372,8.26009004633481,12.8778055101008,13.3753695220921,17.9874291228944,5,4.6
5.11747953755936,7.89570291561617,8.30124259618121,13.0128364072134,13.5272626050348,18.5928765855939,5,4.8
5.45855443838294,7.95395443290393,8.33666098966442,13.1110393823305,13.6688711880238,19.2740765889026,5,5
5.58605827038298,7.95157141486994,8.36555867560551,13.2322497543466,13.7404877264635,19.5363949041327,5,5.2
4.99207567443923,7.98500456797554,8.38612448693123,13.3260839132754,13.8712056068517,19.338121651058,5,5.4
5.1113188178312,7.9985831713394,8.38984683211898,13.4118770039847,13.9736498557246,20.2700155678198,5,5.6
5.40494071853846,8.01536156701873,8.43279164058461,13.4976229612777,14.0672406213602,20.6604195869777,5,5.8
5.29865928762911,8.04003751688487,8.44608916730869,13.5845571525389,14.1392302849126,20.8757480718678,5,6
5.56117671920949,8.05030988273911,8.45768944393672,13.6471604597164,14.2100509717507,20.8433372582946,5,6.2
5.49352501615611,8.05835766349204,8.46295275481653,13.6954691716526,14.2893462702345,21.0485331975335,5,6.4
5.52903671233695,8.05822967106145,8.47194343878773,13.7494087270101,14.3712840094697,22.01328999315,5,6.6
5.16813710914836,8.04536532880086,8.48883119318896,13.8003737315242,14.4265766535875,21.6896298382218,5,6.8
5.31924185303828,8.0531650268291,8.47744351764639,13.85828785705,14.4670761335512,22.3051432470022,5,7
5.33696756186353,8.08436094347145,8.50058090515351,13.8915941164192,14.5509642596718,22.5056552058313,5,7.2
5.35486089643241,8.08434418395954,8.50703075943906,13.9422869680885,14.5740316485587,22.6537737413927,5,7.4
5.68087382262117,8.08371652862635,8.48467281418483,13.9860937502501,14.6146091730661,22.3376164840965,5,7.6
5.53143907517707,8.0768866247319,8.50095513424355,14.0196203205454,14.6597027610084,22.5731300914923,5,7.8
5.62121108647933,8.08425737769743,8.50960746165052,14.0597813097331,14.7173995604097,22.4268627804369,5,8
5.64531740501065,8.10103465503012,8.51294700135399,14.1101886036721,14.7337906060617,22.8677439144942,5,8.2
5.3557474549486,8.09012677314018,8.50970937950118,14.1338282278232,14.7683945259506,23.0274077822402,5,8.4
5.54216145303013,8.09672480933377,8.5126833630839,14.1525649389588,14.7990186600547,23.0708393394398,5,8.6
5.53522963276203,8.10031318082911,8.52320214953001,14.187971343006,14.8549153008906,23.1423189286342,5,8.8
5.29393575012634,8.08998734747357,8.5164370430339,14.1884905246047,14.8738320375177,23.6121805256586,5,9
5.33554216549739,8.08871132150458,8.52358751411897,14.2341063042056,14.8828843739778,23.1132771162371,5,9.2
5.1208870270038,8.09169859755467,8.53350253822499,14.246986326419,14.9153327411938,23.7308032078706,5,9.4
5.14156460691598,8.09049259414279,8.51268889311951,14.2606179863489,14.9586859499891,23.872772425865,5,9.6
5.30049141726628,8.10411555474651,8.52894959036906,14.2732641827483,14.9716151164957,24.4459786243262,5,9.8
5.49705866050249,8.09502487840318,8.51689008619318,14.2814495390414,14.9869727551142,24.8729629522919,5,10
-1.32038431398481,-0.644838313563086,-0.537513141721423,0.538009072559662,0.644196823171333,1.47524147713302,6,0
-1.04326936834961,-0.107504327982097,0.0237349393604107,1.39598692398635,1.5387689261763,2.8845930723693,6,0.2
-1.15821174874069,0.350826557953238,0.513825875066281,2.2107415684832,2.39490849320746,5.19533136712304,6,0.4
-1.10048422724624,0.772936990213431,0.967496119720003,2.96141406524025,3.18221025253217,6.82258960291045,6,0.6
-0.607971876453855,1.17090537490661,1.39857818484818,3.64182240294202,3.89438771662493,7.64613011237614,6,0.8
-0.886569651379501,1.55674252913678,1.79799329689421,4.27161304707224,4.54263173321566,8.94164606664222,6,1
-0.793768280880281,1.91959035300059,2.16921644450021,4.81753978984612,5.10537320074248,9.55884065242609,6,1.2
-0.185354255571688,2.25244909513157,2.53627295879811,5.32499489662306,5.61851233031208,10.5107027779157,6,1.4
0.162385308130889,2.59799759433865,2.86619651369965,5.78552104386751,6.09535366232255,11.1221137058899,6,1.6
-0.759200624415665,2.88971853122158,3.18447550056711,6.20132308591183,6.53469560818986,11.2776606463749,6,1.8
0.50408530276156,3.18133525932274,3.48236590408687,6.5786804808969,6.90349857035517,11.4160675225696,6,2
0.809935645429866,3.45437847119314,3.76988045743496,6.93796732629845,7.26654851642061,13.1020417736712,6,2.2
0.520143297954141,3.72182815968884,4.02538298481855,7.24406145286059,7.59746902696959,12.8212614115872,6,2.4
0.755257965056656,3.96734431362043,4.2895397037553,7.54969865235932,7.90518306187698,12.7758293251036,6,2.6
0.833688607890644,4.17976291429493,4.49985158755473,7.82096952654261,8.1826663878223,13.4776384402885,6,2.8
1.03137539349651,4.3889012028633,4.70449229089944,8.06611202002189,8.43626630266971,13.5204788803343,6,3
1.01546516137953,4.56859633036877,4.91607246474757,8.30745951745623,8.66830832823711,12.7425607538232,6,3.2
1.69255582354771,4.75533520447374,5.09973697528859,8.5383332773169,8.92285080846281,13.6089246869019,6,3.4
0.747623202984572,4.94151211991355,5.27432431641922,8.73991490521814,9.12731492334889,13.3924951575784,6,3.6
1.35001528946103,5.09183150171608,5.43152928417272,8.93949755756354,9.31576670796979,13.5726899921581,6,3.8
1.6351925277768,5.2549921388297,5.57678927989659,9.11809109247736,9.51391381578511,13.703520124532,6,4
2.20034644943806,5.39921982719419,5.71773393570693,9.28462063078885,9.67284690721412,13.9486813374523,6,4.2
2.83219919303371,5.51279894792896,5.84446571754082,9.43580854339422,9.84528642148646,13.9577653688253,6,4.4
2.26269537944943,5.62185470372953,5.94560724479674,9.58590583474754,10.0146306149325,14.5175575754861,6,4.6
2.50940223124015,5.73562601608741,6.06478898531017,9.72713656457671,10.1336852789379,14.2800709879911,6,4.8
2.73486353025491,5.84549891498908,6.16907198052167,9.86394663543112,10.3123043200806,15.0020747083404,6,5
2.11850517711364,5.92458023939809,6.25378919333472,9.99097454350389,10.428514971465,15.4009928889526,6,5.2
2.78298753091412,5.98801540550735,6.32873295238711,10.102503184692,10.5204940894396,14.7474652782188,6,5.4
2.70089540051404,6.07700017207861,6.41357605542122,10.2143583362261,10.6508918584619,15.0187059194874,6,5.6
2.53760118260541,6.12781535472795,6.48122087044073,10.3005538522562,10.739694831706,16.2547240327317,6,5.8
3.04761823141021,6.1907256326245,6.52636198930894,10.4156234970208,10.8702853612705,15.4731583929028,6,6
3.58099117439265,6.25316934287886,6.58407578586212,10.5171163711967,10.9602034038694,17.0277106626413,6,6.2
3.47812569675703,6.28830498126884,6.64818755247014,10.5957078701632,11.0513813590436,17.1703642465072,6,6.4
3.88228427199197,6.33944267890908,6.67641577121248,10.6793228999336,11.1446059123046,17.8160422323431,6,6.6
3.96793136190073,6.38106798200217,6.72108594176754,10.7521663467701,11.2268959141509,18.1504695587841,6,6.8
3.08357133195179,6.41200574308007,6.75306759957698,10.8311199920494,11.2945943067382,18.1706368324931,6,7
3.17363009862265,6.4365653705493,6.79250673463327,10.9053811211226,11.388124993018,18.1923602850226,6,7.2
3.82135318525127,6.46266963525067,6.8213706756945,10.9817780804993,11.4859122983323,16.9356643973783,6,7.4
3.12861306513378,6.48016317122417,6.85902406371625,11.0579742248754,11.553409820527,17.7459944616553,6,7.6
3.77952675342016,6.50187362589247,6.87579889426095,11.1155291752085,11.6055115538228,18.3443431568815,6,7.8
3.59481513832633,6.53509120844178,6.9000115177136,11.1665801255817,11.6747043001966,18.4434607962772,6,8
3.96016588501617,6.56100552865859,6.92667411217986,11.2156459642385,11.722877700772,18.7818995430592,6,8.2
3.63668822910316,6.58248523226009,6.95234931193791,11.2815328874872,11.7605533348989,18.4533199527012,6,8.4
3.47720962344806,6.58845067756778,6.9570004080973,11.3231711439604,11.8250409847847,18.0280178963865,6,8.6
4.29129841360234,6.61447023417766,6.98178498071187,11.3892760643971,11.8859227595979,18.3227565643372,6,8.8
4.11313015126794,6.59175545907787,6.97780503842142,11.4270902637527,11.9470391654278,17.8952049925548,6,9
4.42644756178699,6.61806423152142,6.98600316879205,11.4769872226003,11.9804046586777,19.2283219743769,6,9.2
4.38992735752159,6.62031410785688,7.00031533662359,11.5113841768356,12.0260547202257,19.3789491192741,6,9.4
4.4934324619003,6.62424798759117,7.01024761803182,11.5523844711758,12.0702041945468,19.5664731074831,6,9.6
4.50754560798985,6.64890106467417,7.02492062161285,11.5810129956165,12.1230524234421,21.1537038546882,6,9.8
4.04987034391216,6.64943852075842,7.03425393682566,11.6385247616933,12.1561521482343,20.1335971632854,6,10
-1.35749148099628,-0.640089586934614,-0.537482415026842,0.544295721151694,0.646877534089358,1.49847780335014,7,0
-0.460111812574492,0.844448274784797,0.998038789867889,2.76999337539849,2.96729452416978,4.55947504305907,7,0.2
-0.13918956873246,2.04419704989557,2.26491625665635,4.88538949477557,5.17823765325337,7.95615282891225,7,0.4
-0.254662831193277,3.14694173111463,3.41586613391952,6.74798107468905,7.10636947927227,10.3968163816862,7,0.6
0.706015227880526,4.14448089331041,4.47996604081205,8.36500823264113,8.78579738219603,13.0620544906963,7,0.8
1.64771808470173,5.0934014110052,5.46498116991003,9.77789785343426,10.2276893515474,14.5906698706152,7,1
2.83151167037801,5.98676683092281,6.4103471543466,11.0317530682273,11.4983153168331,17.0654479615175,7,1.2
3.36063441045486,6.79931551655266,7.25171797821292,12.1081548051798,12.6052809941861,18.3891936460141,7,1.4
3.98805774451615,7.56060484862843,8.03741383514247,13.1022049876974,13.6177050831207,19.7395720065142,7,1.6
5.10433413199676,8.27073420549126,8.76356986733021,13.9825882813956,14.5405125122696,20.5186952090074,7,1.8
5.47760334312651,8.93602427886765,9.45340933539567,14.7809198681955,15.3385401095226,22.4114798011781,7,2
6.00995129335366,9.55178653087767,10.0570885505603,15.4991196738435,16.0834023052411,22.3156759736314,7,2.2
6.20823776500899,10.0996628484177,10.6123562508506,16.1705641162054,16.7646538293866,23.3584533941425,7,2.4
6.94404420088291,10.5919432024327,11.1172881371903,16.7799876817731,17.4115711335782,23.8307266113886,7,2.6
7.27964043617792,11.0144820388124,11.578076823488,17.3334630081807,17.9579255796697,23.8161706581416,7,2.8
7.53004148123633,11.4393229839656,11.9579928307921,17.8577586283355,18.5120234831307,24.7584080197904,7,3
7.45228405356688,11.7662511694429,12.3103440794571,18.3340745467521,18.9815313551524,24.8524427448834,7,3.2
8.01468533563945,12.0638778766527,12.6053071240861,18.7593173801912,19.4215901691845,26.4944255172402,7,3.4
8.19857351393908,12.2967869836987,12.8638939787896,19.1605990285728,19.851237941339,26.7272200296081,7,3.6
8.45495428149801,12.535778486348,13.0927595271919,19.5312081738049,20.259542363606,27.6396869346538,7,3.8
8.736146449199,12.7341724510495,13.2937173673136,19.8855998512303,20.5981963913422,28.6920919794887,7,4
9.3421946281303,12.9028822101915,13.4772327742383,20.2030915790942,20.9620489402332,29.0757392197073,7,4.2
8.57736475881371,13.0209753851194,13.6273703699541,20.5344917507298,21.3165296346447,28.0946724349787,7,4.4
9.11727232023686,13.1378296631718,13.7543823261118,20.7967713288589,21.6040922008276,29.6979704069548,7,4.6
9.39608951987058,13.2292697760893,13.8699110230936,21.0733578577307,21.8777376925156,31.0413088021783,7,4.8
9.39853060426741,13.2996291520547,13.9657104494491,21.3341322643107,22.213950138135,31.2342409537443,7,5
9.5920461442472,13.3594966024441,14.0377524554042,21.5924654534427,22.4337878374619,32.1929069798976,7,5.2
9.75015736510147,13.4252369528339,14.1016826215625,21.837157386242,22.6703028755182,31.558968825712,7,5.4
9.62574844015126,13.5051843335482,14.1708909127628,22.0345615931176,22.902490788139,33.4235854245614,7,5.6
9.20955917610337,13.5305035850324,14.2156041889208,22.2272336845923,23.1029417970872,32.3813207778854,7,5.8
9.08209533944503,13.5533115313032,14.2592765453348,22.4202831685434,23.3077028074652,32.7884189027023,7,6
9.91348559417059,13.5992681468268,14.3128916644391,22.6147755070652,23.4902260455599,33.6915145914602,7,6.2
9.69493558065118,13.6123131039176,14.3201001024417,22.7642520539738,23.6660698921598,33.7152512950508,7,6.4
9.44438311974351,13.6320059191297,14.3677243439996,22.9198441566813,23.8637705159125,35.1018767932782,7,6.6
9.34614038843329,13.6560238239846,14.3855488949572,23.0545047889106,24.0213486447691,35.4721508296857,7,6.8
9.45811821256873,13.6634580027447,14.4213858795,23.2160893136656,24.1601472755078,35.2914564496153,7,7
9.530954282503,13.6880100191088,14.4133788281594,23.336664068172,24.2663451140019,34.9963242511635,7,7.2
9.75464328106323,13.6790547676992,14.4534981434094,23.4798533429278,24.435042920113,34.3869464369674,7,7.4
9.63979683028972,13.7097866141712,14.4595821586826,23.5740988400332,24.555489052442,35.0374695246066,7,7.6
9.65862806097442,13.7157177068074,14.4653750511917,23.6716517789685,24.6817180592802,35.3748152553155,7,7.8
9.52389932756574,13.7206866658906,14.4966742215837,23.8035102976302,24.8123964727817,35.0289720704508,7,8
9.43285222115448,13.7109331788733,14.4973445472611,23.8982434567932,24.9372250603408,35.2860515400635,7,8.2
9.29380250380895,13.7375299776771,14.5074005065427,23.9757277928276,25.0054183756205,34.6759459340314,7,8.4
9.41052546834138,13.7661937768822,14.5246956059631,24.0758240939676,25.1042951529516,35.8080693169811,7,8.6
9.64242283269782,13.7481194113751,14.5199406894319,24.1638081883135,25.2121933824111,36.831947124671,7,8.8
9.43129437100688,13.7572448833022,14.5308826725112,24.2380139890805,25.2940145106305,37.4315356812889,7,9
9.68476617131706,13.7641850877088,14.5496547290844,24.2833714687178,25.3684828679713,37.6936485010532,7,9.2
9.8523274263409,13.7710431226855,14.5259910384922,24.3787879883227,25.421155203349,37.8711787597473,7,9.4
9.49291750721688,13.7599856879333,14.5357523865031,24.429356447447,25.4985157415055,37.8804116859896,7,9.6
9.46292104092386,13.7699747005461,14.5513005688624,24.5112278755184,25.5455735768569,37.6905568249536,7,9.8
9.60767890369093,13.7885469610575,14.5516341325018,24.5450952709548,25.6493895980419,38.6015032863827,7,10
-1.36619437594276,-0.642896333079144,-0.535843414566102,0.536400073086566,0.638307633917817,1.24710590952881,8,0
-0.669133565856382,0.574282101803624,0.717615707553989,2.3257616035866,2.49914006907127,4.04384353789272,8,0.2
-0.191026795861506,1.52274349368287,1.71619689036889,3.88936907758505,4.12973695290598,6.97884859015231,8,0.4
0.879326342211108,2.35265816490513,2.58949172382779,5.16286013794666,5.46770992976238,8.47223158569314,8,0.6
0.585872457401042,3.086988823738,3.35248433660799,6.21737003734706,6.52474769635777,10.2675391980174,8,0.8
0.854061098456166,3.73971160089241,4.02248222959258,7.08030929540861,7.44163763857156,11.3345030177983,8,1
0.196668680799486,4.32452607296232,4.61256244498571,7.81509490875754,8.17299659802099,12.4691712201167,8,1.2
1.3542484416791,4.84721147873905,5.1381662588165,8.41749864873753,8.8078534936686,12.739536086852,8,1.4
0.783982100326218,5.28742659576837,5.58892348913914,8.94682391736924,9.35463027772817,13.9075901536178,8,1.6
0.774170889334909,5.66803473455155,5.97652815938609,9.40297710412937,9.81081681736885,13.612244599988,8,1.8
0.995031174731329,5.98893757837565,6.28689397803217,9.79271463984598,10.2149516558308,14.7434498991623,8,2
1.59657541255145,6.27238627855501,6.56238924364804,10.139112408081,10.5729728969296,15.0609609080942,8,2.2
2.10700531464159,6.47203748429489,6.77823207035154,10.4573981904205,10.9103702663782,15.1817992580491,8,2.4
2.44214830782099,6.63861926267032,6.96299751908663,10.7313924756876,11.1815071566495,15.8108236570281,8,2.6
2.0438783436808,6.78731383342029,7.1013228516519,10.9736201313086,11.4285003829934,16.6791707114247,8,2.8
1.97846720608867,6.9096480746982,7.23215937264239,11.1958529495741,11.6458175437842,16.9559312386355,8,3
2.924528699968,7.00796898304477,7.3360142287869,11.3763951758634,11.8627802401803,16.3898497655774,8,3.2
3.35524750988378,7.07355438720664,7.41634867646653,11.5662558032347,12.0447021049899,17.0685519276828,8,3.4
2.98047065209152,7.14276856834085,7.4785626751558,11.6944731352512,12.1919516990572,17.1840104386422,8,3.6
3.78737983775082,7.16040773159633,7.51357491802593,11.8337547978841,12.3475909390848,17.6216681142046,8,3.8
4.62130196306673,7.21184708028232,7.57114424484591,11.9531453202839,12.4920219532229,18.0245885419545,8,4
4.21392884216818,7.23549608051377,7.61026794405253,12.0771535022799,12.5987384055597,17.9505587036091,8,4.2
4.3541092818106,7.28188952459765,7.63982520440734,12.1944234497817,12.7108176676344,17.7826363133382,8,4.4
4.33068073706549,7.27408230190016,7.65675060436396,12.2814656268741,12.8040986598207,18.4309961707585,8,4.6
4.68976496330981,7.31644139853587,7.68312355576169,12.3624906094317,12.9023880908627,18.3276825524756,8,4.8
5.14228363915122,7.31758382640443,7.69799444079764,12.4240787776952,12.9728523964002,18.0963441921723,8,5
4.84501496915884,7.32817528464236,7.71357875385922,12.5157555573628,13.0518257883902,18.4431426010319,8,5.2
5.18004944700722,7.32655512988707,7.72246048173313,12.5802631163754,13.1446062416675,17.8726927319271,8,5.4
5.00987392585871,7.34530871028819,7.73577381804731,12.6389414224822,13.1771996813676,18.2426282057567,8,5.6
4.72241284176405,7.35450559665631,7.73287936575321,12.6767778930388,13.2662921294673,18.8404011046979,8,5.8
4.87210496786018,7.35358354006385,7.74723661764922,12.7268817702493,13.3012670817793,18.6241912594222,8,6
4.67169671185108,7.3512936495551,7.74587516201361,12.7573174271755,13.3444196785943,18.7858008516006,8,6.2
4.20983195470295,7.3579443387318,7.75335774616404,12.809274698768,13.3911567711592,19.3113901059137,8,6.4
5.07912578088735,7.37116446264102,7.77201589553793,12.837433721876,13.4105028942313,19.29588433987,8,6.6
4.79960048562779,7.37365073241849,7.74232790236683,12.8670929685273,13.4861733734702,19.2362103597192,8,6.8
4.78222833510867,7.37220144219975,7.76261290405818,12.9039105991904,13.5072676912748,18.6779272113894,8,7
4.88201812260841,7.39369555471418,7.77956895372099,12.9307184444164,13.5167033610222,20.0445884475668,8,7.2
4.76020566813089,7.37544904550598,7.78398010870123,12.9459419704801,13.5840318098355,19.4305554083256,8,7.4
4.77077213640587,7.37278527562985,7.77444680628712,12.9678527496655,13.5903415322445,20.1181252064953,8,7.6
4.51052744334562,7.38555778435236,7.7677114457856,12.9900313759798,13.6136278308498,20.067684134714,8,7.8
3.85964044069532,7.36254047015538,7.75875739582895,12.9894335944416,13.6092694318676,19.7174340986284,8,8
4.43131239465461,7.35171026281068,7.76327545138062,13.0190344679366,13.6284389883251,19.9899035734498,8,8.2
4.79225876045711,7.37635763966936,7.77736582749498,13.0384604650411,13.673996785598,20.6267201493513,8,8.4
4.8420246110214,7.36149335769789,7.76334368259459,13.0540178794219,13.6866418727252,19.7517847769097,8,8.6
4.75608902958959,7.38288499347807,7.7742798041013,13.0518848413426,13.6838782757276,20.0469436240829,8,8.8
4.38616502682922,7.35155970331235,7.76513115129324,13.0627370772727,13.7055816026569,20.015591576349,8,9
4.92891231349741,7.36629039552948,7.7697048577468,13.084625621224,13.731642338639,20.0571264650702,8,9.2
4.43658251065345,7.34250918571847,7.77496622309573,13.1093711373461,13.7323309580816,19.6769048231371,8,9.4
4.78979935133261,7.36837698909515,7.76944323898126,13.1042640563327,13.7487242948166,19.0581625587013,8,9.6
4.66908757669632,7.37774942966149,7.77090745638916,13.1072491307075,13.7643265230314,19.435733717898,8,9.8
4.74930297931354,7.35689814132743,7.76153190068418,13.1240560618526,13.7576587711135,18.9307306978957,8,10
-1.41846216253716,-0.636539009777036,-0.535310486396095,0.530644072800064,0.635937730011002,1.41644949367507,9,0
-1.27760532661913,-0.265588226119645,-0.135084391329102,1.17216307902416,1.30437833382351,3.13168343904233,9,0.2
-1.41833375783856,0.0688430001946652,0.225902709266519,1.79265459639271,1.96042270363116,5.78382024010548,9,0.4
-0.913530303177344,0.387791337829444,0.559526560677741,2.34886046322654,2.54835034329665,7.46749692587279,9,0.6
-1.70772130919713,0.682148431884774,0.875550226908569,2.87393103929318,3.09002895420387,7.88773558441428,9,0.8
-0.993267942460693,0.964143786899812,1.17635965733739,3.34363123055997,3.57895062463137,8.27667836417848,9,1
-0.981697625720592,1.23962206549317,1.46754761805465,3.76839204689109,4.03098977597822,9.5409607794062,9,1.2
-0.48104801048627,1.49640572316785,1.73688291421021,4.17086034999342,4.43139296270732,10.2384030701298,9,1.4
-0.607404747844319,1.74594713061001,1.99897515467888,4.53912351330766,4.80094911792743,10.7802706649344,9,1.6
-0.413717556485748,1.9836567455861,2.24311464447625,4.86666951787258,5.16294715369576,11.1969948833392,9,1.8
-0.5209563450517,2.20465813587193,2.47148728893225,5.1834537651952,5.4679206774356,11.6362979140281,9,2
-0.106631141453463,2.39562820084223,2.68197370934583,5.47020535137333,5.76416041024874,11.9191033840211,9,2.2
-0.325538350399307,2.61655189100873,2.8956974997302,5.73043061528191,6.01925951204649,11.8098483260324,9,2.4
-0.0830014412986315,2.79141225905162,3.08447269724146,5.97943400152567,6.2849976857177,12.8738278269425,9,2.6
-0.0470741555624721,2.97185532808106,3.27899502260026,6.20099998263312,6.50998660877277,12.6452400529548,9,2.8
0.31666794973479,3.1406252544794,3.45497105047629,6.40917509300641,6.72213463075227,14.0152412511023,9,3
0.76643960922404,3.3061964342991,3.60972153825562,6.60254424988632,6.92652085747766,14.1131304237041,9,3.2
0.823147693804592,3.44814146228376,3.77450526492719,6.78501957545932,7.10365662667537,14.529585637381,9,3.4
1.01464337543501,3.6104300550895,3.9152866168119,6.97488909365032,7.30077494809201,15.0633850018966,9,3.6
0.947317984343458,3.73768584460215,4.04365822115217,7.13635438760608,7.47020004173554,15.3731793485709,9,3.8
0.836720627512784,3.86647689598235,4.18439887385145,7.27821976709514,7.60671872139826,14.7997370075622,9,4
1.451134585753,3.99145287156445,4.30563038661392,7.43541105995756,7.75681548933942,15.8269885196515,9,4.2
1.17277446109582,4.08255818065123,4.40041735508988,7.575026754684,7.92018880646755,15.4835519110748,9,4.4
1.18331751564276,4.19680581583481,4.50908432392971,7.70272073590651,8.06322375640576,15.9501117089331,9,4.6
1.08507209709892,4.30036583460779,4.6007504311613,7.82331229470865,8.16721996751159,16.2166666714055,9,4.8
1.69256205538236,4.37925546264504,4.69883673563583,7.92882230884441,8.29171959002002,15.7492158399781,9,5
1.0226793048129,4.47072614645031,4.78130913418394,8.03349272510112,8.40348699306248,15.3661293284289,9,5.2
1.53350835060542,4.5333062223633,4.85803157846659,8.11849497293885,8.5055427192133,14.8908676911018,9,5.4
1.11538871901731,4.61088210878503,4.934951420784,8.22503930788229,8.62165931901965,14.7115310181979,9,5.6
1.37506490376195,4.68836212855023,5.00355248178196,8.31524350150702,8.70318319991432,16.2936253529385,9,5.8
1.33242243032154,4.73780050077213,5.0556345110835,8.40111128968094,8.78842009004164,15.1866754043187,9,6
1.99779906715396,4.77125400720232,5.10328003460927,8.4892667211848,8.88599643418656,15.1157991533117,9,6.2
2.00388114791887,4.84010925924395,5.15529318482101,8.56576014784067,8.96442720805267,15.5942336460464,9,6.4
1.99655937699907,4.90165407546677,5.20872427967211,8.63542694262973,9.03710849230003,15.6048316793225,9,6.6
1.90932258204169,4.92710978363758,5.24080622690304,8.71600126693455,9.11897363945118,16.0380652374667,9,6.8
1.80017007921447,4.9686095197637,5.29290160933425,8.78530197907848,9.18880498082747,15.6449587833394,9,7
2.66612948613513,5.0150788814435,5.32561241750632,8.85145467438276,9.26821319177335,16.54105173943,9,7.2
1.95805968583081,5.0527216902619,5.36682623068681,8.91161948811442,9.33127271491317,15.7032851718821,9,7.4
1.91784508006005,5.09147288851292,5.4066919417229,8.98247865539612,9.38695448802378,15.62515001934,9,7.6
2.13390994823452,5.09088758383178,5.42350085880638,9.0251331899541,9.44146037533497,16.8125195536695,9,7.8
1.38079588467572,5.11121954705587,5.44058255032979,9.08307318006328,9.52796280879151,16.7589581444226,9,8
1.82861425669333,5.13432716161876,5.46621075519029,9.14050173348097,9.57687004385292,15.483031388472,9,8.2
2.3840809077003,5.16524900011375,5.48914840715731,9.1835211493023,9.61698557206489,16.1216363946991,9,8.4
2.61981276867496,5.19034579422192,5.51460625984925,9.22880018035973,9.65146324120118,15.3058131191861,9,8.6
2.11370192851342,5.20512530699059,5.52650193099716,9.28178225076342,9.71461663614121,14.9752771626791,9,8.8
1.9496064064724,5.23074947747974,5.5533848324374,9.31899399862549,9.77693370304034,15.7474297970968,9,9
2.3549399077788,5.23469807387854,5.56788492460552,9.35291813834763,9.7742230646429,15.6097351712269,9,9.2
1.95744361999878,5.23612655382022,5.56195196553816,9.38913177999975,9.83375228668965,15.7272972650652,9,9.4
0.573478551884076,5.25238129989322,5.57640784804314,9.42053997513047,9.8736695506206,15.7252256252913,9,9.6
1.09731598766628,5.26759535619878,5.59587949369329,9.4679133699465,9.92841457963356,15.8966493693718,9,9.8
1.40473346553186,5.26744183164431,5.61177104628881,9.49782125349592,9.93293192805667,15.4789060879828,9,10
-1.32582448398021,-0.646117142458967,-0.540887106459741,0.53713646182952,0.638727331109795,1.39381019392808,10,0
-1.80994924233819,-0.147804184925876,-0.0178714973045779,1.33419652889876,1.47553925264263,3.12370397624387,10,0.2
-2.00120504623585,0.281393706750976,0.440121914992603,2.07818211125828,2.23844254113574,5.67776485162893,10,0.4
-1.01549849431555,0.670270829521336,0.854638750646947,2.74269173338994,2.93872828043356,7.03244148585541,10,0.6
-0.933674129491967,1.03536029454341,1.23567912651526,3.32172872448689,3.5469460916055,8.41619352650512,10,0.8
-2.74832937497608,1.38829153415302,1.60653289392282,3.85515187124666,4.10339231007838,10.1978750307489,10,1
-1.80547028835791,1.69933651341418,1.93891898195224,4.31975286140695,4.58239517064464,10.7479406406873,10,1.2
-2.04227755939146,1.99892935772244,2.23933630537152,4.74609482000276,5.00082270501975,11.8872465060599,10,1.4
-1.54342940254783,2.27411141644926,2.53549362898766,5.10096447977357,5.38187700490787,12.3491503056646,10,1.6
-0.660701840780829,2.51549300441165,2.78878542488171,5.44930757420659,5.71383948202108,12.9608397036743,10,1.8
-0.263356284566246,2.76319775747684,3.0389593257539,5.7562957413612,6.03450649875515,13.4538798455997,10,2
0.190062393577421,3.00173587609196,3.27375718425316,6.02950297945334,6.31247576748713,14.1181827221002,10,2.2
0.521543861582889,3.19911170973229,3.48821849331313,6.28693515770284,6.5742825739382,14.2381545925515,10,2.4
0.703353537573862,3.39034583703835,3.68603832896334,6.51293321997575,6.81831016718618,14.7448319462175,10,2.6
0.843936116093524,3.57599503182955,3.86082975631582,6.72658422303127,7.01867200919742,15.6398724932415,10,2.8
0.465881956657476,3.74163832600338,4.01721145497957,6.92684443557561,7.22853097136633,15.0201645606996,10,3
1.26875005385428,3.88220511071919,4.16797708937563,7.10477241234899,7.42061646260129,15.4222367501304,10,3.2
1.40560466785004,4.01814607530112,4.30396106298954,7.27097221841849,7.59584496123606,16.1716743723948,10,3.4
1.5862968421424,4.14621001615757,4.42222619507284,7.41973307559061,7.74692107983749,16.2591517190009,10,3.6
1.4867128654078,4.25029804513752,4.53447887802506,7.57655557690567,7.90408575090579,15.4988580506947,10,3.8
1.81415805547461,4.34757010812883,4.64893510776687,7.70194115989808,8.04605272187946,15.6356301979586,10,4
1.57632442079677,4.43553353665714,4.72498756006893,7.82679663763181,8.15418053501245,15.8368337802457,10,4.2
1.57981105602801,4.52682116646109,4.80896692434941,7.9442992626585,8.29574044137567,16.0160747029532,10,4.4
2.00119115871237,4.58340833045625,4.87330546263614,8.04414071221001,8.40606963108235,15.6302546716826,10,4.6
1.82460178607632,4.65247905145367,4.93080355922824,8.15154200563231,8.51926334118698,15.9308769172149,10,4.8
1.4468472332758,4.72190965464244,5.0075804057818,8.24280317701434,8.60513582255662,15.7423459060909,10,5
1.62099086236289,4.7351916069161,5.03939592079919,8.33533076615291,8.70093505264497,16.0038828149233,10,5.2
2.14752926738961,4.81531737187774,5.09908871478328,8.41562287119604,8.78157596798703,15.9949793995359,10,5.4
2.61294501793937,4.83594712208119,5.13755475673219,8.49255466901072,8.87951994076515,16.1911589171305,10,5.6
2.76286343253101,4.88210592629058,5.18798972822272,8.57000532804721,8.94070625015521,15.9293353003891,10,5.8
2.49116301524451,4.91016272714466,5.21055445205486,8.64579378684692,9.01184321698927,16.2078204272413,10,6
3.08280617728798,4.93702566944998,5.25463408358986,8.69738520501904,9.08571455815227,16.2124166717884,10,6.2
2.58924414722436,4.9639249666042,5.27824506222228,8.77463071513686,9.14364924011533,16.0463665281299,10,6.4
2.64742572433308,4.97842530153845,5.2891723260965,8.84181748751891,9.21783547731352,16.586232957727,10,6.6
2.56118692426586,5.0087928282123,5.32783365434185,8.88422548037185,9.26868768864615,16.2150320664949,10,6.8
2.85649381934661,5.0239345502533,5.33781664086197,8.93884088138641,9.33618057226046,15.8845507045417,10,7
2.66548871156977,5.04428841715935,5.35636042185247,8.9789179707763,9.38292177926314,16.1566235416145,10,7.2
1.83094490585359,5.0714686073413,5.37444622189347,9.02588666994625,9.43377353889868,15.6543771089831,10,7.4
2.75939144231115,5.0683940833408,5.37944454640804,9.08058772291716,9.49427311130672,16.6920211860742,10,7.6
2.57093480019552,5.06722198209624,5.39053010294978,9.10570532029248,9.52853120937415,16.3308772522158,10,7.8
2.20055282303377,5.09145472415372,5.40296447874463,9.1416910741362,9.57096952257392,16.3053202446143,10,8
2.93507230533593,5.08883837726346,5.4020970063265,9.17770193138625,9.61708722506577,15.9216720207834,10,8.2
2.81738533306902,5.10649604806905,5.41605080374746,9.21435003183996,9.64953178951325,15.6595978734037,10,8.4
2.48887633154716,5.11508050635859,5.43886974280085,9.25169063857189,9.67514990954426,16.2111897130927,10,8.6
2.66595017542983,5.12109617339975,5.43619179611528,9.27087453653068,9.7103934468322,15.8005222041331,10,8.8
1.94422103579679,5.10759606877875,5.43601248731979,9.30125323757554,9.75183906207051,16.0195986671047,10,9
2.30632682626759,5.13064810077167,5.45056715714047,9.33108082713142,9.75501546185085,15.9703042439013,10,9.2
2.82896505078709,5.11634160018348,5.45252078426744,9.35418084876936,9.79299543859595,16.3789774674117,10,9.4
2.9572170677635,5.14055977168276,5.46376010986071,9.37390306989964,9.83429228714959,16.4225397615252,10,9.6
2.70549115777822,5.14120420772251,5.46224454753447,9.39706376819685,9.85321140021051,16.0510323113854,10,9.8
2.41725489304858,5.14934665084427,5.47806718979553,9.40906699282581,9.86099555210606,16.7388092538532,10,10
-1.61547489651932,-0.645233697373579,-0.540676127120052,0.544883992903639,0.645153036987631,1.52344562927842,11,0
0.309412776902744,1.38025007080893,1.54865286954377,3.50112932795907,3.72954093201314,5.47621020239514,11,0.2
1.03514941439109,2.93596659325495,3.16987199566929,6.02030880130424,6.32792463865089,8.80938197701343,11,0.4
1.91473201347309,4.30792671130245,4.5937495804432,8.01715178661164,8.38084808106286,11.1865170277707,11,0.6
2.77298479876572,5.49274541292114,5.81991123552981,9.61453102780194,10.0100990889942,12.5200690683039,11,0.8
3.91663614476818,6.53655540435334,6.87520844940906,10.9159388238495,11.3281587969168,14.5233250288592,11,1
4.98168689666964,7.43494784773335,7.79181171347549,12.0041918600367,12.4414988810656,15.6738013951431,11,1.2
5.29251097825662,8.19700178562448,8.5578933110437,12.9350785125202,13.4006125178651,17.686553125094,11,1.4
6.39527665342059,8.84303311745963,9.2132230472907,13.7005495566408,14.1613572145387,18.5462102075333,11,1.6
6.0020778298648,9.34457453368518,9.7333307727492,14.3914552689313,14.8862034396297,19.0307975283993,11,1.8
6.50429824365092,9.75655581829748,10.1485729253196,14.9670868393653,15.4850869562145,19.9764323388822,11,2
7.16832679859372,10.1027261584683,10.5123525335973,15.4690894290864,16.0043310889057,20.8468931043405,11,2.2
6.8027842032515,10.3332915602608,10.7546576041828,15.9076643615785,16.4791966765296,21.1740541457294,11,2.4
7.37498341181582,10.5223879033517,10.9825741503811,16.2870822471102,16.8741099242766,22.5531030341066,11,2.6
7.87139572680823,10.6840070690752,11.1374279441851,16.6448404533321,17.2356232569095,23.3288546851977,11,2.8
7.798925561244,10.7806883436006,11.2489637231151,16.9639864155926,17.6095754622863,24.353653342872,11,3
8.24920494013488,10.8919951262356,11.3609623597739,17.2344053307814,17.877492550267,25.5468710394982,11,3.2
8.00594903384742,10.9624400722466,11.4235371968112,17.4754303413499,18.1289120755585,26.4516108247238,11,3.4
7.81003550303581,11.0214965271551,11.4971182683592,17.703992310057,18.3912907753007,27.9709195491142,11,3.6
7.89858569771648,11.0438461002832,11.5516222430481,17.9021658397545,18.5953002739024,29.2886175133416,11,3.8
7.94131080296933,11.0763867197656,11.568202545816,18.077573125948,18.7665021399287,30.4375219499955,11,4
8.14299862539695,11.114373950841,11.6034323622486,18.2301406396637,18.9556737684304,31.2884757640916,11,4.2
8.26059187812966,11.1154385891233,11.6343465726888,18.359543774304,19.1052919275493,32.7034285755593,11,4.4
8.05105305373276,11.1481694137789,11.6484445746368,18.4859287633687,19.2291617995738,33.1025599193819,11,4.6
8.15217543754892,11.1567354203152,11.6687118479797,18.579959657697,19.3706929391777,34.1614506011761,11,4.8
8.31639968898188,11.1689232583074,11.6775991351819,18.7037639892595,19.4861326977097,35.0000446444254,11,5
8.24274755474645,11.1601893997155,11.6857816629803,18.7789084906274,19.6083361204937,35.8864497262262,11,5.2
8.0584541397666,11.184222151526,11.6976416530987,18.8489465110986,19.688867351989,36.3791320471324,11,5.4
8.17137688801691,11.1980255096977,11.7144775323578,18.9509776886955,19.7579307514869,38.3470091783136,11,5.6
8.11537362977867,11.1953849947362,11.7295801004842,19.0048984252011,19.8137000103691,38.8663989004491,11,5.8
7.74203311079493,11.2024687780353,11.701443005409,19.0429759487543,19.9170264313702,39.8366040618875,11,6
7.85544283014979,11.2065266505025,11.7235139394276,19.1046247650683,19.9530411320598,40.0969350888256,11,6.2
8.24489871238756,11.1967600348965,11.7328190964452,19.1539176162194,20.0294691104872,41.3298090831809,11,6.4
7.92331622990446,11.2073653242988,11.7169864596623,19.2031535984451,20.0727417292376,40.6638899258766,11,6.6
8.18148855547392,11.1962499812728,11.7209068965201,19.2330468361133,20.1168637340537,41.7943175615118,11,6.8
8.21571881009669,11.2087798762787,11.7257696341146,19.2647786994018,20.1526119221029,42.5573592146773,11,7
8.23574327883202,11.2037963199189,11.7278745220685,19.2834647157939,20.1665859880814,43.6888070756108,11,7.2
8.21879286459209,11.2139700277065,11.7227434510316,19.3310534357072,20.1953749437748,44.0035527262093,11,7.4
8.44854512943453,11.2056229707441,11.7286011137713,19.3316948780031,20.2557700094701,44.0167298225041,11,7.6
8.01135638951853,11.2173687393431,11.7253600802601,19.3616843217727,20.2547775639127,44.6516525806693,11,7.8
7.95151300208479,11.2174781570088,11.7334204365956,19.3823407733413,20.285007649337,44.6519365578348,11,8
7.95661342739811,11.2048128426245,11.7428411407072,19.4057063429596,20.3500578531003,44.9376984169267,11,8.2
8.27360404244354,11.2024386219865,11.7331667224265,19.4246561313365,20.3384160434558,45.362883528373,11,8.4
8.26434492635742,11.201896257547,11.716112828016,19.4409196321408,20.3481645867615,46.6418590596935,11,8.6
7.44419192873325,11.2195620435903,11.7244843761602,19.4490891314818,20.4003079749544,46.998788050986,11,8.8
7.74285317921031,11.2061667061154,11.7272948711006,19.4508487818712,20.4198553328603,47.3018787255564,11,9
8.26365338633187,11.2032195420604,11.7501437011277,19.4674761811288,20.421680154051,47.364790743011,11,9.2
7.93903836072373,11.2251654215466,11.7373340809905,19.4739498845267,20.4440046955342,47.7030992788073,11,9.4
8.06658203306614,11.2059575685643,11.735035381559,19.4662218458027,20.4391618562883,48.6813176773109,11,9.6
7.63801321686285,11.2228147011485,11.7424261965612,19.4782833862544,20.4465705834319,49.2123340805263,11,9.8
8.03693118273034,11.2012617091243,11.7340988523994,19.4747513267118,20.4392661607785,49.6061031735395,11,10
-1.4533974534457,-0.645019289653079,-0.537495623331738,0.54053454699198,0.646591444488963,1.5497153160217,12,0
-1.54251352028826,-0.043345278191267,0.0956797550554283,1.47510972304931,1.61916713658041,4.00721643908595,12,0.2
-1.01415877855426,0.480422586178552,0.642870249039938,2.34857098105993,2.54355344435078,5.32287200942061,12,0.4
-0.617770835307818,0.953578210208057,1.13291799510463,3.10913444502597,3.33346486716807,6.8548615010446,12,0.6
-0.220842459558544,1.36657005270117,1.58405060855712,3.78536879202506,4.03221488931125,7.90136399843383,12,0.8
-0.279656667844383,1.77511198132454,2.00591555267153,4.36596398870083,4.62438271687983,9.39629035444412,12,1
0.28279189904618,2.11513395922264,2.36228528109828,4.88434459147692,5.1635752524924,9.90553641945279,12,1.2
0.296623091093129,2.44532285118933,2.71074479415165,5.33940261863582,5.63108200755843,10.7425803788928,12,1.4
0.680390742554965,2.77137984473042,3.02881798960845,5.7504730427545,6.0564170170889,11.3759081326741,12,1.6
0.714758961789408,3.05523084379811,3.32141592857986,6.10269312975484,6.41300539668945,11.4868630644169,12,1.8
0.722156813150217,3.31483836632856,3.59367519022257,6.43206132166332,6.74470267374504,12.3639164164174,12,2
1.16077328256869,3.56361769044157,3.84281089187809,6.72350648919296,7.04821820870485,12.9716766083852,12,2.2
1.42683916659562,3.77649033351846,4.06193460377308,6.98131113419912,7.30468160317899,12.4555103594469,12,2.4
1.95325756214285,3.98785805618191,4.2652721679126,7.20937086221312,7.5451823529058,13.0233354836714,12,2.6
1.63425450152517,4.16453819827413,4.44863869580637,7.44464677306936,7.77717194417978,12.8603558729826,12,2.8
1.69616570913424,4.33811721762568,4.6229532545345,7.63453995113448,7.99167236434284,13.0956352799606,12,3
1.64781276253181,4.47895266796386,4.75340584660007,7.81488289195367,8.16677007185042,13.7766381654893,12,3.2
1.71116289009763,4.60859523390629,4.88643562599755,7.98467843729432,8.33476460553505,14.1565898491502,12,3.4
1.59619177167944,4.71056775334348,5.01090813578834,8.13579821153133,8.49727163509279,14.0062127135808,12,3.6
1.22288722012554,4.81283086934178,5.10068162892146,8.28104371647618,8.63032644891113,14.5089437526034,12,3.8
1.682954771063,4.89231354954104,5.17830595830893,8.41197275103053,8.77826248282457,14.4894826177508,12,4
2.42059484903854,4.97635352416599,5.26723404706132,8.52454751415075,8.90659220326108,14.3357266634458,12,4.2
2.30220923578904,5.02916192072533,5.33216378795162,8.65182343328078,9.02539942283468,14.3440541172449,12,4.4
2.45877006151221,5.08371188766154,5.37254555166048,8.75664828902853,9.13663392884841,14.3772001754342,12,4.6
2.17904081619309,5.14288957743929,5.44244416970609,8.8512246780267,9.23357879691402,14.935067702953,12,4.8
2.06957225232881,5.18416099970724,5.4806433351688,8.94135808792438,9.35068759030962,14.1134263581233,12,5
1.89079121112783,5.2295232973562,5.52383017343974,9.02177991094925,9.40858808308517,14.8541546562691,12,5.2
2.89760078981374,5.25916852155636,5.55079583024007,9.09958559824464,9.49333281998518,15.0954516974115,12,5.4
2.47458746714653,5.28081273515458,5.58464242682991,9.1666959560531,9.5811959520602,14.3078298431922,12,5.6
2.41014573893451,5.30411240453487,5.61542507288283,9.2369949753714,9.65655106691566,15.0150717653678,12,5.8
2.64383693390418,5.32161575109389,5.63826806019582,9.2997581037456,9.73610976922689,14.8350959436392,12,6
2.20800518027954,5.34825387195061,5.66219460517859,9.37196820103371,9.79133392307808,14.7705556683029,12,6.2
2.85516087147008,5.36501121473371,5.68076049574728,9.42447248618214,9.85800427167886,15.3386025198912,12,6.4
2.89338006785735,5.37498628843065,5.69649056662308,9.47592563169389,9.92329239173269,15.3505719323701,12,6.6
2.86735956786992,5.37839564138355,5.70098361119888,9.53397138624716,9.97839903835804,14.6841724639584,12,6.8
2.93538500214802,5.40812538400191,5.72299646073764,9.58414150865726,10.0277627011235,14.63189529868,12,7
2.77290208741483,5.40628877084187,5.73099089188475,9.63144861034037,10.0660290640548,14.1156869623106,12,7.2
3.04144975337851,5.42892362363058,5.75414479383818,9.66842482809709,10.1141388067674,15.0229068947159,12,7.4
2.79191470378824,5.43519663858235,5.75370276020687,9.70236897811947,10.1792802152143,14.606923201638,12,7.6
3.26882340241112,5.43135563494924,5.76094172442515,9.73230287432951,10.2042987377097,15.0542133001899,12,7.8
2.90373092327702,5.45348682890784,5.77457297764699,9.76873307625436,10.229248340312,15.7508288142608,12,8
3.13100711803431,5.42817577489333,5.75775295075295,9.78790422207033,10.2577848917356,15.6942216612854,12,8.2
3.3387899604274,5.44687620130107,5.7865742968764,9.81518799381965,10.2761901318084,14.9812394557014,12,8.4
3.35590675047011,5.46379638548222,5.78267893264939,9.8483471574666,10.3005078320849,15.4207105420216,12,8.6
2.61568035205543,5.46485237948835,5.79270559477619,9.87724049708429,10.3514464992921,15.4577045530519,12,8.8
2.89966195828484,5.46831948346616,5.80778793245068,9.89093515766776,10.3825127471593,14.8116589000076,12,9
2.28021587668679,5.45015612403734,5.78576113949176,9.91410748290245,10.3859005072785,14.8855034079047,12,9.2
2.96938700920611,5.4692547699006,5.80160706201559,9.9269353738601,10.4202677126123,15.4463737978076,12,9.4
3.17797521549866,5.47364161270179,5.79920694811933,9.96418223200201,10.4490408018628,14.3802349767859,12,9.6
3.53292184604937,5.47792881196603,5.81078351795397,9.97396602333252,10.4466747289878,14.7498948707414,12,9.8
3.02933899345397,5.47127762406212,5.80082906820245,9.99426342455664,10.4801590929251,14.9619492275131,12,10
-1.30220445916421,-0.636376130457891,-0.536994490061875,0.541481759886305,0.644333653261344,1.40473995818408,13,0
-0.886816897346257,0.351265309772862,0.492944887218413,2.0721361621483,2.26626583421561,4.09746122614615,13,0.2
-0.62638844696511,1.15519607314976,1.33946841204361,3.48463679391084,3.80152753228996,6.97565267971695,13,0.4
0.168450936531368,1.87464835062094,2.09092379577566,4.70557805153688,5.1315500125447,9.05582528992852,13,0.6
0.208109366541791,2.50544454750338,2.76038411640965,5.73894066377904,6.2256676166616,10.4696190894332,13,0.8
-0.201261539560724,3.09311087160618,3.37253387713408,6.65048573752644,7.16015960700598,11.9709993637431,13,1
0.0198570337074634,3.63076664468701,3.92879378700964,7.42564483127121,7.99797477292392,12.2556204642785,13,1.2
1.27483487460753,4.12490226561301,4.4444310081096,8.10495749778456,8.69099038647505,14.0602900631372,13,1.4
0.847057492991174,4.5839469889437,4.90243221766614,8.69821166653283,9.29094094827494,14.1020026353966,13,1.6
0.851064852768412,4.97302715966497,5.30940364273113,9.21784962400469,9.8047944328726,14.3859533438543,13,1.8
1.62234324082188,5.34241321040084,5.68372170137987,9.68037774450401,10.2471061991078,15.2974867014911,13,2
2.17106590057109,5.67665803734332,6.0136428176107,10.105477566075,10.6902663394799,15.6301855808162,13,2.2
1.40512815984646,5.97537307414842,6.32132600019885,10.4419865932655,11.0393768866978,15.8946177220269,13,2.4
2.24735438351331,6.24271921928145,6.58669571912169,10.7630816378274,11.4015058157794,16.2150536463844,13,2.6
2.60765014402837,6.44498535745387,6.79935484839355,11.0817144047245,11.7005291459429,16.8565935913668,13,2.8
3.16164363764345,6.65036867803393,7.01216593525072,11.3319749383361,11.9811661431598,17.2273755479776,13,3
2.68691387618033,6.82253529542028,7.19144800719231,11.5730953064894,12.2310377492682,17.3793597330511,13,3.2
2.98303207638441,6.9528150088817,7.33071181362116,11.8060641864042,12.4708666436675,17.5547753316093,13,3.4
3.19073715022343,7.07711634299779,7.45998064160247,12.0220197597885,12.6785783748498,18.0339427093299,13,3.6
3.5983526359515,7.20976052789931,7.57245195863124,12.1848285749644,12.8676490085043,18.2229423116939,13,3.8
4.9761112049958,7.26760611221141,7.65010160813529,12.3661375077207,13.0408422005701,18.4731355042778,13,4
4.40395437898586,7.35463521434232,7.74739318009185,12.5304996428608,13.2285424618497,18.0625908135706,13,4.2
4.28449115366899,7.41112437772209,7.79686648888448,12.6737476446596,13.3372575540817,18.7232414377336,13,4.4
4.47566837793962,7.4700294574542,7.86153158328056,12.817333182029,13.4673713012638,18.6472962745511,13,4.6
4.51649028627581,7.50098896010187,7.91633064892324,12.9272924475418,13.5763118838078,18.9658499859891,13,4.8
4.52047913670369,7.57511290110123,7.96409680116346,13.0561329276623,13.7165472479325,18.4570701215924,13,5
4.09006095841475,7.58973909287073,8.00450271267327,13.1595161330602,13.8401550462724,18.9824551079746,13,5.2
4.8317827692749,7.63481445878649,8.02726963419608,13.252371182247,13.9373333758787,19.2086811935792,13,5.4
4.29989668618436,7.64907773759744,8.06488773774081,13.3432687014617,14.0519098542476,19.1993326883592,13,5.6
5.10095746946199,7.67848140326171,8.07082453882402,13.4344260719655,14.134790235333,20.1128635640223,13,5.8
4.73332460378906,7.69201002437477,8.10986623491015,13.5016323411657,14.2129973924656,19.3395876618015,13,6
4.96521561434211,7.69263200912219,8.12682369743846,13.5822513711754,14.3050526436518,20.1528722552984,13,6.2
3.73560979931446,7.73455101547436,8.13659672700789,13.6356477235617,14.3557511249949,19.3083297182986,13,6.4
4.27235986855402,7.72054894763853,8.14757838684625,13.7069329292732,14.4375789418133,20.2409710357622,13,6.6
4.9020747822237,7.73616015851104,8.15678357643136,13.7799409506461,14.4891940385177,19.749850122121,13,6.8
4.94886891966805,7.73451414168225,8.16942744602992,13.8332693533787,14.5482453466162,19.4979543705544,13,7
5.00853808367908,7.76426505277552,8.19066382790365,13.8999623791245,14.5881021277629,20.2186470896128,13,7.2
4.18035974210554,7.75206970835306,8.17675634793388,13.9191435642775,14.6566688743284,19.9846430089969,13,7.4
4.85754711093822,7.76204378847816,8.18825074780504,13.9816078957235,14.705486018483,21.007983221357,13,7.6
4.97946936789556,7.7585626648083,8.18700961936408,14.0180097860426,14.7457765068862,21.0569221869419,13,7.8
4.15543615070239,7.77817869131215,8.1966417238455,14.0601744642004,14.8037003488924,20.7032999227901,13,8
4.26865725337272,7.77658855529673,8.1988210076831,14.0922970576354,14.8204888874335,21.2432751023142,13,8.2
4.51213316163928,7.78498744734454,8.21505203102473,14.122644041134,14.8697743055233,21.7958444556557,13,8.4
4.42092518240587,7.78153879281025,8.2168494812461,14.170754908162,14.8993041665913,21.4279712822548,13,8.6
4.39827364364234,7.76544051035743,8.21909121833502,14.1871550941987,14.9254450074256,21.566627206801,13,8.8
4.86869358829156,7.75336690409336,8.21273462451936,14.2137767253317,14.9788092467568,21.6341066895331,13,9
4.56324550257976,7.79221856480841,8.22326437823012,14.2466083072441,14.9918928293688,22.0153258226332,13,9.2
4.87736849198651,7.77096281518463,8.22042397077753,14.2782788798677,15.0089831126441,21.636269861016,13,9.4
4.81728408996919,7.78168424206166,8.22697227129294,14.298385170455,15.063892275069,21.9027307245371,13,9.6
4.65965866569243,7.78876550800372,8.23648406028049,14.3227993590348,15.1004904313761,21.6830642022343,13,9.8
4.8948057576876,7.79347063860052,8.23361390161288,14.3488251540236,15.1005495933241,21.4452086703704,13,10
-1.3242485592079,-0.644335045807002,-0.540810483492036,0.535546208365047,0.641763465281052,1.27114347747127,14,0
-0.99006150079294,0.300996726218462,0.49204862963001,2.44264130652575,2.6478431720775,4.49208848063226,14,0.2
-1.00199464305561,1.06685321675573,1.3219662124197,4.0293075189277,4.32972754527975,6.74257120322517,14,0.4
-0.930648843654989,1.73888021803902,2.04064168703435,5.28980936330402,5.61700277830071,8.24401243798007,14,0.6
0.17085095646363,2.35499653020921,2.70151244621303,6.27909105119328,6.67135028006333,9.79913766687715,14,0.8
0.291747478054154,2.90373313148332,3.27798606674034,7.09550273922883,7.52609056296299,10.8891192287633,14,1
0.590479894334792,3.3657913540669,3.76992035126291,7.75560809741139,8.19702739181861,11.9425825602442,14,1.2
0.58088655907079,3.8185209496432,4.24247943253111,8.3156025592227,8.77267446437643,12.4769492882311,14,1.4
1.44775052630951,4.20018933833,4.6202016697314,8.7749189952643,9.26624547391532,13.2064754557199,14,1.6
1.68839236349669,4.52873267087891,4.94260523040812,9.188253770859,9.67642193214196,13.5248068134505,14,1.8
1.21429403062244,4.80459254808987,5.23129708813908,9.5547480655168,10.0721725131683,14.7675025728283,14,2
1.52321068159413,5.04982688758578,5.47394745741357,9.85902467003755,10.3834866549777,14.4756554427373,14,2.2
2.62886729535698,5.26426096723358,5.68346792361182,10.1292022575194,10.6661243683864,15.0292188384345,14,2.4
3.07783051286038,5.43720893735736,5.87158646274733,10.3712414057015,10.9221127479628,15.2424726168269,14,2.6
2.59568992880797,5.57735485164276,5.99034238558236,10.5939578502178,11.1561067867954,15.9329597026142,14,2.8
2.90393171017218,5.67648273713039,6.09783325885969,10.7820788139388,11.3431992574316,15.8855993706766,14,3
2.7947172665421,5.78333658172023,6.19785714757582,10.9602571201447,11.5283106651015,16.5129054148984,14,3.2
3.52712497100408,5.86373410741313,6.27674444218392,11.1207377847154,11.6868041398063,17.2775006473808,14,3.4
3.23627655818788,5.92969879054119,6.34614262402428,11.2421476724886,11.8444925356629,16.8660706272331,14,3.6
3.55011178804044,5.9843340093726,6.39911502621802,11.3830560951339,11.9796360299233,17.6270434752388,14,3.8
3.77639294734867,6.04284830205764,6.44043882171704,11.4764912039173,12.0762725449114,17.1479139242431,14,4
3.6333658632447,6.05919741074222,6.47490776656217,11.5856299780696,12.1996883163325,16.407175060437,14,4.2
3.70470848566844,6.09426033656683,6.49664475548256,11.6807562397001,12.2951099683405,16.530800207739,14,4.4
3.8288962846313,6.10807628427975,6.52626244008812,11.7628473697226,12.3885692697777,17.4044611792674,14,4.6
3.61752875920056,6.14233982932492,6.57495061559733,11.8349715440214,12.4604135730668,17.6991536270554,14,4.8
3.54273707334264,6.138052870577,6.56671344835602,11.8796637712307,12.5454557748622,17.6053646648381,14,5
3.38152989579594,6.17964731211774,6.5901291708776,11.9511173759293,12.5792011012407,16.9080351780624,14,5.2
3.57046330642133,6.18580939860455,6.6006254335819,12.0099476978406,12.6527492489412,16.9295000978774,14,5.4
3.15719361978026,6.18673314901086,6.60078625870854,12.0610140472967,12.718398375259,17.7760170958936,14,5.6
3.45996579437785,6.19523959613091,6.62020156426569,12.1236954534753,12.7629007952723,17.9109290767158,14,5.8
3.09416296818413,6.19724702909646,6.6080455564728,12.1720693702373,12.8110157796387,18.8989204076494,14,6
3.59402618259829,6.18822308350863,6.61963203290549,12.2036393861957,12.8769376413709,18.2463104926727,14,6.2
3.04729690196113,6.19746843662865,6.6295700637704,12.2182837044315,12.8862805939862,18.3417739569429,14,6.4
3.44102017144132,6.2180694691733,6.63134509486632,12.2421303129447,12.9190904021948,18.1828551437458,14,6.6
4.01039875250421,6.19209685246582,6.63031459401361,12.262531344673,12.9532333048392,18.0820700941378,14,6.8
3.69106080219654,6.23214625647829,6.65211880195241,12.2814875850539,12.9736692712927,18.8876038770648,14,7
3.4937877415699,6.23175087262405,6.63741764071533,12.3079532594512,13.0248500297667,18.3487214340847,14,7.2
3.3898823716212,6.21063493540628,6.64880934347598,12.328777141147,13.0600592378476,18.8736858330911,14,7.4
3.58234536019531,6.20085542961507,6.64435093099981,12.3462084475611,13.0606490814038,18.4917792603773,14,7.6
3.81009163382497,6.23071840186508,6.65321586488359,12.3967573046119,13.0895631968489,18.7396839201033,14,7.8
3.40431971374364,6.23087131373686,6.6481918256131,12.3862215888097,13.077369271847,19.9209103417579,14,8
3.66627663017252,6.22708730953116,6.66202975233654,12.4007896523088,13.1282109373819,19.054532364242,14,8.2
3.93887564732157,6.24192713110794,6.66759827925037,12.4294467670646,13.1094245954654,18.3408398223477,14,8.4
3.18731571117822,6.23046338102688,6.66532482075828,12.4135097312921,13.1470626045738,18.5529398673094,14,8.6
3.88512190902371,6.23784053086924,6.64419731850296,12.420432276321,13.1553402006103,19.1360314229225,14,8.8
3.63774378503711,6.22668952318623,6.66556504901262,12.4352318046529,13.1709482559884,18.8236027178708,14,9
3.51011158230003,6.26342217004919,6.67511258047649,12.4506338501112,13.1706048471643,19.167010009872,14,9.2
3.90165246503571,6.24178579810041,6.67135264168192,12.4556357085263,13.218127041617,19.1924606834846,14,9.4
3.93327785995394,6.23666778737434,6.65804968819084,12.459198340696,13.2226193941657,18.781668181252,14,9.6
3.52518533165776,6.23946017965468,6.66284340359503,12.4792712610458,13.2391365320904,18.4210440559749,14,9.8
3.94911413552308,6.22509006836285,6.66435797231898,12.4778958364271,13.2606183625872,19.2557697218926,14,10
-1.38867350222225,-0.640105688638472,-0.535821380645729,0.535890827283846,0.64032125276094,1.26501635432887,15,0
-1.50343557523376,-0.313086787297466,-0.182547557299933,1.15048659273739,1.31000254694887,3.3656231066886,15,0.2
-1.8915360878881,-0.0108994652450495,0.138684801266937,1.73344513016431,1.93618698578351,5.50702116187384,15,0.4
-1.66401547183146,0.267460353101977,0.45232903165223,2.28781391686821,2.52305657048604,7.18805422675978,15,0.6
-1.57607425597662,0.557751043682398,0.746201594032613,2.80811638206554,3.0934158441082,8.64497874159852,15,0.8
-1.18344290912696,0.819266207875146,1.02766226045728,3.29834326241468,3.60820014853062,9.78347895921767,15,1
-1.77887280944496,1.06931202789691,1.29755724727896,3.75444521357949,4.09196622786129,10.170875786928,15,1.2
-1.08862960599655,1.33704562517061,1.56806183208034,4.18848559806629,4.5335089898723,10.9158883457152,15,1.4
-1.13341323638767,1.56289585028688,1.82614527850331,4.57971364107051,4.95145676556742,11.8000421042138,15,1.6
-2.06396658206996,1.79732094377104,2.06314640223938,4.96203484879798,5.35351980532244,12.7556826339046,15,1.8
-0.738650227423504,2.01194319642684,2.28761133763953,5.29889579653653,5.70756130527326,13.2302668683312,15,2
-0.0132208772666976,2.21997693748753,2.50564546159473,5.63218283351921,6.06418410879675,13.7439345781232,15,2.2
0.247595895872919,2.43812542680545,2.74209022831153,5.94721298693602,6.37423503723352,14.1157725799283,15,2.4
-0.209472922770902,2.64223133265988,2.94270736442468,6.22050970384688,6.64923218328834,14.4398505901316,15,2.6
0.388617594704178,2.83991736225555,3.14870469387946,6.49795002873699,6.93838111580456,15.0424398178667,15,2.8
-0.0278042857104902,3.02683083016269,3.33655907947416,6.74017122340582,7.20383305476894,15.8545401323049,15,3
0.58260333234565,3.19811989232772,3.52141723772858,6.99371675482289,7.44650634562097,15.5931035690789,15,3.2
0.133090106646448,3.37288891216024,3.69750626890699,7.21468546411747,7.69608835272227,15.8115393066139,15,3.4
0.52888231526439,3.53268945001323,3.8707842172582,7.42812656338405,7.9190613975876,16.9082142599439,15,3.6
0.251148304958566,3.69286452181968,4.03200423813392,7.62832212933703,8.13016722282103,16.6344667868137,15,3.8
0.320323069399983,3.86811992019286,4.20788425064044,7.83082993498303,8.32993687904779,16.882096930928,15,4
-0.304225871152423,3.99687330507896,4.36009645416752,8.01391479218861,8.49611034193423,16.5366322394928,15,4.2
1.14998968021134,4.15437767648217,4.48938101680277,8.17768298960589,8.67944703057666,17.0938667834704,15,4.4
0.626210861405947,4.28921485104242,4.63576785749894,8.35711620617338,8.88672740077252,17.5053759665649,15,4.6
0.800702116894189,4.40739456394854,4.76481892316081,8.50702727851939,9.03350115529427,18.0047399354581,15,4.8
1.0426086698342,4.53810651243588,4.87771735114129,8.67620301711856,9.17532483487376,17.1667182796247,15,5
1.45211283922444,4.63699238536254,5.00023567244083,8.81503828062066,9.32061622592229,17.5212409272343,15,5.2
1.71174287480632,4.75809016478548,5.11854835601154,8.95589953295293,9.46379063199327,17.8895382609752,15,5.4
1.50585934936562,4.8828794668397,5.22739696483099,9.0953539901892,9.61587452030823,18.2652744527588,15,5.6
1.3182021926868,4.968017079944,5.33179480889721,9.22768836069931,9.74973563491288,18.0825720839267,15,5.8
1.40448777847126,5.07152437332315,5.42348114139681,9.35442385183701,9.88395096590042,18.6107786232082,15,6
1.34012036501137,5.16770696167388,5.51949206256614,9.45126747917285,9.98233276810904,18.1398542587662,15,6.2
1.25117703542876,5.238655821571,5.60308785161178,9.57601146156771,10.0845016444414,18.5331000026616,15,6.4
0.809397582557349,5.30720044609107,5.67708805928623,9.67441814853279,10.2023708683903,18.6120028897607,15,6.6
-0.179866440994229,5.40191717467204,5.75515515693933,9.77160763753506,10.3167653093375,18.8051152359229,15,6.8
0.189342855494414,5.48826871541026,5.84220759103375,9.88579342051813,10.4176685418721,19.7328292881353,15,7
1.23439947983475,5.54639170701913,5.91561830797335,9.97252070616262,10.5124165698415,18.5903165963837,15,7.2
2.02368022815489,5.61581210396712,5.97504420507074,10.0794577859638,10.6154077686966,18.4345767578526,15,7.4
1.60276897559823,5.67000783708411,6.03113885239534,10.1570949547834,10.6938367062848,18.6558111780543,15,7.6
2.49472192838915,5.74611074118473,6.12100962450575,10.2299943023739,10.7630748698129,18.6839070499529,15,7.8
2.77435314755787,5.79266517315942,6.1555974352135,10.2858973858433,10.8070952524706,18.6696756572027,15,8
1.95920169932587,5.84241671005103,6.2029214690284,10.3781875091752,10.9133319891858,18.7861045813557,15,8.2
2.19766216424785,5.87896054655024,6.26005233758751,10.4468144830774,10.9860465777958,18.9637825595897,15,8.4
2.62312110934455,5.9338645533627,6.29819412600455,10.5268160797354,11.0707511643323,18.933095510593,15,8.6
2.7154661464224,5.99243751189845,6.3470635549063,10.5987550912596,11.1590260355064,18.8592750539613,15,8.8
2.70467586378641,6.03074245765779,6.38984233718767,10.66935618046,11.1956230543552,19.2419999929455,15,9
2.55469608642977,6.06446298412941,6.4236237666069,10.7328473433284,11.2695774392316,18.718519512121,15,9.2
2.75566233821456,6.10344371027518,6.47320763483618,10.8014604657382,11.3329922751422,18.8162698948303,15,9.4
2.96573841256386,6.13687672575183,6.49083364997873,10.8668239064683,11.3882664976799,18.7247342552966,15,9.6
2.89755466241789,6.1720191346156,6.54939666685165,10.9229314106827,11.4654914476807,18.9841871481229,15,9.8
2.87751382475039,6.18111276505073,6.55729377948562,10.9628555413415,11.482316489303,18.8824046057175,15,10
-1.4062876131183,-0.642101659299049,-0.540730317089518,0.534637670280305,0.640369958600426,1.34292944158439,16,0
-0.641242205105968,0.625907520485404,0.76816044214899,2.41624145185578,2.5854885599178,4.12096202082856,16,0.2
-0.262951788584113,1.59637519077711,1.79333452510694,3.96825945057534,4.2062468608892,6.90948385006145,16,0.4
0.12941673948884,2.40578767680716,2.64081272491209,5.16822945078771,5.45003578539351,9.49170299509044,16,0.6
0.852086131604452,3.12549797643475,3.38346024971374,6.12330060264166,6.42643075000065,9.86886972299024,16,0.8
0.478339942567902,3.73268696180067,4.01045560144347,6.88819553614376,7.22836584069732,10.9621051934445,16,1
0.972117317858936,4.25328143413103,4.53181223780706,7.51062184501494,7.86526957807129,11.9884579964486,16,1.2
1.4452219749069,4.69085408108686,4.97414008514125,8.03545573995484,8.41291789387987,12.8217171637279,16,1.4
1.00787279376238,5.05182793133903,5.32507940004043,8.47132694218262,8.87256420544901,13.5313199299521,16,1.6
0.7762001154809,5.33680069281497,5.61322842299529,8.84648519703287,9.23955490651628,14.1682650314628,16,1.8
2.08641742311451,5.57089887645151,5.85167767351055,9.15571580938663,9.57638250561114,14.6738689406844,16,2
2.9144952900204,5.73745507650673,6.03410083776511,9.42886497612186,9.84881967653205,15.2648528122196,16,2.2
2.98178845054681,5.8664942520873,6.1594175669462,9.67385826647072,10.0957756197046,15.659552320309,16,2.4
0.815123611409799,5.95391300463773,6.26458492969828,9.88083297477659,10.334281612233,16.136945554596,16,2.6
0.934965681091334,6.04828857380286,6.35532886296409,10.0780971861879,10.5406923452101,16.8943272794582,16,2.8
0.83550178472669,6.10712369994359,6.40885424286772,10.2242076090194,10.7022575603487,16.5146940901962,16,3
2.57474745998865,6.15131265754359,6.46558623758822,10.3750591508001,10.8513641513143,17.0359674778104,16,3.2
3.80098006112244,6.17529733193464,6.50266768272597,10.5033019921498,10.9839406413682,16.5626565721042,16,3.4
3.39836832950319,6.20997065184727,6.54478946749024,10.6022630117896,11.1017243467998,17.2282375093888,16,3.6
2.83275397665547,6.20621545317084,6.55916303434928,10.6941336432821,11.2114755844929,17.0488184714358,16,3.8
3.51714734403677,6.2553677801229,6.59055690305152,10.7900818324596,11.3010093102527,17.7236880600364,16,4
3.54309645877506,6.25641059645641,6.58406535327964,10.8463231179759,11.3651425206577,17.8077898530458,16,4.2
3.68608192758888,6.25800420154482,6.61480250533974,10.9304939325284,11.4582329242427,17.3710857709952,16,4.4
3.21683731825684,6.27963451197839,6.60976361306284,10.9948413326408,11.5315932708693,18.0030275308385,16,4.6
4.17555787309448,6.27378862547943,6.62508631310326,11.0398546022935,11.5905655555001,17.3754238276314,16,4.8
3.42114806095297,6.28635503499964,6.62050840963948,11.087821959974,11.6494461887118,18.0640244077289,16,5
4.13255428888149,6.27907785822723,6.61890553599809,11.1359064891617,11.7034864704738,18.5000931757048,16,5.2
3.76535248263303,6.27000773244766,6.62020997999927,11.1682486402109,11.7193154017627,17.964870711234,16,5.4
3.81475493010224,6.29171946548834,6.63768913489864,11.1942280369952,11.7749448624039,18.5182566201311,16,5.6
3.19195074363068,6.28301095130445,6.63027759414073,11.2345396205335,11.8033644752618,17.7933178079528,16,5.8
2.89239777982316,6.27880367555577,6.64426173111207,11.2487538066817,11.8422350401804,18.3445404401372,16,6
2.46937623597232,6.28413951124743,6.63638743786648,11.2897633892662,11.876109162602,18.9376372531106,16,6.2
2.87095803944455,6.29289586331621,6.65337355736328,11.2875961417456,11.8941449893108,18.8552558434793,16,6.4
3.35094748527399,6.30508398276506,6.65200147278815,11.3112919360278,11.8957337472359,18.4835538367593,16,6.6
3.79580568242776,6.28454105985434,6.64941139406073,11.3480551591935,11.9546256315417,19.4653184009538,16,6.8
3.32272204417834,6.27639083180499,6.64940099294058,11.3452487663483,11.9549727462817,18.66196691572,16,7
3.57778605110758,6.3010899719302,6.632308117379,11.3654062188155,11.9928646318497,18.6216338932441,16,7.2
2.75436146027108,6.28802453822459,6.64569744264993,11.3772215237666,11.9711875594576,18.315395972872,16,7.4
3.54134598106613,6.29931122816808,6.65942928805415,11.3815633167253,11.986271677559,18.1480108447564,16,7.6
3.71738190745101,6.29504015885238,6.65332942128223,11.3948085111352,11.9818152045099,18.6284684279477,16,7.8
4.14289082990577,6.31137113067828,6.65365254611236,11.391912678109,12.0168396362944,18.2152613870677,16,8
3.35205211674492,6.30246776885603,6.65917736896749,11.4101253595984,12.0350304389699,18.3093269032555,16,8.2
3.88143496888469,6.29908969229274,6.65613472890512,11.3976504726979,12.0439616125061,17.8814645656891,16,8.4
4.10019315243725,6.28229515779436,6.65279490287569,11.4172167599979,12.0270571403058,18.2193426058515,16,8.6
3.81067994537989,6.3015138085931,6.65504190894817,11.4249147973488,12.0337430525027,18.5797123729737,16,8.8
3.63662523037713,6.30478447720011,6.65732595386203,11.4093749983336,12.056583889588,18.4590579808589,16,9
3.67881007118999,6.30898608206865,6.65154371070801,11.4214086138773,12.0389269999676,18.1613331584647,16,9.2
3.20370531457464,6.29743761249888,6.64439444551291,11.4283327918642,12.0534898870185,18.0819193247308,16,9.4
3.64308636558092,6.30248677068883,6.65857620544027,11.4457840269047,12.062712158329,18.21557324637,16,9.6
4.0114506744209,6.28924524347679,6.64957571683579,11.437369032921,12.0792392001467,18.1774007158727,16,9.8
3.96940966666572,6.29756901460478,6.65755831917934,11.4577598941493,12.0730603128429,18.3436145776752,16,10
-1.37445142941683,-0.635357458979269,-0.530294465555065,0.53334206908642,0.636126973255786,1.3755740362961,17,0
-1.21592156889463,-0.262569194246106,-0.133150162388729,1.14127270200058,1.27351997874409,3.18089206951404,17,0.2
-1.44421851844751,0.0704145773414702,0.223042271089318,1.72480238929078,1.88474613405394,5.14933945866339,17,0.4
-1.28573857863938,0.378693430574561,0.54786287936915,2.25751841180941,2.44701468451204,6.33564938046561,17,0.6
-1.10438993202028,0.67170275439619,0.849138693906898,2.74128483620988,2.94091768178127,7.24733041559992,17,0.8
-1.15066536299629,0.927983452805256,1.13014606733335,3.17996105624914,3.41184273921684,8.21382736463993,17,1
-0.756812116508518,1.18182709485218,1.38962708294615,3.58440431722804,3.81592701908797,8.87302085030531,17,1.2
-0.523073505249714,1.42233869079345,1.63905620028303,3.94876243512609,4.19832941401327,10.3085592501579,17,1.4
-0.48775298552426,1.65070470085877,1.87269839178268,4.27231853259496,4.53305222848052,10.6313095791623,17,1.6
-0.16139676851475,1.85903167824169,2.1001855452381,4.56678655150019,4.8325946511074,10.6664490376519,17,1.8
0.123417987541721,2.06122654211987,2.31617133001135,4.84513632511158,5.10847292028303,11.3362689442732,17,2
-0.11123741942699,2.24592050734583,2.50481459247165,5.09632111775876,5.37849373145422,11.81790519399,17,2.2
0.0308528908793835,2.43116740164254,2.68606807225801,5.33017070418392,5.60836388686128,13.0801931512124,17,2.4
-0.604375420273303,2.594053493943,2.86315698902073,5.5391119449314,5.81607295095221,13.3097258522403,17,2.6
-0.350565704421827,2.74940460972171,3.01793056540832,5.73160811048576,6.02274866523417,12.8600344393055,17,2.8
0.381951365820489,2.89669898969607,3.15583370278203,5.92216470099679,6.19290851456694,12.5940546411071,17,3
0.516573386691424,3.04568726244089,3.31576016856037,6.0824999192098,6.3736605972189,13.0724109084484,17,3.2
1.13118301686204,3.1742961688518,3.43836870205392,6.2467232220861,6.55153162981081,12.9978827520009,17,3.4
0.605110777886527,3.2697553983525,3.54730435662591,6.38403765644577,6.69296792437792,13.9299813108524,17,3.6
0.792383689099524,3.37347534399428,3.66152484755401,6.52824793328182,6.84496029714323,13.188133698884,17,3.8
1.35442655796509,3.48887179836924,3.75920750540182,6.64698152323018,6.96537043128641,13.774195817874,17,4
0.720864295360321,3.57726064277554,3.85484663418244,6.77557666195883,7.10276216736292,14.1783031892319,17,4.2
1.064117667154,3.68088536693185,3.95893830881745,6.90334011585486,7.22799696558905,13.8910780466514,17,4.4
1.35411762279501,3.73895499752739,4.02503687170989,7.00395898286194,7.34600339536595,13.5075091820957,17,4.6
1.16148254009008,3.80530726872235,4.09453516460323,7.10404056792147,7.44202469314262,13.9478707516261,17,4.8
0.535985403587533,3.87143588405743,4.16328435121657,7.20140907971142,7.55646081515258,14.7268962548517,17,5
1.50409753190839,3.93551489240897,4.22348185155033,7.2864946380098,7.6310641005868,13.911531566717,17,5.2
0.608952079797821,3.98690570491163,4.26983896133014,7.37383540706718,7.71624601253938,14.7042297858394,17,5.4
1.42727397742996,4.0271641849694,4.31743168326726,7.44365307226551,7.80179906036003,14.7638387868513,17,5.6
1.32300789747532,4.0775315014801,4.36276605254707,7.53041083114596,7.86905881151002,14.0445354966943,17,5.8
1.10134538489102,4.11572916454421,4.41314832345577,7.60557779799523,7.97763038854901,13.4944716142847,17,6
1.41674039824063,4.16210091614944,4.45047497486612,7.67401492600807,8.04762658095034,13.5015728854836,17,6.2
1.92664959680105,4.18586923164048,4.48446614527719,7.73251737265419,8.11122979009861,13.867349618135,17,6.4
0.940610889352438,4.21623544336868,4.50858105568857,7.79807813407561,8.18198751825884,13.5982371871418,17,6.6
1.97145140404478,4.23055733754969,4.53247037595311,7.83952352529197,8.24036664797996,14.1241782680354,17,6.8
1.98156741110563,4.27825645021542,4.56425107915266,7.90470616501745,8.28914101510781,13.8159918188071,17,7
1.95867090395395,4.28772077751629,4.57971820301295,7.96033205508388,8.35069227195358,13.8144727341643,17,7.2
1.97154774220717,4.32658860153792,4.61155710297415,8.03046827473107,8.41307322964916,13.9805958832165,17,7.4
1.35894665823034,4.3326024037495,4.63486739291138,8.06944511352791,8.47520971931569,14.0874764296731,17,7.6
0.635979760203062,4.34963305794451,4.65799474148283,8.10848315817281,8.50510013116854,14.3691336655478,17,7.8
-0.16940440333485,4.37918377661935,4.67470699311567,8.16194986230128,8.56739685932141,13.7135164935227,17,8
0.0260851721350724,4.38257937516967,4.68262190082327,8.19744328358841,8.614410932828,14.0192183392465,17,8.2
1.00742842808098,4.40022907422746,4.69797827054383,8.22884097992603,8.65198829580211,14.3235922653865,17,8.4
1.21153224978613,4.40510556439787,4.71096039356836,8.28280422571861,8.69064136304608,14.0322448417281,17,8.6
1.19313864085243,4.41623037773438,4.71672539941507,8.31295451338443,8.74526991728411,13.9781683965918,17,8.8
1.33215019216998,4.44501725524141,4.73626197328376,8.36344337116783,8.78443402664167,14.1784689890416,17,9
2.19785735763609,4.4355231672255,4.73322883036267,8.38635703358279,8.79796842369098,13.8327333109635,17,9.2
2.60673650594952,4.45282450758522,4.76076396731055,8.40220291635824,8.8308645805231,13.4726475663561,17,9.4
2.34008432983368,4.46291043291159,4.75847002449722,8.44094154734209,8.873708330841,14.068244141942,17,9.6
1.83215888424389,4.4599426779084,4.76672872644605,8.47552793615941,8.90405955630009,14.6292105379907,17,9.8
1.91480566841598,4.45715294807234,4.77017051529755,8.50123619833965,8.94702010477197,14.0389236520032,17,10
-1.47225344789445,-0.639141324425636,-0.534729548940828,0.532114258764725,0.638793243449199,1.42211974449896,18,0
-2.87353886753356,-0.523818031175438,-0.348637776062446,1.32659041867167,1.52179648399231,4.10044382466483,18,0.2
-3.66436292969518,-0.352188316010783,-0.126006247250477,2.02652288741541,2.30264061584499,4.71682550603642,18,0.4
-3.98611971170411,-0.144760437590958,0.116416963434438,2.65636007002224,3.00878019385558,7.68461496401851,18,0.6
-4.04049234163423,0.0663809917186828,0.36006766947887,3.22832115121471,3.6240738017466,8.11405604581312,18,0.8
-3.90635192759363,0.267427880532918,0.578435987419634,3.72982701516737,4.16921243011413,9.0639819570661,18,1
-4.07263970319341,0.447263805874843,0.810993091755885,4.20113565161024,4.6670590218059,9.16233702343222,18,1.2
-2.57398595421837,0.648232066621846,1.03117126765905,4.61972478472281,5.10451587204356,10.3803103333284,18,1.4
-2.82761144503818,0.856865547372355,1.23706342342623,5.00782604548114,5.51824925504309,11.2273113201387,18,1.6
-2.57006325442388,1.03484020346684,1.43766072203764,5.36653470792086,5.91507726156012,10.5415718160362,18,1.8
-2.40791340808215,1.18965452339836,1.6155183455287,5.68521672179656,6.23285005614463,10.5430354367816,18,2
-4.25476805773444,1.37160160705273,1.82008373441803,5.99382184745678,6.55751951772721,11.8379314873552,18,2.2
-4.07358406446986,1.54752991491902,1.99120273066864,6.27246104043156,6.84947230639868,13.0635539754094,18,2.4
-4.76815996425272,1.70035975511738,2.1518344300724,6.51916590898101,7.1290119755172,12.690680589871,18,2.6
-4.85856411995482,1.86481648808332,2.31475695552917,6.75433185611737,7.36914439069112,13.7105482987731,18,2.8
-3.34316580880682,2.00261082825089,2.47937343789605,6.98893602940928,7.58508416357684,13.4074340008298,18,3
-3.60063559642911,2.14055645014598,2.6125047153474,7.18672758140826,7.84241018516883,13.4800101264188,18,3.2
-2.63205137324665,2.26695722768911,2.76835992031237,7.38548477400349,8.00555014215234,13.8237576634799,18,3.4
-3.11106790362367,2.41351981395753,2.88721689316304,7.54098968215327,8.21337544690791,13.9992142741294,18,3.6
-3.00142810105662,2.54288435838371,3.03802173094373,7.74151084742013,8.36859308009004,16.5703059671178,18,3.8
-2.34481110531859,2.67377080520314,3.18089647780855,7.88207984984792,8.51862337876242,16.3553684957384,18,4
-3.09411354698139,2.76031749177517,3.26911178143779,8.03051038583148,8.69354633913122,15.8786503986344,18,4.2
-4.16585916701332,2.88360633024539,3.40061094087897,8.17958163005051,8.85435491554404,14.9391536101001,18,4.4
-4.1865836239249,2.98563457731519,3.47521832440599,8.30169338741509,8.94552053344049,15.2930911436154,18,4.6
-4.36438223432039,3.08803478834506,3.57881918672912,8.39145824886424,9.06311939811803,14.7093782237572,18,4.8
-4.47483947338206,3.17334157852295,3.6711049467446,8.52031463103176,9.20227451023594,15.7731399778283,18,5
-4.04070986914718,3.24182662604954,3.74859578324978,8.6187963020129,9.29794501658503,15.065917864391,18,5.2
-4.66222715531281,3.32958244922881,3.85254401962987,8.69208696687681,9.38057987742357,16.2919531099321,18,5.4
-4.0621721594615,3.43408177926438,3.92727262223445,8.81976967344666,9.46545896571549,16.7809431081301,18,5.6
-3.90155511291098,3.47924287587134,3.99837934217601,8.89250256572498,9.58402750502634,16.6369311255411,18,5.8
-2.72040348665533,3.54188952527749,4.06039566211703,8.96462990164938,9.63549303821213,18.105005216412,18,6
-2.99710419864863,3.62420194183752,4.12803051655312,9.10381734553792,9.75676695814001,18.1861921296102,18,6.2
-2.48868125962519,3.67752653446557,4.18969956096399,9.15762653198779,9.82808667376086,17.9831834136665,18,6.4
-3.75907299502059,3.72863432147143,4.23669169884718,9.22226786698547,9.92106536330412,17.3285829801656,18,6.6
-2.57473288773206,3.77449849012825,4.2922538087463,9.30960185546378,10.0189550474191,17.5720729177415,18,6.8
-2.56740008406478,3.81718509353398,4.35762353982153,9.35627483498585,10.0588490950983,18.0997339320089,18,7
-1.47464862695632,3.88637817194525,4.38895855018774,9.4264484937451,10.1313711548174,17.3188344615381,18,7.2
-1.83769751309411,3.94895005799173,4.42466063967512,9.48253271613192,10.1924285371589,19.1660538295037,18,7.4
-1.46700370715222,3.9715396564002,4.47267809824323,9.55173730264907,10.2302470255037,19.7274112877824,18,7.6
-3.71631908466793,4.00425437276509,4.51180157011455,9.62691810472404,10.2961628020915,19.4097265075622,18,7.8
-3.45189563509069,4.04302846618812,4.5496263352725,9.64775917885596,10.3742751356156,18.3743814677958,18,8
-3.06315193176659,4.07530836407729,4.57539037509805,9.67927048279004,10.395298998489,18.3544212378504,18,8.2
-2.71342701371353,4.09270617846479,4.59875567633484,9.7463503793809,10.4578547992476,18.5691427090366,18,8.4
-1.88927323387779,4.12117014793234,4.60899760554034,9.8017096867473,10.5140029806716,18.1532851584026,18,8.6
-1.51136627175547,4.13220851278912,4.65220156211962,9.85368670076796,10.576881332814,18.1978818250856,18,8.8
-1.76271157019985,4.15149688294137,4.66195128288081,9.90967875900584,10.6189197009707,17.1936140687275,18,9
-2.20117277183463,4.18795888299949,4.69824666389165,9.95100232180547,10.65699341174,17.4834740314413,18,9.2
-1.69179485535237,4.19028307986878,4.70370851080971,9.98775828459425,10.6778626754148,16.8035323188447,18,9.4
-2.09196526631579,4.22601586556506,4.74246490221315,10.0306201330015,10.7421038838626,18.3924338173065,18,9.6
-1.02560188033286,4.26812071180849,4.76359211155399,10.0611527799428,10.7777924249641,18.4823097152768,18,9.8
-1.67260240199489,4.27140990556857,4.79049685516674,10.090835721098,10.8245723335217,18.0611619437302,18,10
-1.40289909483584,-0.63945386910081,-0.537157982354974,0.53299001593605,0.631903019273321,1.40394223925014,19,0
-1.37869350363154,-0.256569044712584,-0.125021532540779,1.22102436541404,1.36030875430205,2.41469318035032,19,0.2
-1.71692444707609,0.0999572586999007,0.263182394815998,1.86469501364194,2.04368274781251,4.31225642941705,19,0.4
-1.28653532698672,0.417414094688989,0.611483250491926,2.49677822989037,2.69142438155538,6.17554771336544,19,0.6
-1.32025849316034,0.752297152039936,0.958057038570899,3.08378543278234,3.31974486491567,6.73294466826823,19,0.8
-1.35788093617241,1.05740149221739,1.29275733801865,3.62575322936104,3.89755870746709,7.83455883839153,19,1
-1.13025810142577,1.35794341982566,1.6025944183869,4.13746916037877,4.42490459415937,8.79978255371518,19,1.2
-1.27619871487339,1.64928389772352,1.92299190203654,4.61418643132251,4.92333576156986,9.91044481448921,19,1.4
-1.5145743530141,1.93953168567266,2.22409125454091,5.06288320811202,5.37226184422092,9.96035083053015,19,1.6
-0.614773074765588,2.1871443417758,2.49033128729814,5.48184343803363,5.80654310130518,10.6843478406966,19,1.8
-0.283044709969336,2.45288685066937,2.75780232692972,5.86934541115999,6.19280533573878,11.1987749815935,19,2
0.103680840528053,2.70559766509122,3.03123690889268,6.22639718235777,6.56212019254878,11.7789515227545,19,2.2
0.511135847064692,2.96369452673966,3.27832304519238,6.58052524668667,6.92754491671889,11.404678202787,19,2.4
0.600020724255947,3.18604549557037,3.52235924462882,6.90028348674325,7.25643415830964,13.1004469716402,19,2.6
0.572485141437752,3.41270125171843,3.74675768985318,7.19101417376309,7.55327032667074,12.6710846732463,19,2.8
-0.218845913047539,3.62848347253408,3.96757936306209,7.4642189892765,7.8340860709703,12.7266551493506,19,3
1.03426890738258,3.81351880523514,4.17648088367711,7.736363997354,8.10794635866702,13.0798915640667,19,3.2
1.07411568751343,4.03080067930401,4.38795796004322,7.98570121378206,8.36574953659254,13.7239140628403,19,3.4
0.987927424880421,4.22717221410076,4.58623316692612,8.21724098221313,8.60592986213719,13.3507028913478,19,3.6
0.471582113034795,4.40006175320289,4.7692383385686,8.4323031469885,8.83353730856975,13.1493283814643,19,3.8
1.09367996866603,4.57271148244323,4.9260774623227,8.6506502272253,9.05876005468958,13.6343955836297,19,4
1.29847382967699,4.75342249197024,5.11253832178087,8.86836361624332,9.26606541997857,13.9102352417294,19,4.2
1.9789235149387,4.91237839297873,5.2813828728324,9.06506014363564,9.47086032541923,14.6086602520345,19,4.4
2.26348769346286,5.06416611407651,5.4306686461271,9.2406068241769,9.66561497340887,14.5276983908713,19,4.6
1.38798448392799,5.20775464454541,5.58836791572181,9.41178730595841,9.8261734717053,13.8943259682962,19,4.8
1.79403575006045,5.35789921652719,5.72931009042869,9.57782882592226,9.99798559562143,13.7868043914611,19,5
1.97119158133237,5.49572651131369,5.85585074986075,9.75142687602644,10.1705976900329,13.9557571223069,19,5.2
2.36231643298898,5.62091406293839,5.99197006965876,9.8996810318561,10.3247716308128,14.4681645295795,19,5.4
2.61123129221517,5.73826648630205,6.10984383877533,10.040278659342,10.4868521813072,13.8284950818142,19,5.6
1.67571847367179,5.86346838888131,6.22897847736604,10.1850613261485,10.6217745706139,14.6700859511131,19,5.8
1.63381823156322,5.9444627880952,6.33491067477515,10.3179297233254,10.7559840131213,14.6322165987917,19,6
1.61040826784819,6.05745093406063,6.42493849305224,10.4357523865257,10.9149934465497,14.9766619344602,19,6.2
1.98850025006519,6.14104644244058,6.52725710229013,10.549476881076,11.0049016645531,14.49665010088,19,6.4
1.60949507532869,6.25985117890444,6.63462537284096,10.6967546461448,11.1267698946187,14.8566862006768,19,6.6
1.98948232608905,6.3285861795252,6.70434546404984,10.7936084414447,11.2385538687163,14.8456130583164,19,6.8
2.19745853136096,6.41545123783295,6.7919520112756,10.9114123356083,11.3621394562321,15.0271282140502,19,7
2.46098959682867,6.48784285663023,6.87726387159022,11.0014749711321,11.4692014912446,15.5713940893963,19,7.2
2.90928571163171,6.57254683565985,6.94938663869832,11.0979598430535,11.5589831516663,15.602760020502,19,7.4
2.44977206111406,6.63738544820203,7.02164554767536,11.1982303961044,11.6773828812196,15.3010571741059,19,7.6
2.57472856871443,6.69473241913788,7.06265087540222,11.2899446049699,11.7735004596801,15.8515068356783,19,7.8
1.71324197511488,6.74933958791554,7.13319283699188,11.3744672811239,11.8624323593325,15.9976790861966,19,8
2.72474475338306,6.81286442443969,7.18235895695258,11.4597758813283,11.9599002654285,16.8498276351371,19,8.2
3.26943192078614,6.81877091639092,7.22089614738269,11.5404190209732,12.0493980771491,17.2490630086052,19,8.4
4.00392930986041,6.87560908401245,7.26421238703193,11.6307654954549,12.1272533616913,17.0944505582141,19,8.6
3.90942249535895,6.92959403837346,7.324924245066,11.6952063843321,12.2194839186864,17.7384419282849,19,8.8
4.02074315135935,6.97687463216401,7.3695154275727,11.7900035577178,12.3095151315322,18.1629849437419,19,9
3.77069912145901,7.00464555810909,7.41170412997146,11.8516612900539,12.3554993127887,17.7905580663583,19,9.2
3.63468594504214,7.02741788108316,7.43998320459766,11.9179717216411,12.4343271348938,17.7490995748705,19,9.4
4.05733125645085,7.08569484502597,7.47778258950133,11.9910538006627,12.5070884436118,17.610714712719,19,9.6
3.66654693643813,7.10786131165488,7.51402875239062,12.0527863338901,12.5623213107874,18.6958908767383,19,9.8
3.87850222048906,7.16179121631103,7.55070611554294,12.0985242370482,12.6186691915669,17.5159976959297,19,10
-1.3375376815425,-0.640650233376919,-0.536944214514744,0.530759753822833,0.635424476659557,1.509728262097,20,0
0.598398616768896,1.97441663557531,2.16657685234673,4.46225012249919,4.73040524959696,15.929818156662,20,0.2
1.77237002748387,3.94899216128173,4.22756300978858,7.43929047062335,7.79891729020153,26.5511673509163,20,0.4
3.44858176824615,5.60314053632157,5.93132246546375,9.62150690935618,10.0154497330398,34.429444392339,20,0.6
4.16063481515861,7.00464526064623,7.35518657452324,11.2550690342669,11.6593600314725,39.8983335477036,20,0.8
5.05616604244065,8.13439441460946,8.49671863534699,12.536611138796,12.9696461877422,44.1578906300335,20,1
6.08828457621552,9.03015931354614,9.39077193586881,13.5605231441475,14.0425543125894,46.0155978842265,20,1.2
7.27473217829249,9.67899696954263,10.0476707317021,14.425205259525,14.9139710008711,47.564851706093,20,1.4
7.63513707449056,10.1596997027858,10.5303019699786,15.1336878455843,15.6656527211097,48.5492815810066,20,1.6
8.23024286275735,10.4738426479057,10.8905620893864,15.7272910430961,16.2699855852601,50.1191919875412,20,1.8
7.66039334719758,10.6686539582078,11.1222441842651,16.2260395852127,16.7804917816134,50.5022006008974,20,2
7.50094803489742,10.8474234968566,11.3082414717308,16.6619469874293,17.2288251687675,50.8582277580392,20,2.2
8.12831184009693,10.9251107100733,11.4143456781734,17.0255071432976,17.6371510945104,51.4885990160914,20,2.4
7.763236580265,10.9832357542744,11.4963612179696,17.3599871890303,17.9475336963601,52.7320236936257,20,2.6
7.99215320291794,11.0484322228072,11.5700534044504,17.6314700383146,18.2659449739774,52.3344151857881,20,2.8
7.37961517059972,11.0929380366229,11.6012396698419,17.8706052583723,18.5277924593441,52.3404151787686,20,3
7.94083742657816,11.1189517799899,11.6237082308716,18.0544862025127,18.7144964500402,52.0195640576736,20,3.2
8.27636556946518,11.1276882467219,11.6422241791066,18.2446524191384,18.9234300714241,51.8641884743794,20,3.4
8.52885969388956,11.1419272694022,11.6685124955086,18.3856512759718,19.1194513461256,52.8395432623375,20,3.6
8.08725682764332,11.1423908842236,11.6734291201681,18.5471864071651,19.2461989587461,52.8135867727022,20,3.8
8.2707016620177,11.1772801253917,11.6839345772878,18.6467355871644,19.4118386753822,53.039499103783,20,4
8.11024616558865,11.1688654907372,11.6930867321059,18.7592495729383,19.5340795530968,53.6353289962717,20,4.2
8.13570666543872,11.1663802957745,11.6922866241995,18.8518283454261,19.6384823015509,53.2866419115933,20,4.4
8.07288249777413,11.1816014206604,11.7002993859431,18.9373073720501,19.7202618129189,53.759580572674,20,4.6
8.13258609141897,11.1913641746165,11.7172617072666,18.9955048975674,19.7876236267541,53.4340922058679,20,4.8
8.00623468697848,11.1874298102891,11.7115381684401,19.040956389214,19.8428365549197,53.4260603413448,20,5
8.29303548247964,11.1788483366231,11.715148848949,19.1064879244857,19.9005401066961,53.9363831082294,20,5.2
8.03421682573392,11.1814028525149,11.72238955156,19.1421074017948,19.9349526687638,53.577487704413,20,5.4
7.72820539341299,11.181305561964,11.7157424049038,19.141977302012,19.9915913603581,53.2074187237457,20,5.6
7.86482930226469,11.1581496600591,11.7090632148634,19.1999038248684,20.0209384057351,53.4685510748785,20,5.8
7.8861439911302,11.1810557489213,11.7268156675609,19.2201113904905,20.0948925877543,53.7222013499466,20,6
8.16240587658844,11.1806784035261,11.722878952489,19.2399959210482,20.1076532103226,54.0494390304783,20,6.2
8.11925567397035,11.200655936859,11.7198722530225,19.2477045938878,20.1240960143728,52.6652553191592,20,6.4
8.07460289262056,11.1807158810045,11.7093901505089,19.2720193046005,20.1632095688597,52.4071908454106,20,6.6
8.4551202151024,11.1773921672012,11.7032430903288,19.3009647285621,20.1799784338637,53.4197238389134,20,6.8
7.99118147855126,11.1663042606115,11.7161103356503,19.3103561890653,20.162091784715,53.0858967133777,20,7
8.30189288779693,11.1757436282706,11.7021457011956,19.3080379182233,20.1859935717507,52.7464313978462,20,7.2
8.00760836463381,11.2015746020065,11.7236025564536,19.3059001528263,20.216080958366,53.5998297538678,20,7.4
8.10248192493633,11.1711404550941,11.7140744718957,19.3103254949144,20.2043832279583,53.3804605991234,20,7.6
8.18058776881981,11.1984782511949,11.7176122746717,19.344889180581,20.2305693074597,54.0645499116917,20,7.8
8.34072118163168,11.2106625333508,11.7224828097179,19.3410212392327,20.2430507118245,52.6536587780692,20,8
7.37794975396812,11.1783393256687,11.7117356131955,19.3487981788852,20.268367157142,52.6709694571345,20,8.2
8.1912063797446,11.2048893931865,11.7168984785417,19.3746114447155,20.2670916604973,52.4762666843214,20,8.4
7.56603224304298,11.1845014944289,11.7129720157544,19.3412017117371,20.246927292613,53.0045321378638,20,8.6
7.99935112379769,11.206099693311,11.7069277295193,19.3449830174052,20.287415620832,53.3856775926333,20,8.8
8.05622974833921,11.1832743191193,11.696193168105,19.370794006238,20.2627903761809,52.1564934574511,20,9
8.10143227166329,11.1909251967625,11.7045740429424,19.3560580921214,20.2817210446501,52.2525272033339,20,9.2
8.14408190951742,11.1747431334986,11.703418538686,19.3543402109209,20.2867711945799,52.2642748357384,20,9.4
7.86176269235031,11.1572301645054,11.6927143126537,19.3574802154666,20.2920786354177,51.6276923427694,20,9.6
7.53725550651759,11.1798601828542,11.7089317605925,19.3800209793102,20.2915631526824,52.3588957162215,20,9.8
7.70053809986397,11.1718094066193,11.7165230430185,19.349421855214,20.293066134588,52.3004289143346,20,10
-1.40999995952139,-0.640844194892037,-0.53930709883805,0.539065628098821,0.644718327590342,1.45143359312295,21,0
-1.35477687438511,-0.00156514825782174,0.137225055311965,1.52349112226546,1.65873494632401,3.32374525028291,21,0.2
-0.826223951270796,0.554046277802269,0.718552006647418,2.45516359697524,2.65457159302654,5.70605299059861,21,0.4
-0.820431816929071,1.05022782504823,1.24698722439682,3.30213538478653,3.51999550702049,7.04962126622071,21,0.6
-0.891337905162693,1.50679342405735,1.72525173102729,4.03987183859594,4.30257863933368,8.40162091095318,21,0.8
-0.185866162273647,1.95288840858148,2.18425232440715,4.70696953672628,4.97916703813051,9.99239449344424,21,1
-0.720198380673983,2.37604593701761,2.61298116175452,5.29239510611223,5.59522378436499,10.8772415684904,21,1.2
0.141714886580842,2.74073744978078,3.00607988105933,5.82791253719489,6.14185922876836,11.3484951658298,21,1.4
0.226578947762174,3.09112379839052,3.35784121250776,6.29953796848285,6.61255569879107,12.1339030726494,21,1.6
0.758180140834497,3.41967505970541,3.69676506903966,6.73793642726626,7.06015009641017,12.7944937304189,21,1.8
1.26246672628391,3.71543875412093,4.01628584104596,7.10643793570248,7.43875095641965,13.0772187683314,21,2
1.68312200899162,4.01267307232461,4.30092764434219,7.45397783324272,7.79299724652522,13.4591029328301,21,2.2
1.69481716035893,4.26346901616226,4.56540323579413,7.77740894161416,8.12926824425423,14.2080593778003,21,2.4
1.52828884425323,4.50464098768798,4.80553597077331,8.05995880737301,8.43451758831848,14.9514955519831,21,2.6
1.90920344109593,4.72814868881942,5.03808670882905,8.32557955974435,8.69802350054758,14.7896670899985,21,2.8
2.31530857305013,4.94210403656796,5.24187146152745,8.56575788202892,8.96548501657326,15.250693692539,21,3
2.4783260743402,5.12035557217016,5.42817633495577,8.79915719401077,9.18414504211145,15.681731030245,21,3.2
2.76240557757766,5.27038357799542,5.58999360007812,9.00443012430467,9.40495946317194,15.9268423543112,21,3.4
2.55061279518529,5.40621183287812,5.73560538463986,9.20167863299069,9.59550369791142,15.2170398015661,21,3.6
2.64096119410439,5.55901026037469,5.86944223774876,9.38299767067729,9.77980230077491,15.7237002564184,21,3.8
3.6873402074965,5.68538153659947,6.00287751705117,9.56799954170701,9.98078980834845,16.2614473798374,21,4
3.51792345516833,5.77696484462172,6.0967684722623,9.69842717159939,10.1289265817333,16.2468097525867,21,4.2
3.79259810884357,5.88574677289551,6.19349296692704,9.86360979008919,10.2750203694018,16.3089236000358,21,4.4
2.9427978543251,5.9784713961267,6.28845716750142,9.98487960813719,10.4053358164732,16.4910009433794,21,4.6
3.7606615690981,6.05347506438547,6.36505300708667,10.1057526359786,10.5338709804657,16.1088236024811,21,4.8
4.00438869747872,6.12778072020901,6.43762034173254,10.2328715784238,10.6750597010978,16.1567822681422,21,5
3.58640675777303,6.17600114831679,6.50001833866936,10.3281859384176,10.7879621824696,16.35041330694,21,5.2
3.78273600222404,6.2385653904001,6.56772228080265,10.4471733534136,10.9025303104184,15.9354506956712,21,5.4
3.88372798978501,6.2596448996567,6.60926706210995,10.5440085283643,11.0071306369389,15.6613066602692,21,5.6
4.25713952616704,6.31142640423625,6.66327632841421,10.6453865141441,11.1043821762588,16.0592876722349,21,5.8
4.13621080673133,6.35726362570496,6.69300302951795,10.7279583179092,11.2055055939001,17.1380666105558,21,6
4.25224575387374,6.38171132830084,6.71919243967573,10.8043914451248,11.273064803815,16.2845863741355,21,6.2
4.36609374317246,6.41008983592753,6.75279008311922,10.8870076950011,11.3810998803826,16.3911839781708,21,6.4
3.88922869400182,6.43748968371612,6.77712113978084,10.9463215484073,11.4481451118222,16.244038953668,21,6.6
3.84988078792356,6.46201497524854,6.80459076201723,11.02210324002,11.5260149523159,16.6402977834379,21,6.8
4.05862786699573,6.47824544908946,6.82923047804262,11.0937219188944,11.5843104698228,17.5563404882709,21,7
4.02078900877118,6.49676535919451,6.850445344627,11.1332378519355,11.6303999057777,16.8154198220485,21,7.2
4.43661801912001,6.50868095976144,6.86339327027081,11.21772659457,11.7050279667846,16.9222382053892,21,7.4
4.18655913787884,6.51491495937017,6.87295556910384,11.2433511822793,11.7549265932924,16.5690535614714,21,7.6
4.36241931569675,6.52078934339948,6.89493627247449,11.3093860451573,11.8120691573944,16.4263809911458,21,7.8
4.28750076627707,6.55102824376383,6.91118669167555,11.3548477705544,11.8626331595168,16.7712169846392,21,8
3.86757686691114,6.55370959590049,6.92073671343725,11.4050529615505,11.9236104167889,17.7788958146028,21,8.2
4.24544532918367,6.58080279438597,6.92643728391429,11.4377477768503,11.9464225176565,16.7542675430203,21,8.4
3.88589320338025,6.56175360575338,6.92653982787119,11.4873137839901,11.99679912119,17.2654721957237,21,8.6
4.52084856544606,6.57738340379987,6.94430801591808,11.53401437285,12.0378793006475,17.2455073995535,21,8.8
4.45895452702552,6.60113544896496,6.95093421401097,11.5630799164574,12.0778062136613,16.6822273048835,21,9
4.26720674468153,6.58225374016817,6.95017433624094,11.5885115359961,12.134793220712,16.6540707900496,21,9.2
3.89440530574464,6.60993337544401,6.96833889703985,11.6154673145953,12.1578050859734,16.0544711521615,21,9.4
4.30226241665265,6.60114846104328,6.97123128173327,11.6482092211385,12.1896585966937,17.2113684137096,21,9.6
3.91855760060036,6.60360067951842,6.97738225557857,11.6646538479755,12.2213225707124,17.1737531898305,21,9.8
4.54242439188051,6.59596685433684,6.97952989209041,11.68813007552,12.2505563030275,16.7443174236031,21,10
-1.44520168252328,-0.646999849708502,-0.539233134097675,0.534618101393742,0.640661734867424,1.55486866818886,22,0
0.329123823821305,1.68619582502952,1.87202048636091,3.98929932973454,4.21207616854384,6.27236970651209,22,0.2
0.990654036015934,3.42026480943024,3.67091243865447,6.55913913315185,6.84979315317013,8.92043560739669,22,0.4
2.54636581678751,4.85121982500644,5.15487964513205,8.40754083637752,8.73462476544432,10.9804074394915,22,0.6
2.5148953407714,6.04017224269759,6.35132820766454,9.79078900085973,10.1511020028045,12.6424876952363,22,0.8
4.6104323068286,7.00052262920417,7.3077243750674,10.8542856743783,11.2283446182156,14.5387803455165,22,1
4.35744505748626,7.728778004245,8.04243160980657,11.7194710193547,12.0927176517179,15.9678709220839,22,1.2
4.3727380514385,8.25413214914057,8.56494161078004,12.4015883214683,12.8166086695497,16.7674182415133,22,1.4
4.06532818605799,8.60695766198479,8.94397101058697,12.9881980938407,13.4242337890713,17.7355134010822,22,1.6
4.75410931201069,8.84205845513895,9.22198539849348,13.4888729237029,13.932695017629,18.8912789613397,22,1.8
4.42756929283802,9.01337336524932,9.40416513776544,13.89692676067,14.3735584754774,18.8678234980862,22,2
4.12547038324616,9.13065145303112,9.52647825919665,14.2486288282162,14.7511004223745,19.2658186176347,22,2.2
4.78345217807738,9.19782224942135,9.60451302533588,14.5364123850261,15.0600331222609,20.7207100643049,22,2.4
4.29982735540959,9.24426469937809,9.68700454199618,14.8115158115606,15.3317343117216,21.2678690284587,22,2.6
4.34157613695465,9.25616297706588,9.73315623107628,15.0237101419247,15.5648583203223,21.773303422511,22,2.8
4.03208765147548,9.29027077325185,9.73201128272612,15.203910185273,15.7418774562107,21.8512864552127,22,3
4.01886500258391,9.32326074091034,9.76464520528414,15.3656918349942,15.9499747921756,22.2905537156246,22,3.2
4.25238841564853,9.32484454442359,9.76859637479983,15.503336174901,16.0919804569215,23.1641721250017,22,3.4
4.18997975247431,9.32289372846301,9.78434564873392,15.627169273531,16.2189737784536,22.6485057188871,22,3.6
4.52625751557964,9.3391072156607,9.79225803428231,15.7343420802777,16.3432572418647,23.3208022636971,22,3.8
4.76935269097534,9.34230225416914,9.79552770380008,15.8031147434172,16.4383482490248,24.1219845965383,22,4
4.14661809009443,9.33424856826356,9.814193543012,15.8804578314495,16.5301234864826,23.4798554236886,22,4.2
4.5153246049691,9.3408579990291,9.80744351267039,15.9346686201276,16.6001528046711,24.016542042709,22,4.4
4.2078802482324,9.34405346351244,9.80207453560809,16.0000515470825,16.6617280943847,23.8245510187492,22,4.6
3.75071211410834,9.34082724839472,9.80964563418731,16.0275037645943,16.719155020512,23.9958718068913,22,4.8
4.34011439645742,9.3574417427068,9.81319415830832,16.0823996161746,16.7640870785616,24.8027397907116,22,5
4.29212619341426,9.3505763781388,9.83147772300597,16.1030523910219,16.8001512273786,24.1756835611389,22,5.2
4.6226888208386,9.35610880971711,9.80951258269056,16.1304106930623,16.8409854114576,23.9346628753967,22,5.4
4.1458319434435,9.35771059832786,9.811249066807,16.1753921282967,16.8619124163513,25.0498934017959,22,5.6
4.09799424361441,9.34217758950917,9.82748153678669,16.1918894395754,16.9281879182418,24.9058632728017,22,5.8
4.21418130871817,9.35239818349645,9.81786497335593,16.1765615261981,16.9019313675266,24.9158550827051,22,6
4.07185503724833,9.34954537695071,9.81943490170457,16.211070734571,16.9301835124625,25.1400920823709,22,6.2
4.29802099193689,9.34084171170141,9.80607007045572,16.2126356429207,16.9702654370847,25.2468619318077,22,6.4
4.15897799641823,9.36138268614099,9.82964199763591,16.2278662512675,16.9624961672409,25.3853344588358,22,6.6
4.19429708472277,9.3546071880772,9.79935597530129,16.2442944362448,16.9961796294604,24.5974829576631,22,6.8
3.92358048588359,9.36052715364191,9.81200549100659,16.2356016406433,16.9980269020768,24.9504481229475,22,7
3.94160656936159,9.35308629192074,9.81037586413463,16.2439258150845,17.0055721799087,24.3297441293313,22,7.2
4.46301503745328,9.36584169676837,9.81883045149674,16.2614142858374,17.0229002880646,24.5961823708163,22,7.4
4.34091942123502,9.34088749030741,9.8226134362908,16.2514101933643,17.0110930775174,25.377827241346,22,7.6
4.39203738864087,9.33301175461148,9.81548721208398,16.265941445776,17.0376745342908,25.0760430250571,22,7.8
4.73650239830794,9.34427058770893,9.80048263498617,16.282268075205,17.0155450538134,25.6701350193211,22,8
4.13399932108724,9.34608580639488,9.81053753047466,16.2596722668179,17.0196328904718,25.9522622868342,22,8.2
4.33168890219111,9.34363031205628,9.82773090664718,16.2751907153029,17.0180801605374,24.8507585016663,22,8.4
4.42008114699058,9.35976148650623,9.83060394835506,16.2824125293704,17.047089945127,25.187390299469,22,8.6
4.12226939281659,9.34907360927277,9.82451994552585,16.2940198033788,17.0463330289694,25.3271149750623,22,8.8
4.60496144317228,9.35700208653448,9.81738385678182,16.2830389772227,17.0536658078493,25.2709346366277,22,9
4.51423682396914,9.35758324293552,9.82418704093307,16.2885327278611,17.0386585053437,24.4603607520691,22,9.2
4.23428727382078,9.34543279165235,9.81542760060901,16.2892418728759,17.0472205090435,24.9546949738069,22,9.4
4.67373257074949,9.36224242976738,9.81872938668849,16.3079185116669,17.0550398902679,25.2049910000592,22,9.6
4.72487639268186,9.35429772988699,9.80337859267746,16.2999923072924,17.0585854274767,25.1976402395877,22,9.8
4.46346874670565,9.36097140715648,9.83635837856192,16.2950343633847,17.0504394864171,25.3708915332416,22,10
-1.54143632768599,-0.646401025369229,-0.537854375264794,0.538750912149086,0.640517726763675,1.45458103777115,23,0
-0.673660325078485,0.37720091162844,0.516385759106869,2.03803430905104,2.19967261427353,3.9952285958698,23,0.2
-0.39830106780738,1.17745635031926,1.3577575476448,3.36522955997297,3.59625904359973,6.34833960762077,23,0.4
0.42861037948168,1.89558158252245,2.10776041469227,4.49460373029436,4.75331668137871,8.28430412908131,23,0.6
0.765736476567004,2.54252455247037,2.77669285299969,5.42916197233818,5.70294748039078,9.78781489909461,23,0.8
0.443645403236121,3.09603668043973,3.36403172102671,6.19600603616317,6.51355301828499,10.6938674806679,23,1
1.59674460045488,3.62316206038668,3.89239947895094,6.85987718997379,7.19861655118636,12.0008781578626,23,1.2
1.4302220122121,4.06585836106743,4.34649085038208,7.42631486118899,7.76208617668642,12.8250464356011,23,1.4
1.69194242804851,4.47754258101052,4.76668741287896,7.89052327775344,8.25805565035904,13.3587059236095,23,1.6
1.65186445340376,4.81659924979638,5.11602055702912,8.32129581344136,8.69256180615238,13.1235168703982,23,1.8
2.12933090025977,5.13942058615476,5.42887539585945,8.69657765417439,9.08643868789656,14.1950865691545,23,2
2.2540563161576,5.39942835252036,5.70883816353515,9.0267713726781,9.4092312688449,14.8897063074445,23,2.2
3.16957471059016,5.61790203430254,5.90388483159161,9.31625178350387,9.71744369864269,15.2695735577976,23,2.4
3.31118252482796,5.79872395955315,6.1045902705189,9.58355110563946,9.97590973998061,16.0517373719072,23,2.6
3.4724706865813,5.97112687068079,6.25853592775166,9.83083325730952,10.2242857150848,16.3814994470999,23,2.8
3.71977335961101,6.07926128713177,6.39624260494077,10.0082011154836,10.4513512925288,16.4942392819687,23,3
3.62091886817603,6.19026667748261,6.50312551254317,10.2072304871032,10.6354761969118,16.089783498837,23,3.2
3.90708109126343,6.27578461985478,6.60589772620738,10.3762938883094,10.8263350158585,16.487922748199,23,3.4
4.13179061235444,6.33707650594975,6.66931519027746,10.5315655866017,10.9871142569986,17.0325150222583,23,3.6
4.1084932038651,6.39095370470151,6.72722117647498,10.6751898432661,11.1373566919709,17.1893970353724,23,3.8
4.30991636013705,6.44763385808152,6.77942113734339,10.8096985103047,11.279509375351,17.3753136553556,23,4
4.23351309734404,6.48497346023801,6.81740365901519,10.9071352827472,11.3825904008878,17.337662429441,23,4.2
4.13552562903735,6.51415455992143,6.86580498968333,11.0256393384373,11.5005336296596,17.5502570109879,23,4.4
3.90942513265738,6.52699958862968,6.90082965967896,11.133961161122,11.6172329477073,17.6607836587056,23,4.6
4.4638969885223,6.5564020794457,6.92941639121414,11.2196580136112,11.7158432753243,17.7013297823097,23,4.8
4.36905559646224,6.56621386100489,6.94795625345433,11.3115858461102,11.8170484306438,18.6240330620503,23,5
4.27927039590786,6.60243957252301,6.96714304927383,11.3611027133758,11.8657507656892,18.1183803554735,23,5.2
4.19868047423184,6.62325177182459,6.97603419764027,11.4301914703593,11.9418184424501,18.7966532006868,23,5.4
4.50711496893988,6.63380585836519,6.98080544654483,11.5168036735668,12.025657638248,18.714123508268,23,5.6
4.27564094194889,6.61634989681818,6.99730400621192,11.5644274461735,12.0842750903064,18.8118746605941,23,5.8
4.23956296824145,6.65042250880586,6.99983576734837,11.6069151998947,12.1450325763936,19.1693093355224,23,6
3.72284450075491,6.65108982939083,7.02732931664566,11.6531600677063,12.1862644511225,18.7089573204644,23,6.2
4.55350574264446,6.65217758508049,7.03015962001725,11.6902623531899,12.2260075284002,18.6602498344146,23,6.4
4.57684940053095,6.647854155169,7.02735452741085,11.7505969440214,12.2753993761944,18.8904407049479,23,6.6
4.44762454105042,6.65630458282682,7.02469906258645,11.7839745009245,12.311953659065,18.9991440213455,23,6.8
4.39640548405304,6.63926427204899,7.03032337408127,11.811856958432,12.3564804424339,18.5705005967116,23,7
4.08475638858188,6.65248752332961,7.02697020607106,11.8308675777314,12.3939500380791,18.6522218079585,23,7.2
4.52962527859969,6.63582385435494,7.03074697000384,11.8718404795593,12.4348797903255,19.0529086864999,23,7.4
4.34651879375539,6.67775959758901,7.03563143993196,11.8827426953482,12.4824234436647,18.7950941318358,23,7.6
4.69341272964019,6.65554078681853,7.03550444388294,11.9161664325497,12.4852136519665,18.9678771506904,23,7.8
4.2911824958393,6.66248209647759,7.04642175790251,11.9368245333315,12.5040820775458,18.7440337781064,23,8
4.38981428325414,6.66686519413184,7.03796363538534,11.9489285447272,12.5156299018486,18.6556288353489,23,8.2
4.53318666107108,6.6594013451591,7.03198271773183,11.9972817811161,12.5518754779965,19.1653640669146,23,8.4
4.23674154978274,6.66662177223551,7.0394873299241,12.0000215894241,12.5390738579723,19.2744923467668,23,8.6
4.70887423537221,6.66856074556183,7.05262111410359,12.0083338178022,12.5837554470916,19.6949716520218,23,8.8
3.779333348866,6.66895557316399,7.05310477599085,12.0204387652886,12.5748755612809,19.0683641496124,23,9
4.3678195188333,6.67923340066204,7.05940341267158,12.0407676218134,12.5992825889555,18.8654657813108,23,9.2
4.45238903097116,6.67745812482881,7.05270258743441,12.0540464480342,12.6355102053313,18.7367551874431,23,9.4
4.38035499202987,6.65183012416295,7.04461610293016,12.0566316416086,12.6417621059086,18.9993094255258,23,9.6
4.25478860651863,6.66768852211452,7.05848290439127,12.0877354151956,12.6502935647918,19.5593175461611,23,9.8
4.31025780158,6.68057715171018,7.05943524054909,12.080608490081,12.6598197724407,19.2341088465081,23,10
-1.35634815277146,-0.641119605074327,-0.538610992137256,0.533212680132153,0.634979490851674,1.42662185241243,24,0
-0.833816045515083,0.27972538725408,0.419796121771209,1.90621654560421,2.06209701334954,3.44160379847946,24,0.2
-0.654736867188562,1.04043180234639,1.21675725014607,3.1780987415953,3.38843490230832,6.04311816296918,24,0.4
0.0324038019162842,1.70014242899155,1.92415092413618,4.29145711279981,4.54051237375373,7.51751975641924,24,0.6
0.414344812274447,2.34323425643711,2.5799714794303,5.25162427700339,5.52428586728248,8.12138872696887,24,0.8
0.445115485610481,2.89770906641565,3.16175126983339,6.07987233090451,6.39146235517721,8.9876284050136,24,1
0.651305900431522,3.42868398760265,3.70986246280509,6.8032050997659,7.12634951251228,9.95513418246385,24,1.2
1.35126417023694,3.90848602560939,4.20520579668675,7.43809526244155,7.78971537133491,10.3413639592397,24,1.4
2.21678224372494,4.35103312957524,4.65906261253215,7.98515032362091,8.3355348377035,10.8238807233357,24,1.6
2.38584269851631,4.75548265767208,5.08132991503244,8.47982558065589,8.84044480997642,11.3573707382625,24,1.8
2.72970866238431,5.12834325813346,5.45825592465288,8.91803018636249,9.29416786762411,13.1350857900643,24,2
2.65198931736907,5.4616417069356,5.77787184143818,9.30539954267829,9.68946956730856,12.6819166598228,24,2.2
2.60125200004002,5.75959054732152,6.07612204277612,9.67750912943145,10.0564111109983,12.9386062524058,24,2.4
3.38803023673136,6.01081967269016,6.34246918157984,9.97644812855921,10.3912466450802,13.0346806720192,24,2.6
3.95128847904971,6.24298078460879,6.57617581750251,10.2748530578331,10.6810583968084,13.4946823874442,24,2.8
3.87302909750022,6.45674526771972,6.768563152019,10.5365950797625,10.9584704257005,14.393349252598,24,3
3.82027802647122,6.62645528176436,6.95728346861325,10.7882558068296,11.20984919546,14.6817785831598,24,3.2
4.28141562357908,6.80610167236315,7.12241157247241,10.9977764735239,11.4421815380149,15.790666441588,24,3.4
3.7659798026546,6.92555147091829,7.25672288564614,11.2073603379402,11.6561976919398,15.8603664107222,24,3.6
4.02298154276548,7.03401040968743,7.3700113572674,11.4007200870539,11.849767605529,16.0000706837623,24,3.8
4.66929913705222,7.13495512631846,7.47784475856979,11.5701054625362,12.0341898266644,16.364269442127,24,4
4.51881444852662,7.22651872497047,7.57547871226753,11.736159580767,12.2211666559129,17.0911340276917,24,4.2
4.80468473707795,7.29855577387514,7.6487567909361,11.890414951207,12.3870820860389,17.3249900796159,24,4.4
4.73060764877103,7.35688873868911,7.71877067925807,12.027354202611,12.4962716317263,17.1974698376052,24,4.6
4.99849266427257,7.42507080087417,7.78531975345155,12.1584069784131,12.6549478800728,17.976401084561,24,4.8
4.52558084723483,7.44732717727282,7.81559339784658,12.25324031253,12.7532136648642,18.2458809010488,24,5
5.10998761314536,7.49845196425398,7.85921446602434,12.3625515157793,12.8787342255443,18.1018689206729,24,5.2
5.15542964730998,7.52150009111005,7.90545614379833,12.4728318774337,12.9768716449153,18.425655311723,24,5.4
5.12925316671907,7.54698424491424,7.92144051995006,12.5706242787079,13.0932286500858,18.7834784439967,24,5.6
4.14274872513586,7.57260782378792,7.95976198168808,12.663288141578,13.190508483095,19.3601899762086,24,5.8
4.915492058733,7.60932007063262,7.97591553023748,12.7314742473464,13.2591865227977,19.9131170656515,24,6
5.21855878672882,7.62654447816778,8.00425625155548,12.8147314503845,13.362189186915,20.1061456751414,24,6.2
5.30895472513577,7.61721893006209,8.01486953896791,12.8930388785547,13.4296871487978,20.0988171742158,24,6.4
5.28834538349763,7.62931108722771,8.02649528831023,12.9464255376444,13.4867862614386,19.9287298874607,24,6.6
5.1397362170065,7.65708010757043,8.05689020522959,13.0013649433765,13.553130506847,19.8447661185977,24,6.8
5.20155108645715,7.66168571249707,8.05705252718737,13.079902110624,13.6471819826149,20.1590527899935,24,7
4.567800478084,7.68141828715744,8.07457335083193,13.1126543591349,13.6996933298156,20.8450400955812,24,7.2
4.66756213765292,7.67568757055605,8.07470261339912,13.1764288741248,13.7239245910497,21.2050044334335,24,7.4
5.3215556307497,7.69457259019383,8.07841301499416,13.2099155420792,13.7841166885579,20.6681025473402,24,7.6
4.75256524165963,7.69674456582597,8.09739834324692,13.2628709697536,13.8151894812769,20.6349974923629,24,7.8
4.11428105946789,7.7201550628021,8.1098704626732,13.2832320164079,13.8667347167134,21.3189839211988,24,8
3.84784508637738,7.7030970094788,8.10609163523081,13.3303182412806,13.9268738143976,20.8725543381171,24,8.2
4.67874495835573,7.69091508600484,8.12184335637443,13.3602970508449,13.9629911907612,21.362233396032,24,8.4
5.05288092581614,7.70382279041511,8.11452015006845,13.3799452529697,14.0138054936817,21.6249550443708,24,8.6
4.8779535973206,7.69267386584586,8.11745767160869,13.431350689323,14.0324570668274,21.7991176192443,24,8.8
4.83473355089274,7.71307397591393,8.1287561674083,13.4556049285527,14.0639930745832,21.664662570157,24,9
4.64816417891058,7.70347310053719,8.11944252082909,13.4738909924328,14.092701343158,21.9371601187551,24,9.2
4.6665280875313,7.69699506432838,8.1230771215995,13.5028285630476,14.1450884580552,21.8701211648246,24,9.4
4.60558358140211,7.7009180394556,8.12340548556526,13.5424350139198,14.1574601505009,21.7287199819477,24,9.6
4.72114931021937,7.7167954035866,8.12749695674812,13.5438401594213,14.1646682553184,22.0081192621067,24,9.8
4.90592511735164,7.71029161225621,8.11971760261297,13.5694635229818,14.1908572585104,21.9505411148079,24,10
-1.490680789656,-0.640904141728099,-0.537096117713774,0.532886989516525,0.639518523496586,1.40584347709181,25,0
-0.602540689374265,0.23964309075071,0.371921597327964,1.84572733359699,2.00426030152163,3.13503473904273,25,0.2
-0.475193830846654,0.987515984306044,1.1577402571174,3.1358857801748,3.34564985205958,5.33841792839235,25,0.4
-0.501555711915238,1.65794690169021,1.86761421036634,4.3315772329866,4.58792037777526,7.00450595152311,25,0.6
0.471816504475154,2.27945694055409,2.532143448776,5.41133594919234,5.71803842150219,8.87785485198007,25,0.8
0.33371191231301,2.89807999813223,3.17421548313207,6.39029156467544,6.72612428856039,10.2090702899828,25,1
1.31392051014103,3.4669092489228,3.77025924173836,7.26431886437019,7.65212052172507,11.3338213278036,25,1.2
1.77447745324293,3.99424260969641,4.33212624825213,8.06782421111144,8.46832407675874,13.0005167810745,25,1.4
2.16784850446601,4.49963450166452,4.85903112081348,8.79849495591724,9.21106544262526,13.8239704743389,25,1.6
2.29471600067328,4.98132384294777,5.36195360083548,9.46425112050869,9.90737128226729,14.5821790175807,25,1.8
1.90291136545161,5.43351901088668,5.8264838449803,10.0756600390837,10.5046807041224,15.2641884612045,25,2
2.52326768342058,5.86947359184538,6.27460506522918,10.6361039528431,11.0905310546097,15.1271725730595,25,2.2
2.49967289389409,6.30413374640309,6.69626242802116,11.1523297940428,11.6298779542457,15.8963638750689,25,2.4
3.80740669192413,6.66245166811353,7.09775375372836,11.6282238155331,12.1047223814344,16.5615680574387,25,2.6
4.20392564101536,7.04956453641594,7.46409051958004,12.0624929206242,12.5608342201315,17.4784558326014,25,2.8
4.21648164215611,7.3888637606374,7.82836213059126,12.4740333806653,12.9815280815977,17.5944362659571,25,3
4.69369807835423,7.73016518734265,8.13761081552398,12.8655280805237,13.3516072608387,18.5600105692034,25,3.2
4.41932152806414,8.00429344159395,8.43082237479887,13.2102283434635,13.7220687516272,18.2366648969544,25,3.4
4.87150136466884,8.26745949467954,8.71442468419195,13.5506684123388,14.0600648330247,18.4655820535815,25,3.6
5.08957318870945,8.52112635312522,8.9615556852324,13.8611937998038,14.3691137805165,18.5973425867588,25,3.8
5.40648528728674,8.74339960680935,9.20930143432632,14.1506435511013,14.666674591689,18.6392486893216,25,4
5.67169948182621,8.97182029615166,9.40665675726491,14.4321920279054,14.9480889458836,19.125461139424,25,4.2
6.08692769321296,9.16784875309829,9.61111976880745,14.6986556242894,15.2466741745575,19.3881750770332,25,4.4
6.51723880713909,9.3464655356487,9.79336202823435,14.9123498422471,15.4949710093628,19.9800322445553,25,4.6
6.79343951686351,9.51003218681732,9.96058910714086,15.1646951178516,15.7061222755842,20.0249687648682,25,4.8
6.71823445798626,9.66585324355468,10.1081480361972,15.3795330096221,15.9625425395414,20.6352976601553,25,5
5.94889862445263,9.81159123062671,10.2669606212235,15.5809067682911,16.1667167777302,20.9994916299071,25,5.2
6.3433032078536,9.9124262753263,10.3884354593132,15.7941712446236,16.3733315153616,20.9305333314096,25,5.4
6.26675962554822,10.0206703053551,10.4963714315772,15.9729089826752,16.5762939333917,21.9967804429567,25,5.6
6.55027456253871,10.1467338485749,10.6227846308254,16.1360518097845,16.7447520394329,21.7244352128498,25,5.8
5.69702810725748,10.2350020034704,10.7263578704375,16.310651856838,16.9162591692878,21.6488507381482,25,6
7.31807493336509,10.3058399626191,10.8057367367667,16.4720005691455,17.1032725616596,21.9030847669835,25,6.2
7.13150172075974,10.3745542273719,10.897024800834,16.6203249326951,17.2272115397282,21.9774674416869,25,6.4
6.90502637981916,10.4196943481107,10.9664149064774,16.7453418691692,17.380009285602,21.9293680142093,25,6.6
6.93404188159811,10.5036212943601,11.0372554362192,16.8848344151054,17.5570571115664,23.0059514154317,25,6.8
7.52383161349184,10.5371539654726,11.0939629535114,17.0013957853658,17.6691806254514,22.3261083146606,25,7
7.45958470699349,10.6308033553266,11.1403825452722,17.1358965400033,17.8073538266366,22.99902348501,25,7.2
7.3340427934244,10.6304759006288,11.2059287091255,17.2539365690681,17.9391286404724,23.5598578412454,25,7.4
7.35963225089895,10.6648939323801,11.2618442643399,17.3861893538918,18.0664897348511,22.8988545440757,25,7.6
7.41431009791592,10.7193849301797,11.2692294271962,17.4544595581695,18.1419034457224,22.8595855519717,25,7.8
7.49085325259827,10.7454675120063,11.3111214170949,17.5774134387182,18.2732006872143,23.3898627605924,25,8
7.8593127717622,10.7692700189189,11.3431142408842,17.6687596173698,18.3837190576063,23.2575332981139,25,8.2
7.36741284186298,10.8022209870844,11.3984311030773,17.7706837382708,18.4627273182651,23.4792762701453,25,8.4
7.38865102005119,10.8402940508457,11.41553685528,17.8583219664068,18.575298162937,24.5119690208083,25,8.6
7.38997882738208,10.8396502180491,11.4376407713292,17.9409884690814,18.694411672425,23.9452579048255,25,8.8
6.86002727689564,10.8842696847815,11.4619513970298,18.0223924477909,18.7682678143328,23.6933352727454,25,9
7.02710563892445,10.9152151039506,11.5008622102635,18.1127189247789,18.8211058607689,24.3350396211163,25,9.2
6.86750317863457,10.905327069505,11.5125330463148,18.1820250901967,18.9312829098734,24.3801616393635,25,9.4
7.35486640680202,10.9279493489734,11.5276842819379,18.2432673613876,19.0110353453797,24.3650653720504,25,9.6
7.53091873164354,10.9113732838633,11.5386266178841,18.3117327312488,19.0674590987282,24.1616594141377,25,9.8
7.0813772461033,10.9514475295548,11.5380692540055,18.3637205636709,19.1513502646701,25.03689670165,25,10
-1.51757746001908,-0.641761687727855,-0.537970882082824,0.534784446449935,0.647624047990008,1.35146156407913,26,0
-1.59596807041912,-0.0704846297206427,0.0666343019725902,1.43231039487869,1.56702083470094,3.23459827898967,26,0.2
-1.86487580834246,0.421614686035035,0.575449390078803,2.25228845664585,2.43139824379199,4.90488557591949,26,0.4
-1.10437666437171,0.847374514539937,1.04443923686537,2.98171482313639,3.18062612186622,6.48641202178439,26,0.6
-0.915937102132978,1.26137860943609,1.46510817865584,3.61734055907681,3.8418213166967,8.24550562673493,26,0.8
-0.992264823433326,1.6371582536989,1.86188679166493,4.16324446799841,4.41256116834267,8.5570397438762,26,1
-0.347302290562756,1.9820389705634,2.2229494024182,4.64784450369923,4.90618946575869,9.56263292765163,26,1.2
0.108441073849272,2.30207210626829,2.54138285697337,5.07245729525734,5.3303271166369,9.91222252502553,26,1.4
-0.0873532262283264,2.58113885924407,2.84610228745232,5.44977979136303,5.72413822759033,10.2946666783712,26,1.6
0.446572855086316,2.85824162480308,3.12495150658601,5.79291933023586,6.07981556235881,10.7165958828651,26,1.8
0.312427970271286,3.1049033678543,3.36295010695691,6.09119702291889,6.37384895729632,11.7623945399801,26,2
0.642326654337494,3.34236153237438,3.60636589255365,6.3608310820264,6.65517993639697,11.6240930399912,26,2.2
-0.227771856035834,3.53239531149687,3.80799737905085,6.6155880105073,6.90964873766371,12.0500940307365,26,2.4
0.03001920291949,3.7264854858717,3.99042156272145,6.81966769220063,7.11493036020664,12.5316292041776,26,2.6
0.392554717820021,3.897717651351,4.16516230385882,7.02340826347896,7.31702978963927,13.3232753574292,26,2.8
1.19845017366159,4.03427385255068,4.31628736053021,7.21021834348432,7.51869466202538,13.9621725327326,26,3
1.60331970998158,4.1749084007705,4.44104209975266,7.37952782287652,7.69499237879144,14.3079018175565,26,3.2
1.26228734502394,4.28835318357187,4.57112857378395,7.54470962225279,7.8608806127523,12.9781254567966,26,3.4
1.8652049523299,4.40027079401066,4.67211296503062,7.68884746080398,8.02550682542772,13.0920289108038,26,3.6
1.61110465282226,4.48405026560752,4.76721635926293,7.80277455272732,8.14556431929603,13.0267453836408,26,3.8
2.12541680319241,4.54637513108454,4.84638425622288,7.92888624351751,8.26868276781015,13.8440547193705,26,4
2.09500225524232,4.63368406002154,4.91361029269821,8.04543991079358,8.39558905952964,14.0073559720752,26,4.2
2.05976013974338,4.68636962178749,4.96909200389677,8.1471346260998,8.48499761544116,14.4142603008525,26,4.4
2.14619703599283,4.74210471015238,5.03552576342347,8.26463021319446,8.60850419927307,14.4144608866258,26,4.6
2.33860959087767,4.79358391216804,5.07945367227217,8.33273072162756,8.69637030797489,13.7837938306743,26,4.8
2.21935022626869,4.84045673755664,5.12578670057852,8.40888419558337,8.79118948357384,13.5232355310866,26,5
2.81204028477714,4.86113476598056,5.17130609098312,8.48593188285123,8.85763427222466,14.6776705870839,26,5.2
2.88199106081794,4.90117767371815,5.20137580548707,8.56276878977195,8.93783718612644,13.7623925922834,26,5.4
2.77688188755253,4.93124394428605,5.23942489052799,8.63843244207505,9.00947317123302,13.7622360974716,26,5.6
2.95665481780455,4.96297705185683,5.25593844463859,8.70575435437456,9.08017980191612,14.0673565361787,26,5.8
2.29774050535144,4.98888986069712,5.27464131254835,8.75617109121913,9.12725953104617,13.2149122872928,26,6
1.74355090353562,4.99720647063968,5.29667990031457,8.79483787288259,9.18609624418839,13.0929223612773,26,6.2
2.48246261864033,5.00434126549055,5.31769167217941,8.84075922832368,9.27856407556083,13.7688434690421,26,6.4
2.33065466780881,5.01209047027968,5.32102247358342,8.89581826051496,9.30024902938922,13.9142712514922,26,6.6
2.36377542777736,5.00680538312322,5.32295634154299,8.93108186912493,9.34194603866234,14.1435033824834,26,6.8
2.21995228227649,5.02693407265265,5.34175410518779,8.98097197843312,9.3870773105612,14.462236956601,26,7
1.46159103237564,5.04703263592675,5.35881390936016,9.02108907837428,9.44074836509437,14.3296036275903,26,7.2
2.25121692759539,5.07912799668203,5.38372651698521,9.05123790513413,9.4566799996425,13.7315728645778,26,7.4
2.73378372857264,5.04421718863877,5.37974947523131,9.09222218589042,9.52169318970124,14.3353759208749,26,7.6
2.19995825618661,5.06032091834186,5.38230701111013,9.11039373554543,9.52737290981117,14.0217388091883,26,7.8
3.03709237757153,5.0543811262285,5.37240108976827,9.14637687367232,9.57181268596167,14.2638266903754,26,8
2.0849004032635,5.07184617824663,5.39903846657199,9.1899775237082,9.61287653692108,14.3910800519877,26,8.2
3.16588820314472,5.08668510750787,5.40073995895566,9.2007025910133,9.63483733441587,14.2399172697929,26,8.4
2.79424226401658,5.07983386069308,5.40832409418239,9.23046163516207,9.66279690054993,13.7841670051346,26,8.6
1.95866331495502,5.08379022259406,5.40395672021219,9.2349473576569,9.67995888135257,13.7175845327723,26,8.8
2.00112273954911,5.08004176320167,5.40116801426618,9.26278165752282,9.69339474143682,13.1759034309511,26,9
2.92174872518477,5.07514524017266,5.3997665418159,9.28744177207029,9.70834523328354,13.5424233321542,26,9.2
2.87555961455085,5.09542264677824,5.40719904774223,9.29799053661871,9.75341212167507,13.3635465316441,26,9.4
2.92935070568415,5.08253974924494,5.41080385922775,9.31191104294442,9.77101527540056,13.4986139253245,26,9.6
2.93730863408162,5.10533553503515,5.4203581852455,9.32782726017566,9.79445400075204,13.5831678917131,26,9.8
3.26750120870366,5.09261396678109,5.41511699636731,9.3496961220777,9.80233381401937,14.5717347286161,26,10
-1.48317101472427,-0.644142232728348,-0.538898686518345,0.540756257186961,0.64393336067905,1.27776804915557,27,0
-1.35561447348572,-0.130149499328523,0.00257059728454132,1.37882158407432,1.52664903329802,3.66849151472613,27,0.2
-1.41258847491711,0.298599496178108,0.472137633144192,2.14075277741115,2.32777586418506,5.43866320485827,27,0.4
-1.26979332356896,0.69775927909229,0.889264918091124,2.80851921596813,3.02589202685098,7.29922946313998,27,0.6
-1.1406288030029,1.06583964585401,1.27178550965253,3.37367016054119,3.60617297009023,8.78455034124351,27,0.8
-0.805422238222175,1.39411594587253,1.62832071050362,3.87361434698489,4.13513675005146,9.69930512040563,27,1
-0.989681721209819,1.69949880742447,1.93674875615078,4.31338185206921,4.58745253529856,10.0501803584222,27,1.2
-1.14200410056315,2.01309560102377,2.25357976544094,4.70027418383777,4.97374450371805,10.7432817694795,27,1.4
-0.50777586997999,2.26348495826281,2.5213159297654,5.03651786971453,5.31942178779438,11.0074729742868,27,1.6
-0.163129170029633,2.51396410976545,2.76585661499314,5.33486311912248,5.62505104879855,11.9959315623146,27,1.8
0.338523837352713,2.74549541252287,2.99150381294416,5.61789698792209,5.90571466665427,11.8477313679263,27,2
0.219985631621433,2.93462001183154,3.19850937597378,5.84866064008248,6.14701547315822,12.6480844830354,27,2.2
-0.419827512394363,3.10261749226166,3.36716530980034,6.06545330959159,6.37273246225139,13.6897119157527,27,2.4
0.145577195038766,3.27644960207865,3.5442397416308,6.27340242827137,6.59515218921298,13.4710852846417,27,2.6
0.44054643546221,3.43215112566917,3.69351575555471,6.45855381895594,6.78168200867698,13.875095742751,27,2.8
0.00328129254663184,3.56478882800833,3.82712322486952,6.61492225903707,6.93398711689446,14.0558208429674,27,3
0.0864420259460489,3.68218832625516,3.94859568669089,6.7711110456264,7.10265728070233,14.6154253141801,27,3.2
0.37226121638288,3.7854156961825,4.04899113236146,6.9040798018894,7.24295192602529,14.4751234025765,27,3.4
-0.0964555573273709,3.88730210902382,4.15501188464818,7.03866044172631,7.39704622520051,14.8171977670435,27,3.6
-0.0965218791529132,3.95102847473807,4.21489894367582,7.14484305458513,7.5094179788349,15.3515228961618,27,3.8
0.169839925847667,4.02710437425678,4.30179006416632,7.2538858938304,7.60475946872826,15.008052867803,27,4
0.549427043023632,4.0825587448527,4.342145879241,7.34022438335222,7.71569657498956,15.244879728911,27,4.2
0.709187806343813,4.14983478777998,4.40726898157915,7.44355424809048,7.8011976801565,15.8479976320192,27,4.4
1.52492195599757,4.20175025543177,4.45859588255617,7.52357918370487,7.88556801916411,15.4986036773884,27,4.6
1.41436656504525,4.216580478068,4.4924028921679,7.59209116024162,7.97945666643147,15.305600095269,27,4.8
1.36383845848615,4.25541352611235,4.5331792636377,7.6776433281556,8.04841107231289,15.5799064039812,27,5
1.44934951917885,4.28064857131707,4.5697523023034,7.73979724750491,8.12206156242001,15.6479308462372,27,5.2
1.06039797206739,4.3238312606527,4.59700698410687,7.80436946971186,8.18765853131434,14.9894365179517,27,5.4
1.28504971788441,4.33061770251281,4.60913075313214,7.86817064804907,8.26433651399406,15.4820454132842,27,5.6
-0.194320137959384,4.3642966839135,4.64226756208014,7.90508994076283,8.31281787630268,15.3622886576889,27,5.8
-0.149734531448833,4.38573612233096,4.66145787002605,7.96465163320066,8.39231366187477,15.9121901345017,27,6
1.84296195601386,4.38161626763766,4.6724977392658,8.0177712825499,8.41463346325202,16.2536451526413,27,6.2
1.15285013341954,4.40912424876145,4.6999671748388,8.06253245582761,8.46761583451111,15.5850634457455,27,6.4
2.38507282062596,4.41673753919321,4.70871730533,8.09648705640273,8.50137542834278,15.4382061243626,27,6.6
1.79301911027357,4.41810309691917,4.71536139548988,8.13377088969692,8.54420384352013,16.0292217119847,27,6.8
2.18994735868294,4.44204539825871,4.73807158339734,8.17431492362865,8.59255095865203,16.2075198853354,27,7
2.26532389468059,4.43593223211544,4.7395723253723,8.20230338777631,8.62852982033621,16.0114805637625,27,7.2
2.38526473710432,4.44264675853924,4.74900467140591,8.21558115378384,8.65023016408663,16.4627315871471,27,7.4
1.98874033560997,4.44203935738228,4.74124876392131,8.25508800023258,8.69605203905018,16.0257218845538,27,7.6
1.70933387180331,4.45409121808889,4.75227907229324,8.28853326992408,8.72402197473361,15.7578586505607,27,7.8
1.83989886813054,4.46309259184182,4.7588350612775,8.30506900574159,8.74894410512383,16.0371910986342,27,8
1.63934155213537,4.48156181746625,4.7701613786289,8.33671002469195,8.77000442589429,16.0328190653269,27,8.2
1.59985136426647,4.47164703009988,4.77085631095182,8.35308535485908,8.78720327979069,16.0748300332739,27,8.4
2.12311864957455,4.48286802193072,4.77578362857936,8.3794921881127,8.82586420506374,16.0223039848273,27,8.6
1.46275933655703,4.47215144686354,4.77280615397349,8.40198580613744,8.84966732624667,15.7454309548122,27,8.8
2.0613066387221,4.47858209315467,4.76471099571211,8.4023570051656,8.86083342901214,16.4014352712152,27,9
2.21958225709122,4.48116905901531,4.78422356404821,8.42064481355378,8.861739128969,16.155412253985,27,9.2
2.53713852742903,4.48758166411569,4.79344907132004,8.43029122347394,8.89183870109748,15.6714880951691,27,9.4
2.31066851762745,4.4881756370023,4.7903494877333,8.44184055336923,8.89523721803022,16.3746300459213,27,9.6
2.75296726544075,4.48489340115679,4.78411346501027,8.46589431600524,8.89589060323209,15.8016674466859,27,9.8
2.25185781050784,4.48231326694044,4.7820317421925,8.47723015883981,8.94284487174862,16.7159866975263,27,10
-1.34146137083174,-0.640375656577801,-0.538332790767841,0.53721958494669,0.648214597649163,1.27879520011185,28,0
-1.2027629816339,-0.190740945549929,-0.0664427300818366,1.24446668002007,1.37444433909799,3.78586615572854,28,0.2
-1.24904552862638,0.201833733973652,0.358706722412982,1.91517438923454,2.07521995904809,5.07588058335695,28,0.4
-0.861434284284177,0.569577250391608,0.740988725192137,2.52653913545818,2.71754158217195,6.65587033043449,28,0.6
-0.557959447057752,0.903647848365045,1.09416056452038,3.07535847016151,3.29241951399464,7.51705331810896,28,0.8
-0.383399857439518,1.21302376066502,1.41508355265306,3.57892778672409,3.80175511970389,8.8041367407637,28,1
-0.0554727777394185,1.51743952060974,1.73278722610622,4.01436576989143,4.24390943100384,9.80487459837421,28,1.2
0.193458054556705,1.78021143281441,2.01540254886065,4.4116724246822,4.65544927029487,10.5793337191352,28,1.4
-0.0587945986800401,2.04501087621217,2.28426592867511,4.78409027841038,5.03878546263167,11.0128772905513,28,1.6
0.468413038490307,2.29199035854717,2.53229445215221,5.10574117087449,5.37342803203733,11.3062583783084,28,1.8
-0.214696344744677,2.50890696106092,2.76097628557529,5.39952136386877,5.67708100387897,11.866348979632,28,2
-0.0789058767049583,2.72806623677164,2.98818615228614,5.67340656271831,5.95958442035746,12.636175411667,28,2.2
-0.0764198870209301,2.92379465413363,3.17732014437466,5.92898659674775,6.21310623247913,12.4971847362318,28,2.4
0.627302641807042,3.11134672889138,3.37623225893296,6.15307391141145,6.44773903284157,12.8027199199118,28,2.6
0.874209996912656,3.28764768481135,3.54808587284615,6.35699545955717,6.65270737363847,13.0955744468202,28,2.8
0.875471452426972,3.43482047277594,3.70386735589427,6.54775219939234,6.84487971660987,13.0738417340298,28,3
1.10390447958889,3.57171704130689,3.84196061496529,6.72220485772008,7.01970979438812,13.2321198850293,28,3.2
0.871975033729623,3.70682320333451,3.96720288171415,6.90095907181701,7.19935657019048,13.3575138272412,28,3.4
0.844776669679266,3.83567352310536,4.10491420841907,7.0330434792904,7.35406059671093,13.5358604941516,28,3.6
1.05474639835141,3.93854652313469,4.20539747923782,7.18248164681796,7.50175494939809,13.636145631328,28,3.8
0.832861660179842,4.02671512556879,4.29637448225163,7.32327283850636,7.66153375816465,13.391285363443,28,4
1.17976717796827,4.12027083667554,4.3868279050844,7.44169044509906,7.78652842745037,13.6967889935524,28,4.2
1.55921615305058,4.19624320018524,4.47431058154334,7.55808572679635,7.9000189984255,13.6283745693589,28,4.4
1.25951223788559,4.27027354770176,4.55404408297861,7.6690235248598,8.0151536480564,14.3548757026082,28,4.6
1.31353026638639,4.33481131693024,4.62367615075347,7.7703575699885,8.12525948803981,14.0688652147723,28,4.8
2.11605509796487,4.41037320042776,4.6742004091609,7.85520174782024,8.22021860588946,13.6113394043223,28,5
2.06676651092857,4.44234017286433,4.72143155584822,7.95599348860515,8.31965382701706,14.2066343939102,28,5.2
2.66114550152473,4.50635684550305,4.78751574667316,8.04772035686962,8.40339663613952,13.6914821296451,28,5.4
2.49306444681066,4.53710968266491,4.82400966251801,8.12092756522001,8.48733544603592,14.3837854154567,28,5.6
1.91778016482311,4.59490014612071,4.8776157919781,8.19944694655526,8.57177872952912,14.3420786147087,28,5.8
1.16370616501851,4.616598389184,4.89945035308341,8.27180905356643,8.63829532543716,13.8740788224908,28,6
0.845522094121288,4.65445564460144,4.94665416420304,8.33518743703221,8.7353024078724,13.9786910958177,28,6.2
2.19197643723761,4.67791862379385,4.96852393229541,8.40111324748081,8.79111696093405,13.8525169595946,28,6.4
1.46213759329789,4.69779802674045,5.00262637657073,8.44138336352951,8.8361522497334,14.1862229777336,28,6.6
2.2365529652373,4.7150457142827,5.01775337739278,8.49266498306786,8.88316925512646,14.0737832807011,28,6.8
1.7115259950121,4.74201693568688,5.03575268847413,8.54890295106081,8.95024603856193,14.3270474013438,28,7
2.32068637758625,4.76535279263973,5.05604294994476,8.59804593119031,9.00051390472318,13.9996467548983,28,7.2
2.41762019345822,4.7623474207292,5.06658423743109,8.63717308228476,9.04796906502809,14.3792664588975,28,7.4
2.81775259636127,4.78851537842827,5.08802970245874,8.68798365291945,9.08232450940273,14.3113983028933,28,7.6
2.5412749972169,4.79051797341269,5.09699496860042,8.73789509496658,9.13077757342079,14.0329550792003,28,7.8
2.48815173511067,4.80610574487147,5.1147130533097,8.7642303656178,9.17714792350873,14.0568627533168,28,8
2.25164448442946,4.81207661310062,5.1222942241416,8.8118806187093,9.2349230709664,14.2939832934808,28,8.2
2.51517513523935,4.82788764750155,5.14300301527133,8.8357888875935,9.28586381260594,14.1654821355781,28,8.4
2.55237473647446,4.84375426274471,5.14532120873501,8.87807926579045,9.29071256391181,14.1304651927882,28,8.6
2.80396023237451,4.84592281840357,5.15950942543301,8.90958254261788,9.35385067083687,14.0558080235911,28,8.8
2.85835882125609,4.85116371222818,5.16389974975049,8.9338118425005,9.37238030172235,14.208637125509,28,9
2.86069264781947,4.86132828332015,5.17202322972325,8.9676783388828,9.41794100540616,13.8356649805986,28,9.2
2.00227803824381,4.85071929636792,5.17156317681917,9.00591815006101,9.42916770602304,14.6295689293563,28,9.4
1.47373493067343,4.85743042022289,5.17317525504575,9.02675406569066,9.46531530433715,14.1161776493015,28,9.6
1.45297110446281,4.8749878534596,5.18481741117655,9.04422595054572,9.48009825628278,14.2168015118837,28,9.8
0.96661501310525,4.87788205616445,5.1957160910306,9.0656639488593,9.49205688061454,14.6128195625581,28,10
-1.41923343057425,-0.63372292197133,-0.532118456390767,0.53607762531644,0.63926977119021,1.24882376852809,29,0
-0.730044744130685,0.404216424268911,0.550624998454604,2.07485880274921,2.22829753380138,4.04045235841145,29,0.2
-0.260683364525475,1.23944371515626,1.4186809449392,3.42135250560309,3.62878532006395,6.39532509657326,29,0.4
0.24296807883049,1.97053260865575,2.17487986323658,4.5142411256333,4.7586432687403,7.82374188931905,29,0.6
0.368385510624704,2.61440321190499,2.83885848096364,5.40449791751347,5.68686280673208,9.66256765480503,29,0.8
0.5862138279799,3.17998169575725,3.41987450995414,6.14086738681702,6.42168792467289,11.0693721716933,29,1
1.3981807752155,3.68309868415271,3.93661169071568,6.77524430837654,7.08327211279436,11.6986695010777,29,1.2
1.05513969965477,4.08786565673377,4.36954666887799,7.30189943753399,7.61961856870398,12.9220137320818,29,1.4
1.75794055831651,4.46607914466498,4.74799214987066,7.75043590650481,8.07758173377375,13.6076914410038,29,1.6
2.12880757670281,4.8011484500194,5.08460498826014,8.1420892574215,8.49279704022621,13.3459759978198,29,1.8
1.84118461822826,5.07313099777037,5.35795824909094,8.48834999998482,8.84347487423264,14.1402482185455,29,2
1.7592414625006,5.31471189036957,5.60105216639201,8.78461044762726,9.14389571819371,15.5190486032784,29,2.2
2.78472326500536,5.49867428177946,5.77344995854171,9.03970754456418,9.42633716720817,15.1023927042627,29,2.4
2.49038427845515,5.6362505881646,5.92472398211272,9.274479058201,9.65426028585261,15.1709366141769,29,2.6
3.53539333169064,5.77396759543533,6.06177730990358,9.47426574805178,9.86505796813659,16.174013668768,29,2.8
3.83266094169435,5.88569447905599,6.16251748051638,9.65270683582929,10.058600803251,15.8347909888173,29,3
3.82971080344927,5.94411188345357,6.24656735266639,9.8382160269474,10.2417274406489,15.5976344844681,29,3.2
3.76041065636437,6.01003675439873,6.32154766981412,9.96040409464002,10.3998589383252,15.917093010781,29,3.4
3.58952785639297,6.05527014503114,6.37881893409824,10.1124832820974,10.5336027096803,16.3065755672584,29,3.6
4.01731442337584,6.09881647351268,6.40343844552712,10.2327669105824,10.6786644068612,15.7362396391419,29,3.8
3.99457718674058,6.12222611272501,6.43992035249311,10.3425734383422,10.7999211153754,16.1356416889601,29,4
4.04820111298527,6.1644237823777,6.47553835462976,10.4455730444281,10.9017892642819,16.2811945573678,29,4.2
4.1989997027436,6.18102521644583,6.50124110887283,10.539936136648,11.0063513581524,15.6472507522888,29,4.4
3.9974563232794,6.18037129630098,6.52449091551884,10.6119045541829,11.0993399453523,15.6800348441129,29,4.6
3.85690368090999,6.2017936318698,6.53585820697222,10.6776746504031,11.1823909329019,15.7615551863025,29,4.8
4.36245458357681,6.21884602975253,6.55260870634539,10.7414816930388,11.2421723870033,16.3093849674279,29,5
4.1668891805886,6.21888077747781,6.55358613469753,10.809040020576,11.3073015237236,16.2930578565173,29,5.2
4.29708712406716,6.23223677868766,6.58305427601742,10.8739049069052,11.3762587101843,15.7103175892169,29,5.4
4.35729568382352,6.22590136290901,6.57645334510622,10.887461734838,11.4165017226122,16.0875067544624,29,5.6
4.0568805587427,6.24214016579286,6.58217805725489,10.9633984753157,11.4864843961327,15.8544417593702,29,5.8
3.87554035555594,6.23764820622564,6.59164133764224,10.9868441450955,11.5142297770303,16.5488572245697,29,6
3.50412309908271,6.24332080124313,6.5964561908997,11.0175162473941,11.5595157897264,16.0078584155664,29,6.2
4.18008642225689,6.23916819743849,6.59770550989936,11.0448725321196,11.5852774457655,16.0400734250255,29,6.4
4.19540893514014,6.24023190737331,6.59973001899119,11.084825390434,11.621215152753,16.5429508003441,29,6.6
4.05084054110249,6.26079627036199,6.61442530837144,11.0970839587289,11.6358839014239,15.9818360182203,29,6.8
4.1182503964973,6.26386934468518,6.6076169536726,11.1411011664039,11.6634943819808,16.38663144186,29,7
4.13509064673052,6.24675409474358,6.60432419418265,11.1567074597826,11.6814382071106,16.1366721805277,29,7.2
3.80031879195249,6.25455911010676,6.60138830318344,11.1763739771479,11.7495920467675,16.6455696633189,29,7.4
4.02620388440532,6.26327101844602,6.61034481766059,11.1968634996381,11.7628474291452,16.7130599689365,29,7.6
4.18045826007706,6.25850585250974,6.60912925434087,11.2175935565477,11.78135716524,16.7080666506592,29,7.8
4.45495757424869,6.26124167967634,6.60931798248323,11.2347069892784,11.7841307964645,16.9295764213828,29,8
4.35200028852062,6.24623360797847,6.5948880104436,11.2377758759708,11.8281731852018,16.9981139170095,29,8.2
4.1588373944192,6.25254177003137,6.61475960712974,11.2647905178446,11.8374484502124,17.0541667783766,29,8.4
4.30334179091306,6.25655646392502,6.6182162364407,11.2649153258615,11.8435917898053,16.898387844539,29,8.6
4.32295924349513,6.27093549426759,6.61736889590203,11.2737299656636,11.8504647599866,16.6401062313323,29,8.8
3.80353860366538,6.26777160918245,6.60923624228497,11.2990391435862,11.857454859553,16.905543397693,29,9
3.77114819889237,6.29059719842161,6.62820473393014,11.2992180387484,11.8672922010939,16.5263742057125,29,9.2
4.28787777559209,6.27338045508375,6.62077871511149,11.2991219942685,11.8649965953163,17.5500858810366,29,9.4
3.84458289365716,6.27409156294006,6.62381839548697,11.3077825384075,11.8812668220911,16.9120581086165,29,9.6
3.42926510319659,6.27492158930436,6.63544184290262,11.3200235064327,11.8897516055614,17.0510880438961,29,9.8
3.41770956785089,6.26270306211698,6.62181232470343,11.3126862850761,11.8858582122946,17.2145400081202,29,10
-1.44297364401746,-0.63720248433325,-0.534483545457515,0.542549843014445,0.642253829797095,1.23749369612506,30,0
0.385256915838538,1.75667791940692,1.95114664702284,4.99545668459882,5.40437880775798,7.84230343455668,30,0.2
1.73374274160082,3.57498930641111,3.85518081843713,8.2899046662033,8.83559690456254,12.9609712805358,30,0.4
3.10923195088987,5.13418195825831,5.46919571556892,10.628236666296,11.2412263287227,16.8751580421178,30,0.6
3.63317767153652,6.46518187834158,6.84502988123243,12.2842100404292,12.9316060455865,20.3947014443371,30,0.8
4.58670306575002,7.60335759595645,8.00350302988841,13.4998260905438,14.2573772287078,21.6873119123581,30,1
5.80942789633307,8.52771775949878,8.92313995691604,14.448792515318,15.2379625167366,22.9380889625481,30,1.2
6.96363218984543,9.26656618217237,9.66610439844117,15.243022269569,16.0268266653494,22.9887379380126,30,1.4
7.24809510488344,9.83439053733112,10.2350596134281,15.8664781906698,16.7121848302224,24.3328209615836,30,1.6
6.886543810134,10.2373121845722,10.6729194695671,16.3762215400866,17.1973285689368,24.8010718366604,30,1.8
7.08945824601733,10.5181571463514,11.0012492023402,16.8142823989515,17.6098615345347,25.0939836553776,30,2
7.35130366418814,10.7021464698212,11.2044554460415,17.1883282689697,17.9931687586118,26.5036355235536,30,2.2
7.29973362610494,10.8244035110709,11.3587268155516,17.487075151665,18.33886677107,27.0619418375024,30,2.4
7.3144196950118,10.9293304107182,11.4771543488584,17.7800568908618,18.5903666631383,26.536506934258,30,2.6
6.73937972704175,10.9926853878687,11.58043813271,18.0212562491198,18.8673071694877,26.3066296757945,30,2.8
6.99875003004612,11.0416511298647,11.6303427298942,18.2441277858471,19.0646026771655,27.1534087300095,30,3
6.9069566692272,11.0462888600618,11.67000112992,18.4373604317872,19.2590565811875,26.3024963857282,30,3.2
6.9948076892222,11.085331127443,11.7057384609418,18.621065253764,19.4508442251415,26.7452902731218,30,3.4
7.29940387126464,11.0860057343774,11.724991419345,18.7714896253835,19.5920457302239,26.8491886802552,30,3.6
7.51869891179775,11.1177213126711,11.7580289269863,18.8980667169312,19.7114025210833,27.2896173152844,30,3.8
7.42196218533668,11.1113072243818,11.7661574004765,19.0073832769018,19.8698083484921,27.1186153157266,30,4
6.59718048312024,11.1178189390445,11.7611954956705,19.1180860168365,19.9752468603781,26.8713688582522,30,4.2
7.19760686558197,11.1270248249954,11.7638560544724,19.1982130947646,20.0945392019086,27.0226408224336,30,4.4
7.52499522481792,11.1387338162421,11.7858162251831,19.2711380148224,20.1839646260668,27.1066639137064,30,4.6
7.36552473245377,11.1325121387231,11.7781294856875,19.3654565049022,20.2588347956161,27.0825952344385,30,4.8
7.15252227951931,11.1452687807386,11.7760217452517,19.4151133711643,20.3344344791765,27.6203190984532,30,5
7.52545031973855,11.1456097434031,11.780894055663,19.4749438835135,20.3906800824096,27.5588251725893,30,5.2
7.6859124317143,11.1331504827315,11.7803707496914,19.517216938049,20.4232562283219,28.6705348053009,30,5.4
7.51135159624339,11.1445844974605,11.7832714532197,19.5847087247067,20.4619472192347,27.7614050222683,30,5.6
7.03371362422073,11.1455479771415,11.7968578269669,19.6222767443459,20.5363922807658,27.4307671599378,30,5.8
7.65225682769345,11.1240043138269,11.7879985101204,19.639872216438,20.542654760876,27.6668048042308,30,6
7.46696990379932,11.1385991885749,11.7998888792602,19.6839837835034,20.5787831077787,27.0516118554618,30,6.2
7.37992982705975,11.1385878866071,11.7880845425721,19.6876668972925,20.6400839754142,27.8694007024137,30,6.4
7.19160190306303,11.1331905705382,11.7848002779544,19.7208266265221,20.63556511144,28.2425869231024,30,6.6
7.28447902326537,11.1468413706079,11.7891977500334,19.7572625427671,20.6711258555351,27.8233878570096,30,6.8
7.71290533048866,11.1507205214773,11.7979824197864,19.7815758126363,20.7016241747341,27.5184865460389,30,7
7.16042868413702,11.1377200369434,11.7932835138152,19.7858336277504,20.6901976348707,27.6634618507941,30,7.2
7.32057840657687,11.1488314905778,11.7949254779322,19.815618469061,20.7188000972474,27.6091525252231,30,7.4
6.98033227616356,11.1403624495245,11.798666660628,19.7887319514005,20.7456840150737,27.9915330394345,30,7.6
7.26660211651994,11.1225679726721,11.7855791271841,19.8231212284625,20.7671812020304,27.9748661455983,30,7.8
7.53219577907238,11.1416048511698,11.8039049416052,19.8352849847141,20.7647858771129,27.6817849274905,30,8
6.93946482734559,11.1671497454974,11.791755384913,19.8195745975913,20.7844496818219,27.3575368545376,30,8.2
7.46864961340768,11.1590134793516,11.8059150109911,19.8304185915471,20.7949227644646,27.7675262117358,30,8.4
7.40948088771478,11.1478409956419,11.8007339414494,19.8336632303698,20.7993382806784,27.8079132400324,30,8.6
7.14850269471249,11.1644970797365,11.8087455540165,19.8574888586474,20.7939071209352,28.082460529898,30,8.8
7.52063316858681,11.159038676549,11.8054074567932,19.8605735613215,20.7949496178739,27.8951688516677,30,9
6.98426673662606,11.1519053688832,11.8086177273829,19.8697109310897,20.8083565033383,27.4007122874097,30,9.2
7.15845694913514,11.1543306049188,11.8171221555289,19.8690872531328,20.8105193874106,28.0089289605965,30,9.4
6.95030860143885,11.1522671602113,11.8089689238517,19.8758990769884,20.855642228752,28.1330713372896,30,9.6
6.80468116206836,11.152132149744,11.7936822087035,19.8752458261335,20.8549334904571,27.8858376604438,30,9.8
7.11327742285798,11.1698943003822,11.8173769972382,19.8783411978666,20.8448884876904,28.4662105745063,30,10
-1.30818285851647,-0.644284641162773,-0.53883503289861,0.532361447538539,0.637828228384987,1.38103639411639,31,0
-0.543578267339031,0.383774111986686,0.521334784498415,2.06669034965455,2.24272438694608,4.14855207477238,31,0.2
-0.232578518426903,1.23199859581881,1.40351544043406,3.53640079631318,3.80280702302011,6.55589063192697,31,0.4
0.115208710165869,1.98183925310388,2.19555981962541,4.83823508857924,5.18125518753533,8.4023223222908,31,0.6
0.479185982923415,2.68551679254496,2.92385105994307,6.00280168373272,6.38529379696739,10.8836610611665,31,0.8
0.740868334624318,3.31695415055442,3.59484221909058,7.0269161203778,7.42316015074373,11.7584693543884,31,1
2.07933829844466,3.92784353649013,4.23250085798535,7.92915308262412,8.34798278570905,12.9356185842864,31,1.2
2.17142013240404,4.49560457363704,4.81152121916819,8.72483304027266,9.17538037851372,14.9074445364702,31,1.4
2.62357750103424,5.0005349095965,5.36039242491498,9.44260340539799,9.9146994394409,15.0091679780974,31,1.6
2.70674275716827,5.49828352796485,5.85486515095676,10.108523094079,10.5809269999234,15.1982790453548,31,1.8
2.87338325664996,5.94153954154895,6.30778332771107,10.6618751627071,11.1518545637976,15.8624683153696,31,2
3.36062874747358,6.35108118386897,6.74792680199183,11.1919637798513,11.6848189073907,16.2801495419982,31,2.2
3.44318846569301,6.75581378628756,7.1306359388021,11.66248613866,12.15019418979,16.1968931035587,31,2.4
4.25623910071436,7.08391157434864,7.47824561026556,12.0950846423967,12.6167472791606,16.7115751473923,31,2.6
4.18187425706507,7.41572109060137,7.81563149782616,12.4851185472053,13.0089367052517,17.2207745022886,31,2.8
4.72382407978694,7.70446452905822,8.09854318880514,12.8502533571058,13.3768694678031,17.8334386189349,31,3
4.83143385291472,7.98325276889115,8.36122546498822,13.1914604209287,13.7484082494723,17.9459633979442,31,3.2
5.24302701379941,8.20347248487212,8.61326578401424,13.4974266833302,14.0783845680537,18.6681810289303,31,3.4
4.85476716332551,8.41073638039234,8.8205548848545,13.7784543008834,14.3801363589424,18.6615938055402,31,3.6
5.3409404793787,8.59701535964743,9.0121767975806,14.0648422749309,14.6554270157109,19.2082960251527,31,3.8
5.48287180283968,8.75576213718547,9.18183639200812,14.3097051922055,14.9077851141802,19.3294584927175,31,4
5.71137669070677,8.92790177195232,9.34457776310587,14.5455661589844,15.179062489823,19.8046768768715,31,4.2
5.76666820689712,9.05578353256895,9.47530408692535,14.7598349847192,15.3960448829277,19.8718943725861,31,4.4
4.75691226350792,9.14571445318906,9.58064267370757,14.9852757437108,15.6144891108196,20.2368744054402,31,4.6
6.20792931640023,9.2398798178674,9.68509089346039,15.1749829605231,15.8243620012407,20.7726047732321,31,4.8
5.67820787809255,9.3324429465909,9.79229320025952,15.340897014849,15.9955104107317,20.5697001969468,31,5
5.80645357020912,9.3974741143249,9.86426993128888,15.5299107461899,16.1855716917889,21.3447440508284,31,5.2
6.10953986972964,9.43713217947369,9.93003327578954,15.6743293726283,16.3482095570154,20.7879674028458,31,5.4
6.37696447729034,9.50949361389099,10.0038701901377,15.8334640295672,16.5092122981821,21.7017155340857,31,5.6
6.6008954244565,9.56531541576234,10.0419391782213,15.9687111926274,16.6610313798185,21.5516090945628,31,5.8
6.32271411475074,9.63182280631387,10.1121990245782,16.0973589938855,16.8106543100223,22.2651830814833,31,6
6.53204724581675,9.65765241834834,10.1592213115358,16.2211568104807,16.9198058705532,22.6462656206522,31,6.2
6.11915524703196,9.68738421835549,10.192775071612,16.3372773031177,17.0475909570617,22.9224824524393,31,6.4
6.45657595218306,9.71754530925293,10.2203874451447,16.4425174065089,17.1565044848318,23.1141768186893,31,6.6
6.25353355266456,9.75443004359909,10.2560882919047,16.5462149669364,17.2748453433161,23.6042302911528,31,6.8
6.1691632327184,9.77372758857887,10.302494116178,16.6458769165372,17.3803025471473,24.1767553127457,31,7
6.5145798758377,9.78487814543076,10.3057967145742,16.7590792631072,17.4771704799576,24.3938404130821,31,7.2
6.10068459516788,9.82251896833437,10.3393108316136,16.8344249997002,17.5754514609855,24.5980984657422,31,7.4
6.19020986501065,9.81385887808299,10.3538648543185,16.9174239846536,17.6555499011458,25.0382418079449,31,7.6
6.68918284744128,9.80926322355912,10.3583485839823,16.9807710174839,17.7465128120926,24.143597979639,31,7.8
6.43126654558943,9.83555013571951,10.3905730344758,17.0777338073396,17.8109888120979,24.7769503259549,31,8
6.59444381553875,9.84336243608444,10.4099433912663,17.1359886906612,17.8906753274824,24.8386929043371,31,8.2
6.55865915536074,9.84152410492724,10.4031260700731,17.1806175544429,17.96405045039,25.0673948004807,31,8.4
6.20874759368566,9.88877378766794,10.417183246824,17.2607027742174,18.040905306678,25.9050839773794,31,8.6
6.63211814361652,9.87652349595929,10.4398777011528,17.2881743405096,18.1042784991246,25.6154876110135,31,8.8
6.08037517228554,9.89608236072726,10.4443862902053,17.3441590639513,18.1741856310334,25.9651346385887,31,9
6.2166506981971,9.89137946379949,10.4534742702325,17.409467160929,18.221818149033,25.8311544003936,31,9.2
6.54612709170001,9.90263135777506,10.4519314837198,17.4595468635724,18.2700229958633,25.9712987442037,31,9.4
6.39417943465388,9.90061130354756,10.4533987930683,17.5103496695633,18.3086454643015,26.2905892556928,31,9.6
6.00272817882901,9.89852097787382,10.4458577829025,17.5414155430358,18.3692899578693,26.6136985296045,31,9.8
5.92585444329792,9.89266906775566,10.4708265382406,17.5744228768123,18.3958460988631,27.4558844398153,31,10
-1.6722274146582,-0.634770902568032,-0.537949615181912,0.541957625141103,0.649723069430695,1.33559915534747,32,0
-2.51541601257159,-0.663260675597155,-0.434883492631299,1.89060626396378,2.13153995424442,4.34090441879641,32,0.2
-2.70179021289174,-0.505114851662328,-0.195626188381455,2.97209161256628,3.31009149033331,6.13508221001687,32,0.4
-3.4398280906577,-0.301813468115075,0.0697500730346276,3.88536676114615,4.30113084432921,7.17939244001232,32,0.6
-4.43028434969444,-0.0913018880515335,0.350468064749837,4.68537428682174,5.14158859717584,8.33674786065727,32,0.8
-4.07651501051192,0.131849497727175,0.595229866348747,5.34738890871419,5.86625996460542,9.19227994386678,32,1
-4.035984445627,0.356394472967011,0.859736002818084,5.96337151280732,6.48334796326,10.6763683933668,32,1.2
-4.50892172093507,0.576237788794434,1.09982284284765,6.45743750622102,7.02241945739139,11.0034801240755,32,1.4
-3.57624912623766,0.77928654120949,1.34390388912101,6.94673708152426,7.53059867549216,11.8260641650118,32,1.6
-4.17517023741467,0.947906802029207,1.56577429469632,7.37415344472024,7.96508959040591,12.2584715655304,32,1.8
-3.47661232763369,1.16955633608733,1.75718693545432,7.73800529508781,8.34385961587521,13.6140194772434,32,2
-3.47878579191144,1.39904578810311,1.97905187368683,8.07358615885492,8.70924308526378,13.9564922675512,32,2.2
-4.27140923713882,1.52524796090693,2.15899547257494,8.37391380416984,9.01215841352578,14.8971778297176,32,2.4
-4.94616037579065,1.69099868737178,2.32673569822919,8.62267096825884,9.31445899063098,14.8763915793769,32,2.6
-3.14470782211666,1.83912039680652,2.49752599977299,8.90325773235707,9.59745871998912,14.8806215459586,32,2.8
-2.56046380573682,1.97126383586318,2.64490487721546,9.11549374977128,9.80710033461262,16.0753155420851,32,3
-2.15722990004278,2.14786157064379,2.82267035290023,9.29339314842957,10.0197649329053,15.7678311160903,32,3.2
-1.78893853536719,2.31474877306223,2.94755464209845,9.50265312033237,10.2048736923717,15.3368951223175,32,3.4
-1.95849440161428,2.41347191400731,3.099331606892,9.65754824618572,10.3730758524731,15.4856406098339,32,3.6
-2.29961586042341,2.5487873961693,3.21645612201307,9.85130914202433,10.5977244516874,16.1932094436515,32,3.8
-1.91961274826763,2.66279661627141,3.33106315587582,10.0188421607298,10.7613302020381,16.0331562749986,32,4
-2.53531434619654,2.77617537164254,3.42773020436969,10.1630983690207,10.8745233176142,16.3314641772179,32,4.2
-3.19840283034627,2.90381679164411,3.53943066508327,10.2769027581719,11.0157979740986,16.4006429821387,32,4.4
-2.26768866196138,2.97068816914814,3.62547767766965,10.4039581196748,11.1656757513138,16.0652396183219,32,4.6
-1.91775329094165,3.05427912812806,3.72679598926746,10.5110847336569,11.2837722670743,16.735520488621,32,4.8
-3.00449358098205,3.09456617562755,3.78699293229226,10.614319140315,11.4032249042735,17.3413125136691,32,5
-3.12706364460375,3.22286655008578,3.85560235834765,10.727683748887,11.4732281220333,17.9139986014919,32,5.2
-3.04301307079143,3.25909515702576,3.93863871552953,10.8231937778273,11.5907072065624,18.8322829775385,32,5.4
-2.09529452801495,3.3032433817899,3.98119634692846,10.8929560288954,11.6959235194242,19.1707585353192,32,5.6
-3.10370744609118,3.37631024314148,4.01619588840092,10.9665285681076,11.7671736379997,20.5569158648205,32,5.8
-1.74444736198208,3.41885069247159,4.09356368570688,11.0338205927855,11.84051555838,19.323721840893,32,6
-2.04415047415271,3.48357814897306,4.14142662777943,11.1470500529879,11.952458197384,19.5811229374615,32,6.2
-2.70796590574684,3.54494102079984,4.14138706724725,11.196713004787,12.0441435036751,19.9691989672895,32,6.4
-2.39363123087477,3.56181470015939,4.20967255668496,11.2539247383772,12.0906723177309,18.7358110011395,32,6.6
-2.02278017061719,3.60125516506881,4.26300646647694,11.3306601285244,12.167617133088,18.4769656005719,32,6.8
-1.72430766601443,3.60196403604629,4.27343894820494,11.3787313763502,12.2171380643101,19.2624036973933,32,7
-1.06834334213043,3.6497119659568,4.29890833168533,11.3999083062855,12.2256279664424,19.7662633959512,32,7.2
-1.9697485208979,3.71208756376542,4.35589247977589,11.4803820557543,12.3062882763978,19.9389451174355,32,7.4
-1.71323905497634,3.72358187558704,4.37911836354174,11.5336345488972,12.3722819950946,19.9701037633071,32,7.6
-2.22994005932565,3.75907677562979,4.40613044821156,11.5688291676543,12.4187554645075,20.6664912437681,32,7.8
-2.61802521462525,3.77330589109257,4.41035062733045,11.6241083849456,12.4612202789732,21.0308949904652,32,8
-1.87805010484946,3.79608292817625,4.42363213534625,11.6457597920282,12.5174494083257,20.0870359756689,32,8.2
-2.40762794516422,3.83509379075459,4.47629591489794,11.6792134790897,12.5379264558702,19.5331475821346,32,8.4
-1.5389602194423,3.84830287171742,4.47835664515376,11.7080082521463,12.5867397955732,19.5151658298034,32,8.6
-2.91756930568862,3.84627603029588,4.50915112082726,11.7371694235054,12.6321740103301,19.9812379216809,32,8.8
-2.7733445859242,3.87537902857691,4.51443424350823,11.7660599345696,12.6461177123757,20.1734490004446,32,9
-2.72505541995593,3.90565782656377,4.52638743588217,11.8110513731292,12.7025351873561,19.7998709570791,32,9.2
-1.14329004435983,3.91568541440663,4.55266803507121,11.8283911356382,12.7671195493548,20.6768598743636,32,9.4
-2.02197343798076,3.9363458526067,4.56378641576837,11.8565464320974,12.7713282967518,20.4415974660725,32,9.6
-1.93217151789097,3.90887291608151,4.56225802170446,11.8918506861258,12.8211090818257,22.8429041401193,32,9.8
-2.52795604122682,3.93846400633337,4.58546120210698,11.9440637760038,12.8452075286109,21.1937037014971,32,10
-1.32167042724235,-0.636027735985817,-0.536263735337823,0.539553060482529,0.645083402936766,1.66409683649893,33,0
-1.03302835874417,0.0102954670431257,0.144805472032845,1.53217251656144,1.67153026508955,3.7938884164386,33,0.2
-0.5036202503623,0.57945517333239,0.738373946449611,2.48502228206476,2.67751902982698,5.31678693320913,33,0.4
-0.348169995598425,1.0868473325126,1.27406184085936,3.35998536418927,3.58606289740424,7.36839636891109,33,0.6
-0.698183839346593,1.56482402563917,1.77972769955133,4.13786719319383,4.39095060549189,7.61663265809323,33,0.8
-0.291060404736127,2.00767297731826,2.24285361305477,4.84403277934823,5.11366933282804,8.80160636427392,33,1
0.382404934085698,2.42418712494442,2.68250908169475,5.47875915447919,5.7798342306781,10.0036602580647,33,1.2
-0.627387226971415,2.82457920052505,3.10024013894737,6.06014900274874,6.36049665179192,10.2317830720621,33,1.4
0.734427310847309,3.19131495856298,3.48181660781266,6.57605908800805,6.885193531047,11.066939825833,33,1.6
1.1185015602866,3.54449634880719,3.84589558734581,7.04283674101522,7.38215410517744,11.7468417303787,33,1.8
0.948359066348015,3.86116838916528,4.186168701587,7.46207873204859,7.80548956381647,13.1863263390454,33,2
0.345872206381755,4.19374983818378,4.50440671577108,7.86008523277424,8.21153096568879,13.3073136055602,33,2.2
0.922159768984911,4.46937748968767,4.79517060174391,8.217218316883,8.57326337238852,13.7167307943678,33,2.4
1.73962505839311,4.7371188187096,5.07116114849632,8.54509463852857,8.91044401967195,14.40547764705,33,2.6
2.52542005945517,4.99738532586334,5.33045150796506,8.84339761796804,9.2059463088064,14.0923030286513,33,2.8
2.84346326016015,5.22843167310334,5.55641481729819,9.11238840451546,9.49410794421054,13.9066791337774,33,3
2.561760140633,5.44114309191593,5.7809712315604,9.37146241046835,9.73450241412895,14.8315039647761,33,3.2
2.86689344947442,5.63093637442282,5.9706330863882,9.6054224424437,9.99237082056013,14.0816244814803,33,3.4
2.94647228428814,5.82441063020595,6.15114799725856,9.83341785957603,10.2098512989958,14.3019880933935,33,3.6
3.70543950764685,5.98013198011957,6.32230522436158,10.0336248857206,10.4458926068106,14.7490197712067,33,3.8
3.6078686722249,6.14446624991903,6.476518461252,10.2205457432847,10.6397050853843,15.6176278628144,33,4
3.12148817561372,6.28491729830708,6.61879540802923,10.4018767240704,10.829056703132,15.8946760517467,33,4.2
3.82863682001937,6.39632396287999,6.75798911633912,10.5913778729219,11.0112862075669,15.9362430440136,33,4.4
3.12552177661884,6.52898542695883,6.87585632991631,10.7501777222295,11.182369351928,15.5138002896189,33,4.6
3.85175082388656,6.63393502618967,6.98139026822684,10.8970901743619,11.3451103797633,16.264068513865,33,4.8
4.06187181426687,6.73546295283992,7.0833402551606,11.055777953491,11.4808983392834,16.63968674762,33,5
4.43378777262522,6.79970152527962,7.15839984766629,11.1823393404617,11.6387911316874,16.3458512278634,33,5.2
4.4683747061297,6.8816217071254,7.2209515280197,11.2976338743629,11.743774863582,16.2094957089355,33,5.4
4.67363675706224,6.9630560630163,7.29753765743571,11.4259964623695,11.8910038761915,16.8298863357551,33,5.6
4.64299035667153,7.01217699653674,7.36726465501762,11.5450080367534,11.998721905362,16.7077768246003,33,5.8
4.51658670948662,7.0597996059088,7.40938578245503,11.6438978793264,12.1078501642868,15.8931839328404,33,6
4.46152282659214,7.09850329034038,7.4763915355353,11.7606789552471,12.2027861511703,16.1139778357131,33,6.2
4.34452158535873,7.15253170259343,7.53611744559211,11.8486464603474,12.3097695509314,16.1897885612412,33,6.4
4.46257591655255,7.20772884899147,7.57235800184144,11.9377972689209,12.4152985608599,16.3212695749353,33,6.6
4.36272336189433,7.2289376585442,7.60094787190897,12.0207142263541,12.4993836149282,16.9152974318329,33,6.8
4.16464932403897,7.26252410561045,7.63360284108337,12.1062329429885,12.6088269204139,16.8516960311696,33,7
4.55800522245627,7.2925670166811,7.67702408836634,12.1891256438498,12.6668152009126,16.6598874840018,33,7.2
4.52142426083911,7.32277983918874,7.68545791424625,12.2546721143501,12.751195772315,17.0977299530111,33,7.4
4.71038313336545,7.33922031633503,7.72173599813905,12.3129972947733,12.8278940011077,17.6683196175512,33,7.6
4.35393043659671,7.34119780740189,7.73366488971459,12.3870874442885,12.8825157781853,17.967222069321,33,7.8
4.52363299921645,7.37278031895444,7.76063695261674,12.4453743778489,12.9628242028019,17.7043137035519,33,8
5.23871462751799,7.38385798025599,7.78549186824552,12.5179082127744,13.0376328801644,17.8940327092777,33,8.2
4.5448662049978,7.39704165271646,7.79697722912704,12.5593290256993,13.0956665491022,17.2880472824244,33,8.4
4.58170010201738,7.40255303420732,7.80422886639589,12.620274991481,13.1326309325171,17.6842266542874,33,8.6
4.95847232323949,7.41444951856926,7.81373410085756,12.6667142060204,13.1769124693033,17.8972405715532,33,8.8
4.01964329813459,7.4174581001839,7.83829444679434,12.7089448952443,13.2496128703614,17.7686162824352,33,9
4.5637269892072,7.42765012826665,7.84517659322152,12.7606023095729,13.2960999131957,17.6367997749339,33,9.2
4.47712400163238,7.43387680081477,7.85157940532371,12.7796073502149,13.3334976405094,17.8775947741445,33,9.4
4.81377366831435,7.44925286331893,7.85856232043402,12.8371250185083,13.3705136129829,18.150019737727,33,9.6
4.76421589274343,7.45636332647648,7.8786328271061,12.8716719136059,13.426439521494,17.9659419034894,33,9.8
4.87385836359384,7.44321996160149,7.87559414259549,12.9192305248825,13.4762794622334,18.3111648938037,33,10
-1.4271501242924,-0.647839809734779,-0.538601266141478,0.539257185560716,0.646873837060813,1.28797756732412,34,0
-1.31155890428623,-0.262875000176754,-0.130296755034496,1.20873574202797,1.34432682813128,3.15099183542502,34,0.2
-1.76763351375029,0.0849758880580193,0.241622218422132,1.83744632215453,2.00414379047222,5.81657911819762,34,0.4
-1.42998838713424,0.42233020298179,0.602300941915064,2.43253985283481,2.64071643048686,6.81187589884027,34,0.6
-1.41103287310059,0.725941238052393,0.934927818402743,2.99433182228511,3.21437445849158,8.50445624579102,34,0.8
-1.78833207728115,1.03545933775238,1.25164239296152,3.5146715993863,3.75687125026425,9.70324117162559,34,1
-0.968396410915097,1.30850320925432,1.55534259870424,3.9829284192447,4.25141903348097,10.044907222611,34,1.2
-1.05826981036899,1.58724844951605,1.85262894828809,4.41027763428596,4.69401192969667,11.5119147291642,34,1.4
-0.653609148154022,1.86680999520036,2.12498766943503,4.82586608696727,5.1250884881865,11.7929672915444,34,1.6
-0.577067143784516,2.11419206345286,2.38666411583101,5.20321105817821,5.51515429138074,12.2587479745673,34,1.8
-0.123532997903726,2.35501301899295,2.63553515887613,5.54622742953431,5.85457525590298,12.6732889878533,34,2
0.101173570673692,2.57967906077262,2.88621456561501,5.86454446655554,6.18242060567521,13.1916417283312,34,2.2
0.318827538208128,2.7931390702963,3.10552162853844,6.17678473376896,6.50815049519373,13.8708531350635,34,2.4
-0.402435410240231,3.01800893389885,3.32327043214404,6.46047298846282,6.80204106394547,13.283026188961,34,2.6
-0.70621278672664,3.20549212572229,3.53816610001842,6.72502756707104,7.06344122416157,13.5186446233055,34,2.8
-0.302193548351374,3.39052133187279,3.72848946351613,6.95793970450623,7.30446109979228,13.4995211509387,34,3
-0.225326158535839,3.59807093915079,3.92044038562773,7.18966169979722,7.54560862942857,14.3820882125872,34,3.2
-0.1160713492486,3.77079736710489,4.1004598826503,7.41483141612155,7.76874241132283,14.2445012491412,34,3.4
0.630171250685906,3.94264433357315,4.26481938840691,7.62086831652659,7.98302763757281,14.0000020122304,34,3.6
0.870980914819842,4.09148496813831,4.4279600048899,7.80928585059454,8.16312377049487,14.9498684487792,34,3.8
1.14618640666784,4.24479945068158,4.5768849634918,7.99898762052087,8.37936964537461,13.8973045813969,34,4
1.11719970224143,4.37564706389977,4.71093303753648,8.17465527654755,8.55285460214761,14.6685240848916,34,4.2
1.40193832516048,4.51766099202869,4.85175355732781,8.33137703999765,8.70884244358369,14.7671318043132,34,4.4
1.80822801275018,4.63984988343476,4.98874274572856,8.4873712987939,8.8660342868891,14.6492323097115,34,4.6
1.39692051237825,4.74804553472341,5.09804044126548,8.63268296293483,9.01968086692223,14.4561632959637,34,4.8
1.34563188045862,4.88548366783772,5.21994916024514,8.78644653545754,9.17401750480378,14.3947650785557,34,5
1.94176760098412,4.98574792331166,5.3132266961197,8.90511480880833,9.3247507645917,14.3727582800865,34,5.2
1.31812801399881,5.08678750663828,5.43251575790681,9.03485836185727,9.43799191721532,14.6593865158901,34,5.4
1.10495389564539,5.17965604734884,5.52128488957497,9.16496306002089,9.57497896971456,14.7678989517534,34,5.6
2.02991704285747,5.24839950098526,5.60745968567619,9.26764977242104,9.69483196012479,15.0708831943127,34,5.8
2.39036170982357,5.36818478406821,5.69187652536576,9.38662161492145,9.79073155974768,14.9894588026617,34,6
2.37985102650096,5.42975069756885,5.76076127930436,9.47599394097368,9.8983222037056,14.9920488301743,34,6.2
2.0705246713087,5.50760820591662,5.83698178642518,9.5785547499461,9.99344203669485,15.6987175986356,34,6.4
2.6990827273296,5.55886602640559,5.90698238675704,9.65990143094748,10.0955150458475,15.3709484499828,34,6.6
2.20905787163734,5.6066299519869,5.97264083589608,9.74900611329096,10.1611309646559,14.7586929831223,34,6.8
2.69621511970598,5.66941244706336,6.0163910142012,9.85395422678639,10.2639231562919,14.7180174588722,34,7
2.75286374876527,5.73313686400767,6.07667566179106,9.92262547329933,10.3566548034826,15.018796859145,34,7.2
3.31850161702373,5.77131075521335,6.11121943744188,9.9915953151168,10.4346479118512,14.6426210453495,34,7.4
3.03306268315381,5.81162775200145,6.17506390590027,10.0693123053781,10.5176254184588,15.0320836607299,34,7.6
2.42179162926034,5.85951793389507,6.20149828425988,10.1508518752975,10.5815226399956,15.874843162648,34,7.8
2.64905805832269,5.91299027984408,6.26331815381657,10.2096914354796,10.6552873571555,15.0111578244118,34,8
2.92560939977023,5.95077365279759,6.29335228396052,10.292459508695,10.7170795290932,15.5548041049557,34,8.2
2.96554439116048,5.98983490200545,6.33021416072107,10.3416674887137,10.7920204545528,14.8465869993204,34,8.4
2.46643078787436,6.04117905492696,6.38929735022274,10.4034833348498,10.853669032696,15.8445793555387,34,8.6
2.10137192039554,6.0495798007896,6.40480534169282,10.4632671321259,10.9169330186974,15.9546005421825,34,8.8
1.8300268206969,6.06324728083822,6.42666556703062,10.5272589601924,10.9715931833989,14.8469916353975,34,9
2.70453013632913,6.09786270983403,6.46325097636686,10.5772332110085,11.0462178892585,15.8956215169324,34,9.2
2.70127084697725,6.11056704684023,6.4748631987829,10.6292725483723,11.1131982138361,15.8596597406179,34,9.4
3.42015870593054,6.15599225822159,6.50931243442963,10.6913627970731,11.1490968534858,15.1385953472525,34,9.6
3.57177306877392,6.15147332355625,6.51772227230777,10.714289879287,11.1947540562004,14.5344181623813,34,9.8
3.28920600575492,6.17510178616799,6.53148097306063,10.7823600639334,11.2583363728892,15.3082375042284,34,10
-1.31679775356032,-0.649080746643565,-0.542940976450083,0.536768949577792,0.644430575581011,1.36883000800684,35,0
-0.957608213397772,0.258783195124864,0.400541843629909,1.86133636659507,2.02034682323889,3.31086500693238,35,0.2
-0.475400661257055,0.99602124431851,1.16917046226765,3.13894108795022,3.35971530252385,5.51978187687123,35,0.4
0.348318166477925,1.64939052148614,1.86037708922571,4.24504106731125,4.53236307458548,7.48839770604062,35,0.6
0.697309003533448,2.26795782639935,2.49172599762831,5.21308376313983,5.52862034225247,9.07463176803178,35,0.8
0.772545620396021,2.81138783645618,3.06539397839058,6.04454931840288,6.37726935147532,10.3760817978897,35,1
0.720219384266665,3.31953188175651,3.5900210359799,6.79134528922551,7.15593045505754,11.2598985328841,35,1.2
1.35114358342127,3.80693022357033,4.09125734713043,7.44071404326796,7.80517944521836,12.129446348845,35,1.4
1.67461748679408,4.23874468220929,4.54691971860987,8.03019234833813,8.40474470302523,12.5609584709421,35,1.6
2.11770969650342,4.63622938858252,4.96134385898447,8.53628374717944,8.90969233572874,13.0163854176341,35,1.8
2.23753107839004,4.98228855602469,5.32207370986668,8.97804278478448,9.37363673410868,13.316477828953,35,2
2.84376558252544,5.3461157436468,5.67291180632623,9.39164393135102,9.79874857063668,13.9941482300743,35,2.2
3.24761364082803,5.65449473932874,5.97938297775181,9.74837648710664,10.1579731498169,14.2971253728105,35,2.4
2.81279573985884,5.91855223732622,6.24431229395444,10.085968632435,10.5044968811181,14.5538451458819,35,2.6
3.30358543260238,6.1640637137558,6.50372336606133,10.3994417105341,10.8479678463209,14.6067538783466,35,2.8
3.38540939014765,6.37995848927432,6.72959586373322,10.6794130572247,11.1362229581988,15.2314970825859,35,3
3.55191238302366,6.57569508822718,6.9171511317846,10.9376692862064,11.3864187709718,15.1976758021193,35,3.2
3.04404454708435,6.74601209307924,7.08176922892632,11.1773080892588,11.6496082384914,15.2900780477874,35,3.4
3.71447002144718,6.88784865363584,7.245447450551,11.4060971590269,11.8933244759374,15.7641963256544,35,3.6
3.17670491587425,7.00776221699759,7.36811516454266,11.6181610626602,12.0898496354687,15.3381547894182,35,3.8
3.94712874487666,7.12719134565181,7.48628933133586,11.8212694822684,12.2896870475658,15.7508269204381,35,4
2.94216144463373,7.22404480907419,7.59303032007949,12.0001703776802,12.4809783156284,15.9681721537166,35,4.2
3.18478118012823,7.30433910445633,7.67375520036213,12.1487785353076,12.6512741763572,15.9849521844551,35,4.4
3.61720096697154,7.3666331225204,7.76495231327479,12.3205362602814,12.8261129747388,16.1422013029352,35,4.6
3.90357010946312,7.43484836364066,7.83422981126293,12.4504754969131,12.9788272881438,16.967726263212,35,4.8
4.81531463471702,7.4701515998853,7.88116052057804,12.5706797898118,13.115905800708,16.7068573951611,35,5
3.72899112082589,7.53771325624257,7.94631962176335,12.7071362423203,13.2508640994348,17.220179093585,35,5.2
3.98152801110218,7.59648113730864,7.99328103723352,12.8219656280292,13.3748068596147,17.0551030534376,35,5.4
4.1774299910486,7.60383067119979,8.01784116274254,12.9257377539574,13.4733432707944,18.0451652577639,35,5.6
3.57334290065236,7.62829915606996,8.05412237046275,13.0392550528374,13.5734912952451,18.3016124887701,35,5.8
4.41064213950221,7.66258751519657,8.09060987981748,13.1027084080733,13.6687286437386,18.0413691407756,35,6
4.64073603973906,7.6935630358606,8.11998281998262,13.1948398445446,13.7594685538154,18.1999080299165,35,6.2
4.35866070563395,7.70506774248968,8.1333535508616,13.2928987736846,13.8675943068738,18.5310324418064,35,6.4
4.71657659931573,7.74169296096028,8.16477457028769,13.3663238028751,13.9370822153839,18.4421611174309,35,6.6
3.63128768935965,7.74358391985896,8.16830044277871,13.4430144355304,14.0355095037036,18.5743915207617,35,6.8
3.772314035167,7.73687780643419,8.19560237295439,13.498696983203,14.1026740408739,18.6207115367823,35,7
3.92196044753133,7.75684531349238,8.19850009967267,13.5804077412711,14.1702995789716,19.5647014656085,35,7.2
4.82821624908825,7.78371266440307,8.23718512707865,13.6344212155671,14.2567084232013,19.4859996003374,35,7.4
4.36313156301962,7.76483055394257,8.22208422189284,13.6850504833251,14.2927779406371,19.8345240706604,35,7.6
4.02439056556906,7.78915455715415,8.24215151971923,13.7481239464122,14.3617313408003,19.2623007984497,35,7.8
4.16690499438411,7.76856713927262,8.23063168055327,13.7806124488871,14.4241996252498,19.287159157771,35,8
3.91573202288119,7.79358195397323,8.26650098727747,13.8391556786888,14.4395847497693,19.0387236735687,35,8.2
3.76905439093114,7.79622977370082,8.25538548431216,13.8838796818887,14.5066913944142,19.6915852138359,35,8.4
4.0441468203172,7.80300377107104,8.27821655479176,13.9152564502955,14.5581347246915,19.3181708456259,35,8.6
3.82883387283037,7.8045889693056,8.25819150467633,13.9538697976297,14.6151433687458,19.2099434180355,35,8.8
3.93018436420174,7.80536916782973,8.26342528867465,13.9728432248989,14.6281912527726,19.5922396272934,35,9
3.07027505683602,7.81347222012284,8.27789320027008,14.0192856691835,14.6877903670937,20.3973242455178,35,9.2
3.64853647868382,7.83087802020357,8.28244738824591,14.0389190799313,14.7230287645576,19.926540498549,35,9.4
3.70284100308357,7.82990372836797,8.28602540780786,14.0852595618758,14.7269409055037,20.5718254155836,35,9.6
3.94299021740363,7.81043431115884,8.29436512489423,14.109618375941,14.7917610477886,20.5143403049052,35,9.8
4.0341019704601,7.82211954290045,8.30672577056057,14.1261031269832,14.8223179248067,20.6007609248063,35,10
-1.36287061181925,-0.637055245315838,-0.532361099283048,0.538186953723297,0.640688035591456,1.45668466681953,36,0
-1.78162160122534,-0.188938743089017,-0.0568398882528687,1.29953356369902,1.43641355533046,3.11922192197458,36,0.2
-1.27245925211037,0.219482625615264,0.375944642468608,2.01273646508296,2.19377006852585,5.5029138010775,36,0.4
-1.00649712571239,0.599227161258018,0.772913738032522,2.67599621625648,2.88899895624693,6.85706832663662,36,0.6
-0.795643359678959,0.945149661918974,1.15139299911411,3.25893975196477,3.49850805485076,8.24498160044587,36,0.8
-0.765884962347564,1.27429732131679,1.49461610857205,3.78431903942866,4.03160842085905,9.37500133779984,36,1
-0.767543654041893,1.58963709939199,1.82367308935205,4.26542610964649,4.52933232092984,10.2724025847727,36,1.2
-0.698661118417268,1.86962675679743,2.12355764309662,4.70076125080089,4.98861012446908,10.6470715031678,36,1.4
-0.0435616836791626,2.13788122695132,2.41446223431738,5.09942571376122,5.37654204819449,12.1203738563888,36,1.6
0.17956382404346,2.42268784660746,2.68411542400067,5.44934557936276,5.74670505100034,12.1912056703534,36,1.8
0.244074915144536,2.67231177592883,2.94750179885924,5.76478845265667,6.06045308424118,12.5601340308977,36,2
0.3079917237579,2.89299466924989,3.18836862430846,6.0662703015118,6.37217986072232,12.8500912966496,36,2.2
-0.247991710073709,3.11506365251645,3.40476413317565,6.32755226685871,6.64688868387441,13.1179110290472,36,2.4
-0.139286240581834,3.31956745937213,3.61337674978313,6.58501376154024,6.90619988518213,13.98932750298,36,2.6
0.0046632416101121,3.52523030883335,3.83480336685303,6.81901182617194,7.13152679464971,14.6462063544449,36,2.8
0.244748681552049,3.68609265132561,3.98692312375973,7.0383891404576,7.37242520220494,14.3080402000859,36,3
1.21343735131905,3.86841691383673,4.15875514772288,7.22767919896795,7.57013578129548,14.071807838519,36,3.2
1.38580716886506,4.01431801939338,4.31482085428328,7.41839315561443,7.76546029721186,15.2015725714588,36,3.4
0.833483645996801,4.16093835723875,4.45871849245192,7.58082390334522,7.9187371462231,15.8823343307555,36,3.6
1.73414166824966,4.28458853225131,4.58944257442224,7.75108618403769,8.1045577049641,14.7863397522748,36,3.8
1.66527257145215,4.40003300197568,4.6904578332369,7.8978194885844,8.25478777265797,15.9368178713033,36,4
0.864439292088102,4.51552671153215,4.81686071987355,8.04132510159547,8.40963848753234,15.6106087222505,36,4.2
0.905995533997928,4.61020851074948,4.91338283246582,8.18217629790841,8.5629474417022,16.2956085772843,36,4.4
1.28163318690732,4.70775058748559,5.00622968139391,8.29733863218328,8.6681867708173,16.7927319351692,36,4.6
1.27887619416363,4.77660306096767,5.08567595430897,8.40707920391051,8.80540170707953,16.0994383906744,36,4.8
2.15266660508674,4.86892018251824,5.17417042426553,8.51350384268997,8.90566270123976,15.6273125608276,36,5
2.02044171109074,4.92940819300003,5.24327010929144,8.62004569851464,9.01838521359291,16.3909860975762,36,5.2
1.01604963975549,4.9821303404085,5.29255480780511,8.72630882237577,9.11403048778833,16.3752239678933,36,5.4
2.29580242335183,5.05366072689451,5.36623545416029,8.81572503610947,9.19858819411544,16.5713519363033,36,5.6
1.22130820876857,5.093671232521,5.41639307078334,8.89579200087222,9.2968464930086,15.8725603479912,36,5.8
1.57042417569674,5.14691047686802,5.46832657652441,8.97764751617944,9.38310791933674,16.2781989836619,36,6
1.76395797433172,5.19893573894628,5.50520443518163,9.06050606173499,9.48710143567048,16.150253281508,36,6.2
1.54660108534853,5.23020771702592,5.53755533254203,9.12937962593173,9.53971218715937,16.6932922334334,36,6.4
2.42965799561412,5.26925982866236,5.58169598616957,9.19475404444926,9.59439606873776,16.5822440628603,36,6.6
2.26264830008509,5.28625065975104,5.60264145658148,9.25200040591278,9.66004173544028,16.7937253750294,36,6.8
2.23787168682565,5.30960524636212,5.64081345653623,9.3183503837214,9.74941956264723,16.8288591822892,36,7
2.55276090575914,5.33847940184221,5.66295993177768,9.38514691637333,9.81003047555637,16.8769710207206,36,7.2
2.60271397735446,5.35707253279281,5.6798363576065,9.42562226719619,9.84025365519532,16.4365279352462,36,7.4
2.4370050264812,5.37998526051527,5.70355607444868,9.49354168988315,9.91638276407165,17.2922299433812,36,7.6
2.95230841754067,5.40228254916758,5.73065698888092,9.55013361501277,9.98356054078961,15.5818047971719,36,7.8
2.68627556614696,5.40000076344124,5.74163823659149,9.60041407810179,10.0222224376284,17.0080741912252,36,8
2.20099387979421,5.43252253998915,5.76256738701443,9.64387597762943,10.078871153019,17.056300929971,36,8.2
2.73457669563824,5.43236284542575,5.76951981483367,9.67175016971619,10.1142791085828,16.9858378597493,36,8.4
2.68836247520504,5.45439609488192,5.77924988745536,9.7322240504119,10.1781900225542,16.533061952191,36,8.6
3.06008705237423,5.45761312156064,5.78759280649695,9.75312333343027,10.2040555689292,16.7508784286889,36,8.8
2.63878556707353,5.47225796040194,5.80467966296289,9.79615020575846,10.2554826347199,17.2378388209816,36,9
2.30944451148862,5.47073211415639,5.81380531179161,9.82491105238286,10.2905942652832,16.8944191875772,36,9.2
2.53715457736313,5.49290699231263,5.82905826262764,9.85449675705665,10.3392706181931,16.7974091005771,36,9.4
2.40787969206846,5.48064109867221,5.82813183609752,9.89165723199109,10.379036679405,16.8176499750683,36,9.6
2.42108173740958,5.48407148294566,5.83958657903793,9.92369357848133,10.3956853952928,16.5456259212483,36,9.8
3.32405037249994,5.50108233170175,5.84672799305563,9.95288084185956,10.4533558280156,17.7419919598236,36,10
-1.31357328157673,-0.639909139659231,-0.538406659511889,0.538481209634938,0.641213506981675,1.28627124029742,37,0
-0.404854313609614,0.70403613381805,0.850239755256084,2.48957842724782,2.66786250397522,4.55166760908469,37,0.2
0.2654055762899,1.72015415170486,1.90929933920683,4.14094287264713,4.40194029306725,6.92719534868772,37,0.4
1.04264718674519,2.58166233127561,2.80475659110498,5.43474616433199,5.7167833018975,8.41107367164042,37,0.6
1.67465966846387,3.32326524405533,3.58081062231018,6.44127642245751,6.76098608344893,9.9637943548716,37,0.8
2.33699886269995,3.96344627375521,4.22608706870195,7.26369610017404,7.61408972754397,10.9488298907812,37,1
2.48088794915652,4.49027810554523,4.76933025008854,7.94334277311298,8.30613614304789,11.9262844685093,37,1.2
2.97546031916094,4.94123168264963,5.23176145156587,8.50680375691371,8.88193946727272,13.0560434758541,37,1.4
3.48722697526987,5.30248258466503,5.59279060361324,8.99369988231502,9.40280174251781,13.4863385397193,37,1.6
3.63217726820281,5.59937228477393,5.89118441147009,9.40984532714261,9.81773848429248,14.4746813522623,37,1.8
4.12434372278019,5.81925257861861,6.11754112675129,9.76240107013821,10.1972365587273,14.9446381748209,37,2
3.9339949220181,6.00567667348751,6.30522576083096,10.0806379109875,10.5265401383718,14.8121159868449,37,2.2
4.2514478429382,6.1390557339395,6.45314659899752,10.3538261185118,10.8151877150771,15.8520365530612,37,2.4
4.1608802659981,6.24034302453857,6.5654420566026,10.6006127545051,11.0501191660821,16.1134323654084,37,2.6
4.3308694642417,6.31768915879449,6.66180827710662,10.8010827773505,11.2854827826121,17.067819266952,37,2.8
3.91630137063972,6.39255869049779,6.74085991989388,10.9880795992486,11.4885971633533,16.9038137959869,37,3
4.45312039135735,6.42617843555844,6.78200670250484,11.1471106695058,11.6611054810153,17.6915154335983,37,3.2
3.6862583672316,6.48135007809418,6.8422760892846,11.2986124768437,11.8059961436747,17.5786807067109,37,3.4
4.35093568673795,6.50085278403087,6.85942707481953,11.4284670447716,11.9756645242354,17.2533871946405,37,3.6
4.37024000086167,6.51106534290672,6.88755601274411,11.5510348332929,12.0955646472364,17.6584756684665,37,3.8
3.72218459738278,6.53874166986293,6.90420917732985,11.6496672700396,12.1970889493977,17.6322469109442,37,4
3.82861233683887,6.54357817954554,6.91966630861003,11.7261713686202,12.2785464057563,17.6670315017631,37,4.2
4.32968947752363,6.58058618540082,6.93818057985899,11.8111497882628,12.4170671664588,18.2416867261893,37,4.4
4.39848474991928,6.56738927641618,6.95097509057622,11.8829715449585,12.4812225831342,18.7760521255522,37,4.6
4.37677605262171,6.57834613978789,6.95031796674492,11.9689697088201,12.555139199297,18.0100689325307,37,4.8
4.47929243565546,6.55927104077054,6.96574590882944,12.0060545004971,12.6122640023542,17.844542046811,37,5
4.44470104507667,6.58445721037684,6.97902514255145,12.0662581444058,12.6979934905274,18.2608360492713,37,5.2
4.49628138780185,6.5935330253416,6.96992008154768,12.1031765196815,12.7377010788248,18.3238734468287,37,5.4
4.35577009722873,6.59057769769112,6.97099583019456,12.1571529328766,12.7827534071619,18.1446197888501,37,5.6
3.88706267853502,6.60291685579067,6.97230944348499,12.1853446047585,12.8070359886716,18.5537136904609,37,5.8
4.17222372324016,6.58319377223151,6.97303131750426,12.2405249226888,12.8590171473414,18.4563487308416,37,6
3.8790828411069,6.59824908756855,6.97858450073906,12.2599204185347,12.8770725657695,18.8586229321181,37,6.2
4.05000479876423,6.6046660061171,6.99058961327522,12.2913692384241,12.922519133628,18.3373907743444,37,6.4
4.23401636349369,6.60700104423743,7.0017065277383,12.2899783122843,12.9699747173931,18.5234067539612,37,6.6
4.01845961197968,6.60278489652849,6.98711660516853,12.3217831309105,12.9835760826552,18.2061115569076,37,6.8
4.45525241610451,6.59319660124208,6.98435819514523,12.3340463776384,12.998941392225,18.4472726407178,37,7
4.0187229591975,6.61753485465343,6.99506665753883,12.3409355513772,13.0183521534281,18.4154276669286,37,7.2
4.41767024105502,6.60153193779388,6.99581666848689,12.3665852748626,13.0144787819882,18.8780909430365,37,7.4
4.52597099636251,6.60228512971665,6.99067290074431,12.3796374754549,13.0419677413258,18.6257791657264,37,7.6
4.25575551530437,6.59446923401713,6.97926661307829,12.4010760347958,13.0632044154825,18.8409671257292,37,7.8
4.62962728827262,6.59806157416273,7.00113969055673,12.4198859604692,13.073269749736,19.3703967212706,37,8
4.40151020052221,6.62005297637529,6.99071844712564,12.4221023347822,13.099654588716,19.7248632097281,37,8.2
4.36691556626182,6.61250439104145,6.99941995520467,12.4348277564018,13.0970577405248,19.7389255715026,37,8.4
4.12640503202467,6.59164147824141,6.98562870443543,12.4482739483531,13.114827684393,20.2889237663981,37,8.6
4.07865085362086,6.60174286372931,7.00039806955393,12.4538573924485,13.1268228015156,20.555494702018,37,8.8
4.3929321474525,6.60609714550798,6.98894061181274,12.4572612830761,13.1146170513157,19.8398744117622,37,9
4.46874076960669,6.61652929145427,6.99877179774298,12.4651605384706,13.1642165271346,19.3343899914599,37,9.2
4.43680152224813,6.61802399244202,6.99129333827365,12.4423817432202,13.1623221271254,19.7595009512799,37,9.4
4.06846057885419,6.6194824208072,7.00494747975942,12.4520830672316,13.1312655160843,20.1937742173159,37,9.6
4.27491783672376,6.59953836823328,7.00386675031926,12.4515045467402,13.1426985843772,19.7363722796772,37,9.8
4.62178783081258,6.61622706889433,7.00390055377938,12.4705245656527,13.1528838113642,20.1134080090809,37,10
-1.27295039105669,-0.647412949589564,-0.540801403683454,0.533186648414889,0.634722752740614,1.51780539002644,38,0
-0.967191854774063,0.000594943304183234,0.13068905937665,1.51931026770425,1.66211799839523,3.23522766522485,38,0.2
-1.43574643520845,0.534239166404344,0.706152440235372,2.43083355197284,2.61274414157361,5.26885434588732,38,0.4
-0.773454204573173,1.02695085667034,1.21376313483102,3.22201932971638,3.43695953631131,7.05581296107707,38,0.6
-1.09374789008131,1.46293937234602,1.68022940783924,3.91105117587621,4.14613572664155,8.06557055912299,38,0.8
-0.39492630432984,1.87734776767575,2.10104729385385,4.50975296287531,4.76652049255499,9.01178764925528,38,1
0.425371379931356,2.26448853610823,2.51002934622657,5.03899840801262,5.30928397701357,10.1922918522596,38,1.2
0.422458956381039,2.6071213882022,2.85406725443052,5.49977455600791,5.78144141279633,10.4284569874377,38,1.4
0.521146463926078,2.91703587589569,3.1885705080725,5.90435927791701,6.18895072076261,11.3848587521133,38,1.6
0.88668835178018,3.22595512042518,3.48713940197472,6.26822725366309,6.55503967136183,12.7346066433486,38,1.8
0.966963271664253,3.48203283487033,3.74857168549641,6.59900169623487,6.89643101900222,12.1592519464097,38,2
1.19839441101816,3.72578886495031,3.99725612199633,6.87993523918469,7.18564627152495,12.9453567871785,38,2.2
1.59169300257191,3.93433460493253,4.21651203488029,7.14053174464061,7.4685726473909,13.6503489806568,38,2.4
1.73682857683061,4.13286380105639,4.40805875856073,7.37530916201802,7.69896382994528,13.4646969372332,38,2.6
1.6661752485083,4.30269829498936,4.58483914089224,7.5739401857427,7.90256463985409,13.7476081359356,38,2.8
2.21874230728388,4.45359169765797,4.74375834231798,7.78325428367129,8.1149078833687,14.1225171836176,38,3
2.18979771829445,4.59663417259534,4.87377713574141,7.94673655408943,8.31099166084079,13.8409314544039,38,3.2
2.5524482349166,4.70328601520874,4.99903635242979,8.12977989838812,8.47794856977121,14.4065713320938,38,3.4
1.10163332872364,4.82495362639821,5.10101052374307,8.28016627750516,8.62004821490492,15.5018465869117,38,3.6
2.00040111616857,4.90080376478928,5.19621140320123,8.4246715563716,8.78547574758302,16.0812912816886,38,3.8
2.20312784731049,4.97789323056894,5.27127422689804,8.55181460007544,8.89105576360679,16.3901774708342,38,4
2.82017806626877,5.04773999151641,5.34864510782545,8.66313103510432,9.03126985516526,15.7246372622452,38,4.2
2.58394668793305,5.11432360262293,5.41243472312367,8.75557180127387,9.1340080124524,16.1572144030735,38,4.4
3.02516045063213,5.14842240603827,5.45846863898025,8.87271822878745,9.22765131683702,15.6338123490763,38,4.6
3.06566429996291,5.20774313680854,5.50671445922953,8.94971891385616,9.34774684193945,15.7103797824936,38,4.8
3.01053106527938,5.26071446620564,5.55884524712742,9.05315426855017,9.43903276132656,15.6765244548994,38,5
3.29927862859608,5.28453104663714,5.58987470262659,9.13252854048282,9.52747054067327,16.0976681213213,38,5.2
2.62843931042431,5.30993147429354,5.62002494365178,9.20636688284583,9.60760833333659,15.0280225820646,38,5.4
3.23624560608489,5.32527169952029,5.64111001055891,9.26633194272032,9.66892760971626,15.9689652419043,38,5.6
3.02797029251208,5.36606127307096,5.67786619204872,9.33566507043386,9.74655076243877,16.1770051855896,38,5.8
2.96157906304716,5.37029565515333,5.69070923763962,9.40647068330765,9.8377813358372,15.9472346301101,38,6
2.83582291865174,5.38897427062663,5.7064839756718,9.46986013389905,9.8958886829181,16.4428303871999,38,6.2
2.69756820887524,5.40285678173185,5.72429743595525,9.50013377304162,9.93143938389444,16.171119550673,38,6.4
3.09796174091481,5.40336595084911,5.74385084043943,9.55932710072742,10.0177629163784,16.2496943229153,38,6.6
2.78295731160341,5.42299191673672,5.74232369636821,9.60763228377761,10.0630409809763,16.5736585637059,38,6.8
2.65942141721371,5.433864986572,5.75325894032007,9.65064010542741,10.0941262907466,16.2372251411262,38,7
3.00652090290334,5.43985745253632,5.76768182587567,9.6928210851893,10.1454793469516,15.6262158906936,38,7.2
3.05221530634286,5.44753310468074,5.77080048427998,9.74362776378247,10.1961204609051,15.5623147216496,38,7.4
2.91892547172266,5.43755222362424,5.78320068705907,9.76922432632093,10.2355791945734,15.2783149959953,38,7.6
2.24829067317503,5.46746186453312,5.79188624603252,9.77744635599334,10.2721171787408,15.8374473777731,38,7.8
2.93693853829407,5.46811546845013,5.79315741852143,9.80768126448195,10.2902314728153,15.9722564217192,38,8
3.24203348324189,5.46439614473257,5.79582145496173,9.85137414449823,10.3309981766037,16.3323787847421,38,8.2
3.14343337290428,5.47860490010057,5.80963965636503,9.88207864725851,10.3538127705672,16.5169427816657,38,8.4
2.7433690886903,5.46623409295894,5.80347039119175,9.90890137962091,10.3711637648439,15.9926591834698,38,8.6
3.12275353504788,5.47705280738973,5.82217666808587,9.93157710680481,10.42095336694,16.191134717874,38,8.8
3.2549695927627,5.49333380820811,5.80981668905784,9.95611259972926,10.4473652825875,15.6108308531375,38,9
3.17862852736025,5.50701509571719,5.82430791927705,9.95935362586792,10.4479919239453,15.2608361185076,38,9.2
3.40173341599132,5.48745260687462,5.83789477742316,9.99236300335177,10.4912390926822,15.4771346509128,38,9.4
3.19939288851047,5.49272046954301,5.82698645074422,9.99454326471587,10.4888742562403,16.5352478874766,38,9.6
3.43976910140144,5.48856272743856,5.83133308277481,10.009912812976,10.5218016403029,16.307053254289,38,9.8
3.32999286386254,5.50123773718136,5.82742869632857,10.0355955793352,10.5410925048072,16.5228941407075,38,10
-1.45283384359389,-0.64211986017825,-0.541556893652274,0.537800651052806,0.644442041082136,1.46373580324323,39,0
-1.45285136986057,-0.0719730261584439,0.0612287453867088,1.45789073460206,1.62412700241725,4.47463385160283,39,0.2
-1.27659562921359,0.413477990543032,0.572957318883088,2.32227012371454,2.55859899898694,6.41906395596558,39,0.4
-0.738044248254048,0.859495484667853,1.053675587123,3.0940570318743,3.36868226833049,7.86465031449263,39,0.6
-1.24558960239208,1.28341604992574,1.49141880506038,3.78932355307805,4.10348852340479,9.92741340903992,39,0.8
-0.152044013235237,1.66914157969107,1.8982776234992,4.41040515526049,4.75235584883974,10.0332633241335,39,1
-0.766049074448151,2.03068308115684,2.27460668819304,4.96432592112999,5.31607235632749,10.4286927733615,39,1.2
0.135208611210295,2.384887702839,2.64318199399617,5.45831006108491,5.83073178957545,11.4333133534837,39,1.4
0.0431999801327342,2.69244408146248,2.96216894487833,5.90190555637071,6.29375043745242,12.0048649466418,39,1.6
0.282600887420098,3.00605410154266,3.29249366287051,6.29150679928728,6.69869356761564,12.3647451525532,39,1.8
-0.21015780722097,3.28302600204388,3.5731041486072,6.66391178105875,7.08442163940982,12.8822716285079,39,2
0.872943922001771,3.5429663028747,3.83400847708982,6.99232823252722,7.41865132555275,12.9940009974151,39,2.2
0.974876117238161,3.78671238918779,4.07601543917551,7.29249636032019,7.72976267640084,13.8043574237405,39,2.4
0.730730903678275,4.02377862917864,4.3166995384166,7.58375243340997,8.01864110246236,13.9715293736826,39,2.6
0.86835789842773,4.21581334828929,4.52617945665652,7.82449427947901,8.26304402285772,14.1541136861102,39,2.8
1.57452593730377,4.41769750586341,4.72172406306157,8.06552341818288,8.51801395618406,14.7688448714657,39,3
0.96713565694872,4.59188474702254,4.90443639208547,8.28966280171593,8.72326787579963,15.9774770090509,39,3.2
1.6791741838056,4.75381452167921,5.06565255968873,8.47436781690038,8.94416614913175,15.5648691622459,39,3.4
1.49856559858362,4.91392614560708,5.22589196982456,8.67077213050163,9.10953281968898,15.8476942322077,39,3.6
2.04545649478765,5.03777088756768,5.35977655621292,8.84885913657944,9.31260766219746,15.9200499871963,39,3.8
1.89504876464595,5.16951476231414,5.47893750981474,9.00326350676154,9.48237264171987,15.7793724566668,39,4
2.66619426265134,5.27408991691264,5.58751684484029,9.14847030526275,9.61251766773792,16.3919570090992,39,4.2
1.99888003077506,5.37315048128849,5.6933041041962,9.29409419088447,9.79711783432488,16.4159059518536,39,4.4
2.48423100843327,5.46395007886483,5.78475048642378,9.41977975296693,9.88821808140724,16.2688361142936,39,4.6
2.98790357913217,5.556997491097,5.86720611294017,9.53270538005076,10.0219238769368,16.2431372598202,39,4.8
3.08196316061015,5.62829680694761,5.9426343018822,9.66334162376763,10.1548124814822,16.4951541247091,39,5
2.19299134719961,5.68248614027233,6.00775832879167,9.76361740752594,10.2770737866294,16.6357193478435,39,5.2
2.99279857690468,5.72508933453069,6.06675872613948,9.88152398653107,10.3729682908214,16.4977797218972,39,5.4
2.85732240435002,5.79792601301123,6.10724357001596,9.97944158818264,10.4731177766973,16.8693957027725,39,5.6
3.18450759773178,5.85049471814454,6.16731743997965,10.057361734406,10.5481977138025,16.5622178141347,39,5.8
3.67787871855921,5.8796593159334,6.21370559497642,10.1421275853055,10.6428121816949,16.6700395614751,39,6
2.79652325937246,5.92654660589191,6.25223355135391,10.2074287469886,10.7395964406392,16.5600448989365,39,6.2
3.06331258312052,5.95694740562239,6.27550955969788,10.2794812258118,10.7886407011003,17.2158207980921,39,6.4
3.32329949189631,5.98283995511103,6.31231697997281,10.3436395836082,10.8697809807145,17.0127415516489,39,6.6
3.65864227146311,5.99491941160065,6.3340072662569,10.4346703392384,10.987859892257,16.789263700862,39,6.8
3.3055425597115,6.02457757822619,6.36776228236982,10.4915537306865,11.0232201969378,16.6471262934171,39,7
3.346870096744,6.05924567407014,6.40223166591588,10.5543260852637,11.0750087983212,16.9197669238326,39,7.2
3.69782868570984,6.07663833112599,6.40268840205606,10.6046969012408,11.1550068455214,16.8966971425237,39,7.4
3.27470297672038,6.08776995570746,6.43468718487748,10.6715484220565,11.1971853041283,17.2275734484046,39,7.6
3.01857088565133,6.10577865154317,6.44583688695829,10.7232168579197,11.253089143155,17.3967476215747,39,7.8
2.3109131942627,6.12397298847558,6.46659633955728,10.7628147804399,11.3229239804053,17.1899683265528,39,8
2.96501115533517,6.11109718863986,6.47489022051514,10.7969835670475,11.3701115455615,16.6972734757263,39,8.2
2.91130727262779,6.14306490957524,6.490505321672,10.8345071824495,11.4085461444085,16.9114635803875,39,8.4
3.52578401954514,6.14849974099094,6.51161492330758,10.8911045583041,11.4394869312253,17.2615159338124,39,8.6
3.22790548587357,6.13818228832163,6.51356211261352,10.9154413391875,11.4758293895701,17.2083097598272,39,8.8
3.52766503290449,6.16990915039785,6.52258872034718,10.9809564883707,11.5317250672085,16.9645237466901,39,9
3.24555116159189,6.18489192137921,6.53962915388677,11.0257392300387,11.5771046788473,17.1862576968873,39,9.2
3.64587367477006,6.19150148717995,6.53144111136197,11.0551508993974,11.6142945350448,16.8118287036161,39,9.4
3.33960110355992,6.18318540894259,6.53493246039822,11.0933139158086,11.6295762933388,17.1294479691794,39,9.6
3.15571448998346,6.19313152742687,6.54293930861956,11.1058266506545,11.6680883041109,17.3244538036169,39,9.8
3.57365981919473,6.1916619774225,6.55760900439781,11.1240360589768,11.7044493102296,16.9978299640042,39,10
-1.36575663711512,-0.645511627409063,-0.537017528413313,0.534793958416099,0.641904281374006,1.58488258528675,40,0
-1.53704266972048,-0.240621280342895,-0.0729799807254865,1.65743490947891,1.85536275480562,4.07138323772268,40,0.2
-1.62857335182632,0.146286377001296,0.371915909554969,2.64433793800414,2.92970719296936,6.98485414351769,40,0.4
-1.57631347208153,0.515182005176031,0.782045611751723,3.54001460326229,3.86749738381062,8.40787270019014,40,0.6
-1.02431583262266,0.893109939794976,1.19726542826995,4.32367182838814,4.71899472183368,9.95192493086498,40,0.8
-1.29929329646156,1.22988173522668,1.57098112739002,5.01785176569516,5.45439866473394,11.0319077073618,40,1
-0.834591205426433,1.55103004460104,1.91233806418074,5.62893721769514,6.0894755155492,12.0681418486551,40,1.2
-1.06979806997436,1.88502922025488,2.26584229853733,6.15983376080868,6.64439551251327,12.6315603528547,40,1.4
-0.558278943761505,2.17223236698628,2.58674921921347,6.63692574878167,7.13583020489106,13.2406880733444,40,1.6
-0.243222146025426,2.45315762889926,2.88350424974167,7.08677845648212,7.61147967285966,13.8993284332112,40,1.8
-0.0923099938456329,2.71679307908573,3.16802637346059,7.49021854627893,7.9976209155533,14.1073933395065,40,2
-0.167343525132415,2.98106505808783,3.4323642059535,7.85750964849121,8.39493017964819,14.3816374709559,40,2.2
0.0716147717184024,3.22896220973489,3.67261678950178,8.17558592230066,8.70487536996967,14.6960590297647,40,2.4
-0.807513008316696,3.43415651067521,3.90839182297075,8.4811629893079,9.03490585094718,14.6898785211737,40,2.6
0.200313115763388,3.6612704774381,4.12461321742968,8.77149727395587,9.32660869434765,15.1004263001917,40,2.8
0.222937258986826,3.84244861898882,4.30662663838603,9.02651777840124,9.56620070503278,15.745117859414,40,3
-0.129781078154196,4.03355506358263,4.49756163357462,9.25856796804967,9.83050937331151,15.0841024903471,40,3.2
0.583282913820227,4.22063228593179,4.69250793069053,9.4730087592534,10.0471506371714,15.0323893354555,40,3.4
0.728584701375779,4.35249096710604,4.83283157343663,9.66952039857704,10.2523923250844,14.9105534784563,40,3.6
0.978106762783691,4.4854197443798,4.97401713940703,9.87083716800432,10.431758246714,15.7719162245763,40,3.8
1.08172577956872,4.62573958138396,5.10320119017822,10.0583428041849,10.5945339868176,15.6840104148411,40,4
1.34376207952967,4.73143347325309,5.23033811234431,10.1927748910346,10.7922020901544,16.2750021798985,40,4.2
1.44663834150763,4.86259402213976,5.33894775153963,10.3631132800188,10.9188189612464,16.113215858316,40,4.4
1.44478565963545,4.95091421938741,5.43895280401718,10.501722776491,11.0570930611262,16.5816761274595,40,4.6
0.219942685733548,5.03682423593706,5.54046557134939,10.6026609242133,11.1885698232773,17.4869155621085,40,4.8
1.73024782520039,5.15499348506983,5.63270136661938,10.7164341286049,11.3255491257334,17.0475343135394,40,5
1.4039820959365,5.21758810663856,5.6984955635914,10.8307161775084,11.4450541787957,17.1783440030831,40,5.2
1.94378252296172,5.30152635066719,5.77043072358515,10.9435439973525,11.5611923550406,18.5365025628408,40,5.4
1.66662537315927,5.37549583779225,5.83599226780849,11.0516634074088,11.6675259173266,17.8561544283073,40,5.6
1.82070652772814,5.41908192939339,5.88284054123671,11.1388789110647,11.7496469029713,18.0258391963168,40,5.8
2.2479682887603,5.47086033566537,5.94050101975413,11.228340728957,11.834377298482,17.2162940992097,40,6
1.33411779453535,5.52016564147377,5.98937869547145,11.312609558203,11.9371636881374,17.548863221608,40,6.2
1.9953234485441,5.57174388689547,6.05033048688925,11.3864477089969,12.038299607407,17.4263767502465,40,6.4
1.77505148329369,5.59229951153187,6.06847009169281,11.4636169770449,12.1223931989937,18.9786122141074,40,6.6
2.01722960275425,5.64117403350322,6.12196771267997,11.5466085803628,12.1948758514803,17.8892199204898,40,6.8
2.28221718964835,5.6635792726554,6.1490732181467,11.6072389340679,12.2781958339789,17.5028045959393,40,7
2.01198533206705,5.69705948164419,6.1749030484673,11.6726973913284,12.3437024290611,17.7919902841851,40,7.2
2.65583974670808,5.73558855289177,6.20507466986813,11.7422764675549,12.3973187207216,18.0372977990489,40,7.4
2.31665814794193,5.75075655149828,6.22408163752369,11.784776517533,12.4457640462769,17.8734174169547,40,7.6
2.08933395015601,5.76106341973906,6.24117652691713,11.8629560761657,12.5216569440242,18.2630334062647,40,7.8
1.82040423019698,5.77557736035885,6.259134177472,11.909962009284,12.5802390600214,18.8779789675066,40,8
2.01703833950405,5.81246135464297,6.26270866310348,11.9584612100664,12.659255959949,18.6231056123613,40,8.2
1.28079705739871,5.81209894800892,6.28929227190831,12.0113032774052,12.6715949039898,18.5434939858571,40,8.4
1.24015135524345,5.83813080085522,6.31715437668399,12.0425386833597,12.7180464531714,19.4405677737382,40,8.6
1.91951943935281,5.8573198116047,6.326724418657,12.0925227777803,12.7701150769937,18.5439780308131,40,8.8
2.101834575754,5.84995324506428,6.34676276371265,12.1317709084124,12.8242187420404,18.629555150033,40,9
2.54520803531796,5.87474920627066,6.34979054091923,12.1650729279291,12.8403626924533,19.3835784776345,40,9.2
2.52315353690967,5.90837865306596,6.36983714482151,12.2032859672064,12.8887388797987,19.5419477627927,40,9.4
1.39256607221913,5.91042311081788,6.39694509061689,12.2196548811758,12.9376112848943,18.9488166232778,40,9.6
1.61449516091204,5.89808248083724,6.39083786339264,12.2623615844684,12.9833421201245,19.0082948666767,40,9.8
1.82661552734927,5.91674142926437,6.41925401016244,12.3018957434049,12.9885862328553,19.1843392726985,40,10
-1.44915906074785,-0.640650997823675,-0.535682492795414,0.540813505434659,0.647372318672637,1.37284479442315,41,0
-1.08171160531179,-0.0448748190288894,0.0879140181445736,1.45636869672304,1.59650059081861,3.38746532741298,41,0.2
-0.694248093373832,0.465947213278425,0.627212957528579,2.34010693964318,2.52927466139676,5.60731226869558,41,0.4
-0.462460279544743,0.932363206339125,1.118042198155,3.14918670408594,3.36900701436918,7.56873935909813,41,0.6
-0.176043334526425,1.36966157988686,1.57596063447976,3.88593564478293,4.13675856102696,8.97319914979948,41,0.8
-0.0679785512622889,1.76262630417406,1.99478902083486,4.54498388248997,4.82503854100294,10.1095140982403,41,1
0.466332251647928,2.15272150104882,2.39693292964882,5.13845488815908,5.43607883498956,10.6354191995796,41,1.2
0.000689384110339808,2.50447499024862,2.77957505006979,5.68493441081694,5.99346675429116,11.6684144251644,41,1.4
0.400688969514435,2.85337064477748,3.14449354091311,6.16435859173806,6.48997321244747,12.4582284622906,41,1.6
0.974384855116643,3.16720668376177,3.47036931147978,6.63185361907434,6.96258509277924,12.4165260848136,41,1.8
0.922934971140879,3.46956578183095,3.78487016598452,7.03281648927508,7.36828600829129,13.2222683728971,41,2
1.02975340648806,3.75687761459484,4.06715190699778,7.39691138619237,7.7498583132954,13.4714662782726,41,2.2
0.696769646240909,4.01491266327178,4.33148585720449,7.74818912171929,8.11515668657574,13.5706163657441,41,2.4
1.65647895986272,4.24815076185955,4.58221196461489,8.05683633156719,8.43128817488328,14.2234998712873,41,2.6
1.90094604096518,4.49237252280149,4.83887543617044,8.33823767018704,8.71734166800409,15.0823977476009,41,2.8
2.1120172850294,4.71689623361473,5.05892024224389,8.60037520708803,8.99695077571671,15.510341451483,41,3
2.53652840782394,4.92359383496058,5.25592897583178,8.85908662232763,9.27116152998395,15.1028771916739,41,3.2
2.61829086791112,5.09807178861058,5.44681238865601,9.09188532141305,9.50255279458715,15.5254690730368,41,3.4
2.52655210479883,5.2847410089243,5.619531727533,9.30708837867777,9.73099860134819,14.9094646552625,41,3.6
2.26608583483077,5.44971708100652,5.79257912777701,9.51185987523343,9.92702337068976,15.0302063006992,41,3.8
2.55628687444092,5.60392907389159,5.9432196679108,9.69039842648792,10.1248785851121,15.3663933252567,41,4
2.40925373800635,5.73710865385375,6.0737826210089,9.8835713772487,10.3387328144839,16.0615019734472,41,4.2
2.15644228173287,5.85576742289173,6.1976421782061,10.0504889604332,10.4994955131079,15.5909250067004,41,4.4
2.84078505382938,5.96845282122202,6.30580114574748,10.1993581415993,10.6640316007433,15.5694381393288,41,4.6
3.01292509916674,6.07533904839012,6.3994822162481,10.3411103312088,10.8004162957992,16.210770680445,41,4.8
3.61835884570782,6.15096604789039,6.49844703595292,10.4788505076025,10.9389524563354,15.7478027744222,41,5
3.83659571331124,6.23700584862981,6.57053133562247,10.6266946857918,11.0925383230968,16.0657214087135,41,5.2
3.19455870640354,6.31854323240783,6.6524949449275,10.7442974181197,11.2042753138667,16.3975951656937,41,5.4
3.91347254655013,6.37588016022917,6.72896354857538,10.8529008289136,11.3349019678291,16.5239460469988,41,5.6
4.0659162982096,6.44639952805793,6.79147514213653,10.9560451873709,11.4514814907913,16.4808953082561,41,5.8
3.97094494571036,6.51935219394142,6.84849738256144,11.0556085210618,11.542740906404,16.5472754136606,41,6
3.72055858211123,6.52605927334246,6.88622000426735,11.1748910837255,11.676165580234,17.58136832796,41,6.2
3.96671304614746,6.5827808120999,6.9452497066352,11.2543633725663,11.748113847337,17.5068435695719,41,6.4
4.53936086858019,6.63333091189607,6.97646402744838,11.3584404903599,11.8712265089397,16.6742272681763,41,6.6
4.18222251858573,6.65263148813119,7.00977272455257,11.4462858924812,11.9317898083421,16.4986754367266,41,6.8
4.27170382444243,6.70780915344927,7.06618602517848,11.4998077479453,12.0228280723533,16.7457679460918,41,7
4.29642668014578,6.71241769573293,7.07028176922617,11.5849709973748,12.108430544889,16.9965740352846,41,7.2
4.2813359102862,6.73897725170753,7.11456197003976,11.6638392852381,12.1747239024316,16.7700935642607,41,7.4
4.56615431338167,6.76162320194133,7.13292265746563,11.7323669234483,12.2836706565852,16.8208147713118,41,7.6
4.30973608189264,6.77651008756317,7.16794291181107,11.8046543079502,12.3322508341497,17.0977185438027,41,7.8
4.20427930838901,6.80323351872661,7.19151105420617,11.8479121369017,12.3944534576554,18.2929689938874,41,8
4.17993107522705,6.81875448274808,7.20140443817479,11.9198071978776,12.4495995033251,17.5313995256119,41,8.2
4.20845333261016,6.84035390487403,7.2232434597509,11.9724412268808,12.5291573732403,17.4681371937943,41,8.4
4.02271932522947,6.85595945702791,7.23966131560529,12.040488812367,12.5928864342042,17.7719127668587,41,8.6
4.2748658318019,6.84644261985379,7.23772783309885,12.0765021365448,12.6193730261701,17.0403509659875,41,8.8
4.06375778858515,6.86577850501046,7.26054733166451,12.1161954469119,12.6693467881743,16.9751684202294,41,9
3.79798748573473,6.87648235788614,7.26100857908941,12.1709452335263,12.7283989656071,17.1399336244774,41,9.2
4.20656582141331,6.88362893718232,7.28276506178726,12.2162972066668,12.7858455016761,17.5937255253149,41,9.4
4.1391716442947,6.892141206004,7.2916196038423,12.2661480948831,12.8174047725648,17.5094835569921,41,9.6
4.48116207532377,6.89661116430509,7.29402603312887,12.2882557986947,12.8954263944552,18.3137362636349,41,9.8
3.98080577428869,6.92800010068833,7.3120754975789,12.319273984007,12.8918380578156,18.0980776448671,41,10
-1.35661579022584,-0.642945746103108,-0.535755877319426,0.539787941637789,0.641797271724642,1.39153909940417,42,0
-1.19761699591438,-0.21086852958431,-0.0808665877807377,1.27549851005747,1.42016084407115,3.47694658460567,42,0.2
-1.28622053778984,0.173655081557373,0.322716168000171,1.94271958389699,2.13159836482952,5.73656068046207,42,0.4
-1.25526963430458,0.519310558213379,0.702499438457107,2.53745833817144,2.74441566790062,7.30358734032443,42,0.6
-1.14430508905017,0.840254937274058,1.04012236882008,3.0813066316594,3.31728484307286,8.72875246180885,42,0.8
-0.918521534850727,1.13831426465167,1.36833645412115,3.5497448199482,3.80476411295819,9.66694438538412,42,1
-0.246607335574325,1.4508940051522,1.67632099079543,3.98694823317733,4.25371994873343,9.94408083248738,42,1.2
-1.32133305563524,1.7066805325108,1.95471385004283,4.36999791075912,4.64163168666597,10.3579172149386,42,1.4
-0.692651987991349,1.95971378969449,2.20207016943048,4.71736971861179,4.99168257854624,11.0267507732047,42,1.6
-0.506025426369707,2.20282600540186,2.44892709060664,5.01263871402234,5.32161540928618,11.383560593797,42,1.8
-0.182627926454303,2.41799647114972,2.68368365289444,5.29668784483799,5.60154175686332,12.0492458903742,42,2
0.0309523789693076,2.62502835691179,2.89503432274346,5.5615864164627,5.8577130000117,12.2485055576666,42,2.2
0.0266224940595723,2.81536914066696,3.07907791460561,5.78134382013346,6.09316456288472,12.5422404814177,42,2.4
0.690167406126149,2.98707675422134,3.25663007704332,6.00011228185289,6.31102205483028,13.0880682118335,42,2.6
0.784663381241262,3.15340369603027,3.42664485404434,6.19779775456556,6.51185426272161,13.2168954977092,42,2.8
0.676593756476368,3.28894922973044,3.56861982651659,6.3729428444503,6.70601613735789,13.2081066662734,42,3
0.0777814141805077,3.43705785887915,3.71107564643643,6.53518745436634,6.86285787870119,13.6959419464125,42,3.2
-0.73064978618697,3.56099474084928,3.83204571270745,6.69214071743522,7.04395543046418,13.5649968042171,42,3.4
0.47693738217399,3.67413005349085,3.95654611748396,6.84183140327705,7.18850696056851,13.8683533959954,42,3.6
0.952936529404444,3.76261448078063,4.04904209711047,6.98945711191846,7.31569853658762,14.2660846358388,42,3.8
1.63976352496491,3.85858691001,4.13641396621708,7.09864563252304,7.4473462494131,14.0593020891589,42,4
1.26172785036253,3.95641950667924,4.22484601213112,7.21221968612494,7.57800603392969,13.8893805074718,42,4.2
1.20784192215138,4.01078782646948,4.28972472644563,7.32835645076255,7.69715613617478,13.6762352522514,42,4.4
1.3544766453847,4.07917639126386,4.36858951198746,7.40956649487371,7.7721252540173,13.9980453592691,42,4.6
1.16736510776951,4.15048199195779,4.43049229663698,7.51456998181988,7.88336618014232,14.2166236023126,42,4.8
1.49127131360524,4.20601077428498,4.48010263741746,7.59361641383123,7.95505596781064,14.3248945284072,42,5
1.41422811886885,4.24381012318537,4.53389914562304,7.67340459692865,8.04676655017503,14.0655997083702,42,5.2
1.48017270768292,4.29750844779045,4.57513983872487,7.73296675771906,8.13067584820952,14.6208916385599,42,5.4
0.764626215556375,4.32339243972844,4.62457676842503,7.8169669153014,8.20131379302101,14.4991573843296,42,5.6
0.815599690176291,4.35832537959686,4.65287985057717,7.88801632717265,8.26124148479618,14.310165324687,42,5.8
0.895211271930629,4.38651657524481,4.68444224960998,7.93837911147516,8.32822175893636,14.5364278794419,42,6
1.50666688576178,4.44756570093323,4.72604835973638,7.99965639814672,8.39083496972358,14.304525087849,42,6.2
1.73923462237081,4.44836335980889,4.74492499820784,8.05152996512232,8.4501248270701,14.769883742563,42,6.4
1.7620269680022,4.46348238258013,4.76342376246625,8.11453545960086,8.51200399501402,15.3752823433726,42,6.6
1.16492638108067,4.48888998901207,4.78892699793115,8.14357114647765,8.58139810751947,15.2753007321323,42,6.8
0.44607562301866,4.49614181642761,4.80201226447538,8.19198558686394,8.61270351170415,16.0018011228274,42,7
0.15794425648584,4.5263104649653,4.81301206166321,8.22612888374671,8.65199437210867,15.2386337716813,42,7.2
0.340180148536274,4.5326142211356,4.84257797949236,8.27896470743434,8.71196630777459,15.0109220932879,42,7.4
1.79147431893179,4.55372060928939,4.85367472681857,8.33045293300983,8.75100279965371,15.4418804797971,42,7.6
1.00454509543826,4.56117982130824,4.85900295160805,8.3603888579082,8.78534921405451,15.6808932188092,42,7.8
1.33585697775336,4.56757452330627,4.87855874847967,8.39728126304613,8.82161105962041,15.3266044651363,42,8
1.77806967477643,4.57212042694118,4.88299606538981,8.43255380229921,8.8746081607161,15.4201928765665,42,8.2
2.16810317973064,4.56931515298977,4.89521052772931,8.46437497355709,8.88812027579252,15.6388856135547,42,8.4
2.48715970842911,4.58741213272934,4.90074276903832,8.48905453266362,8.90644004846009,14.9681484556664,42,8.6
2.75727593229646,4.59196637690954,4.9138618610982,8.50698337514321,8.96439403226744,15.7748184630756,42,8.8
2.31726399752867,4.60964454294085,4.92191133163879,8.53319648718728,8.97919077174112,14.7383846707366,42,9
2.46830216926898,4.60212186948449,4.91364798384577,8.56363859040596,9.00740197397367,15.3769484119798,42,9.2
2.10241093718,4.60781037500306,4.92528875080072,8.59278664762946,9.05132649117739,15.3058588745248,42,9.4
2.00927055138036,4.62833153491177,4.93631538793981,8.61556458211742,9.0767343606015,14.5864180311222,42,9.6
2.36378747778263,4.62959719268075,4.94568548484056,8.63447316849409,9.09976512665883,14.9238791775588,42,9.8
2.14225850009801,4.62331867675966,4.94009202047405,8.65560488147772,9.11998770929156,14.6233103849059,42,10
-1.45917981654601,-0.642919645885675,-0.539777093302479,0.531014050390484,0.638601968658457,1.29779066697103,43,0
-0.636011362380947,0.418414896789494,0.560055385538021,2.10149581684771,2.26439198852515,3.80039273212096,43,0.2
-0.319236657230538,1.29285835637876,1.47427715652955,3.56672323230978,3.79771771831286,6.1313957002957,43,0.4
-0.0528474497072812,2.0598340320715,2.28179452781106,4.85100542138737,5.14261157990307,7.48389442197843,43,0.6
0.717404881686635,2.7708859956681,3.0267408611685,5.96151118808435,6.28613931581647,9.17903996880431,43,0.8
1.58411017476313,3.43910922332163,3.72340725525095,6.90185481952831,7.25556470027806,10.2844127007013,43,1
1.40136122581289,4.04344297473916,4.33727999731025,7.75650614580495,8.11699884623362,11.6112676991589,43,1.2
2.11831484522282,4.59281611194534,4.91582822498023,8.47897510600562,8.87091482016609,12.2129712099963,43,1.4
2.03462131853704,5.09152554101112,5.42070246172273,9.13312585991132,9.53326935949083,13.425396626414,43,1.6
2.68506609490958,5.56474825432856,5.91741040226072,9.71474637941064,10.1279881682909,13.954652549063,43,1.8
3.31699652398931,5.99370524292261,6.34790953719762,10.2328964804479,10.6570359141749,14.4393037571183,43,2
4.05725422515529,6.36240417179749,6.72658901388435,10.6750927038075,11.1073467135238,14.7231029249228,43,2.2
4.29798553372872,6.73008297734537,7.0917737012426,11.1104363468273,11.5470577009886,15.1601075393782,43,2.4
4.81290605350456,7.04354134436958,7.41396697492089,11.4685382095783,11.9251581564829,16.3665234986784,43,2.6
4.04520279782725,7.33912624309266,7.70236120640807,11.8304296103283,12.295861641016,16.3070664869034,43,2.8
5.11472647976811,7.57940210592988,7.94543890635877,12.1365696209045,12.6091829462992,16.9224966846089,43,3
4.9925643538555,7.79086463384544,8.14869749377961,12.4259208320651,12.9279167450783,16.9389152688824,43,3.2
5.32414163919996,7.9839803930691,8.34370131073514,12.6882197675057,13.1831955326457,17.2874090990668,43,3.4
5.95622437243045,8.15097135762608,8.53356009385752,12.9430973152477,13.4417543914865,18.0421081474401,43,3.6
5.21832516890806,8.29257348040988,8.66933889199873,13.169841873092,13.6949432250127,18.1431891697584,43,3.8
5.77810184560412,8.41514166907799,8.7972485992376,13.3681515791109,13.8903445683707,18.2239234153192,43,4
6.17901067059237,8.50312746633674,8.88988444680386,13.5626262905605,14.1083486923194,19.2221849382634,43,4.2
5.82362728360891,8.61940943928641,9.00872241797399,13.7435090503497,14.276898132034,19.3748639630029,43,4.4
6.11185351929567,8.68306210866947,9.08405465522791,13.9148959694306,14.4796014226484,19.7646850697413,43,4.6
5.95336719188999,8.74106605014307,9.13660745499798,14.0536984917887,14.6070771423018,18.9348384467252,43,4.8
6.30867474871693,8.78142977081358,9.20206039020728,14.2107759836799,14.7596306192511,19.3718725748669,43,5
6.2452699248722,8.83072952011024,9.25909893088721,14.3350502512932,14.900072235172,19.9663154443575,43,5.2
6.08969116868734,8.87093615668835,9.30311922028364,14.4555661267759,15.0240059872367,20.190927969165,43,5.4
5.95638222448072,8.93455494971842,9.35057500226086,14.5570486849425,15.1562732164866,20.9717164557502,43,5.6
6.45245954205611,8.97006828785113,9.39382086823799,14.6747076569149,15.2524951362565,21.6173512099165,43,5.8
6.668963176061,8.99092124531253,9.40990752904813,14.7734771319429,15.3776611318022,21.0106329439644,43,6
6.43165907808377,9.00180639997818,9.44745237762386,14.8619662506896,15.4819116729587,21.1757270265324,43,6.2
6.40456040171801,9.01958711601823,9.47171776430983,14.9476228687377,15.5771465729702,21.804769655084,43,6.4
6.08637890194962,9.05791453097353,9.49552228927179,15.0293824557848,15.6525554749344,22.1090131092954,43,6.6
5.72447389602965,9.04828795395956,9.50552242706111,15.087495746417,15.7442951742337,22.1869852697411,43,6.8
6.53346168572408,9.07687920789606,9.52251229968952,15.1723767043863,15.8113541349881,21.959320604506,43,7
6.15038463612412,9.08577667617259,9.5365016395139,15.2424968263144,15.8741109421568,22.4641679506126,43,7.2
6.09904185480408,9.09197918267387,9.53928052754509,15.3011004048333,15.9651710664876,22.5496126970058,43,7.4
6.15104071347436,9.09819116298442,9.56243070027496,15.3502211244873,16.0381534787431,23.3071066150993,43,7.6
6.00462103190964,9.11241110933613,9.55450444608282,15.4149278467941,16.096942858259,23.0548848228208,43,7.8
6.35028147749496,9.10638103883268,9.5596894303398,15.4611144256969,16.1278317349783,23.3251617128214,43,8
6.31024306707515,9.12407082762087,9.58263700617018,15.5009997334217,16.1902948254645,23.1798221185858,43,8.2
6.61636232142612,9.0986792859653,9.58045407503771,15.5442145235792,16.2554524847536,21.7543828163735,43,8.4
6.18177530352643,9.12542110764944,9.5764683555554,15.5726711518545,16.2885608782343,22.4683726495582,43,8.6
6.57305043838286,9.13248847720181,9.5908528818554,15.6212527997366,16.3262435812265,22.6746154145977,43,8.8
6.40104962806406,9.12260129354033,9.59080390947448,15.6551469455632,16.3760629162968,23.3513716582998,43,9
6.42456582206682,9.12961825965091,9.59043324472637,15.7062692989309,16.4110743732565,22.4142959553115,43,9.2
6.40329511806715,9.11602839105054,9.59925877532141,15.7400734631609,16.4474072308678,23.0675085099829,43,9.4
6.33147309477688,9.12212093358431,9.59435611995685,15.7626560374365,16.492475707221,23.1383533489877,43,9.6
6.42206339843033,9.12709571332001,9.60356021666444,15.7832158495486,16.5000209658033,22.6729996322665,43,9.8
6.18936567445296,9.11730285991027,9.60881777265276,15.8040164223172,16.5456711800079,23.1173395026962,43,10
-1.39110115709603,-0.651768140358053,-0.541710981972582,0.535662658486668,0.64042546605601,1.42715221556384,44,0
-0.858284153869398,0.174929253650499,0.314105140642051,1.74107027548038,1.89767367934385,3.43218482381602,44,0.2
-0.47828361794338,0.841615217494559,1.01191708021059,2.8396308472555,3.04427156390376,5.33095800513241,44,0.4
-0.125423242339285,1.43820099564857,1.64031738261549,3.78613672529231,4.01609753618713,6.97319635125556,44,0.6
0.381233963283504,1.97079695519303,2.19595120861463,4.59386168220502,4.8500151323785,7.51036964322746,44,0.8
0.820204493563697,2.45072354255407,2.69311121001016,5.27866411119583,5.54165645996568,8.67149419749062,44,1
0.457822095337123,2.89456308258023,3.15154951058618,5.86373869974002,6.1545355803325,9.36481034921223,44,1.2
1.15517676550606,3.28473394766424,3.55990587039957,6.36171926310291,6.65844783105766,10.3368191121122,44,1.4
1.49375547623661,3.64958242164937,3.92174386817236,6.8169640731323,7.1174293603533,10.6112612790798,44,1.6
1.73170002447315,3.98168026118725,4.24834710446387,7.20248359956523,7.51378237858094,11.2945460058087,44,1.8
1.91370053851639,4.24572721788092,4.5341606529099,7.55739877657732,7.86529947977401,11.9260049201432,44,2
1.99970577569974,4.4951385103078,4.77895775070813,7.84740346658122,8.17531869413623,12.1052590510134,44,2.2
2.4290695186413,4.7256720738761,5.00229392608482,8.12102026684754,8.45719711335867,12.4974914221929,44,2.4
2.043382297922,4.92249367821836,5.19601754934228,8.381754828411,8.73264991767875,12.8304086009299,44,2.6
2.21382015946121,5.0626614908854,5.34840292881285,8.59493121718319,8.94962507367219,13.1036300538915,44,2.8
2.92926840148217,5.21639312443017,5.48814983465665,8.78957599371722,9.16224488791237,13.6049604415829,44,3
3.03817222237873,5.32582491847669,5.60955882564452,8.97194968301346,9.36298868034442,14.5213555361141,44,3.2
3.14856679793524,5.3979879418516,5.71407841718386,9.15145153035101,9.51817352726279,14.0379032107853,44,3.4
3.62065683518247,5.50009198394705,5.79510548421648,9.31328481759562,9.71424573023065,14.8648940083124,44,3.6
3.05590550048188,5.56141714870023,5.87881716769321,9.425726068257,9.8203209938033,15.6684435721528,44,3.8
3.19420589078185,5.63349135372317,5.9323431916368,9.57127382359499,9.97322391803564,16.0647608567473,44,4
3.50734834134192,5.67924682216805,5.9988880020387,9.68765302620012,10.0924300419865,16.4868700596153,44,4.2
3.08071607757623,5.71431503826358,6.03693131018625,9.80694174512115,10.2160340365877,16.3935123032276,44,4.4
3.66020307203774,5.76231696901963,6.09704584415305,9.88983244253508,10.3170851954941,15.9841475851601,44,4.6
3.59149347679231,5.79601490973572,6.11355876200228,9.98395103742922,10.4059670040426,16.337843311387,44,4.8
3.57912817960564,5.79146686215204,6.1501756202234,10.0553432833659,10.4998651662239,15.6996212483481,44,5
3.92264708852329,5.83025796514505,6.16796194714631,10.132226617792,10.5810401818883,16.1393089243289,44,5.2
3.88154017017896,5.84489223467765,6.19266729043661,10.2068867146912,10.6733451696952,15.8301014695424,44,5.4
2.95929275467684,5.86842581655711,6.20956239595292,10.2529089342268,10.7086362582312,15.6129794377652,44,5.6
3.58418092439907,5.88400701238985,6.21929487051254,10.3143772635815,10.7913592365386,16.0835114530835,44,5.8
3.91741502101187,5.87569961751112,6.24016020621391,10.3585550031909,10.8254820630545,15.6298386286539,44,6
3.73461192483923,5.90857177609225,6.25076592197972,10.4108864604295,10.8740199975451,15.867861204642,44,6.2
3.40337195784101,5.91824666357155,6.25873771681239,10.4605819884011,10.9445214942608,15.8823254053543,44,6.4
3.39028424928502,5.91767864640753,6.26509774549488,10.5092696447445,10.9670843940185,16.3422447925187,44,6.6
3.48427614781145,5.90920894511772,6.26323567329039,10.529412381516,11.0231001642662,15.9051964740474,44,6.8
3.89038300052622,5.90141113042801,6.27961003504601,10.5793004508553,11.0516669939481,16.5174106529866,44,7
3.68328931493428,5.90627056276105,6.26841287640311,10.6064753848933,11.1018758589247,16.6971921820655,44,7.2
3.43956567241749,5.92176163562805,6.27525256162768,10.625342613252,11.1369458378568,16.9094893402233,44,7.4
3.62556196729707,5.92410042686835,6.28977543611242,10.6585548139708,11.1671405119678,17.0989247678785,44,7.6
4.14587641968217,5.94610919040274,6.28422493570248,10.6845689415724,11.1970724279703,17.5278882590683,44,7.8
3.77175603758913,5.93719843786752,6.29157121194166,10.7099370296792,11.2306050103977,17.5978849162328,44,8
3.81722454615984,5.94139631653617,6.28531185439792,10.7309303943089,11.2524343839762,17.9028826179732,44,8.2
4.04642267913844,5.94466660932722,6.29137024015418,10.7513999686539,11.2716905111542,17.5567412802786,44,8.4
3.93277023483644,5.95861762630563,6.30344500488865,10.7808900136699,11.2843948604015,18.0622101879058,44,8.6
3.76653495731233,5.94788161783821,6.29470961103176,10.7838566095706,11.3052917199196,18.1497817305288,44,8.8
3.84596761945982,5.94100752818067,6.29498989719194,10.8120508335396,11.3339368149126,18.0061518278689,44,9
3.66276113079174,5.93737412453657,6.29414188288853,10.8228764247001,11.3723964142398,17.7449340373002,44,9.2
3.49299568476765,5.95967827446509,6.30411988316684,10.8176702111734,11.3549161410127,17.0134130898807,44,9.4
3.88507679164183,5.94772892451568,6.29588033719578,10.8414934307749,11.3676904276118,17.2391327387256,44,9.6
3.82371366514833,5.94778964289827,6.3057825597511,10.8595628829568,11.3936285536233,17.4109118907382,44,9.8
3.99911931935351,5.93733838105113,6.2887640952922,10.8769088284341,11.4019687333856,16.6425628715501,44,10
-1.49711705373838,-0.642889394708339,-0.537757333045239,0.540753753066934,0.641402326058636,1.41956025760931,45,0
-0.936604664139552,0.274133067702949,0.416152960172285,1.88649854963571,2.03726167622181,3.50416704363676,45,0.2
-0.495751585163659,1.02222018489177,1.19584496698356,3.10412115983251,3.32002283538936,5.88703942570462,45,0.4
-0.105396075754199,1.69355232004133,1.89244719344178,4.12572096695157,4.37166299743161,7.11790516503788,45,0.6
0.291389774766325,2.2743478737481,2.50709331075651,5.01802287756027,5.27750491878006,8.35536988052386,45,0.8
0.793027308780353,2.81591187821646,3.05311917498393,5.74438336064313,6.0253846808374,9.28586481888243,45,1
0.285526222856829,3.2935629165197,3.55033513180052,6.37335193882366,6.66132249326211,10.3045482634491,45,1.2
0.60886248066695,3.71957745296114,3.99068307399089,6.91662952654649,7.22163338128331,10.5943117516921,45,1.4
1.93785265731823,4.11128952130387,4.38420535701511,7.38041224998218,7.70454039181807,11.5504163593606,45,1.6
1.84977190848921,4.45650353541666,4.73454933920012,7.78903519398169,8.11019480395249,12.0559110140105,45,1.8
2.2680996618892,4.77730722579824,5.04991555369135,8.17048096333816,8.48747791494618,11.9487503852056,45,2
2.43628113193054,5.05076913724468,5.32088528448355,8.49049155247752,8.81392336714991,12.5208211807197,45,2.2
2.1069488984129,5.26426901927419,5.55637217387909,8.77870145568051,9.12799468462416,12.7274676857134,45,2.4
2.85309379595126,5.47018465198485,5.76205763050163,9.03646909999104,9.40030402388345,13.7793025286361,45,2.6
2.8178079399284,5.64554965942422,5.93307278789719,9.27634573700835,9.63561690491632,13.1610866217285,45,2.8
3.16702731174751,5.77425893509432,6.06944380618691,9.47928956300427,9.85703709730821,13.494266092754,45,3
3.37789174467752,5.89070235716383,6.1947456302127,9.65653155508875,10.0563335954683,13.5513078141975,45,3.2
3.20146643206371,5.99880518269281,6.29969171360462,9.8314928793903,10.2434661114652,13.5679922878692,45,3.4
3.64244873152832,6.05892041309058,6.3704713073168,9.99649545002839,10.4056024321115,13.7511202765841,45,3.6
3.80169204022634,6.15015219045816,6.45241145694579,10.1419073331184,10.567729806736,14.8072826642055,45,3.8
4.13584731291253,6.19249089158153,6.51864336302276,10.2805963326278,10.6815401174611,14.2458656090323,45,4
3.46510466953706,6.21848642099782,6.55646027625671,10.3956408773253,10.8097112097359,15.2547561940339,45,4.2
4.27848229931491,6.26803569816361,6.60738374820786,10.499858754036,10.9340768372838,14.8493258370162,45,4.4
4.07056193399519,6.32413743222687,6.65604487004495,10.605723744315,11.037445772935,14.8371767810461,45,4.6
4.21121598577036,6.34530197030333,6.68180463002593,10.6873265509981,11.1380183483638,14.7381636173679,45,4.8
3.83733316242867,6.36831147978488,6.70804695060687,10.7524192243837,11.2095528961784,15.6052537242008,45,5
4.20806950291478,6.39853581972024,6.7377707590302,10.8488160257154,11.2951951064923,15.7675362938114,45,5.2
3.92692477689727,6.4031579397266,6.74976620065564,10.9117714680462,11.3868745594163,15.460064024831,45,5.4
4.33085541690164,6.41312103113832,6.76689957744911,10.9872670479766,11.4535068369126,16.3018361632845,45,5.6
4.29498800644325,6.42605892340061,6.76962431749436,11.0448400359593,11.5084029573913,16.2656767749103,45,5.8
4.28739955888158,6.43289926395844,6.77249041279323,11.0977041836695,11.5598180712757,16.1101831534946,45,6
4.02683884824566,6.45265925269712,6.80051561182049,11.1384242155794,11.6308214155061,15.9902146020762,45,6.2
3.74697245389093,6.46248678654896,6.80574254572272,11.1671229239842,11.6702127226516,16.3907092875138,45,6.4
4.44430646658428,6.4538149890563,6.81391758071037,11.2317555438483,11.7217246836772,16.1234263928355,45,6.6
4.21830607109339,6.46696714460657,6.82175617220678,11.2686052057723,11.781152519071,16.1455409075156,45,6.8
4.23627939340684,6.46163308873145,6.82812807778877,11.3189962834682,11.8191572050646,16.6406173535739,45,7
4.42365517860947,6.47255787241103,6.83768431316307,11.3404183229383,11.8567102635293,16.5662264718696,45,7.2
4.48983146967089,6.47373560629875,6.81830926856688,11.3747709819283,11.9066320549187,15.699007516366,45,7.4
4.54293451966449,6.47251186496764,6.82745753198556,11.4037711099027,11.9345556882755,15.9778184973825,45,7.6
4.5187096014762,6.4609465394313,6.82018270939668,11.4348594212164,11.957429950409,16.7970977797294,45,7.8
4.0901377388198,6.47650490756535,6.84344309566231,11.4569391698514,11.9943678797071,16.0573250860229,45,8
4.21687896006269,6.4846744128521,6.83235474174861,11.4758156791747,12.0208543363146,16.547019636893,45,8.2
3.65653400296675,6.47289908217319,6.83990092239994,11.5019300674088,12.0335822931784,17.0073391179599,45,8.4
4.53828611534249,6.47564712898262,6.83532552876463,11.5099433478926,12.0539032828431,16.4902200681806,45,8.6
3.75749272291528,6.4681191951228,6.8352371462213,11.5255366707414,12.073357701918,16.5057757656289,45,8.8
3.280136557064,6.46614852881957,6.8377848872353,11.5283072900217,12.0961741243255,16.4335458435782,45,9
4.05639087110951,6.47035945743823,6.84138186370609,11.5473853048412,12.0900207415867,16.7708893146703,45,9.2
3.50925555261017,6.47318812584696,6.83952495255769,11.560934554264,12.1255252912492,17.622038439322,45,9.4
3.76063864114108,6.47892019315256,6.84541534089159,11.5775322879371,12.137398936427,17.3076786247772,45,9.6
4.18217011101424,6.47924699475969,6.84043598806593,11.57183692342,12.1318044788165,17.8164751639347,45,9.8
4.29605285891079,6.46196453928582,6.84531865771058,11.5958176111726,12.1355417989375,17.4313914439976,45,10
-1.24670712235915,-0.645113053478606,-0.539468310336922,0.534998388399274,0.640575634782854,1.38069472557972,46,0
-0.845666555066348,0.224210700597559,0.367321897771324,1.80676591400019,1.95888111431217,4.25828444204965,46,0.2
-0.655964834475621,0.938745192204154,1.10382689500035,2.99829863283923,3.22416609775154,6.0273828806568,46,0.4
0.0709552267646987,1.56285953893474,1.75791065407288,3.99763682223382,4.26934449280184,7.3009595905475,46,0.6
0.410249343690696,2.12454578902359,2.3396783938655,4.84729917856111,5.15884015668529,9.1067703611305,46,0.8
0.439309801600236,2.62608587198311,2.8638891928237,5.56592864543122,5.89895118793709,10.0093850997131,46,1
0.396412095812291,3.07338655521238,3.33619648178877,6.16798443107512,6.53494867149125,10.9373871546071,46,1.2
1.29209510923,3.47694787277639,3.74533415848208,6.71019721699908,7.0873701229922,11.9786536411827,46,1.4
1.51960403376865,3.87293490495713,4.14043619216994,7.16561344951393,7.5524524459479,11.7797492933443,46,1.6
0.962135062877962,4.19086975305551,4.46950028270743,7.57585063301957,7.97116931545279,12.1587449403393,46,1.8
2.02930510885316,4.47482755720862,4.76494766183274,7.94128423751734,8.3390562056406,12.9132556994578,46,2
2.05882397695183,4.75105188218295,5.0242717134786,8.25951428483136,8.65313778218525,12.8581449019725,46,2.2
2.88725120332418,4.9665093955949,5.24881261986771,8.5414685987685,8.96523964020759,13.0673702942355,46,2.4
2.76987365978638,5.15581981040199,5.43420861707932,8.80690644896402,9.22591236099157,13.2754772959105,46,2.6
3.00582725498797,5.32050247521198,5.59651289724376,9.03280108897379,9.45914974075425,13.531087681759,46,2.8
3.37267992487806,5.44928789503734,5.73515876327494,9.24631094082799,9.6744290371591,13.8987440384505,46,3
2.52155189078292,5.5713781118022,5.86530005198248,9.44020311582895,9.86722110537703,14.0759308971052,46,3.2
3.14300708248641,5.63847527472098,5.94354634548543,9.61937075644766,10.0684384261102,14.0778778087237,46,3.4
3.74727778499261,5.73525805108341,6.04521889869056,9.78128990526075,10.2321398367529,14.4835284629628,46,3.6
3.45599957044225,5.79888374812809,6.10990582236014,9.92466728872029,10.3789363037909,14.7208856339966,46,3.8
3.65037982769153,5.86524193165912,6.17779364338001,10.0566139665546,10.5133677667008,14.6548217066977,46,4
3.81167061420632,5.911729940605,6.22968679842965,10.1707650680836,10.6427028033007,14.7936456720043,46,4.2
3.65016787351246,5.93503588172,6.26445580098525,10.2926385504604,10.767769240892,15.2418082015475,46,4.4
3.87125323881039,5.97278102628277,6.3038610754243,10.3955960866037,10.8950209357715,14.6985800444438,46,4.6
3.84983798371227,6.01798463462471,6.33448993221321,10.505327071779,10.9854859665632,15.0373265614178,46,4.8
3.23515997553785,6.02116970336704,6.37132060794466,10.5934752541791,11.0994245151249,15.6913792134019,46,5
4.05201002466119,6.0503508506657,6.38506803398163,10.6546915121692,11.1694792047298,15.8026487361774,46,5.2
4.20582855077143,6.06481703781948,6.41367906620908,10.7390307689194,11.2476038297564,14.9876836594276,46,5.4
3.95790975043133,6.0866200728107,6.42492165067915,10.8135433893955,11.3200146463261,14.9925445776115,46,5.6
4.03486444360682,6.09030060455611,6.45445231739177,10.8532066741912,11.3918299439443,14.9806677943145,46,5.8
3.65993358851489,6.08602336914811,6.44141853139366,10.924139925444,11.4691858500365,15.353604844722,46,6
3.78981174472384,6.09814351869717,6.45933968916475,10.9645304935937,11.5098296541234,16.2134723480622,46,6.2
3.8633423089646,6.10481267543094,6.45816311689617,11.0478178636223,11.580169879965,16.2099868228957,46,6.4
3.8924311273468,6.11921331672147,6.47123775329621,11.0742653028451,11.6563187215461,15.763993768646,46,6.6
4.19276484563549,6.12621086115671,6.48225369933633,11.1051063248296,11.6858832698072,15.6610500141479,46,6.8
4.11194035599414,6.13467690944806,6.48782260285186,11.1541434110569,11.7444247488439,16.3112699189594,46,7
4.03120327363604,6.13741145965608,6.49201832334267,11.1993227936643,11.7861810469037,15.5571008404737,46,7.2
3.83159448242619,6.11846564405705,6.49039506971346,11.2305850283051,11.8169856678978,16.1470485736237,46,7.4
3.91910721227426,6.13511333176877,6.48900070377697,11.2587160274244,11.854363266556,15.8357030537602,46,7.6
3.95249359496095,6.14775645927727,6.50303834561968,11.2911424136218,11.8971369514923,16.3633038309487,46,7.8
3.94579718194123,6.15835810888718,6.50797885135563,11.3133990684365,11.9158926450707,16.4659408351426,46,8
4.02478335432672,6.1370711381625,6.50191808337419,11.3661261845654,11.9656452417611,16.3708131959258,46,8.2
3.69020109422653,6.13946043673249,6.50764913016986,11.367212743002,11.9684588343817,15.9707535583764,46,8.4
4.06045050641745,6.16492512877825,6.51624322699667,11.3994956914681,11.9991518989272,16.6904935089461,46,8.6
3.69227788567732,6.17718683650032,6.52944929105615,11.4352801608811,12.0296978725309,16.4161912033911,46,8.8
4.37657755933267,6.15297578333273,6.50577660977999,11.4238898038177,12.0576263344227,16.5197520174363,46,9
4.01214598049898,6.1552841364403,6.52202003789305,11.4483142406659,12.0661314697533,16.4606160198159,46,9.2
3.91445917161069,6.14939595171672,6.51285324361595,11.4670680066691,12.0763685820774,16.4786719940132,46,9.4
3.96739295113785,6.13614239320442,6.50764315575384,11.4630217108338,12.0961612406658,16.5384803093361,46,9.6
3.65129326133773,6.16137485922375,6.50582120966082,11.5008626828284,12.1044617273148,16.6729376021839,46,9.8
4.07420232751267,6.15538581344394,6.51324257371804,11.4924468086381,12.1158963585728,16.5825902839156,46,10
-1.33720381465636,-0.639496010243783,-0.538584092740989,0.532857064760373,0.639829044765997,1.5044238944174,47,0
-0.809827930681419,0.276103348884429,0.425258796986627,1.98420354753195,2.17840344027442,4.14251979683299,47,0.2
-0.222098084779342,1.05082189617238,1.23058914422649,3.32063980906947,3.62152161907107,7.09221771195321,47,0.4
-0.743993185247158,1.73875911805379,1.9550130742508,4.48996045399822,4.85676562292292,9.2486696789323,47,0.6
-0.290180063663339,2.35367085780625,2.61022223493219,5.47530046043154,5.90472661882045,10.9344177284727,47,0.8
0.802967378636735,2.93972193606894,3.21231128033493,6.33059332073227,6.78133083192261,12.0252864672546,47,1
1.10167292796992,3.45060975622352,3.74698963058033,7.06600184952715,7.558049432329,12.8991896484218,47,1.2
1.08029007582741,3.92808465332478,4.24893664304279,7.71943746255668,8.19808613951714,13.8050606816836,47,1.4
1.89442146187545,4.37110514203661,4.70125033787238,8.27980486821091,8.82886989500494,14.2378656416728,47,1.6
1.78235071772651,4.76577456410396,5.10358371550691,8.78297384650583,9.32427530018818,15.2334580859975,47,1.8
2.43854155082304,5.13957667328466,5.48743126182418,9.22824715353743,9.76001189562098,14.9218430028156,47,2
2.64640365486589,5.46903917212726,5.81454668388991,9.63130712561086,10.2013767254569,15.4234637507191,47,2.2
2.63028714898138,5.75502378170334,6.09504340075013,10.0037403294617,10.530666281431,15.5445374672653,47,2.4
2.94563305077368,6.01526329463749,6.36425851242733,10.3129961849836,10.8417235699955,15.7315962646254,47,2.6
3.19993458897729,6.26948649015107,6.61044138708658,10.5925072917112,11.1545036747028,16.5388490838089,47,2.8
3.04438480344227,6.48939696275994,6.82710496813669,10.8690636149617,11.3992450333917,16.5968785471521,47,3
2.99869160349482,6.66309189091997,6.99144340823788,11.128110179394,11.6656991039193,16.7863217376822,47,3.2
3.7232494040747,6.81953228987957,7.15746861893267,11.336338350832,11.87134510249,17.2807851411427,47,3.4
4.14205417004262,6.93485903347977,7.2837437772584,11.5404197236826,12.071872505969,17.6243892978546,47,3.6
3.80300124598025,7.04983024944321,7.39669387336452,11.7249726386091,12.2629891078842,17.6280033162292,47,3.8
4.30721243144824,7.14580854014648,7.50082433796651,11.8991037362348,12.4457931209035,17.7994680135782,47,4
3.63899270151868,7.22607405910074,7.58133539684364,12.0664510473447,12.5940513859998,17.9073092592943,47,4.2
4.65709307647802,7.2870951211855,7.65017033782454,12.1960550069812,12.7439499877403,18.3070686453158,47,4.4
4.88238486209599,7.37454153952672,7.72133709923456,12.3313146203269,12.8862723911909,17.908370774026,47,4.6
4.82838438298274,7.40334955077292,7.77766692665235,12.4696114403682,13.0058941675629,17.9571836276845,47,4.8
4.5251525591477,7.46930715858668,7.84652440691816,12.5886826365092,13.131384359522,18.3917292556124,47,5
4.58720345982745,7.48177879054627,7.87727284204955,12.6948811673173,13.2273664246122,18.1519561270887,47,5.2
4.51088311667831,7.52088899813299,7.90182193327782,12.784717718143,13.3423009174759,17.9666647264319,47,5.4
3.96385939396827,7.54977829424073,7.94905169781496,12.8746565594543,13.4256976475199,18.3390836894734,47,5.6
4.10407402224495,7.56694315850394,7.96165954560819,12.9844873144878,13.5322937182852,18.5645177426756,47,5.8
4.52608445007778,7.60022107048775,7.9966981752076,13.0489939406938,13.6176662156537,18.4059900549104,47,6
4.75472039436262,7.60808066226619,8.01678688598634,13.1331392213778,13.6986281446251,18.9642410783068,47,6.2
4.59457422123574,7.63827109494196,8.03562334047793,13.2143040394131,13.7887328579646,19.1746783921416,47,6.4
4.48173818459644,7.62869400984987,8.04385869765679,13.2648477224344,13.8571041946758,18.6720140407001,47,6.6
4.84605391888685,7.65407507455894,8.05803865627782,13.3140257078154,13.8974507960705,19.3124707775681,47,6.8
4.78523308579244,7.67269773721876,8.079475300614,13.3886859500175,13.9854288821462,19.3210148320864,47,7
4.91894677253232,7.66711605479474,8.07100882765061,13.4391074168281,14.0307194311469,19.2567998334564,47,7.2
4.80130217466288,7.67185760457937,8.09761401685789,13.4720793589144,14.0779886908177,19.9392184877751,47,7.4
4.65764706993526,7.69001049284062,8.09673124931215,13.5262481781902,14.1226412108953,20.1494595825012,47,7.6
4.95957569127554,7.67785901247282,8.11865105422896,13.5467973841189,14.1841386675829,20.221401750675,47,7.8
4.80099058595119,7.70088821597557,8.12056218731619,13.5867019489814,14.2194343620832,20.030143304716,47,8
4.88903507744983,7.72074554668144,8.12644688416393,13.6451482812943,14.2563209334176,20.3614406935151,47,8.2
4.71851097231685,7.71504106191083,8.12747823314997,13.672189959487,14.3030459890052,21.1185360206576,47,8.4
4.88664417750315,7.709140018727,8.12832836886655,13.7031522987508,14.3293330426831,20.2945602556114,47,8.6
5.07177056332123,7.72331382045531,8.12878231191802,13.7365068308284,14.3754871475156,20.2181203530815,47,8.8
5.18086261312413,7.71878817762283,8.14157373394668,13.767620078562,14.4022262526193,20.1649936815199,47,9
4.72139431294809,7.71700745466267,8.15336809700573,13.7867862008189,14.4265161897783,20.5898198535525,47,9.2
4.9106239230462,7.71556030058339,8.14433430044951,13.8136926011613,14.4547814364986,20.7476225476868,47,9.4
5.02232825530738,7.72054792921915,8.14534711970682,13.8258084753296,14.4972547717545,20.6447921058395,47,9.6
4.99311397332802,7.71773587427089,8.14679677455664,13.8561127055743,14.5171538026642,21.4354712583734,47,9.8
5.11009029289396,7.70933069674128,8.13201868455211,13.8545113421197,14.5452292629773,20.5304217202127,47,10
-1.25052943266035,-0.637138695649507,-0.535190076888278,0.539521001545772,0.641061203129901,1.45455400995273,48,0
-1.68629394276969,-0.405513491064995,-0.277527960657434,1.02718261569071,1.16977337936612,3.70401913140466,48,0.2
-1.6314952499795,-0.185560166357781,-0.0367212761631189,1.49432849996248,1.67538871875325,5.9561069918962,48,0.4
-1.74988893529566,0.0278253838175668,0.199222041363073,1.94437108331382,2.15180546292153,7.56405209779279,48,0.6
-1.76622946813619,0.235480115530601,0.43095387474378,2.35973702453004,2.57455501403408,8.60405677940841,48,0.8
-2.45716587315832,0.451119699410724,0.659387818552248,2.76771229443804,3.01126399857305,9.69846839901968,48,1
-1.80764438703202,0.669146107109852,0.89180226860609,3.13456957123035,3.40773318822365,11.0105954095074,48,1.2
-2.32799269133359,0.844534668828041,1.09192077149935,3.50567586663367,3.79446850396432,10.6212781861419,48,1.4
-1.65526685945164,1.04636860158656,1.3049004983193,3.85746826837528,4.14836789484548,11.1023726291246,48,1.6
-2.52430259370826,1.23393583815275,1.5119541782444,4.17410610272517,4.483561797478,11.3867068669816,48,1.8
-2.50060473219955,1.42308689375918,1.71101442148625,4.49677151920252,4.83233699970649,12.8018400882779,48,2
-2.39228359678834,1.62194184130653,1.88862239670486,4.79718385430022,5.11710249700805,13.2601366098349,48,2.2
-1.61113709497453,1.78650930350902,2.08339867232724,5.0654316625078,5.41932683444319,13.2301362050378,48,2.4
-1.62206811124353,1.95495707542205,2.2665459898459,5.34159710782546,5.68963930561357,13.542944343696,48,2.6
-1.92643194783939,2.11979283958656,2.43811397740669,5.59286426079904,5.96861735270969,13.925986799705,48,2.8
-0.862695428276408,2.28481450646109,2.59970147611229,5.8310077792488,6.21269080781875,14.32738274755,48,3
-0.841431963700082,2.43274301017015,2.7643434124392,6.0563863428685,6.45722666639904,14.5788390428446,48,3.2
-1.08644693336633,2.59274591968562,2.9356380994249,6.27759615875702,6.67601274659896,14.84345558407,48,3.4
-0.899169019044443,2.72769347206354,3.09058375757498,6.49532789366274,6.88656558267566,16.3870850390761,48,3.6
-0.539733252332789,2.88010485162407,3.23432467011858,6.68390455366863,7.07892767262956,16.3361801588939,48,3.8
-0.423281457383566,3.03638920052829,3.37968836155245,6.88092341332055,7.29386313957731,15.8523343737888,48,4
-0.476162352200299,3.15321567295295,3.52838814087113,7.05778944891062,7.4583500791647,16.6891231114559,48,4.2
-0.0978945312542857,3.30076217911397,3.66526002051229,7.23935495718279,7.68086154268574,17.4043980431683,48,4.4
-0.184045701129064,3.415201619784,3.79288759539405,7.41014103182046,7.85440207515142,16.599714961843,48,4.6
-0.163066540770449,3.53919110573819,3.91567484924438,7.56431490852255,8.02169806632972,16.4957438624012,48,4.8
-0.229271698949713,3.66440409946084,4.06055537126182,7.72069585150714,8.15482826877751,16.8198013325904,48,5
-0.651134890225785,3.78140888754275,4.17297991455035,7.87337827564075,8.30807808873836,16.6041385986416,48,5.2
-0.31998939507034,3.90562104464642,4.29306426953689,8.00957957984873,8.46578499616326,17.1506919940396,48,5.4
-0.687526759054124,4.00960071697403,4.41914810106609,8.15281537805562,8.60341093078258,17.1558014060244,48,5.6
-0.120534870376708,4.12643126050968,4.52694177254872,8.28564045946885,8.72713672992969,17.2593456180179,48,5.8
-0.0765479564844505,4.25168818303735,4.62297593897737,8.40476833246907,8.87761372635289,17.1887556650417,48,6
-0.532652657292649,4.33328348290375,4.73289320833043,8.54056995600703,8.99925018291724,17.5746380087211,48,6.2
-0.362042429402248,4.43042498744343,4.82316949419999,8.67251394165461,9.11780785505425,18.0047377450278,48,6.4
-0.0916545938837008,4.51657248643149,4.91703960115002,8.78138311211655,9.24132306127699,17.3576875555532,48,6.6
-0.00581413442436801,4.60066328990324,5.00006435247349,8.89062085039448,9.33745513067732,16.9090069790743,48,6.8
0.709465704195403,4.71480081195855,5.10286082065434,9.00024388647971,9.45226377450872,17.0121267571329,48,7
0.616146155289637,4.79189984731049,5.18287426994634,9.10179602095926,9.55237484508025,17.0374226791552,48,7.2
0.458086746094541,4.85977411131449,5.25068031612567,9.20629976156001,9.66021077227777,17.9784830888534,48,7.4
0.343395566532946,4.92638212328151,5.34459463233601,9.28875275584164,9.76513252627623,16.5729253199779,48,7.6
-0.182398261879813,5.00493150190458,5.40735699042248,9.37296527395362,9.83584342708921,17.2028716194994,48,7.8
0.657436561524485,5.08921873532272,5.48913693851251,9.45970603858584,9.93607521830921,17.4199101170299,48,8
-0.181792195267954,5.15754274650233,5.56740792205616,9.55728855490892,10.0128323902558,17.7107080418479,48,8.2
-0.163717498452708,5.23704701586479,5.6259911670639,9.64335820747088,10.1042677506377,18.0911593550243,48,8.4
-0.634410954509756,5.30273279491952,5.69818366595443,9.73766882400533,10.2150994110101,18.1508685869891,48,8.6
-0.310243399466457,5.35377320178016,5.74123263687776,9.80902709017044,10.2811338690685,17.3717622432116,48,8.8
0.656604263131754,5.40382939057447,5.79863966322474,9.87366240948795,10.3664413458797,17.6142028832284,48,9
0.000919881596312733,5.46419296332936,5.85708355706023,9.95303152499362,10.4337239921047,17.8489936076668,48,9.2
1.25323979514993,5.53152256310137,5.91783957491066,10.0483410846907,10.5170504722313,18.2181190171802,48,9.4
1.81660965446842,5.57385972729613,5.97146083911896,10.1027816084976,10.6072265772678,18.9126814275941,48,9.6
0.49913709661871,5.61632296012494,6.02453880546848,10.1752637677846,10.6478133719903,18.1882165179949,48,9.8
0.120057389260443,5.67313191063399,6.07196918582105,10.2144366250131,10.7212809254284,18.2221225577262,48,10
-1.62723410202406,-0.645057720692303,-0.536832022003311,0.537913652201981,0.641566446169824,1.29042888687676,49,0
-1.30696293893969,-0.288611193437091,-0.157204288014573,1.15523896293708,1.29613559186446,3.92982973326177,49,0.2
-1.28276277880089,0.0342702361402156,0.188086660456354,1.73314765216137,1.90075882688658,5.94071109699678,49,0.4
-1.20316037633205,0.325473212059403,0.512798415609763,2.26302506028818,2.45555024834481,8.15842703709914,49,0.6
-1.44034229515293,0.610176858086491,0.808335144162953,2.74058340410684,2.96131159246473,9.27610892738824,49,0.8
-1.26736780631674,0.881981801689213,1.08821607181063,3.17650191382329,3.41587804670985,10.0035428502525,49,1
-1.07683751159891,1.1320739091312,1.35664441818995,3.58788935784489,3.82926526389366,10.5592727520944,49,1.2
-1.19104869735045,1.36924382879887,1.60377710001255,3.96278616294969,4.22493136737471,11.1153606032629,49,1.4
-0.758125664528434,1.60174271250331,1.85104626936461,4.31353081497211,4.59787749455322,11.3914312725489,49,1.6
-0.857517618868301,1.81698669647886,2.07480922437345,4.6205091309454,4.89464201594814,11.8544169200404,49,1.8
-0.237163279561004,2.02375918489338,2.29548088890683,4.89806980085949,5.18015520394245,12.4859228035802,49,2
-0.359891979230056,2.22416842312203,2.49301952766382,5.16308663183001,5.45872450534347,12.577952041993,49,2.2
-0.686457004464729,2.39964495449928,2.68332616079226,5.41156267703295,5.70723666539117,12.9512098833798,49,2.4
-0.398427894175152,2.5857727154321,2.86517976307653,5.63906169168884,5.93682845450708,13.668814008632,49,2.6
-0.790955461766738,2.74866754706308,3.02856558914306,5.84858313321539,6.15940340330747,14.1502909373199,49,2.8
0.0925973594409741,2.90442782941994,3.18300377113656,6.03945957616628,6.36030045152304,14.4287219746322,49,3
0.0436145386146549,3.05733061780027,3.35368275920884,6.21590779297465,6.53588233797978,14.2825445589567,49,3.2
0.0138445465260207,3.1848915082143,3.48620771865521,6.39346634573443,6.73403870518557,14.7236341989836,49,3.4
0.828744227710385,3.30990507712218,3.61193977253779,6.54786525153789,6.87547353839383,14.3731534414975,49,3.6
1.02711561599236,3.4446024793476,3.7514404848236,6.69004135839945,7.02030539541129,15.612785077239,49,3.8
0.47764444374943,3.55257955118909,3.85113332950654,6.81905433614066,7.1669667157695,14.5622179712376,49,4
0.657200972239153,3.67689187614103,3.96450506222621,6.95428883737948,7.29253456367024,15.8942381940621,49,4.2
0.192080339822532,3.77372692123478,4.06656419698105,7.08088997851224,7.4281189626423,15.4004464744533,49,4.4
0.616498994167151,3.85412602588384,4.14785198223584,7.18451007976243,7.54724309681848,15.6608979569861,49,4.6
0.410048179417702,3.94516482973283,4.23908949033403,7.30058704506289,7.66222213712905,15.5251561793884,49,4.8
1.26464723661252,4.02761574420911,4.31741362191738,7.39892082401103,7.77205715258528,15.296417377217,49,5
0.741865833283179,4.08878300869925,4.39024645348833,7.48995601962613,7.86559592342993,15.6394917531377,49,5.2
0.533856316231881,4.16853637342535,4.4513561482401,7.59338704119261,7.95908610064456,15.7406223437616,49,5.4
1.2371471061189,4.2292787661343,4.51588986649456,7.68911332912867,8.05132727722782,15.4633104775887,49,5.6
1.2221177824719,4.27537385137131,4.57003843643655,7.77410106933942,8.14618208176517,15.7380187900461,49,5.8
1.74023122896601,4.32913583482739,4.62405651048174,7.84887450357091,8.23393774100011,16.2948772021709,49,6
1.00799103049297,4.36188515024013,4.66144118109091,7.93085969262068,8.30684913932646,15.9408614885664,49,6.2
1.43255108046573,4.42715639275521,4.71935076659091,8.00066939827162,8.37723397262641,15.2313440775553,49,6.4
1.03918978224377,4.45285010641873,4.75312318899444,8.0669996416624,8.46775188339386,15.4121281032082,49,6.6
1.52593840333413,4.49120701191559,4.78436797193933,8.11393298933609,8.49972933110651,14.8972697719734,49,6.8
1.06159186178815,4.52072166032495,4.81940410468137,8.18577147051051,8.57470481803388,15.339657675192,49,7
0.969322340909433,4.55194379381125,4.85694773328518,8.22776022027359,8.63714825090372,15.4956859531418,49,7.2
1.57781681117699,4.59940783402322,4.89231131480877,8.29761737348293,8.68847094758475,15.6358348877441,49,7.4
2.18666207040506,4.60809255109968,4.90558967191181,8.34399465607573,8.75258259590956,15.2573284413604,49,7.6
2.18983035461687,4.62165071888725,4.93025869445031,8.39080115477122,8.78630120287978,14.9823031367202,49,7.8
2.09789784290963,4.6492680450198,4.938810599949,8.43688447339536,8.84530348541083,16.2126855154735,49,8
2.07808673163142,4.65987408929369,4.97425053188765,8.4944355945268,8.90795404121107,15.9747432840738,49,8.2
1.8714295598825,4.67819205082519,4.99459301968098,8.52964244710321,8.9416211955152,15.1399075404117,49,8.4
1.64301437093204,4.70812170359036,5.00312827067502,8.57184141005799,8.98877412773803,15.4455857664204,49,8.6
2.14152850348543,4.6990692709747,5.02105537154939,8.60530062253947,9.03525690804791,15.1513111926685,49,8.8
2.009518479629,4.73088856428482,5.04540424664199,8.64252372207213,9.10110115463786,15.3225309078165,49,9
1.45561172594486,4.73804738632748,5.04972106873378,8.69430248002559,9.10848547168347,15.6730297974599,49,9.2
1.03638981179586,4.74797206917118,5.05696955005499,8.71029703441684,9.14555303480596,15.2768789725944,49,9.4
1.18523031143539,4.74370081621961,5.06915027114788,8.75180907802223,9.1963165997474,16.5749321122962,49,9.6
0.991785902256027,4.76101437941734,5.08958069637447,8.78461598537418,9.20638105021019,16.5638307513276,49,9.8
2.05316871431289,4.77589998577033,5.08846137892163,8.80109766974735,9.23521650749945,15.0722715965359,49,10
-1.27166905192059,-0.643262279508104,-0.539991004915557,0.538163023262552,0.642043197083119,1.44962902660147,50,0
-1.01747675249203,0.012685033097464,0.145467338045328,1.53890850235648,1.6913405661945,3.93714313067941,50,0.2
-1.0510593754756,0.565987013562358,0.727741868183404,2.52349633309938,2.72786840973312,6.11951196852992,50,0.4
-1.13442977170513,1.07615813136251,1.27922269680696,3.41331814275338,3.65880910651502,7.91531733362166,50,0.6
-0.194293047703688,1.5642017560717,1.78508842506078,4.22045742624816,4.50120556276071,9.12254513745798,50,0.8
-0.624562898783725,2.01674842607363,2.2542661463064,4.96592656483927,5.26391124502279,10.2882605637246,50,1
0.0233828171146379,2.4393375059554,2.7048545266086,5.62529342019418,5.95477672377767,11.4251937587468,50,1.2
0.332849974259453,2.85149342932533,3.13249187349401,6.2272968404058,6.5890930661309,12.5707229704345,50,1.4
0.940322073924331,3.23397677006551,3.52783125717452,6.78334354976233,7.1425143394722,13.9005440063705,50,1.6
1.37459735671788,3.60295548617187,3.90849857001736,7.29330506588339,7.6452288454606,15.0228959010138,50,1.8
1.57027969658602,3.93769133429381,4.25786254101127,7.75742551796589,8.13417672584133,15.8219744054957,50,2
1.16212781612344,4.25603285739348,4.592560948947,8.15897583396136,8.53996104377064,16.6596121327041,50,2.2
1.63795074342811,4.56715893302948,4.90186216328294,8.54742364156196,8.93420521720464,16.8948792085397,50,2.4
1.56526200335718,4.84608863799965,5.19144494930527,8.90867238447872,9.30728341951848,18.3159081149961,50,2.6
2.08262615360839,5.1241072912262,5.46888634876784,9.24018551767234,9.65539965646366,17.6698407105068,50,2.8
1.70750590806735,5.36319441051579,5.70742691273143,9.54609683786842,9.96922231107978,18.6210118069573,50,3
2.38771476081535,5.60020806050493,5.94843418482274,9.81816907324069,10.2512179738654,18.6132173995607,50,3.2
2.78344328821263,5.81352821807454,6.17694861534476,10.0760900554961,10.4944448889793,18.7894875419893,50,3.4
2.50672873346116,6.03085061493417,6.38635725077316,10.3236192564966,10.769197739457,18.6740460403897,50,3.6
2.88877407879714,6.21721162947122,6.58264465169194,10.5485571765708,10.9916787402473,19.2930442830218,50,3.8
2.95747350820864,6.39874601402876,6.74586612448138,10.7711713343344,11.2191752437315,20.0105083366181,50,4
3.35490631840956,6.54867523586231,6.9119742043749,10.9638595266657,11.4347928979126,20.0896051828561,50,4.2
3.36083967306265,6.70868490955334,7.05466453338559,11.159384614577,11.6280204456798,20.3554874755702,50,4.4
3.50036116821813,6.83578281122428,7.18475250115053,11.3469707058,11.8094766615847,20.478650091056,50,4.6
3.97728978237516,6.94720079214416,7.30793733226441,11.5203851432606,11.994553586689,20.2292300719526,50,4.8
4.27316173762653,7.04210022375204,7.41652662142586,11.6964402669162,12.1765243013497,20.4018544702328,50,5
4.10544629813949,7.15924815699213,7.53078633949793,11.8295478311593,12.3077919121106,19.9329640847891,50,5.2
4.74493553207603,7.24462024516057,7.61447707026517,11.9772104348878,12.4646024022138,19.9975006963896,50,5.4
4.30077315943902,7.34728168636882,7.70765275515638,12.1067073874005,12.6030702805512,20.7464845041377,50,5.6
4.67466224819459,7.40811714759796,7.78063288161627,12.2362055547325,12.7348102565738,20.2136277749792,50,5.8
4.28484086141361,7.47744989073161,7.8433201195022,12.3458865795654,12.859410789349,20.6929071895705,50,6
4.51905481969239,7.51894178292404,7.91663752278463,12.4593042055064,12.982761148006,20.679293102407,50,6.2
4.90842194029524,7.58961401154115,7.96215149337581,12.5765869903908,13.095038136374,21.0997800126781,50,6.4
4.86645205785902,7.64962934885678,8.03552668379752,12.6725722234724,13.2060870771855,20.8886529204639,50,6.6
4.75329495065826,7.68567055987947,8.08170253483665,12.7784446475585,13.3015089637401,21.4153288772745,50,6.8
4.64221623461951,7.72356729384349,8.1174616829547,12.8741156977284,13.431598773794,20.9672455370462,50,7
4.93326747716813,7.75896264504569,8.15287369087549,12.95819428843,13.4939068603272,20.9748418433934,50,7.2
4.45145748693898,7.79637023315707,8.19575414533581,13.0395564140855,13.5919554497371,21.6536693688255,50,7.4
5.01903964327219,7.82072099972745,8.21377717254691,13.1210589227967,13.6670512059574,20.8674370613983,50,7.6
4.77366007223767,7.84594479725649,8.25923323027851,13.1916388372481,13.7445056290916,21.4278954915902,50,7.8
4.48478312341232,7.87906282010783,8.28434654836489,13.2605518197279,13.829336192789,21.5117839345879,50,8
4.30264627766576,7.89429083357057,8.29739140423825,13.3246730626973,13.8898878940666,21.0463167116912,50,8.2
4.45513555456074,7.91982771061034,8.31486287276384,13.3884536096898,13.9688125878379,20.7869760133377,50,8.4
4.75663269827885,7.93289383653319,8.33980413502747,13.4577700270138,14.0378511820552,21.1010204748063,50,8.6
5.07733812020761,7.9293130577159,8.35655298526715,13.518090293471,14.1069688624114,20.8944658112638,50,8.8
4.7983340781691,7.9604801605093,8.38019679125699,13.5857194580602,14.1752759127792,21.3282256372469,50,9
4.82176151348864,7.97156565162702,8.38448196529355,13.6340646417778,14.2217686461589,21.3016783859642,50,9.2
5.18075299137718,7.97949242025168,8.41085168749021,13.6987263376916,14.2718751120471,21.0041824123314,50,9.4
4.75322297583477,8.00188941420011,8.42442868877317,13.7415746934476,14.3360306956453,20.6819346786693,50,9.6
5.33311540191199,7.99350170281627,8.43595505967422,13.7716970567211,14.3954625346302,21.0718299515775,50,9.8
5.39167858853998,8.05062501418428,8.46008905453722,13.8276169971281,14.4507505703059,21.1137362669503,50,10
-1.35223073069604,-0.644229375051294,-0.543300560704524,0.53354914648546,0.636131319660023,1.35902556547765,51,0
0.498307437766512,1.70191141150069,1.89001320860484,4.56254674239401,5.06137708588593,7.5038805934874,51,0.2
1.64621793672238,3.51815381764973,3.77639542802699,7.59921892910114,8.30636984260963,11.8287727939355,51,0.4
3.10053299232387,5.05712873832653,5.38348469317841,9.72770297167548,10.5074061487575,14.6593431755579,51,0.6
4.18758916193081,6.3780338488201,6.73453434567041,11.2613208270659,12.0414682336684,16.5514558773874,51,0.8
4.77909121844182,7.48341060019905,7.85257482232508,12.4416993912816,13.1925327208564,18.4165000722175,51,1
5.36565199605758,8.39317990385158,8.76860563009716,13.381195667075,14.0778033800776,19.6280130117903,51,1.2
6.12609554661314,9.11543345768059,9.50593317701804,14.1685299045031,14.8374493596334,20.1808360240208,51,1.4
6.59349642318133,9.66674796644337,10.058067430139,14.8144257790764,15.4883513267376,20.790286924082,51,1.6
7.01967268861391,10.0546858390107,10.4652808691589,15.3608689212284,16.0346937046233,21.9327689371669,51,1.8
7.18198099637009,10.364837352627,10.7810075374862,15.8611980606737,16.5043268129151,22.7939768775458,51,2
7.12370924058083,10.5516723856771,11.0027067647334,16.2629357136154,16.9324611351828,23.9171691019671,51,2.2
7.9885450943728,10.7056043324838,11.1606782603405,16.6389129123536,17.2748426988864,23.4483326222079,51,2.4
7.65229028559443,10.7818386608396,11.2675114801531,16.962987608167,17.6066798719284,24.3844919231949,51,2.6
7.47768916918937,10.8743472336933,11.3417094221328,17.2593495216134,17.8782656872248,24.6180849646088,51,2.8
7.07231832213325,10.9024436962219,11.4177670353904,17.4955243950179,18.1545535336284,24.9027150184763,51,3
6.92355868138896,10.9378611414321,11.4594127367826,17.7054618153613,18.3705021039165,25.0623247395712,51,3.2
6.75382226258229,10.9683619656664,11.4972602063478,17.9077741933826,18.5741898746903,25.6409161896094,51,3.4
7.11899025169274,10.9873088040762,11.5285191011435,18.0692992997637,18.7643644808905,26.0963286422839,51,3.6
6.77444136449868,10.9959558996689,11.5541638820471,18.2133061068279,18.9076741504789,25.7987138142009,51,3.8
6.61960010021129,11.0147900007739,11.5625171209539,18.3432428114753,19.0749514547419,25.8705928815302,51,4
7.27961068896078,10.994249982786,11.554863758175,18.4591200910342,19.2056916616807,26.0158218271704,51,4.2
7.00403404996757,11.0228097399791,11.573297870094,18.5774670400705,19.3258863044506,26.0694967433145,51,4.4
7.44159963188721,11.0159079794405,11.5863385195223,18.6534792974743,19.4314491151933,26.2076316265593,51,4.6
7.35690392488608,11.0341539208768,11.588521620521,18.7383542038989,19.5268688822804,26.2078041742222,51,4.8
7.44120613436588,11.0291010005257,11.5922788117737,18.8069399535979,19.5944290357303,26.5541806249483,51,5
7.16552039424523,11.014729475378,11.5950908966927,18.8589289701084,19.6704808492134,26.529473329402,51,5.2
7.2682434724991,11.0315026133869,11.5824450841494,18.9351206509297,19.7623211690606,26.0176805852095,51,5.4
7.41029562025416,11.0220009681593,11.59255963054,18.9802864742293,19.7962031848447,26.4666360224736,51,5.6
7.33693904610784,11.038248453527,11.5869581284245,19.0122478536467,19.8542844565512,26.3334332896588,51,5.8
6.41801907425379,11.0128075100032,11.5848370093675,19.0509520255376,19.9068983624847,25.6962352470906,51,6
7.35851483582558,11.0157519686553,11.6007545808538,19.0878833041914,19.9242252847594,26.2265644579267,51,6.2
7.41433971892194,11.0171405989898,11.5884817198751,19.1184283607878,19.9669943098481,26.4052024230523,51,6.4
7.38103369203994,11.028035008303,11.5992542950342,19.1582013885958,20.0123459844141,26.156384278611,51,6.6
7.60911634606251,11.0415884998634,11.5926768821309,19.1601688151901,20.0417247429145,26.2405164088266,51,6.8
7.11497617940573,11.0225506559734,11.6011535377371,19.1831941622262,20.0467462750894,26.2806401762938,51,7
7.5690799473389,11.0511884055101,11.6006425903073,19.218398929242,20.0903677356653,26.8832107303876,51,7.2
6.94856010586095,11.0345609689475,11.5991369789885,19.2285498650527,20.1119856480541,26.9343890770451,51,7.4
7.31843950161313,11.0141228546628,11.5889301226734,19.2340497569896,20.1091693661359,26.4600232459423,51,7.6
7.49954627132993,11.0269491590596,11.6101759358982,19.2262224826464,20.1223507627382,26.6444768432381,51,7.8
7.7925816449135,11.0363458155061,11.5975774512966,19.2621286354205,20.1575373075944,26.9209671919119,51,8
7.27550448328788,11.0474587353831,11.6089835923482,19.2346525007733,20.1410096091032,26.4529087563154,51,8.2
7.40741446331158,11.0320803509974,11.5958060955369,19.2596883301855,20.1854711401838,26.9503467914675,51,8.4
7.32948334406138,11.0310650754847,11.594176294358,19.2601205640437,20.1711426221727,27.2851156702725,51,8.6
6.85700156646589,11.0329982187038,11.5980036231177,19.2604426526521,20.2051886402371,27.696399305902,51,8.8
6.57980480815741,11.0313160926375,11.6034900631364,19.2817883119036,20.2667186948799,26.8630193279535,51,9
7.7246365358065,11.0243205550116,11.6029333571384,19.2922489906283,20.2124222800143,26.6732789056714,51,9.2
6.71715255599232,11.0581518994282,11.6120970077206,19.2765317188608,20.2368068819001,27.277573602272,51,9.4
7.03622687291874,11.0451365969687,11.6126051583242,19.290298621127,20.2565578347193,27.9314316586637,51,9.6
7.08008167286974,11.058054738662,11.6084836387816,19.3030658170683,20.2523243552799,27.4066900225076,51,9.8
7.6542599096612,11.033468418704,11.598921898275,19.3002898074591,20.2425934898637,27.9534905216925,51,10
-1.41381537569993,-0.638187050800311,-0.536391924398557,0.537870652242767,0.63672514262302,1.38808364382289,52,0
-0.750731238925337,0.121255915842271,0.25252644391587,1.6571066002142,1.80728964438518,3.79030598882325,52,0.2
-0.728747357429128,0.749200670721177,0.913449214284917,2.71337808587142,2.90644596814331,5.22043649010662,52,0.4
-0.0922540608765368,1.31849551584273,1.5108898287478,3.64105626891696,3.87579717691129,7.59635463790914,52,0.6
0.095397101441588,1.81713318590988,2.03483134751356,4.4556350396773,4.71553089554199,9.04384060678577,52,0.8
-1.25754513117267,2.29683306425462,2.53829475996452,5.16757626856358,5.45547294705538,9.55218130988336,52,1
0.748074734073198,2.73516167548749,3.000295072499,5.79040665933398,6.08986429560479,10.3687928301999,52,1.2
0.765287130374144,3.12840915970477,3.39822851994542,6.34467196339644,6.67003948870564,10.32207024885,52,1.4
1.44327971068273,3.51171996386839,3.79231602781663,6.81666050123537,7.13564409759622,10.778438235173,52,1.6
1.48349585826109,3.85378388500729,4.14735801907214,7.24957877540507,7.59367506981103,11.314293825813,52,1.8
1.71805771300425,4.15861082122952,4.46209143381686,7.64185822463932,7.97228605562419,11.981991207125,52,2
1.83456071765076,4.44639805268814,4.75493058945897,8.00487312307263,8.35488977332967,12.2618598384928,52,2.2
2.02629273055035,4.71540296029027,5.01217010229958,8.31315778382485,8.67808260178614,12.5722255015929,52,2.4
1.74560252538113,4.93740406926161,5.24056351641794,8.606335033463,8.96614293695215,13.8168799676283,52,2.6
2.5927102784463,5.13885233441017,5.44620453777195,8.86401483419798,9.25462742326396,13.9788786817091,52,2.8
2.82726083824055,5.35061157671397,5.64512477833843,9.11935584992626,9.49449035788833,14.4465198273528,52,3
3.30844966396698,5.50508415149327,5.80575261247501,9.33448361967753,9.71709887124265,14.3960435225303,52,3.2
3.3413148677569,5.64935240306309,5.96409772563856,9.53819888270058,9.95417058304087,15.1785954325779,52,3.4
3.83618634714318,5.7653524528171,6.0858538566767,9.72493395920656,10.1391175501438,15.199047103652,52,3.6
3.43616049830482,5.89953029340903,6.20946042433652,9.90902264467977,10.3115415173991,15.0302800118025,52,3.8
3.71749857504414,5.9963801635212,6.30924845596341,10.0730184604806,10.4833552071481,15.0152198555871,52,4
3.67792627707272,6.07330461987828,6.39637303011175,10.2079668273568,10.6385638844058,15.6403598588874,52,4.2
3.11772075771736,6.16522566379818,6.48858607689604,10.3529958106298,10.7961751841577,15.9328196436421,52,4.4
3.39829437153532,6.22402642645762,6.54021309441321,10.4838710958593,10.9270820443458,15.3518445913551,52,4.6
3.76487598873434,6.27836675218037,6.6066327924319,10.6015193193448,11.0567502732538,15.8806836769161,52,4.8
3.8957815226386,6.32712572698368,6.66375947998865,10.7326549787635,11.1773267567688,16.1023975241789,52,5
3.66532192722634,6.354011615543,6.70272379259728,10.8331905776524,11.2809849935265,16.0178210255714,52,5.2
3.24989192064069,6.39192817798211,6.74008967453692,10.9299231084451,11.3990874427322,16.5195540866554,52,5.4
3.56043721609699,6.42150631470342,6.77080229540416,11.0302938858963,11.5042865274242,16.5651018616149,52,5.6
4.14893448747675,6.43021827551334,6.79657164942899,11.0980561172321,11.6065498209726,16.2019412682889,52,5.8
3.91237984973898,6.47805403079939,6.8311539519186,11.1928747778806,11.6988592363438,16.8051684483203,52,6
3.96764116523345,6.49270449073283,6.84850747342459,11.2576923843046,11.7449702461585,16.6505690024963,52,6.2
4.012814967991,6.51793826908678,6.87662151195356,11.3256251898547,11.8049561404064,17.3568191151478,52,6.4
4.17409443060671,6.50823460687423,6.87761159976615,11.3907945860819,11.8792250705628,16.7266162243911,52,6.6
4.37247761784922,6.5298448015047,6.8898692192005,11.4554868608802,11.9796429871801,16.7347063705739,52,6.8
4.22079884483465,6.53549133820232,6.90545960792132,11.5126705815774,12.0218926675488,16.8841960349214,52,7
4.01910783442679,6.55901611774991,6.92057465752341,11.553972313939,12.0634789975015,16.7333867193028,52,7.2
3.06194569842985,6.54589519634193,6.93214935580932,11.5951682067155,12.1348060499045,17.3754902954756,52,7.4
4.34936172488523,6.57136593278873,6.94491708765265,11.6369952322137,12.1837806788104,17.3242176892651,52,7.6
4.34636548066836,6.57662751532356,6.93504580663922,11.7040125216465,12.22907678233,17.1552819574436,52,7.8
3.73161278741909,6.59377118818584,6.96918585204177,11.722456111475,12.269613861486,17.3583413468347,52,8
4.32979592450831,6.60128579690805,6.95935900385757,11.7614112199694,12.3266517958279,17.0831978086889,52,8.2
4.14245496622617,6.59859788762728,6.9668174367925,11.7983197798485,12.3582415285214,17.4156370094597,52,8.4
4.34141642082147,6.6032396288349,6.97542847802819,11.8239029788092,12.3953220189625,17.1609766955454,52,8.6
4.00127331310522,6.58912643810104,6.97657075954614,11.8606977266828,12.4321285274394,17.2643439736008,52,8.8
4.34340284427684,6.61103546802378,6.9855766953059,11.8830014976244,12.445398070578,17.0528063429873,52,9
4.31046685603983,6.60003523438118,6.98104816498713,11.9076514085066,12.4950902461965,16.8396188606954,52,9.2
4.16508526398801,6.62646448984698,6.98201151986999,11.9367687071968,12.5036703526819,17.448539939584,52,9.4
4.39775597931569,6.63350418583866,6.99163988193204,11.9398025083233,12.527040579952,17.2930572835627,52,9.6
4.52269373657607,6.61239082684309,6.98148636242658,11.9680005602492,12.5639712869378,17.3229005612173,52,9.8
4.40170031454308,6.61318906549038,6.98779651084559,11.9938561547997,12.5844739918184,17.3583151879913,52,10
-1.36942381904794,-0.63954125589988,-0.537370333175812,0.540504933646987,0.642398635051956,1.33756120867789,53,0
-0.942395748336628,0.160016014828101,0.30154477934673,1.75176518533256,1.91478781478307,4.01122722672277,53,0.2
-0.598727243226866,0.832568972689515,0.999820679118171,2.87525792973797,3.09900369693874,6.26231304029354,53,0.4
-0.541410349500292,1.42101683850737,1.6174503364862,3.83715681524233,4.11515320492359,7.52869972944163,53,0.6
0.477502277365511,1.96139767580678,2.17666508988488,4.67554818019149,4.97796120931889,9.49587610427072,53,0.8
0.481770089980582,2.45181847534295,2.6915410455103,5.38507998776304,5.72764017908436,10.8606033627397,53,1
0.522855142123,2.90182042152676,3.16235312347967,5.9949287125063,6.32960693891834,12.0910513847899,53,1.2
0.968543038578142,3.31306053248864,3.58152135894493,6.54577930186914,6.91641193245824,12.7569557685212,53,1.4
0.720892951858824,3.69411478270326,3.97506121558659,7.00714255223066,7.40489533370713,13.544362304943,53,1.6
0.930752019632413,4.02841775494669,4.31511733450924,7.43138206824599,7.81919168392966,14.4620766666586,53,1.8
0.547409075285434,4.34272995605035,4.63482838327936,7.80783646820925,8.19963193246557,13.6160623692451,53,2
1.40349499179258,4.62006741736544,4.90680263205303,8.13958313810922,8.55166508717332,14.2719382029322,53,2.2
1.52155990750091,4.86602452893582,5.16896130905088,8.44052683554587,8.83340258729785,14.4051554253864,53,2.4
1.66550401684397,5.09585316421868,5.37755745288989,8.70311806647836,9.14236999326631,15.5746815717393,53,2.6
1.93525388899507,5.29299537182777,5.58530471183523,8.97710556681223,9.39391375108371,15.7344637458705,53,2.8
2.4844075711243,5.45858369556754,5.75870437829861,9.18837219058979,9.62134058603505,15.4611801466567,53,3
2.7799637973298,5.62197567267704,5.9090849417924,9.40013874130687,9.84314346868694,16.2833416513028,53,3.2
1.9282136119758,5.72996167320106,6.03487576260495,9.57324080488257,10.0153089054386,17.0050100245809,53,3.4
2.35008761329848,5.832364458993,6.14280122035398,9.765588939086,10.228642256303,16.9295059322488,53,3.6
2.26892731055573,5.9272096389165,6.23518734751777,9.91554158483656,10.3859481474848,17.0923518602855,53,3.8
2.78201631750547,6.01017042574481,6.32550015451629,10.0782512049888,10.5376028521609,17.04605824587,53,4
3.41132683753671,6.06363596176991,6.37864646598378,10.1901344088292,10.6400475179697,17.2181607960504,53,4.2
3.49995606748905,6.1274144917231,6.45883538192529,10.3251147862132,10.7981620159961,18.0706366109781,53,4.4
3.51024119202346,6.17337427107533,6.50765311917783,10.4298118210383,10.9191686202212,17.6064445583355,53,4.6
3.79700808522435,6.22824875425354,6.5560065587554,10.5244764964356,11.0047614642653,17.3711015393231,53,4.8
3.66544558566429,6.25957057690666,6.60027805763095,10.634882230926,11.1346257186647,17.5380458695204,53,5
3.21914573030804,6.30795585615283,6.64881433165089,10.730937221198,11.2364230546367,18.9360605103914,53,5.2
3.52305607784254,6.31381146513849,6.65342452961973,10.8188632407565,11.326781536473,18.8822891084364,53,5.4
3.82783302690654,6.32044324121375,6.67729180176998,10.8880060481678,11.4113971511395,19.2826928593039,53,5.6
3.81161235200299,6.35639910344172,6.69601252251984,10.9624207929872,11.4679608952129,19.8756835469724,53,5.8
4.05844070651269,6.36382887027487,6.72887608731883,11.0274679609827,11.5613869997821,20.0147191447941,53,6
3.74890417824479,6.37765976684307,6.72777832825579,11.0978860858299,11.604694756659,20.0286585671153,53,6.2
4.08197619381494,6.39748697633636,6.73397662043945,11.1471181189483,11.6738185206779,20.0781114872846,53,6.4
4.28813330220093,6.3986611368214,6.75806079621079,11.2128528505495,11.7376876772853,19.8044248591651,53,6.6
3.67466284041387,6.41056779047864,6.77821672654161,11.2531357456618,11.7866823139572,20.1639841870005,53,6.8
3.73321571835957,6.42114940553379,6.79142836118502,11.3049981477427,11.8355886231355,19.944208925348,53,7
4.20280553950706,6.43083815856244,6.79974196278966,11.3338886026347,11.8921040478408,20.7527966881063,53,7.2
4.09199914852351,6.43993220172426,6.79662406264803,11.3856569113099,11.9134493983462,20.0389474857119,53,7.4
4.0964851415308,6.44979719354311,6.80917936759508,11.4200101711116,11.9745239723107,19.9128879831501,53,7.6
3.84463842218423,6.44483444248548,6.81495696815249,11.4513110388292,12.0065406447382,19.8214758182427,53,7.8
4.13892184484545,6.43867502166294,6.80621320245829,11.4928108366179,12.0372008004419,19.0204697123814,53,8
3.75834698289205,6.45464607443415,6.82130207779733,11.5158252434068,12.0896490242042,19.8915030340624,53,8.2
4.09113764271331,6.46871698036652,6.82725918915709,11.5442898770917,12.1235460339833,20.633839226679,53,8.4
3.85718883718152,6.47108916210972,6.82139726252799,11.5854532425268,12.1449584913252,19.1028785825824,53,8.6
2.83678684109984,6.47683024580647,6.83809115636007,11.5888645767427,12.1576684163454,19.2309389339222,53,8.8
2.65459462275874,6.45576533434153,6.82243602550486,11.6337562650888,12.1845278183618,18.759226297046,53,9
3.27407296112327,6.47833492026967,6.8373103434142,11.650347505936,12.210041187623,19.2936477360067,53,9.2
3.8185571526408,6.470110325967,6.8421068066074,11.6627129468668,12.224179605401,19.0396324245473,53,9.4
3.67230898382186,6.45279149093523,6.82603736317854,11.6837070745927,12.2614530748467,19.619687917826,53,9.6
3.49915473870848,6.45132739261084,6.82158649974829,11.6934925535254,12.2666768999147,19.5543585144065,53,9.8
3.51166130215941,6.45044006130938,6.83225862019999,11.7125177371196,12.2821849951883,19.0866755713248,53,10
-1.3350943554167,-0.641701571643412,-0.536992318528243,0.536320589077597,0.636675042122498,1.38332665788665,54,0
-1.35768681573693,0.0510526258721832,0.189572609175713,1.58452477345794,1.72823845660359,3.34945406725043,54,0.2
-1.01439568716297,0.647781111161023,0.810599671436362,2.56880548131556,2.7568154301015,5.65740239144413,54,0.4
-0.972404699650649,1.17376362269807,1.37351624336764,3.42806228005503,3.64984365586411,7.72568944660975,54,0.6
-0.434934064071791,1.6636446133929,1.87468853586265,4.19478755780858,4.44393707768182,8.69089738332068,54,0.8
0.0185010527829712,2.11498282262414,2.34658692242958,4.85367497016127,5.10850539250603,10.2070203654468,54,1
0.151573352366754,2.52644081785462,2.77406501670305,5.43848657580895,5.70703023456048,10.9868921726886,54,1.2
0.195566500095079,2.91724936247626,3.16574573697657,5.93926546578223,6.22046851858519,10.9739137919449,54,1.4
-0.103078485728507,3.26852816464024,3.53754122736181,6.39073534236986,6.67367431558934,11.8268732349888,54,1.6
0.533243242150348,3.5881220573424,3.87304172717625,6.81355560356157,7.12028446292207,12.2982653171757,54,1.8
0.921579481992568,3.88176123329136,4.16306007233669,7.1660725045088,7.48363906966246,12.6184609126819,54,2
0.904954050429785,4.17967350926836,4.45309030671501,7.50057311336866,7.8347623766772,12.6507093024081,54,2.2
1.17630236131541,4.4009311424485,4.69307268919594,7.78978156737396,8.1219647647352,13.5805613760651,54,2.4
1.40296207372446,4.64205236814197,4.92474436976212,8.05177048028042,8.39665045136276,13.7203486480689,54,2.6
1.05448278294697,4.84655571724673,5.13585590284866,8.29886543889495,8.64965676908505,14.0948416865428,54,2.8
2.10829528663288,5.02298614000877,5.32041591433005,8.52256217268337,8.86795728182127,14.1540293261318,54,3
2.47137511374196,5.19043595726017,5.48424907733473,8.71623448092864,9.07841275484986,13.8126732065786,54,3.2
2.63301890055248,5.32508313430203,5.62062961162448,8.91445651186033,9.27516779342319,14.2529817888306,54,3.4
3.40584583422702,5.46786561840219,5.74887577198739,9.08749499250261,9.46579871835661,13.9501219610863,54,3.6
3.27224721633332,5.57887823812943,5.86622563099893,9.25113496963618,9.628584783293,14.3901358949288,54,3.8
3.34585095392646,5.65104346451431,5.94147079905543,9.39829821513814,9.78536258837406,14.0387151669962,54,4
2.80762447657636,5.73711049559811,6.03915747390085,9.53723456655962,9.91751978047091,14.1277332601863,54,4.2
3.09918704012022,5.81063320315859,6.11314819782139,9.65000846395094,10.0551251505882,14.2450025032032,54,4.4
3.28135884344573,5.87133240418699,6.17839387158444,9.77741302913533,10.1680330520238,14.501411612028,54,4.6
2.90648487870152,5.92946521084833,6.24451904403348,9.88579677249284,10.2850563936616,14.1584544753395,54,4.8
3.52790747514707,5.97349319733737,6.27710032583739,9.97353351381172,10.3946267779794,14.5212743571145,54,5
3.45628951071199,6.01902258585845,6.32296318740902,10.0681429071248,10.4941045935478,14.6352563174783,54,5.2
3.74290306345578,6.03518814796909,6.37209868111878,10.1603972044018,10.5895863159669,14.5967606795281,54,5.4
2.56771072212286,6.08675110449284,6.40911602481071,10.2619024539409,10.6869697229107,14.9568444176787,54,5.6
3.6087937943804,6.10885495567522,6.44199192891397,10.3431869553591,10.7791257162266,14.8759159941081,54,5.8
3.78240610359027,6.11993259459666,6.46247488387968,10.4073926760856,10.834239716457,14.9166568376211,54,6
3.13061697316349,6.13162259956687,6.46833459683729,10.481761256269,10.9191754937071,14.7235890175465,54,6.2
3.86552228483841,6.17276908656966,6.50340582843833,10.5268832340967,10.9711830711456,15.5798190406586,54,6.4
3.99975270767972,6.18143188117913,6.52711037561618,10.5974388358132,11.0342007098737,14.8652527610359,54,6.6
3.84025456324397,6.20558754808055,6.54102632846576,10.6598714041405,11.0984624203834,14.9821756258008,54,6.8
3.40502528965355,6.19109295296504,6.55355723104554,10.7073565598206,11.1552871123553,14.7767530668458,54,7
3.43357198333891,6.21267707762073,6.56477356995555,10.7599567458293,11.2082855311714,15.2470219866777,54,7.2
3.30923178817572,6.20696520915169,6.56473179274995,10.7979260799867,11.2711314600735,15.4208844115778,54,7.4
3.71862448010248,6.22741967032194,6.56592426949964,10.8424392526905,11.309859204313,14.7742165613016,54,7.6
3.70694644682022,6.22839576078228,6.59514836263961,10.8725887104987,11.366002529264,16.1940472447613,54,7.8
3.3849525837093,6.24251207928585,6.59597123448214,10.9226362770632,11.4033235595465,15.3219054699106,54,8
3.65532125379882,6.25810679910885,6.60782316133107,10.949983304641,11.4469169919978,15.1049725024362,54,8.2
3.79524832434339,6.25038621718858,6.61793730250802,10.9939825417184,11.4804961509703,16.4320099135218,54,8.4
3.91395657685682,6.25894012516854,6.61894414820775,11.0084841950021,11.5071875620116,15.6888949290642,54,8.6
3.85284891288434,6.27195158995715,6.63688282308305,11.0275674889112,11.5250967870092,16.0707397289303,54,8.8
3.24065622462937,6.28124764206278,6.6298716278769,11.0658625251028,11.5671216436382,16.0143077798956,54,9
3.68255198356801,6.26687543575384,6.63228275011897,11.080714549581,11.5744342891741,16.0980948260959,54,9.2
4.20347806452444,6.26676709807949,6.62183698502912,11.1017228749331,11.6174985925158,15.4525465630409,54,9.4
4.26131937324542,6.26335591534398,6.63163846710763,11.1335199282191,11.6148210000509,15.5804805728094,54,9.6
4.19756949665479,6.26980252922831,6.61853767271996,11.1446441631182,11.6401010071767,15.6579280394033,54,9.8
3.68918449847029,6.28142733155764,6.61938291007708,11.1665063718219,11.6568183290726,15.620726540087,54,10
-1.30465528084194,-0.639738524739967,-0.537549799118532,0.536337743078354,0.639489334203823,1.42258597216239,55,0
-0.815401518027478,0.314952801482201,0.46166939512936,1.98091548895929,2.147800318237,3.94104179673035,55,0.2
-0.0341711913724511,1.10829539395658,1.29341271596921,3.34814110755825,3.59304661091307,6.95668706210641,55,0.4
0.317458893992247,1.83036984451827,2.04062773348446,4.5563812704119,4.84485923259688,8.31334188820206,55,0.6
0.140573294436572,2.48779740678136,2.72386917456778,5.58102563345599,5.93257743343097,9.77662589742072,55,0.8
1.08079919750342,3.08992416200669,3.36145554450295,6.48545078733471,6.87716250772446,10.6908463130843,55,1
1.11830842024864,3.64294227497748,3.94005666703135,7.27887667170554,7.6651401520512,12.5119178753908,55,1.2
1.228918753946,4.16126248085056,4.46460881588999,7.95594067029813,8.36302718074205,12.8598641562626,55,1.4
1.58638655720444,4.63028561893584,4.95121990343974,8.58425556067805,9.00040950866618,13.4775598793193,55,1.6
2.41302627863772,5.06152365811661,5.4019181807721,9.13031210680358,9.56939789954039,14.3898520701024,55,1.8
2.6354101278083,5.46461373385956,5.81306599463767,9.62000418613716,10.0441719184601,14.7825235281354,55,2
2.46608271182033,5.82377397346462,6.1765106589177,10.0675358349789,10.4919983056201,15.3539975433783,55,2.2
3.23078411927232,6.16587335829902,6.51621836302745,10.4454300730311,10.8966442984744,15.7724222056043,55,2.4
3.87533570132261,6.46928463024967,6.82696275977658,10.8104667251415,11.2552443093019,16.2117692417652,55,2.6
4.09684032596783,6.74438610517317,7.10235315575359,11.1356712619073,11.6116198115615,16.4416968471356,55,2.8
3.91652281934256,6.98271034079107,7.3456742778048,11.4273527067852,11.9096763687947,16.6915109357753,55,3
4.52385014353591,7.20828419928349,7.55040503283051,11.7044765376465,12.1818556347324,17.0155895316523,55,3.2
4.99806546044753,7.39899457039604,7.73124421250667,11.9376353519661,12.4407601429774,17.6262588741187,55,3.4
4.08717268179942,7.54039694481033,7.90372306301795,12.1795999583521,12.6862765021592,17.7868654424481,55,3.6
5.13300396893459,7.68838168924633,8.04684952367947,12.381052597767,12.9035004373347,18.4025201790597,55,3.8
4.6573656326565,7.82243487347307,8.1754049078471,12.5880527024851,13.0857536590979,18.2459780509551,55,4
5.35856398426935,7.91327898975691,8.29088926053601,12.7676000165443,13.2831231049428,18.56590709356,55,4.2
5.3956846810096,8.01688794838827,8.37911396346904,12.9433169072364,13.4466616687389,19.4509360240114,55,4.4
5.20838685849954,8.09709796589016,8.46978735777794,13.0868875162934,13.6373199990317,19.9107262715999,55,4.6
5.15663972912595,8.15835479426514,8.55164227703073,13.2244651728967,13.7832527022365,19.2833828723748,55,4.8
5.24462664146466,8.22849199248361,8.58579132239965,13.3536936569269,13.9042575058717,20.0225724159081,55,5
5.54494795823216,8.28291691680704,8.66744461010567,13.4775374893316,14.0330662784555,20.1595633109974,55,5.2
5.43484042092422,8.31810426217471,8.71119070431729,13.6078801172541,14.1867229634309,19.9679588975962,55,5.4
5.71823268365681,8.34517572344302,8.75248556103556,13.727812432329,14.3011250292697,19.9913532742948,55,5.6
5.57803429780245,8.38414032039504,8.77792515324641,13.8241137975229,14.4295825481538,21.1076909513708,55,5.8
5.09707209296645,8.42479951305285,8.83014814905828,13.9143197081245,14.5339034142953,20.1329031292839,55,6
6.07913776986096,8.43896936729898,8.85249944269938,13.9971459553421,14.6252564163325,20.4349669627676,55,6.2
5.78581207161633,8.45593843462238,8.87371806750665,14.0964873404432,14.7006383273451,21.3901965982979,55,6.4
5.82237775621364,8.4895538112092,8.90973553494134,14.164857770835,14.8079986419499,20.7971996522311,55,6.6
5.87463619103709,8.48784706483436,8.91583802230475,14.2412896516384,14.860493883688,21.6956369770765,55,6.8
5.80860795111482,8.51722164493076,8.94335150351798,14.3115548275714,14.9627247584702,21.8478799908913,55,7
5.30448523306221,8.53563896310096,8.95652013424072,14.3918242752068,15.0309346131512,22.2724260077509,55,7.2
4.01249119771161,8.54208224423828,8.95814489088351,14.4321937889208,15.0856074809289,22.1399364133657,55,7.4
5.58181665733013,8.54641443542771,8.97685530743148,14.4807101058638,15.132898428103,22.1297239335954,55,7.6
6.013240811652,8.56363996264997,8.98490213849911,14.5485079363079,15.223819687233,21.5224808964188,55,7.8
5.94652420299193,8.55965732450735,8.99042930115111,14.6096352019953,15.2482253106873,22.2727099909412,55,8
5.9342895309646,8.57463432130179,9.00685418097329,14.6414261476827,15.306848327532,23.0429962519462,55,8.2
5.68187815791722,8.57506699361011,9.01279198132368,14.6690150376159,15.360374579472,22.9430345287331,55,8.4
5.24064603998313,8.55628199780504,9.00827506245986,14.7167702273374,15.4051887602247,23.8465886999145,55,8.6
5.93189675723311,8.5822160678686,9.0190139708039,14.7639722704791,15.4153589198484,22.9673377423713,55,8.8
5.93422897829479,8.56688174995535,8.99574554291985,14.7892765918838,15.4565451499037,23.1304588463606,55,9
5.88834935258711,8.56371863483927,9.00446180602676,14.8328881807187,15.5020418672394,22.5282030514788,55,9.2
5.98534377096854,8.55856046450401,9.00580173582496,14.8614066310113,15.536866758547,22.5057392958989,55,9.4
6.09635883284635,8.5865589312664,9.02359506847946,14.8839397276014,15.5697189904657,22.1862406607896,55,9.6
5.87465888409708,8.58766337306246,9.02374255845533,14.9035841909061,15.6153214543466,22.6129177510052,55,9.8
6.11886610859086,8.58399389189313,9.02432071529722,14.9500258108685,15.6334195165564,21.8110804718798,55,10
-1.28749855231899,-0.634801860813372,-0.531968075691033,0.537559400765652,0.636942675183059,1.26043118618756,56,0
-0.949425158797599,-0.0186434298067554,0.105680749088305,1.48092925817066,1.61754089826799,2.76486779788261,56,0.2
-0.987138750915996,0.497152620547232,0.653652416293233,2.37344149521411,2.55135886328557,3.9945569176891,56,0.4
-0.556684511098429,0.974293400270857,1.16236810786424,3.17273985540547,3.38293822440624,6.69122144637705,56,0.6
-0.324295458977372,1.41215232385347,1.62766906790936,3.87621786571685,4.12709203661223,6.60915807151087,56,0.8
0.037533718949149,1.81871092312431,2.05514924931776,4.50604910945227,4.76773347966946,7.19163242434374,56,1
-0.291641760972466,2.22077702893168,2.46493776772498,5.06546308856708,5.33284114960079,7.82410123921916,56,1.2
-0.727961866070089,2.56732687820063,2.82559689629047,5.56776764251801,5.84912878485178,9.02130702664718,56,1.4
0.697616168347072,2.92057260021784,3.19046618543015,6.00249095812477,6.30482514514263,8.96132679393132,56,1.6
0.731521554948984,3.22482311194444,3.49565375006236,6.40672706799787,6.71312366652432,9.39002228199212,56,1.8
1.23540933751871,3.50267899018332,3.78274774646571,6.77698328423039,7.08042939098126,9.66267467917784,56,2
0.853128971451297,3.76712183458051,4.05221767910115,7.09762765385116,7.42095328646861,10.0611078371871,56,2.2
1.23644585810786,4.00441953919417,4.30519649061326,7.39681745865704,7.73236993207639,10.9423631965025,56,2.4
1.34645073096915,4.24171140032224,4.53938953164102,7.66699715739385,7.99675556584018,10.4332579793015,56,2.6
1.98544381513816,4.44461389394644,4.74187710025602,7.91910241703591,8.24933804746127,11.0233543955032,56,2.8
1.99818089469625,4.64591895147002,4.93920080480044,8.15101553078226,8.49998651020304,11.6162001394746,56,3
2.25503045336092,4.81150245441106,5.115955046705,8.37332992693946,8.70690353987884,11.4829328250035,56,3.2
2.37316214872114,4.9678433299227,5.28250535621097,8.55929205208574,8.92309518389372,11.5933808502067,56,3.4
2.49965109817644,5.10371106542115,5.3981335831098,8.73084647156371,9.10192892098302,12.3871534333666,56,3.6
2.98425709070936,5.24092837474319,5.53847152295442,8.89776345610845,9.27369801438883,12.5612690941044,56,3.8
2.67148347233686,5.32870072989576,5.64721286280603,9.05295667167524,9.43759465703896,13.2998452669314,56,4
2.39753851987679,5.44605418257495,5.75264180851149,9.19707370546663,9.59066470029871,13.3261417204811,56,4.2
2.17009205230929,5.5227908586954,5.84310948370945,9.33300032009723,9.74519847989919,14.2065080493343,56,4.4
2.27307719306695,5.60124496628896,5.91512785399003,9.47073359709194,9.85800717612704,13.1086455561835,56,4.6
1.88687434195158,5.66813394567883,5.99356709958498,9.58544949242691,9.988458276409,13.2026198000914,56,4.8
2.01214057952101,5.72102486439957,6.05252890277062,9.69151791824463,10.106388267021,13.5733735283131,56,5
2.47394253345236,5.77905873367763,6.11279123273285,9.80362364363535,10.2197116115623,13.5511819178673,56,5.2
3.71285718446054,5.8178778969678,6.14846888172026,9.90326661030907,10.3108880490558,14.481617853932,56,5.4
3.51871809815365,5.89216932236025,6.21420344079854,9.98840180698204,10.4068734987048,13.5358272368374,56,5.6
3.5604481679221,5.89970741994306,6.23227250161021,10.0711570097644,10.5014950784077,13.5996129508453,56,5.8
3.6257666072243,5.94877109811881,6.28970774218669,10.1483304026732,10.587745574832,14.0301636090664,56,6
3.17498433751105,5.97047220016063,6.30849520910744,10.2301622884948,10.6789089959949,14.1942681780779,56,6.2
3.72316000573306,5.99292335262081,6.34191897306499,10.3010343118261,10.7631920544583,14.3848060384184,56,6.4
3.41570387444518,6.01404445805301,6.36647870230437,10.3637232462554,10.8233884763917,14.0829608178412,56,6.6
3.58670627341114,6.05954151690287,6.3874831048758,10.4247711068622,10.8805786711554,14.2006753584597,56,6.8
4.12273008425732,6.06959164096407,6.42021954447254,10.4986480682119,10.9530398719097,15.0042260637649,56,7
3.52533591919185,6.07869518483919,6.44067980586063,10.5594949013798,11.0224937382199,14.8903552356611,56,7.2
2.58449400092921,6.09293994295745,6.45340621649213,10.5916793887787,11.0668681796875,14.9824616707546,56,7.4
2.8368630130071,6.09911056568056,6.47062194631845,10.6435333122922,11.1125586136451,15.4211348898085,56,7.6
1.98522966251542,6.12666606471703,6.48118505915365,10.6969359883618,11.2041744963354,14.7279274177033,56,7.8
0.435334189200641,6.1318077664195,6.49402723035147,10.7279058694071,11.2181428127841,15.1605443337093,56,8
1.77293119435439,6.1460485356577,6.49754226424498,10.7904374291431,11.2861690138923,15.0450021626454,56,8.2
1.76111272157128,6.15226748824922,6.50234553628343,10.8085319165611,11.3145595747575,14.4704505842377,56,8.4
3.00245062228135,6.14298275281514,6.50518688085571,10.8638417611467,11.3336529410019,14.9663247361855,56,8.6
3.17538600761585,6.16573510125734,6.53673771117008,10.8885451107871,11.3930466750839,14.5413675685778,56,8.8
3.06826042615891,6.16410550287341,6.52516460532967,10.9084308250308,11.4261431155852,14.4615896088868,56,9
2.14471405243458,6.18272800873703,6.54548136502208,10.9641017343096,11.4640287423327,14.5339505889463,56,9.2
3.65757429066974,6.18323186790742,6.54207250538128,10.9777802443358,11.501809157402,15.2425281408997,56,9.4
3.19162495559967,6.16165581067244,6.54062564986459,10.9976061591688,11.532790128347,14.6347679898926,56,9.6
3.07411204617271,6.19539498487585,6.5415183315455,11.0424937484995,11.5641979923561,15.0514329702962,56,9.8
2.82759828527222,6.17529139485716,6.54256791593085,11.0595757951499,11.5786349733672,15.7686504829945,56,10
-1.49163412154823,-0.648718356166645,-0.540878580984941,0.533897424399844,0.633615479691784,1.33447271418546,57,0
-0.567469913758437,0.621951480891108,0.774320816965397,2.41944814160666,2.60346171876119,4.70743809227076,57,0.2
-0.234049099115294,1.62434307091997,1.82532576554227,4.09647089436482,4.34580258989776,6.98823105147333,57,0.4
0.813366717941019,2.48731383161185,2.71803218576709,5.48509431473648,5.79199852664613,9.23779264800091,57,0.6
1.00970559080805,3.27458375279542,3.53603920313891,6.62635034576958,6.99413401893086,10.7894225735748,57,0.8
1.83977942396799,3.98315227242594,4.25998032440518,7.59118704300957,7.97021670185027,10.9813141022491,57,1
2.26183560412476,4.59589566280408,4.88709111912076,8.38419624078659,8.79055926049167,12.2707687117097,57,1.2
2.3972373969431,5.13177477429183,5.45206588447874,9.07974283759889,9.506074676535,14.7638583096011,57,1.4
2.3200827618696,5.62190233036078,5.93904357251096,9.67549380955773,10.1247225683073,16.8037757695413,57,1.6
3.21890428588402,6.03590657805316,6.35059342301167,10.1691649794996,10.6189633098273,17.5447517627675,57,1.8
3.39239419678574,6.39713341710387,6.72087043666878,10.6178879521177,11.0944125839285,18.8472358219644,57,2
3.39801903049989,6.6787653063918,7.01564824684617,11.0179371788799,11.4838855195642,19.9790153011733,57,2.2
4.57875845064022,6.94526256225519,7.28343008655219,11.3760510914239,11.8285788343299,20.1057437389009,57,2.4
4.81967584255146,7.14501094496012,7.50164969394529,11.6785884615066,12.156761989017,20.6715980164538,57,2.6
4.84071905500505,7.31209571360696,7.66926034307169,11.9550781138124,12.455488394976,22.1390988206714,57,2.8
4.98141395987366,7.44931394768298,7.80470105677573,12.1948442860545,12.7080707802905,22.5027457764836,57,3
4.40082244610132,7.56764213538753,7.93183402264899,12.4279808114134,12.9557084203963,22.5600885690674,57,3.2
4.6981139629145,7.64057132217336,8.03568060832449,12.6269019670149,13.1816611465673,22.5469902776642,57,3.4
4.61893590542453,7.71862209406949,8.10064417043052,12.8166083853024,13.3588247656319,23.062680087918,57,3.6
5.2396143937787,7.7766658827671,8.17295726845313,12.9805092602495,13.5463708446239,24.3185777931817,57,3.8
5.32558286873663,7.82277105954293,8.21585706786214,13.1476211722105,13.7147427108165,25.2195187744035,57,4
5.18942297505692,7.86910953570803,8.26654975431856,13.2633455585217,13.856912767934,25.2441440977695,57,4.2
5.09866078762347,7.90656671970038,8.31254244240252,13.3986517084892,13.9889491847245,25.9610339311182,57,4.4
5.24996076099814,7.92069745148812,8.34896651261166,13.5173156012666,14.0987744799225,27.2342941357614,57,4.6
4.83176434445753,7.9418463437447,8.35981771774159,13.6113773096151,14.2385111516613,27.6451839157182,57,4.8
5.23134679885036,7.96433012852127,8.38224642051538,13.7279918044393,14.3373540141736,27.4600409228366,57,5
5.18123076537052,7.98464302310237,8.41393462759889,13.8026823898855,14.4396557297993,26.9943000676801,57,5.2
5.26818954599214,7.99471445579531,8.41634922292276,13.8798188775742,14.5113072735055,28.4638758309007,57,5.4
4.95573828367079,8.00053478630562,8.44223422983977,13.9487534114576,14.6127483092451,25.4676138980973,57,5.6
5.2076559272032,8.00585973221684,8.4331276326136,14.0231801295966,14.6923586070797,25.1647652408032,57,5.8
5.22960089733616,8.00215088393126,8.4630329629421,14.0683470629706,14.7414835784592,24.992329077392,57,6
5.39142789286407,8.01713276757848,8.45876243936103,14.133774795299,14.7831273470111,24.2481474296933,57,6.2
5.52994077909304,7.99770397180257,8.46383704755693,14.1767517388352,14.8619186473678,24.5590506153296,57,6.4
5.24437073383559,8.0065109054453,8.46556374644299,14.2461833332673,14.9074249730743,25.4592859598252,57,6.6
5.3674981940926,8.02429313372765,8.47701490734901,14.2857007791147,14.9668499878789,25.6683143929604,57,6.8
5.13555256976447,8.01304153926639,8.4777739759011,14.3079823579107,15.0112082667308,25.7886507577875,57,7
4.99842710774786,8.03982532869992,8.47832102079217,14.3601038057371,15.0586793788514,26.778852703568,57,7.2
4.85181477235631,8.03498873360183,8.48438117018763,14.3709218450143,15.0690349633892,26.3842870308088,57,7.4
5.2305100497576,8.00974779619136,8.4833215449892,14.4049956268874,15.1095426387818,25.019138209495,57,7.6
5.33760034782922,8.01784106318119,8.47935437115338,14.4416843821238,15.1640125841336,25.469746492395,57,7.8
5.08466371505605,8.02821561169538,8.48812985053325,14.4670319160145,15.1549932940313,26.0449505622144,57,8
5.48079096129879,8.0358556179642,8.49147483099269,14.4895877527899,15.2066919426355,26.2586622180581,57,8.2
5.15405909563116,8.05254290119203,8.49854370229447,14.4825808897258,15.2370277817778,25.0537922187773,57,8.4
5.41235138742323,8.04122737859877,8.48920468488504,14.5130828897913,15.2631259402835,26.8084702857705,57,8.6
5.36992433257102,8.02776907183687,8.49728222376968,14.5337138349274,15.2501820573081,25.3280403155323,57,8.8
5.455993152025,8.03706714998859,8.4943768722153,14.5465104736474,15.2691146261791,24.8720835394935,57,9
5.28496302115823,8.03819723723547,8.49757651402867,14.5814879977822,15.3190004606222,23.625491646309,57,9.2
5.22779699501789,8.04168924425868,8.50270787008369,14.5792573777589,15.333094290401,23.1982943276809,57,9.4
4.95838061265711,8.05253528639854,8.50194680084504,14.6004488721828,15.3319643423773,24.5469407826768,57,9.6
5.23932311029421,8.02074284067947,8.50377136657249,14.5915863867631,15.3289809563376,24.4994592080487,57,9.8
5.41155527743239,8.06967535197842,8.50426672117201,14.6022843330815,15.3578118541415,25.2242244012469,57,10
-1.32743189679534,-0.641193349309422,-0.536981286342546,0.538707020583177,0.641140416033138,1.2696050460673,58,0
-1.62656549760661,0.0866762057664387,0.220506460650663,1.63216738526112,1.77719629285798,3.16366815376001,58,0.2
-0.559981001778346,0.692845960260901,0.865722564157884,2.66383028853115,2.86893981207264,5.74376958784292,58,0.4
-0.524859596167855,1.25041576711928,1.44682573536824,3.58751363046056,3.80959970912362,7.19027438996349,58,0.6
-0.103715368083059,1.76005495875289,1.98111933198122,4.38730664124096,4.63709299049661,8.44016061381279,58,0.8
0.299549931062432,2.22201007919136,2.46892476848234,5.07008874095795,5.34195752795978,8.72030820650242,58,1
0.537878111546578,2.65836971003572,2.91892474328059,5.68603276223098,5.9655803905024,10.2891396968773,58,1.2
0.83819575491477,3.05599625940383,3.33224185816719,6.2284561828411,6.53383695032702,10.876391706547,58,1.4
0.679304993907599,3.44946144041675,3.71712034720859,6.70976625223004,7.04093821601139,10.9395298720624,58,1.6
1.20250084658222,3.77573558355163,4.06801273322567,7.14165351924076,7.46613075965243,12.2446093460991,58,1.8
1.68883218268219,4.08996925497358,4.38602860851217,7.52268762985491,7.84780736142524,12.0334194618825,58,2
1.7312855009425,4.3717071352586,4.67752578754698,7.87460717704249,8.21051399762751,12.8656045917633,58,2.2
2.10413564919156,4.6643506534264,4.95468255245075,8.17713983449596,8.53738513822984,12.3583555268006,58,2.4
2.23110664679895,4.87899788688226,5.19294707916141,8.46167240925954,8.81379541027629,12.9810496967264,58,2.6
2.3017501235406,5.09091591761723,5.40803130779559,8.73309363044423,9.08674263683365,13.2509932211866,58,2.8
2.91082264465184,5.28473508265239,5.59932386941454,8.9677983680497,9.3552875656203,13.9003249162515,58,3
3.06693626535711,5.46256796925018,5.77318004328678,9.19591617462678,9.56971782979862,14.0462391177638,58,3.2
3.19459244877525,5.60744966391592,5.91954597903085,9.38663664803428,9.77675198274079,14.3846245782856,58,3.4
3.41334672850099,5.76238472712244,6.07671143559402,9.56821147308279,9.95850490152437,14.4025173713683,58,3.6
3.15699187218669,5.87584076394267,6.18801104541795,9.73399667399048,10.1403552263551,15.2393727365766,58,3.8
3.00629724805025,5.97495038533973,6.29113195494335,9.91298749042897,10.3273343137314,14.8493901307708,58,4
2.81993591042073,6.0755916313911,6.40035737602834,10.0499267066931,10.4699837456616,14.9771396722358,58,4.2
3.06742387512219,6.1456594287422,6.47414851387224,10.1853370608829,10.5856907579562,15.1250244931486,58,4.4
2.92454056824254,6.22192259174092,6.54198683954962,10.3202449435283,10.7462603453313,15.3348625773603,58,4.6
3.9312150397245,6.27952268552181,6.60124308914891,10.4300125464485,10.8676552469371,15.2155960035044,58,4.8
2.6941622456768,6.34357810056792,6.66091684877583,10.5480622183063,10.9666761816866,15.5557289557931,58,5
2.69666720040825,6.38998199982185,6.7201490803926,10.6422212801282,11.0895599851692,15.7773168717576,58,5.2
3.04522118185397,6.42129290381252,6.76058726368107,10.749253869827,11.1738331061444,16.0583900173897,58,5.4
2.92900532196056,6.45836857868381,6.79783733117676,10.8317327667492,11.2897674770586,16.5481925040889,58,5.6
3.82087099183975,6.48560111464511,6.82769830072619,10.9311153144305,11.373204710516,15.9841086252193,58,5.8
3.46414088076642,6.49840750344655,6.85620629266502,11.0098224809115,11.4523282037145,16.290220203628,58,6
3.67194520999363,6.53051510178985,6.87855984216431,11.0700634366285,11.5418270163345,16.6965059458098,58,6.2
4.27334189768857,6.55937536635088,6.90897446944707,11.132472155353,11.5966456753893,17.6924249792513,58,6.4
4.40803514397457,6.55272778398792,6.92343775695673,11.1959351899728,11.6620932920496,16.8416890393739,58,6.6
3.78844290308883,6.57860069810133,6.94350943891857,11.2499555513395,11.7330719901726,16.5274750329768,58,6.8
4.07066772859246,6.56896215959124,6.93119478900558,11.2946796298401,11.7896849807454,16.3234240106252,58,7
3.69787053685996,6.60578347311605,6.96880194175128,11.3512172818431,11.8144108229822,16.6691189778678,58,7.2
3.36870649992604,6.62138152909823,6.97382248076343,11.4070737735996,11.895073200058,16.3980222472418,58,7.4
2.83831104179958,6.62802541454052,6.99319727575243,11.43662882265,11.935074803267,16.0303986022813,58,7.6
2.76891237000387,6.64490002225376,6.99896597781349,11.4901313437228,11.9798885934122,16.7703553716286,58,7.8
2.44717853520706,6.63132687786471,7.0032202838517,11.5041056105875,12.0259930345692,16.6999186900908,58,8
2.40234552580187,6.65128805704076,7.01344700660563,11.5549586422301,12.0699611503803,16.9243841002401,58,8.2
2.92928038700429,6.65901719318262,7.02519504290781,11.5917925919541,12.0984880864168,17.0920029818315,58,8.4
3.55474198881394,6.64534592766015,7.0234505612014,11.6393364874248,12.1632151135652,17.3590193038402,58,8.6
3.59801228718158,6.66685096445401,7.03245821093833,11.6585174075898,12.1873176928097,17.0077886473433,58,8.8
3.92675130204745,6.68433840235485,7.04843641116426,11.6756027008419,12.2020323291956,17.1490001391348,58,9
3.88116230908335,6.68136902809538,7.04359569181838,11.7022664887427,12.2418273681056,16.9300835258883,58,9.2
3.85601514408473,6.67072962454092,7.04496400717417,11.735612565683,12.2703697441278,16.6835165406097,58,9.4
3.99631382083704,6.67287737374371,7.04902849400797,11.7780138904791,12.305860908999,16.2921319971978,58,9.6
4.18229382589355,6.68708486845332,7.05710583489137,11.7859605799689,12.3178632778007,16.2945242620273,58,9.8
4.14452509538734,6.68141792137765,7.05195683341252,11.799954863392,12.3291715424115,16.9080468432305,58,10
-1.52731278579838,-0.640601289198538,-0.537933303935787,0.542457914716556,0.644049482781758,1.26653912880228,59,0
-1.33246686968281,-0.316306988036181,-0.183910367207104,1.1079531408487,1.24490409121367,3.03106068839737,59,0.2
-1.14958083100779,-0.00137515846703994,0.140896538738695,1.65633728468712,1.82008322237379,4.87730996993051,59,0.4
-1.19998419124558,0.26418396273451,0.444680542706822,2.16564660044268,2.34518590970317,6.8977176773728,59,0.6
-1.01650717375057,0.534897414496216,0.722173338450949,2.62207864240538,2.82838013972717,7.71852435170302,59,0.8
-1.04753035496805,0.786712238502309,0.994780863771137,3.05949046533931,3.28142708870891,9.11356008892566,59,1
-1.00455504779035,1.03130307484796,1.24772439963391,3.44986478585392,3.68998856455843,9.69186383440771,59,1.2
-1.11352653979502,1.25430460954461,1.48194612304854,3.81742161204787,4.06205507735157,9.87835323016253,59,1.4
-0.86698814060747,1.47467426245861,1.71864773371317,4.14381313027669,4.40262437094103,10.7228032646088,59,1.6
-0.596816369343875,1.68576048054628,1.9295621504923,4.44000208307971,4.71261284441854,11.55257356798,59,1.8
-1.09868988975238,1.89345177921705,2.14254535967228,4.73115912408771,5.00580636441227,12.7652429584488,59,2
-0.986884851728233,2.06965941164528,2.32186615565211,4.9799956151583,5.26342856880173,12.281127114744,59,2.2
-0.340460103481682,2.25770087651787,2.51588838137034,5.22179905099009,5.52867682295427,12.6360110483139,59,2.4
0.0422235192086826,2.41865961578939,2.70441821297245,5.45471030282607,5.76508908538601,13.0733114651101,59,2.6
-0.154335768565313,2.5855215900886,2.87605404511882,5.65987967503966,5.97449331604781,13.0271679369407,59,2.8
0.0291361821817683,2.74238930328964,3.02721969880821,5.84959046553152,6.15605222522806,13.3787246664075,59,3
-0.252208517961732,2.87970447438483,3.16330829965883,6.02642982612309,6.35019462019958,13.4442066568328,59,3.2
-0.787293584322713,2.99370108183686,3.29519504314574,6.20173170159775,6.5199751894095,13.562087073172,59,3.4
-0.893215924027135,3.143936794108,3.43864246659809,6.35995394995234,6.69516403688481,14.5747543005078,59,3.6
-1.390165322229,3.24944580978322,3.5444971321145,6.49423726601823,6.83174036437183,14.291156344874,59,3.8
-0.699759429040898,3.37243617447639,3.66022751461911,6.63385048889034,6.95282194759841,14.4682433975988,59,4
-0.374246595646465,3.45958052657617,3.76533472794721,6.7833976896492,7.11246791057609,14.2948437677765,59,4.2
-0.068051473919302,3.57490930343408,3.8697751273425,6.88297837221688,7.2189267205737,14.9803166532294,59,4.4
0.514356436476342,3.67850528571694,3.96982747345889,7.02392763644171,7.36521138847097,14.652692423261,59,4.6
0.582237829062333,3.75411226497538,4.04785951574931,7.12412622040441,7.45942324110068,14.8429315153099,59,4.8
0.343807524974285,3.84589352478315,4.13109127234925,7.238773789612,7.57331517514789,15.0836279669565,59,5
0.112111907894009,3.90249864164903,4.2094123095454,7.33130830792727,7.67945851993984,15.1093107267894,59,5.2
0.296885685937509,3.97664972466651,4.28060769979385,7.41863670332047,7.79961205464148,15.6979703591098,59,5.4
0.954865571488556,4.04160355408913,4.33961770063261,7.51554648929443,7.88554261698317,14.8025447925352,59,5.6
1.09631755829606,4.10214281026707,4.40283158170805,7.59755979345917,7.97930163102879,15.0072140961603,59,5.8
0.488268904048854,4.15196438739517,4.45980795556664,7.68680240979224,8.05121388687075,15.9182429346919,59,6
1.1242395877541,4.20590143747255,4.50170583048364,7.75467172903113,8.1366500590926,15.7136823643058,59,6.2
0.973179388267624,4.25155857415902,4.55156786676116,7.84415269952275,8.22871806576096,15.1881637184826,59,6.4
0.749174000829169,4.28781102895451,4.59973134723301,7.92477395484607,8.2810044676407,15.32293359229,59,6.6
0.975457020918838,4.33920597659208,4.63634147145977,7.97674664128198,8.35267863221602,15.4548480576145,59,6.8
1.28844825973854,4.3639538100127,4.67248376681448,8.04724097436576,8.4300126197977,15.5532924273002,59,7
1.6923753286087,4.41358868829095,4.71089703830156,8.11720073594759,8.50585783110641,15.358099319336,59,7.2
1.99724470972836,4.44657599889916,4.74743594372522,8.15522545095466,8.55197307514776,15.6426229851006,59,7.4
1.42770049719331,4.47351625045891,4.76698545018594,8.2075903777832,8.63193102979783,15.4261393551457,59,7.6
0.844665583972075,4.49950981809533,4.80096253507252,8.26730789311041,8.66570297766697,15.6111824272521,59,7.8
0.0369819042012016,4.51972211582785,4.82594004150819,8.30636382266942,8.72776370182569,15.8052948486919,59,8
-0.506157013456304,4.51807354194366,4.82575503599181,8.36534877782661,8.75463534566877,15.8258795100169,59,8.2
0.570695785867961,4.53629678905197,4.85894094407692,8.40275874145064,8.8231977451919,15.7611748323096,59,8.4
0.934264850523019,4.56879580893917,4.88040520416964,8.45750999262831,8.86628582131414,15.5892755574248,59,8.6
0.959665970437803,4.57866648180624,4.88684736427397,8.50095215200337,8.91083722907166,15.7359576219416,59,8.8
1.0119581062184,4.60129490278019,4.91421280331528,8.52388905763025,8.96321278303767,16.0961705829295,59,9
0.87980275057598,4.61432056003909,4.93161492317847,8.57414718103159,8.99823111561393,15.7644298998076,59,9.2
0.734953561077898,4.6144034937493,4.94272891380663,8.60754029310372,9.02513846289311,15.3931118205142,59,9.4
0.121947508706367,4.6390435430495,4.95191002235025,8.64406215429144,9.08097181462716,15.3426373043535,59,9.6
1.69505421932061,4.64537494594077,4.96217267844521,8.67530617136229,9.11855672563075,16.0407165722059,59,9.8
2.0360321072738,4.65797984413185,4.97194674467405,8.70547491589763,9.1507406076195,15.1400069810466,59,10
-1.37940753863538,-0.645304977045715,-0.53667088767038,0.534682420995582,0.643630782817907,1.53429038601406,60,0
-2.34700046860486,-0.441712260739249,-0.208046082955278,2.21380899110872,2.47588850057244,4.22362810023373,60,0.2
-2.5456183747502,-0.105539929722784,0.21295990960561,3.62271993635606,4.01478655964049,6.76099988321298,60,0.4
-2.72428707609102,0.250794140252706,0.634354292772985,4.85438511729782,5.34638008360227,8.81641994603394,60,0.6
-2.47936468715634,0.614764451789129,1.03525656751606,5.93841022493422,6.45742117440625,10.9514265660776,60,0.8
-2.8142865410942,0.952012972724088,1.42439824626119,6.8504813333272,7.46781857073071,11.6826173134319,60,1
-2.89567163403261,1.25977069584921,1.80509097062368,7.68427900152375,8.34346016808888,13.2284109840091,60,1.2
-2.55576075668961,1.60376203208757,2.16724283199499,8.37576897809865,9.06239202805576,15.0203782944473,60,1.4
-3.00749272552754,1.91824771064683,2.52331568810565,9.02916820861294,9.74862713005969,16.9056181120831,60,1.6
-2.76574674868401,2.22924426765549,2.83793591609629,9.63722236815456,10.3616720753979,18.097090241602,60,1.8
-2.00927364614282,2.48701153022546,3.12938625222357,10.1184046662034,10.8561177176511,17.5071746806758,60,2
-1.85902892842461,2.77809068649712,3.43252774481636,10.5729036249182,11.34659282652,18.7394491523658,60,2.2
-2.13214271320238,3.04243050520358,3.72265355077813,11.0144741030533,11.8005045889288,19.3569250526153,60,2.4
-1.81936591561523,3.26461829999865,3.97724094959804,11.3791771464635,12.1984202483173,21.1962100016517,60,2.6
-2.68631241954719,3.49069060463412,4.19411676513156,11.7382449470942,12.5792675719295,21.8083907829827,60,2.8
-3.41872339145215,3.67057414039945,4.41258431332709,12.0271634502746,12.8671046954243,22.6052788009734,60,3
-1.31336392333138,3.89623223928845,4.63252789990711,12.3296919947722,13.1817573722226,23.6481974523504,60,3.2
-1.39717714931544,4.12037973292123,4.84828031385789,12.6087176248466,13.483903978339,23.24938326771,60,3.4
-2.09674355315143,4.23888553231217,4.99897488239987,12.8534778189565,13.724636793898,24.4255281194774,60,3.6
-3.80580425539843,4.40293634517015,5.17758242319607,13.0980564853906,13.9384760265313,24.3821910541054,60,3.8
-2.81198389200267,4.57910906977011,5.32900291064788,13.2768773850059,14.1639512798343,25.760222745179,60,4
-3.04584890461932,4.70205152678022,5.4614225735954,13.4785269961144,14.3411294942848,25.594697350143,60,4.2
-3.85878090898788,4.81365613694146,5.56823604269958,13.6782184551528,14.5236821629487,26.9118345410025,60,4.4
-3.14036457842545,4.97795310354613,5.71477071179266,13.8390656666158,14.7299796687566,26.9948790561508,60,4.6
-2.50263763616123,5.07017874216596,5.8100000631412,13.9806152290952,14.901107588568,26.0385965673911,60,4.8
-2.24877112936481,5.16027280320074,5.91265963926693,14.1309285330846,15.0465419498884,26.3077368477096,60,5
-2.7059414271922,5.2995368506405,6.02913732538095,14.2742638970648,15.1894828394697,25.6689033006721,60,5.2
-2.43090853823066,5.39497461751977,6.1146643995482,14.4171968393623,15.3556343586062,26.9806900320759,60,5.4
-1.9624411696502,5.4501146280066,6.18118654845645,14.52058041283,15.503512978274,26.5472110452345,60,5.6
-1.03959857551234,5.5501740206774,6.27017231928151,14.6224183172665,15.6169903141333,26.6542223685602,60,5.8
-1.50791344817936,5.6182258872651,6.34791594071825,14.7111535977271,15.7168947154488,27.3235162516457,60,6
-1.87632079997473,5.71306454360665,6.40901750086727,14.8132143551233,15.8658319476632,27.225709789553,60,6.2
-2.05639669194169,5.75537415914919,6.45326395177681,14.9138008189731,15.9208618016224,26.6776156833965,60,6.4
-2.42034342840215,5.78277970183915,6.49361691102099,14.9984455065791,15.9939409257167,26.4747358084837,60,6.6
-1.7476238115821,5.83271326241298,6.56215892320731,15.0813994730585,16.1006778196119,26.5040260716457,60,6.8
-2.0861104563757,5.86609790669304,6.58817794899639,15.151328378505,16.2123737395944,26.2361164700629,60,7
-2.23743269477139,5.89632499453312,6.64692412238616,15.245703769922,16.27829477384,26.7635779692256,60,7.2
-1.4746958049286,5.94343620668218,6.67975673265387,15.3105904287858,16.3404782684288,27.4210869726636,60,7.4
-1.5090301122788,5.96242512092178,6.71412271013532,15.3479894845164,16.4142660967069,26.9079469221428,60,7.6
-1.45881570687146,6.0143570861093,6.74209482228149,15.4135831548241,16.4843069763124,26.1189876512605,60,7.8
-0.700055962532702,6.06652507840498,6.76133381359469,15.4841112589766,16.549546007621,26.7042657668972,60,8
-0.569203512988161,6.11279060047476,6.79855615618387,15.5588453650276,16.6004264726761,26.3551936372927,60,8.2
0.214846898924805,6.11686703960082,6.82698613572818,15.587591511011,16.6827598290235,26.3026872827128,60,8.4
-0.0903841664986226,6.11219161190491,6.83143318710298,15.6650339841398,16.74490362604,27.7666892870777,60,8.6
-0.421539310517528,6.16977612117668,6.84454959702293,15.7109616000577,16.778475701307,26.13065519005,60,8.8
0.190222288793849,6.16919875833748,6.88051408877651,15.7529490047069,16.8419662035494,26.4961930209298,60,9
-0.723601130814322,6.1945656368773,6.9005891962883,15.7958429789741,16.8936232718839,27.201788636401,60,9.2
-0.230108048006532,6.227348668868,6.9324486930307,15.8416140235434,16.9506787715315,27.5411690992139,60,9.4
0.253642212321585,6.2252634708182,6.94347937682438,15.8952925298528,16.9370514178092,27.5881284533644,60,9.6
-0.408152011675151,6.24772860897393,6.95895103241517,15.9290483393607,17.0277892242519,27.4993778969135,60,9.8
-0.44689452037904,6.26279329101585,6.9617932826923,15.9750793371783,17.0583475012033,27.7540720338486,60,10
-1.31069646853061,-0.63524365022106,-0.53674596464509,0.540275133582154,0.6407377020014,1.39670893193027,61,0
-1.15066910894977,-0.0823856077692803,0.0479848082892154,1.39185560561538,1.53384309723238,3.64386030702225,61,0.2
-1.1193556382756,0.404815036240115,0.558512526889542,2.22678379218598,2.41621971325791,5.68116809855385,61,0.4
-1.00833660171224,0.843760438315737,1.03159531061298,3.00838628841034,3.23276425115431,7.60791176265657,61,0.6
-1.07403060458026,1.25787606134704,1.46429731570548,3.69594438392824,3.93936501063532,9.01978180770871,61,0.8
-0.41732088495174,1.65068630076242,1.87783833992044,4.33674271656523,4.61383743138274,10.218787081275,61,1
-0.398317193937261,2.02989473510418,2.27567362542799,4.94025352126787,5.22729690619577,11.3617131726814,61,1.2
0.277374055877201,2.37224117370754,2.63545127254352,5.46216885464798,5.76264678926758,12.0102882768544,61,1.4
0.0519482835939368,2.70530041988726,2.98146988826625,5.9406006163211,6.26863905000821,13.0780843822329,61,1.6
-0.883655074438669,3.01552890787059,3.2999229419097,6.38776810283138,6.72327475529626,13.408470511929,61,1.8
0.469402284199992,3.30575345343233,3.60624313258812,6.79447999401257,7.14600077074911,15.0288086542125,61,2
0.491238201813021,3.58045423076239,3.89935062486388,7.19842958224373,7.54113624368434,15.7226508705933,61,2.2
1.22283867194902,3.85497704889625,4.17162614237758,7.52924306319846,7.90534260198789,16.1938516433597,61,2.4
0.418353859958838,4.11567732971755,4.42191591553921,7.85235154899703,8.22955142409315,16.2705696450906,61,2.6
2.10453698209004,4.35495504812314,4.66971302986353,8.14494429918506,8.51556134264,17.0939205466093,61,2.8
1.75893212655277,4.56886932236169,4.89141126494549,8.42869128290221,8.80849749078217,17.1954065190038,61,3
1.99681688389779,4.7770993572628,5.10610063083252,8.67568166798414,9.09059256382245,16.8512207182505,61,3.2
2.51764194583058,4.98843952408327,5.30098827959745,8.90697215792006,9.31774535965349,18.1953860217092,61,3.4
2.36621309347305,5.15778599378131,5.49370681342894,9.14052449315205,9.54636320446893,17.7674899957365,61,3.6
2.17561338835101,5.33806614597625,5.67026658936553,9.35078657701056,9.75688752808192,18.0005510808607,61,3.8
2.38559868599706,5.48791463417648,5.82260048009973,9.55882410406954,9.98744872020437,18.0829075194466,61,4
2.64553290060017,5.64270081083144,5.97120813237651,9.74967263548138,10.1774985509779,18.3456050472381,61,4.2
2.83953373779617,5.78644475869228,6.09796897521654,9.90691426267439,10.342482691061,17.8296506504503,61,4.4
2.77151243171614,5.88345941256031,6.23143978455433,10.0760637808772,10.51130747432,19.0771407645233,61,4.6
3.39705147477638,6.00418244459183,6.34823027432813,10.228309079998,10.6658349383768,18.859533513081,61,4.8
3.68432430614815,6.108995340069,6.44399625266568,10.3633267335047,10.8214262764972,18.6711497214008,61,5
3.65674280766366,6.17546616044441,6.52953660582281,10.5099174890426,10.9747235985144,18.630689500991,61,5.2
2.75740790150911,6.29423692528505,6.6385632149692,10.6385215533326,11.1110762924155,18.7301854225888,61,5.4
2.87077405529707,6.35829485730935,6.71069393303135,10.7681830675944,11.2584152846938,18.9691720969304,61,5.6
3.04553322779505,6.42557014980637,6.79365891534398,10.8817747828883,11.3772564918648,18.6859559991093,61,5.8
3.78990422944986,6.50515703650078,6.85912722064444,11.0046682470121,11.4921495280433,18.9198041996106,61,6
3.50724720416621,6.54703961891722,6.92013873965969,11.1092778374569,11.5956201978026,19.3812581472323,61,6.2
3.35492629242652,6.61907209694077,6.97163362474952,11.2154834744958,11.6926357333018,18.4808037571913,61,6.4
3.97005599831691,6.64638231158005,7.0308544834777,11.2908390258951,11.8140781805689,19.3287608994235,61,6.6
3.88487545973799,6.70328486430029,7.06824042851777,11.402590585749,11.8916589425607,19.3594085249468,61,6.8
3.66777367584946,6.73938836325367,7.12206570780736,11.4886797517959,12.0059408839189,18.867467142854,61,7
3.2017140503065,6.78792755426902,7.15762262644528,11.5671225749413,12.0709739503914,18.522564195963,61,7.2
4.1632713930026,6.80485982218042,7.19817213884324,11.6407382192178,12.1712423097745,18.9102125444556,61,7.4
4.15273694978438,6.8380238659961,7.23226500203441,11.7334833004626,12.2624305248242,18.8592563303796,61,7.6
4.04733253738836,6.8529084393459,7.24424956286511,11.7950716572624,12.3197796038975,18.9878619794204,61,7.8
4.12028577318837,6.90821624463867,7.2810027808228,11.8589854761558,12.3860436510604,19.7871227654668,61,8
4.02391443709548,6.89754298759459,7.28015319802695,11.92064972685,12.4504944996623,19.0238814783893,61,8.2
4.25015224770834,6.91990680948669,7.32167018664314,11.9682958662296,12.499673055926,19.7084276668291,61,8.4
4.08553371170109,6.93774481994332,7.32555693339811,12.0131764751791,12.5889771436584,19.4724295988522,61,8.6
4.07200551277096,6.97155955778222,7.34533308934859,12.0912829688068,12.6360160941161,19.3719800470927,61,8.8
4.24811097718018,6.9832603489124,7.35747459567259,12.1541194698226,12.7265262800981,19.0900023122529,61,9
4.39759741127629,6.97245720341056,7.37997900643674,12.2083080531273,12.7645550265549,19.1514281117195,61,9.2
3.97825321133818,7.00227277611423,7.39042704974643,12.2579002830168,12.8315867158714,19.7956424681454,61,9.4
3.96667071129764,7.00604182899855,7.41857901124827,12.2939049753842,12.8628286086765,19.0559387378084,61,9.6
4.43705414267973,7.02628711975552,7.42433765375261,12.3294906386794,12.9175621177726,19.3200211510728,61,9.8
3.68982871211419,7.03846825288559,7.45093202021702,12.3667182300095,12.9443531345604,19.5150520891117,61,10
-1.27844883736777,-0.648669072549656,-0.544219819593314,0.537854479526781,0.639426483806109,1.54345583682429,62,0
-0.906593666598752,0.0998459791574056,0.235837827617502,1.66174958095483,1.81685886293879,3.96862347410787,62,0.2
-0.971126112786518,0.730226658169067,0.900153172966685,2.744855027266,2.96290807533111,5.98215560699732,62,0.4
-0.836656922177407,1.31265167856114,1.51161938279828,3.73508482519362,4.00704909461686,7.80209630631937,62,0.6
-0.146658607674872,1.84583701075099,2.07895389731645,4.62832539210462,4.9364926780012,9.53149339760982,62,0.8
0.425829173207547,2.35795546894381,2.607758532131,5.41972308556794,5.76571293128039,10.4812123738048,62,1
0.466804387952966,2.82885301118105,3.10274617080225,6.14555334506987,6.49443810667122,11.4830268336261,62,1.2
0.735522011498686,3.26516933485897,3.56911175065249,6.78532066532593,7.16789336405362,12.5591545289713,62,1.4
1.26217098134911,3.69282915345376,3.99480611380583,7.3751497638781,7.76698116062518,13.4637011670819,62,1.6
1.76891800303089,4.07854226046949,4.40432815106182,7.89344283921734,8.29947963797109,14.0264344035377,62,1.8
1.61783475630897,4.45751954539058,4.78320724986841,8.37964025189061,8.79113687453035,14.7471650001893,62,2
1.894991842773,4.79555891045658,5.15844281425945,8.81210494561712,9.24464266896054,15.8138404049672,62,2.2
1.9793682947912,5.13821012415332,5.48011096491609,9.21202522266024,9.6489637302125,16.0401649199465,62,2.4
1.98736598235328,5.44481839724375,5.79255013266658,9.58738954308682,10.0170412588595,16.4599302158817,62,2.6
2.72614971417225,5.72026499153516,6.06744446381994,9.93290682883052,10.363576463603,16.9318556187876,62,2.8
2.94775285726745,5.99216467398341,6.35381260964196,10.251740036141,10.7006179636508,17.1052873945304,62,3
2.55857112066668,6.24019544526294,6.59771986626823,10.544975308688,11.0002382489798,17.3661110724834,62,3.2
2.97584547914505,6.44962494318134,6.81169826191668,10.8098282189786,11.2632962552702,17.9989976803253,62,3.4
2.70452540073991,6.65522709830973,7.02296078423237,11.0643800109339,11.5327845816542,18.0895024902417,62,3.6
3.51754657380481,6.8523233890361,7.21502842596211,11.3066435931795,11.7630611707833,17.9253422807473,62,3.8
3.60401492112664,7.04354964835743,7.39283958231654,11.5112817633485,11.9711547621807,18.4571942050998,62,4
3.49355820828918,7.18874955217621,7.5575728121728,11.7188615936136,12.1878065027175,18.0700128965155,62,4.2
3.90279030523252,7.33377470572766,7.685626146777,11.9064946527525,12.3888474571623,18.5402267150442,62,4.4
3.66465538710617,7.45815902712328,7.82537188887018,12.0914711936972,12.5816674452289,18.7220664589257,62,4.6
4.43385221104284,7.56803623004511,7.93120351970511,12.2715467787755,12.7765288137607,19.176774852405,62,4.8
4.14886552221034,7.67132873120509,8.05176365642027,12.4267775447262,12.9132891683034,18.5959816639874,62,5
4.15002041526137,7.76939524393976,8.14047420019116,12.5971973705793,13.0904880587247,18.4749063132143,62,5.2
4.72674661362949,7.86306865070111,8.2452201018276,12.7242790514553,13.2339594568989,18.9126137306299,62,5.4
4.7823964339717,7.92304639805378,8.30659200700162,12.870853640505,13.3761727693958,18.8752013006161,62,5.6
4.68468897388171,7.9713602578578,8.36161496756475,12.9972589644013,13.5344817356737,18.9272103073354,62,5.8
3.67840395089628,8.05208584597902,8.44727039107695,13.1076595834226,13.6547863325704,19.2583411927022,62,6
4.10939784757687,8.08676422364422,8.50040646939676,13.2345024015113,13.7730108051709,19.0788727351289,62,6.2
2.76474644016635,8.13423357770195,8.53872117065858,13.3460468986177,13.8664085541689,19.1783293924829,62,6.4
3.49588142008615,8.18531317118435,8.58804049144484,13.4448872022058,13.9999657259584,19.8323151055421,62,6.6
4.66404468381039,8.22028075570152,8.64588411146299,13.5336672684335,14.0889950346226,19.3258119443061,62,6.8
4.40300101359038,8.27214457717716,8.67886125169848,13.6238719110762,14.17674754325,19.3381707227907,62,7
3.20156603922239,8.29063465740503,8.71354254962355,13.7091592272305,14.254635764898,18.8726722002448,62,7.2
3.57841173410072,8.32164112004539,8.75020756707554,13.8000103130111,14.3592006198087,19.3381634092754,62,7.4
4.49254876964438,8.32870218983082,8.75769129546061,13.8728100483122,14.4404914082467,19.6355892882275,62,7.6
4.91920598534678,8.350669411906,8.79509687902923,13.93771826232,14.5056876374542,19.7222439221804,62,7.8
5.35585769548747,8.38888007651478,8.797134359142,14.0207737169258,14.5836847575248,19.8795412165923,62,8
4.90389727405143,8.39292437497336,8.8269145930713,14.0759866086372,14.6495684200253,20.1259767590242,62,8.2
3.87158031601605,8.41572032883809,8.84420460949305,14.1324565476214,14.7267913473005,20.0563312725702,62,8.4
4.54829762116895,8.42861341454284,8.8737692453829,14.1917306471367,14.7994317517067,19.990315007618,62,8.6
3.3218571542278,8.43031351928081,8.88166653908168,14.2455868057537,14.8458606022091,20.4791840599601,62,8.8
2.79620722587359,8.46845947991535,8.89336581270865,14.3129593825688,14.9184752926268,20.533894754263,62,9
3.04312347206699,8.47966630423614,8.9137232568998,14.3559400197682,14.9738451387443,20.4570119303831,62,9.2
2.61917648875285,8.45960726786259,8.91112339386327,14.4023331294881,15.0301255948222,20.3329901735928,62,9.4
1.5341166377968,8.49489223058524,8.92282070752392,14.45904048718,15.0768908032464,20.9339061750415,62,9.6
2.4209573813357,8.472793558604,8.9287226077712,14.4979283985524,15.1292120116242,20.9219722777935,62,9.8
2.36252751273388,8.49091666634644,8.94234313880626,14.5582792996275,15.1828682837911,20.8034957441658,62,10
-1.35919249710567,-0.643352063624253,-0.538289036997067,0.533645194411642,0.636595600399239,1.33043356262332,63,0
-1.01521338949943,-0.0185265285869015,0.117825358312301,1.49863347276248,1.64640301658764,3.82177488778403,63,0.2
-1.4482158972841,0.506045292679309,0.667567367086945,2.39230639677134,2.57682916362804,6.51597222388587,63,0.4
-0.525910644891356,0.988209803016595,1.1738542482749,3.17757684641748,3.39991110627846,8.10232718542411,63,0.6
-0.185461061441574,1.43416306415084,1.64147483627489,3.87184976785113,4.11360159432263,9.45588525441166,63,0.8
-0.288622341898571,1.83771808776194,2.06088197851167,4.46646563240762,4.73552039306486,10.1159357879341,63,1
-0.307742208983817,2.21739693024027,2.45294801946532,4.99427367056599,5.27070934032935,10.4782131997014,63,1.2
0.612120845137413,2.55914451004791,2.80880301450007,5.46277417937231,5.75162159040359,11.6028614252797,63,1.4
0.688007873922488,2.87667378040204,3.13302667725271,5.88412348466048,6.18210150499916,12.6093682045657,63,1.6
0.775080087653026,3.16816359879236,3.42955180818464,6.24979645404237,6.56304927887299,13.173956944765,63,1.8
1.2518694475082,3.43617208555443,3.7100251452204,6.57724926077462,6.88780855618794,13.8198614732274,63,2
1.34278136177596,3.68593408055122,3.96233478058997,6.87357419537972,7.20246121267895,14.2079567430674,63,2.2
1.73436344479122,3.90883669563057,4.19203229702693,7.14110671208118,7.47132718836926,14.2852059782115,63,2.4
1.79237057592718,4.10632731194279,4.39466073166529,7.3821562219337,7.70891176847954,14.977691035658,63,2.6
1.636523769534,4.29747250375367,4.58137879394608,7.61856341702485,7.95235055693976,15.9809431438531,63,2.8
1.58673830943036,4.4656115982719,4.74444491353962,7.80533855848806,8.16703694433274,15.9740298754397,63,3
2.2427387486723,4.63003109784256,4.89280648396737,7.99930443517502,8.35097315827875,15.6780033881971,63,3.2
2.57957669251043,4.74889421094399,5.0251596711769,8.17630385335013,8.52145128010012,15.7625972680481,63,3.4
2.45277592846997,4.86564574130878,5.14824004209415,8.33408911188799,8.6960902178471,16.0604274124819,63,3.6
2.50169365055632,4.95869821596601,5.24200190057925,8.47896097639065,8.84047179350748,16.252373239822,63,3.8
2.32991570135566,5.0359706522075,5.323677303494,8.62374045012791,8.99046609310122,16.2991146820212,63,4
2.38303481792489,5.11730040991087,5.39632304472928,8.73243368184955,9.11855860371297,16.265295964821,63,4.2
2.78803813276871,5.20301280013166,5.47995416620152,8.86815516961672,9.24154086058665,16.6081438220557,63,4.4
2.03727540536112,5.23190566636279,5.53784375716878,8.95597274213515,9.34919034126401,16.7669723313448,63,4.6
2.79320508795102,5.30326151092388,5.60810689814111,9.06192406885507,9.46849215590296,17.1034658705605,63,4.8
2.09902443716856,5.35652382287345,5.64269855186539,9.15530132217625,9.57073194005504,17.1187791459624,63,5
2.15952484617694,5.39189626594264,5.69594901774875,9.24930423938447,9.63780122307143,16.7851414799549,63,5.2
2.97707700836668,5.43002594847206,5.72376493272069,9.32966019285911,9.73145132089229,16.8055263056782,63,5.4
2.76656035309573,5.44415911765864,5.75685305942395,9.41424765432004,9.82755790162811,16.7562290288433,63,5.6
3.49694949114375,5.46462034582495,5.77803949939856,9.48393861859336,9.90806038239349,17.384225242677,63,5.8
2.71825129498325,5.4945890414054,5.81789029277925,9.53988840222723,9.96906254568059,17.4842288004927,63,6
2.62505077018578,5.51463425935592,5.83905041864846,9.60550057752634,10.0249808890455,17.2915955190979,63,6.2
2.67989230561876,5.53571568049991,5.85620019381536,9.6534101259037,10.1069953440401,17.8394907488607,63,6.4
2.97134974031592,5.54702521997292,5.86956561318958,9.72348887946745,10.1447436718698,17.5289915878445,63,6.6
2.95199979358732,5.56123780864167,5.89599149004842,9.78080238595516,10.2325715962773,17.9551517874961,63,6.8
3.11461699046491,5.56589071000694,5.89627634529834,9.81211519701591,10.2588075902556,17.4519710551972,63,7
3.09325569190593,5.58027859051426,5.91442454088991,9.87068264556725,10.330761493955,17.9648450597317,63,7.2
3.16008623370111,5.58341797665615,5.91860524058861,9.89334610208571,10.3669354121746,17.4231397315058,63,7.4
3.53641990462018,5.59127050537404,5.9270193907445,9.94267113426212,10.3885274208654,17.9557130577108,63,7.6
3.06659672322712,5.57881597839972,5.93516505300926,9.99310411932345,10.4281419847154,18.8590362331214,63,7.8
3.02156731802701,5.59022297242032,5.93667608696087,10.0063239020432,10.472787365584,18.2397588762991,63,8
3.47397414758825,5.61234900436406,5.93932893993222,10.0263006267606,10.5039185687417,17.5600120430947,63,8.2
3.3266554314729,5.61115538109194,5.95496644052976,10.0774541092083,10.5379237920935,17.8947416277374,63,8.4
3.50597958277995,5.62010965875263,5.96174255526248,10.0800922417943,10.5832083180276,17.918682484224,63,8.6
3.33425021323474,5.61437115836907,5.95235009035027,10.1205836402707,10.591355543684,17.678423649655,63,8.8
3.29970878487481,5.61604032316351,5.95857508545805,10.1209296865688,10.6237694947237,17.0252025131389,63,9
3.169794718725,5.62375287031718,5.96840191893881,10.1472704976745,10.6304186899729,17.4811795146013,63,9.2
3.08423811092478,5.62644521950654,5.96820077060863,10.187339622494,10.6898999262342,17.0779245206821,63,9.4
3.07553004023928,5.62377705013094,5.97431300928383,10.200053623124,10.6959440642824,17.4200303056431,63,9.6
3.30351113803564,5.62949704362621,5.97729566061497,10.2064382139061,10.7142745696795,17.031467844165,63,9.8
3.03225438240074,5.6320458070827,5.98079068346958,10.2375517784865,10.7462464468155,16.935317843287,63,10
-1.5119944838512,-0.645618391452033,-0.54148985506182,0.537145175890735,0.639334796391496,1.4756226642636,64,0
-1.46058485859364,-0.181152319394758,-0.0511149135660689,1.28522078041271,1.41806368644918,3.31895507418469,64,0.2
-1.09501922576134,0.218765648379417,0.379452151621065,1.99340017271215,2.17310279204712,5.60167171442516,64,0.4
-1.05924879598504,0.605445691176398,0.788608531857758,2.66387043751968,2.85790053999642,7.59832584587924,64,0.6
-0.71628833442352,0.956557746138825,1.15832723383253,3.26985988827118,3.5052079436894,9.17631788308897,64,0.8
-0.581778234552839,1.28572622541436,1.51523476260954,3.80748083270367,4.06571415561827,10.6122669196299,64,1
-0.729453811828709,1.62048985465716,1.84954994844238,4.32150168034847,4.58390493447854,11.4026753360775,64,1.2
-0.37100819659781,1.92426181131492,2.17521093600604,4.76955454407671,5.06799901830427,12.2578206764662,64,1.4
-0.753329345774053,2.20076998898267,2.46197698064918,5.1909835445038,5.48810585704042,12.3435570031885,64,1.6
-0.568979031081557,2.46528136301236,2.74694405297659,5.55601503538715,5.86103315052238,13.0958022066815,64,1.8
0.229529807393728,2.73976678771281,3.02202735262238,5.91734926195049,6.23436645696463,13.0430707550998,64,2
0.248461573849413,2.96550602247894,3.25323680219578,6.25104158506794,6.56362053687839,14.2056776543361,64,2.2
0.515099395530028,3.21256057591369,3.4999749721485,6.52992466762688,6.85573554374466,14.4029768113601,64,2.4
0.545110114836243,3.42285098397661,3.72693721332382,6.79411899566928,7.14635851895557,14.0754456587162,64,2.6
0.383373940271732,3.62290408196108,3.93857804197998,7.06167170761231,7.40412304976486,13.7743731288864,64,2.8
0.26803177309142,3.82831827236086,4.13332856465453,7.28915349052593,7.64278213740776,13.2277976739449,64,3
0.591176355008828,3.99419755394439,4.3053670384372,7.51000997639609,7.86384668480788,13.63819233363,64,3.2
1.27483551578311,4.16359591556643,4.48803349852824,7.70718016498514,8.06493074853903,13.5525257431931,64,3.4
1.39424773426262,4.33479584566849,4.64722010838214,7.92185268309386,8.29093268479289,13.9206131521563,64,3.6
1.44778695855801,4.48254928954617,4.79991801343476,8.09191486659437,8.46412239550801,14.1610733874549,64,3.8
1.83376004215314,4.61901401036778,4.94229958873742,8.25407465590101,8.63456118496696,14.9357744047435,64,4
1.81733226320893,4.73279523199847,5.05595436826903,8.41623394067173,8.79597248864379,13.8833070772627,64,4.2
1.35991072756992,4.85079369179768,5.16699739876806,8.56179971048611,8.9627219683002,13.7227133039545,64,4.4
0.647703542526575,4.96901000315677,5.29304673074532,8.70563577223683,9.10117448602097,14.554990280759,64,4.6
1.86459136855667,5.06121038576594,5.38688693356855,8.83470867871368,9.25335282219999,14.9655826351055,64,4.8
1.93041036101931,5.14510049746146,5.48165215375131,8.97039636398518,9.36395600259608,14.6406748559838,64,5
2.09647547293196,5.2418735442734,5.55423563096303,9.06617358696436,9.47491978691935,14.4728947364388,64,5.2
2.28796570573911,5.32337539922283,5.6388016257516,9.1947197072429,9.60550297645957,14.7772872561736,64,5.4
2.13007819610381,5.38806112277067,5.71120971525176,9.30145756033459,9.69802716190012,14.7068902593806,64,5.6
2.6031117520239,5.4588446605376,5.76963400233653,9.40970464985736,9.82317225619748,14.8576611076184,64,5.8
2.68745022376479,5.51992257220495,5.83983979975298,9.47845555589289,9.90700477824891,14.8363192716943,64,6
2.29918777189845,5.58225229205121,5.90266092980332,9.57579786900398,10.0013064757774,15.6242729012372,64,6.2
3.19134289083688,5.6034300812524,5.94408431780003,9.66037627503852,10.0906020942838,15.1753094152324,64,6.4
3.28120656530184,5.65540181744051,5.98392020796097,9.74114696900172,10.1503310984553,14.6166601695614,64,6.6
3.10370805261867,5.70319402892907,6.03807171981299,9.82654894646125,10.2615328830961,14.6680053066524,64,6.8
2.70828035299756,5.73823147032006,6.06881033486377,9.90633612770263,10.3449982780656,14.830292138652,64,7
2.64029873260014,5.75883563244413,6.09889027815655,9.97288652360302,10.4124398513927,14.7267060463132,64,7.2
3.25155065025265,5.79401057031899,6.12749118042001,10.0387661195687,10.4815882201023,15.1407365767944,64,7.4
2.89445514769841,5.82832385761746,6.15209100529705,10.0955592409088,10.5472294333766,15.1768736029886,64,7.6
2.83162374095919,5.85812669171722,6.1915799061895,10.1536088270378,10.6170316541788,14.8126231673877,64,7.8
1.76326872226735,5.86747327857025,6.19865756031082,10.2116405658765,10.6731417834757,15.1648469919235,64,8
2.35898875537506,5.87668813167774,6.22730587379058,10.266276224696,10.7307208408078,15.1175910622849,64,8.2
2.95171391422199,5.91014899055621,6.24089854813535,10.3129347987928,10.7860066243472,15.0415684598887,64,8.4
3.55167943801677,5.91970433111115,6.27300653331081,10.3622020371906,10.8360191741315,15.1477475479328,64,8.6
3.03988654725034,5.93125452178934,6.29520981826564,10.4085678043951,10.8754476184811,15.2457870872576,64,8.8
3.6028146492858,5.95778919317684,6.30380540403213,10.4453955369409,10.9422757406766,15.4114530790198,64,9
3.39316280430239,5.96244022195829,6.29506752107803,10.4927722456091,10.9879695020259,15.4583146532638,64,9.2
3.14300898120364,5.99061721502423,6.33002188694316,10.5377698689892,11.0246329441089,15.1862188254525,64,9.4
3.46901780394403,6.00200528596067,6.34348709055136,10.5631068626137,11.0475580172049,15.5408355501978,64,9.6
2.90774057155131,5.99956605041833,6.34522188255897,10.617863419243,11.1010357251005,15.4386460170911,64,9.8
3.50140396395586,6.01943721733915,6.36305276155771,10.6598342801345,11.1530179772411,16.2215931678232,64,10
-1.33188768372131,-0.635858253693553,-0.53528576655133,0.538208454472158,0.640882399439385,1.26890935547843,65,0
-1.2900799507034,0.123642628206194,0.307371844357317,2.2315987833554,2.4384218200744,4.69893520359912,65,0.2
-2.2537551899801,0.759949080741948,1.01394995561307,3.66381794491262,3.93526951199497,7.17047444036686,65,0.4
-1.34764151985043,1.34076049969448,1.64209077989442,4.79852397196922,5.13956015210258,9.54352392168277,65,0.6
-1.35787344343248,1.88107020371362,2.21272470257357,5.71388214200793,6.09204162194022,10.0548122670396,65,0.8
-0.631905020640168,2.33692450458338,2.71239389481965,6.45322014789608,6.83914015160504,10.9788594716852,65,1
-0.474202581550889,2.78620884709712,3.17149651008135,7.06926123009522,7.47207739419235,11.1494920136336,65,1.2
-0.239868396820518,3.1643631775257,3.56194003813135,7.59267979137484,7.99325612689854,12.0528542952218,65,1.4
0.485915821562235,3.51922502575977,3.9228269066747,8.03324646109749,8.46115468213533,12.6201641974261,65,1.6
0.606160120885697,3.82586919756929,4.23675059619472,8.41608571716732,8.84511016905059,13.2666254507352,65,1.8
0.321645872931479,4.08613463404017,4.49031395747265,8.72459507143324,9.19354686755754,13.5769731630773,65,2
0.322319789758507,4.33706727763288,4.73721995849332,9.014849158122,9.48455465780319,14.1764655537329,65,2.2
0.829738968858507,4.53070925862631,4.94055316287839,9.26943038529067,9.74599177911478,14.4559991906511,65,2.4
1.64329719009459,4.69182853435179,5.11063962155015,9.50240305019801,9.99541148263502,14.4591393781694,65,2.6
1.75570979166518,4.80174704602391,5.22041706461272,9.68036386492844,10.1855214413638,14.7999394844733,65,2.8
1.34161549664808,4.93592243682192,5.34931227988684,9.87710212640124,10.3735030269566,15.547882585302,65,3
1.30944332608768,5.04223670073614,5.45195133208377,10.0333803860974,10.5555640060922,15.3445601425717,65,3.2
2.12849574092193,5.12923263374311,5.52780384426907,10.1863776590946,10.719030094841,16.4927782243961,65,3.4
2.05094779030506,5.18373764720864,5.59753872793137,10.3305768524154,10.8883871492566,15.57591402622,65,3.6
2.20043263751593,5.25360827776493,5.65022593181873,10.4477598403692,10.9931578711335,15.734985530833,65,3.8
2.03339172294646,5.26702397261067,5.69558695027813,10.5630866094541,11.1275455075226,16.7330362723396,65,4
2.37418440728186,5.34439433209398,5.73373739726257,10.6666336613945,11.2186031063356,16.1506142583876,65,4.2
2.48183391750719,5.36212088784904,5.76223488702579,10.7358322792003,11.3049357439108,16.3663289903851,65,4.4
1.61839010549941,5.38299123786712,5.80680061863973,10.8150495529423,11.3833811505226,16.5187149860022,65,4.6
2.85325065454838,5.40221117619546,5.83122858945228,10.8824990983144,11.4705518462081,16.1347978097366,65,4.8
2.31491487534574,5.43389878836266,5.85372642594003,10.9443691922371,11.5565184597571,15.8541651698775,65,5
2.72561190543935,5.45582257847915,5.86249884491552,11.0114510428832,11.627653004291,16.1188977553978,65,5.2
2.91124516892876,5.46466482522675,5.88606501993057,11.0618113015563,11.6758568670743,17.0050470906161,65,5.4
2.45361995361062,5.48567951099031,5.89167451455836,11.1073928094158,11.7356523981285,16.9750343192125,65,5.6
2.94985562570492,5.50101241844987,5.9138259005821,11.1762334059542,11.8051826938434,17.0795285197643,65,5.8
3.05412506679634,5.50447130628244,5.91050514322604,11.1951594679062,11.8319714560199,16.8049044317667,65,6
3.02544971660654,5.48525370090914,5.91332513095078,11.232313321589,11.8743524349355,17.044308044718,65,6.2
3.27803196377135,5.50680271577705,5.92576466890468,11.2759641817833,11.904894320184,17.9463469705197,65,6.4
3.20725350128237,5.51687185954928,5.9349505790621,11.3096132617615,11.9457029866876,18.1236726627174,65,6.6
2.68902308680177,5.50967717121376,5.92719211248639,11.3346168741066,11.9751168343627,18.9359210836973,65,6.8
3.05975260968834,5.52028734169123,5.9537492281318,11.3663125962009,12.0040205258367,19.5918210138559,65,7
2.80620380333593,5.53628257642924,5.94795118016411,11.3853798756094,12.0400226314113,19.6397935822874,65,7.2
2.41788537735887,5.52668536578186,5.92993666185099,11.4088193602353,12.0577826777777,19.7634916598773,65,7.4
3.0926110777998,5.53153057635987,5.94808873509925,11.4352003685947,12.0968391535872,18.6531949975732,65,7.6
3.01732751653807,5.53886527035748,5.94843336422241,11.4480549137703,12.1338564271118,18.5428760313493,65,7.8
2.78624930256309,5.55136776862976,5.96952777694093,11.4704562323678,12.1283028579674,18.1008725746438,65,8
2.91655032646994,5.55799472852624,5.96845988661594,11.4945045030478,12.1394206525029,18.5208000333631,65,8.2
2.60621741689643,5.56126026236672,5.95498958063776,11.5036485796545,12.1601883901754,19.0081696615141,65,8.4
1.94606136321718,5.54809492395188,5.97621593453879,11.521584572722,12.1901358531418,18.2724954325106,65,8.6
2.10599200128165,5.56168590392112,5.98003083297746,11.531581086945,12.1888786358682,17.9937549807989,65,8.8
2.17412578302295,5.56442991325138,5.97920318612236,11.5341300508999,12.1896696548073,18.4462008885119,65,9
2.95562023674376,5.54981721494386,5.95938338977738,11.5642309064881,12.2451444755772,18.837302343805,65,9.2
1.75990417939306,5.56947085539005,5.98397881886197,11.550077426963,12.2278227862659,18.5805901805075,65,9.4
1.34606174713432,5.54168796449915,5.96390962583479,11.583285060109,12.249484337583,17.4891253330034,65,9.6
1.58794789709516,5.53504707123947,5.96598717429906,11.5644931443719,12.2713308898942,18.0829640410689,65,9.8
1.420930351747,5.53794236489553,5.96167906884667,11.575655486008,12.2987739240008,18.3709426910951,65,10
-1.30492212954691,-0.641668915914383,-0.538313958636049,0.53717396267504,0.638477193120201,1.30297143808726,66,0
-0.541194607326873,0.651710370411795,0.793382691559147,2.43507843089224,2.61764889619128,3.92848721361078,66,0.2
0.453839422950055,1.68188829459996,1.88855015037856,4.2118598744441,4.47134751068045,6.28058346269826,66,0.4
0.693750011773677,2.63711678756829,2.87686987621161,5.76176297578395,6.06751809352608,8.54980296633329,66,0.6
1.4190055753153,3.47825268546471,3.77596820326708,7.0971232747108,7.43485601687181,9.97341318080867,66,0.8
1.86212434448127,4.28866098032274,4.59929317316299,8.24609484741624,8.6374391142634,10.96139662573,66,1
1.82405082483989,5.00736704051922,5.36047927423568,9.23773678751895,9.64662948805745,12.9326089624624,66,1.2
3.34827631414783,5.69262479362844,6.06487733166198,10.1016717225175,10.5475999259458,13.6915973635836,66,1.4
3.52197766136894,6.29432003601802,6.69294294748659,10.8943528033253,11.3439960490095,14.6636030870013,66,1.6
3.71876018806368,6.8651726490303,7.2705376450978,11.5900849786348,12.0405552200274,15.2140062631937,66,1.8
4.59464082300961,7.36877308536702,7.78231765993817,12.2001233839091,12.6864614468806,17.4833500312281,66,2
4.78263838138613,7.84544432298584,8.26130034665567,12.7486239807404,13.2399745758847,17.6536076980608,66,2.2
5.28418579330497,8.27653906001718,8.68191340712085,13.2688148015344,13.748133860562,18.2371418098775,66,2.4
5.64317307952415,8.64575307890652,9.04341606509539,13.7266745322172,14.246978604268,19.5989167756907,66,2.6
4.77983373752534,8.98256941788621,9.38065973296039,14.12222747344,14.6676298101705,19.6008677142743,66,2.8
6.4327526396495,9.24655048825929,9.66556760111903,14.5046148941996,15.0704281153467,20.3785974909592,66,3
6.05335203237185,9.50675520042563,9.92870681460824,14.8528598876267,15.4109893093966,20.5449324343381,66,3.2
6.88922719237691,9.71569900869873,10.1419714931661,15.18891629638,15.7595474845043,21.2123819453744,66,3.4
7.56260008061131,9.91026451029028,10.3455413722587,15.4694067766735,16.0507377780344,21.1963231076247,66,3.6
7.10440085342866,10.0689067982764,10.502370154697,15.7574629175631,16.3299269167346,22.433820274497,66,3.8
5.85114191150328,10.1793423256433,10.6371678454997,16.0042276989766,16.6155456478738,22.7352951231669,66,4
7.40866538205983,10.3047836459055,10.7474936726472,16.2417346249397,16.851727359955,23.6696672211266,66,4.2
6.93679650089771,10.3810325507437,10.8589552437888,16.4534348041385,17.0508512030932,23.7758197762883,66,4.4
7.10985556900485,10.4670672616328,10.9565004886626,16.6344516715668,17.2680876231929,24.405591518991,66,4.6
7.48400144571725,10.523127701472,11.0306610895552,16.8409631994,17.4663090497875,25.8573787199918,66,4.8
7.45001861746466,10.5761520982566,11.099289302573,17.005320140683,17.664393173931,26.4356825805961,66,5
7.30853580429636,10.65476829411,11.163156833607,17.1676968830178,17.8323979344709,27.0548170971336,66,5.2
7.65321275289314,10.6964583723229,11.2095535476067,17.3162561089775,17.9773438174483,27.3339377133967,66,5.4
7.19298411088892,10.7040938407417,11.242629835831,17.4553762049957,18.1495907733151,27.8928384409133,66,5.6
7.32858657693449,10.7360587513179,11.2783389519491,17.5913211408062,18.2832381809306,28.710607832724,66,5.8
6.67320189575718,10.7735779651893,11.3225410846256,17.7022876734808,18.4097872285827,28.8479259629572,66,6
7.41724084622408,10.7819593266543,11.3476082098039,17.8312887173848,18.535141403818,30.1524261669947,66,6.2
7.3081602590984,10.814555528567,11.3711174463371,17.9336250077104,18.6446222012327,30.3419995472108,66,6.4
7.44887869595765,10.8424301425532,11.4157654219669,18.0246781840718,18.7496987585376,30.9430971718189,66,6.6
7.52309478381219,10.8614217349368,11.3977286986262,18.1178242834799,18.8635562317935,31.0870505958707,66,6.8
7.15011817625075,10.8653353037231,11.4255604134796,18.2078198364941,18.9526996480873,31.7648374927122,66,7
7.47119495737158,10.8758487679189,11.43311935462,18.280889140793,19.0509491836947,31.9860777316297,66,7.2
6.96148202504827,10.9042385628025,11.4573212330832,18.3634296462771,19.1543853761299,33.0787673438261,66,7.4
7.40673809991772,10.894398618817,11.4603294475194,18.4316888808833,19.2208058470158,33.3846459624648,66,7.6
7.12963208173289,10.8992268222717,11.4667074470867,18.4901395137673,19.2765812956185,33.7098665532414,66,7.8
7.51062886082023,10.8895964582546,11.4882060715128,18.5606562994491,19.3459402603485,33.4821721417382,66,8
7.52496202413495,10.9112825214443,11.4879833540909,18.6051343083118,19.4246861493829,33.5990530662639,66,8.2
7.99447586632794,10.9084156823381,11.4902681015085,18.6564957011084,19.4810174156337,33.2181902179077,66,8.4
7.47274998001039,10.8990145803718,11.4923396419752,18.7007565146618,19.5376971338932,32.97717038606,66,8.6
7.35226770830863,10.9309480739112,11.4826318228909,18.7565784353273,19.5865634429121,33.2883056219292,66,8.8
7.06730249939951,10.9348938488326,11.5013149706829,18.7897156265838,19.6140209305894,33.3373368277888,66,9
7.73057343512532,10.9325204331956,11.5047832871683,18.8342386295933,19.6578520307961,34.6539264148618,66,9.2
7.82040798463131,10.9239006459392,11.5143030409663,18.8734851199835,19.7118850279651,34.8490232337462,66,9.4
7.10082324543123,10.9176259490854,11.4991987644496,18.9127765068305,19.7221961770491,34.8347132210437,66,9.6
7.71948880875639,10.9407107267902,11.5030623155181,18.9347639001751,19.7944242398718,35.0911302064428,66,9.8
7.32288084825124,10.9354238084513,11.5109012839513,18.9572637565491,19.8209878313494,35.094863845386,66,10
-1.56596459562272,-0.639999196571354,-0.536076457760351,0.537689616092436,0.643357369082089,1.31181703970025,67,0
-1.33066551538297,-0.111249340358023,0.0255506306059832,1.40922027608933,1.55654282128074,3.75610991225154,67,0.2
-1.04410083377232,0.367151111058915,0.536418705751205,2.23692943297853,2.43176175952231,6.09229991480626,67,0.4
-0.853485756560378,0.81349359884875,0.995905158407335,3.01129293987342,3.24246255789512,7.52810332087787,67,0.6
-0.680968494320409,1.21739064483739,1.43182156855865,3.69288206892366,3.94793660829266,8.92327647639964,67,0.8
-0.0396666740257574,1.60193459573488,1.83229845423691,4.31849654649345,4.6009118937716,9.74302949786121,67,1
-0.0218271779720288,1.96205737550367,2.21068312723453,4.87889620262173,5.18106003271919,10.5758063442763,67,1.2
0.000120035948801944,2.30513186827887,2.57017550449611,5.40125433031083,5.72229628650154,10.9309094753333,67,1.4
0.521285621556004,2.65426121860267,2.92256654280859,5.85649238141018,6.18467568130268,11.5452655914454,67,1.6
0.745841905120065,2.94832586292339,3.24302705002194,6.28346396446319,6.62443521194449,11.7901002997086,67,1.8
0.833401076268406,3.258420478235,3.54273032121962,6.67170787142045,7.01668818085028,12.5663457046411,67,2
0.571474469440544,3.53251279008912,3.82997663444631,7.02582606661645,7.40287397455313,13.3262233134947,67,2.2
1.21011765648238,3.78651226955647,4.08342325079923,7.35245579160458,7.73352910034587,14.2409437558581,67,2.4
0.619189920820191,4.02283779580671,4.34042339163527,7.65332015697308,8.0326208948828,13.8726869890211,67,2.6
1.74419337641712,4.26335819732583,4.58647502909934,7.9336996929689,8.3196496434103,14.2218791690277,67,2.8
1.93189832938353,4.46516290624641,4.78168947602152,8.19760056200523,8.56673096920264,14.3000227587989,67,3
2.18725462659784,4.66053298017372,4.9865323479264,8.42282899926194,8.8388469932669,14.2831923393816,67,3.2
1.91683061901959,4.8641963255523,5.18585178301846,8.65791864105432,9.05021668834554,14.8258013853142,67,3.4
1.79191667783546,5.02833442559031,5.35882101204245,8.86814465358469,9.278959958324,14.5141823710566,67,3.6
2.13784422296533,5.21606719844267,5.52101270071511,9.04536866400571,9.45007364217839,14.9733790584764,67,3.8
2.62228322290857,5.33538319064372,5.66406129665802,9.22765335344829,9.65483683774218,15.1972864140345,67,4
2.65473320979573,5.48065239255203,5.79556980421273,9.40302345248881,9.82857093314926,15.254672204923,67,4.2
3.22183724504532,5.60384368136204,5.91843189554421,9.55684373452996,9.97110011528647,15.1849298708877,67,4.4
2.45588099252208,5.68759222058907,6.03307634090351,9.71412949496074,10.1349347557187,15.4651483558348,67,4.6
2.63394639430947,5.81297798969891,6.13626993831325,9.86342979249887,10.2797701686946,15.3820830717795,67,4.8
3.35481692128372,5.90191302078898,6.23348328128903,9.99306906146013,10.4148117176351,15.5586828600141,67,5
3.36442522596511,5.98004295477553,6.32496249034818,10.1093635422879,10.5400536027405,15.9391161650241,67,5.2
3.56199866417737,6.08251074964188,6.41481122466642,10.2260777365166,10.659779967878,15.7496643405559,67,5.4
3.68019070210666,6.16187277570975,6.48102170629157,10.3319599707234,10.7879793295763,15.4126932339912,67,5.6
3.22448416002048,6.20825122496548,6.54320787523791,10.4471193938757,10.8949575925145,15.6650022941732,67,5.8
3.47695934718063,6.25190191848968,6.59614503219884,10.544757528382,11.0113676838703,15.6134998431034,67,6
3.69908939274868,6.32237160717798,6.64534903554568,10.637757372204,11.1004227269104,15.6418249373518,67,6.2
3.96153895170432,6.35694145376086,6.70590091386071,10.7396109315803,11.2036371597707,15.592501323869,67,6.4
3.61976815597113,6.39724151652948,6.73754499896887,10.8284094792433,11.2777528320609,15.7748594452367,67,6.6
3.89282465714701,6.42776682774322,6.77492725669867,10.8948066455527,11.3608275267608,15.7934526364496,67,6.8
4.03853180351453,6.46830679387156,6.81235371486308,10.9726910711854,11.4575738787274,15.9645288537755,67,7
4.17972813468056,6.49813389987066,6.8518798475833,11.0399883229125,11.5205913492876,15.9283296985094,67,7.2
4.37063905507414,6.5277764560215,6.89044706398095,11.1171058991268,11.6071390329369,15.799614169583,67,7.4
3.95275159506938,6.5596335550053,6.91874001200692,11.1667350830566,11.6553383074278,16.0505067892355,67,7.6
3.85469181337397,6.59156523543898,6.94116085708821,11.2333423543867,11.716423503101,15.4747903186725,67,7.8
4.15832015565496,6.59820509754933,6.97016455757405,11.3061823266378,11.775375996633,16.3415207046597,67,8
3.82001817654577,6.60431043126161,6.9887315028076,11.3512894144172,11.8470959271787,16.0744691388288,67,8.2
4.17418882209284,6.63136697838191,7.01014693929619,11.4281092265812,11.8943342578783,16.3561553279994,67,8.4
4.07836658075947,6.64476463633753,7.028431937916,11.4804447399617,12.0008368542919,16.0777170436241,67,8.6
4.16809173599963,6.67152619487391,7.03393867823139,11.5062797494692,12.0251038126894,15.814250770298,67,8.8
4.04388542413219,6.68231450344751,7.04452108716412,11.5634609152578,12.0533923201304,16.0054517608372,67,9
3.96245626798661,6.66935395484639,7.04359621706462,11.6169521562472,12.1187090163994,16.6729958597068,67,9.2
3.9257361394482,6.68022186907828,7.07210506584272,11.6457635341257,12.150472681704,16.4361440226198,67,9.4
4.1504125569171,6.72010611559545,7.08163240704926,11.6822056117791,12.2005382379866,16.121482043906,67,9.6
3.47890931893286,6.70150277964498,7.10215676678945,11.7208436661917,12.2340997254655,17.0943619977938,67,9.8
3.79858622893298,6.72549932044846,7.10508431657565,11.7646718110792,12.2846520840497,16.3173817508033,67,10
-1.31187231808782,-0.643128249193815,-0.5360720066308,0.533588400878945,0.633432541292174,1.4234292299017,68,0
-1.15613593822595,0.155651254169817,0.296367990156107,1.79124637835223,1.95393584716799,3.71044887346584,68,0.2
-0.665553079304892,0.838607641525519,1.01365637042084,2.98370301298869,3.23301983797948,6.24817445885621,68,0.4
-0.507462648169462,1.45405087801069,1.6666029412874,4.10129258717399,4.41747143082781,8.10013385291191,68,0.6
0.282021887665848,2.04268221730013,2.28488996660111,5.07892382626861,5.4519350071386,9.84981695639485,68,0.8
0.525261560367942,2.5780207165616,2.85683435857265,5.9609225169008,6.37695295749612,11.0774977872744,68,1
1.12700147226755,3.0916317423523,3.39771565467046,6.76016215876858,7.2012279213255,12.6844868747543,68,1.2
0.982608078852924,3.5836853134468,3.89648409192994,7.47940962791443,7.94014667542804,13.2726190177321,68,1.4
1.466854725609,4.02593901178074,4.36433720579146,8.12807337368534,8.61150414601367,13.5227080693462,68,1.6
1.72362288897426,4.47721473445154,4.82218071474693,8.71159264595935,9.21984377553589,14.3807090457246,68,1.8
1.74053676779214,4.89057129757166,5.24759836753061,9.25125799376047,9.76628844744207,15.0176093820958,68,2
2.15855008267267,5.25513469086649,5.63532657583382,9.74070455410177,10.2577508356882,15.3896585563814,68,2.2
2.23788647578622,5.62110282264317,6.00885844087544,10.1735712457578,10.7324416328059,15.7928535671505,68,2.4
2.36364326903325,5.96059434270039,6.35196609644171,10.5898026085338,11.1162879574598,16.1097530170159,68,2.6
2.66489868072032,6.26501205981768,6.67424192473111,10.9676653269302,11.4937357434358,16.6872494889732,68,2.8
2.60733390923131,6.57372929947839,6.99459847251542,11.3367649120331,11.83786649644,16.5268331711538,68,3
3.30877570988801,6.86277071209635,7.26885099918376,11.6618109456776,12.1755483537337,17.6774200449519,68,3.2
4.02905385385479,7.10564107819273,7.51162415855911,11.9513209169946,12.4833283770044,17.7063146635338,68,3.4
4.30316857638302,7.35414954499672,7.74995115214347,12.2296441262131,12.7763580304379,17.8815438006276,68,3.6
4.15015856583108,7.58062008974421,7.97495756136546,12.4989363437794,13.0430870107909,18.2725899732654,68,3.8
4.09318219920306,7.77234940618635,8.17660842709328,12.7410141705802,13.299679575076,18.8303654001817,68,4
4.09516946299622,7.93501656379726,8.34922305636757,12.9710916640846,13.523497063528,20.193550526773,68,4.2
3.77624804548604,8.11026554703892,8.51315633336151,13.1779731932389,13.7519557612354,20.2669218889551,68,4.4
3.04475360400989,8.24595428502694,8.67433559722511,13.4193232106994,13.9634049515549,18.9363601548338,68,4.6
4.02154548046999,8.37388021525682,8.79525365639902,13.5771717406835,14.1670154046675,19.9577893465679,68,4.8
5.02689367465368,8.47970283189291,8.91578167379663,13.7612087484018,14.3458881572382,19.5748449995286,68,5
5.0856292034255,8.61091940553622,9.03240871780783,13.931300900896,14.5222884512061,19.4381508173952,68,5.2
5.16782767283489,8.71076701930072,9.13304746756048,14.0928490819171,14.6955484062803,20.2938578231471,68,5.4
5.67184716285899,8.77639491205188,9.22117954473997,14.2439883965407,14.8647514638034,20.6489893836937,68,5.6
4.71240979868867,8.8587233479895,9.32088565941649,14.391506141421,14.9930229204142,20.666641706423,68,5.8
5.19633554692307,8.92287465487994,9.37669640326503,14.5202585139023,15.1465262422072,20.8561876976939,68,6
5.78219422627226,9.00501372700373,9.45974466910159,14.6609297892811,15.2760600748003,20.7545250785168,68,6.2
5.88782016181102,9.05970302096549,9.51387888360722,14.7785989902912,15.3976942217073,20.4825346403311,68,6.4
6.23341488505035,9.09552966741519,9.56217208575993,14.892133644836,15.5065851513887,20.6617062027076,68,6.6
6.40788600335196,9.16050445554667,9.62832187565569,15.007160070279,15.6241420464649,20.6377647548374,68,6.8
6.18519473756969,9.17312932836416,9.66728313913391,15.1079959865883,15.7491579207845,21.2719490901447,68,7
5.87798912584851,9.24665457266091,9.71467402232879,15.2040286579186,15.8863372979042,21.4304121789976,68,7.2
6.22869391314009,9.25607176834411,9.74896915051421,15.3166671418607,15.9860526029171,21.6589395528229,68,7.4
5.88697091770504,9.27576411892451,9.76320643125956,15.3957244499694,16.0732351516227,22.401469926357,68,7.6
5.34015622564467,9.31111710338385,9.79301703378391,15.4837255283059,16.130338673442,21.9049826478727,68,7.8
6.37489996429673,9.35665919411984,9.82929075170989,15.5560867324439,16.2245415814183,21.9777794831976,68,8
5.41399365457971,9.37907360077039,9.85604835570224,15.6461401156257,16.3197022600719,22.239491518163,68,8.2
5.75701457400635,9.36301625022671,9.88099901152063,15.7029572209319,16.3864105800587,22.3505934699132,68,8.4
5.14844280283984,9.39033920159044,9.89389569090477,15.7643958941773,16.4478529984858,22.442416915625,68,8.6
5.91690850676463,9.40477012199974,9.90423474479049,15.8366606444113,16.5282026314224,21.9499185173287,68,8.8
5.37041719291934,9.41457369500289,9.93553414014472,15.9036141850244,16.6060346733832,22.2217409104422,68,9
5.61147407468613,9.44037812566679,9.94691695266497,15.9556910820557,16.6404057128139,22.536180951466,68,9.2
5.97531241010516,9.43160777617899,9.95135580831499,16.0280046495245,16.7151455507597,22.39003186886,68,9.4
5.86841240031595,9.46075634159991,9.96110074696084,16.0814831779095,16.7699078169155,22.5909946724422,68,9.6
5.77492828883023,9.46453454447293,9.9763936419777,16.1343546098335,16.833426447099,22.9741442366921,68,9.8
5.42781123948251,9.46225854792204,9.97174662377718,16.1736253988543,16.886749683233,22.9064723450585,68,10
-1.34644844143701,-0.635332444908062,-0.533554869821268,0.534316710770376,0.639597442283434,1.28269542865971,69,0
-0.941482674268141,0.0823424946311651,0.218894337204611,1.62805724661752,1.77030164175172,3.19847426244914,69,0.2
-1.11893805061262,0.678219798825633,0.846166016249129,2.6002001712931,2.79131742769703,5.56636650801974,69,0.4
-0.548112064953001,1.21275115922845,1.40395734251075,3.4333891365918,3.65171076319674,8.04936233258368,69,0.6
0.0064667622821154,1.70704675597394,1.91588712579294,4.14735238887489,4.37919117900464,8.87789869769065,69,0.8
0.0872586780744635,2.14489749078123,2.36748260017521,4.76156152631172,5.00821837709052,9.96388682023446,69,1
0.122067282195739,2.52024860094632,2.75642462175929,5.2693379483286,5.53716343073366,10.0619140593053,69,1.2
0.948016384977199,2.8886095015841,3.1362218788963,5.71715942959115,5.98524601477341,11.1562414269023,69,1.4
0.973519941387765,3.19481465561819,3.45709788899433,6.11079683234949,6.39491755058944,11.487858663548,69,1.6
-0.201606143266433,3.48075915056686,3.74726527867351,6.44997859795889,6.74797316703936,11.8607864344072,69,1.8
0.704203151484796,3.74366523857516,4.00628542102963,6.75583126017594,7.0510616239484,12.3807291481673,69,2
0.897524300612731,3.96180657626863,4.22242785397221,7.02416642236722,7.3386631379627,12.9502461451519,69,2.2
1.82580080869027,4.15246085946253,4.40931818529416,7.25854237523891,7.58471767865878,12.5772065233347,69,2.4
1.71853584307762,4.31039919155721,4.58266874014923,7.48202901544453,7.8139200877137,12.7506811762108,69,2.6
2.22589217616226,4.46630362215496,4.73020695830128,7.68885631062439,8.02569468354053,12.6766187883932,69,2.8
2.15865039119612,4.59072084264009,4.85607239568848,7.85113439416103,8.18413865903248,13.0194925756982,69,3
2.30210335085963,4.69549743788271,4.96780042943934,8.02341154345451,8.36531010373481,13.037425318104,69,3.2
1.5276604491912,4.77020934604323,5.04872907183906,8.15620467015095,8.50933081120297,12.935478265719,69,3.4
2.47690282218309,4.83573136505928,5.12969022123321,8.29476871574409,8.65449819328684,13.0986438594168,69,3.6
2.63240609432932,4.91945976655142,5.19273693738673,8.42043314063191,8.77720102437437,13.4569149914702,69,3.8
2.65935680321192,4.97771313237955,5.25146958671515,8.52473770907091,8.89014867839784,13.7297960247071,69,4
2.44712382254958,5.01839930059133,5.29923526791929,8.63829103774635,9.02057966037014,14.2330452410012,69,4.2
2.52161537135982,5.05488701651556,5.33638339770337,8.72496078544861,9.11651116395444,13.9120621942533,69,4.4
2.3117055785483,5.06790856691923,5.36318130329664,8.79333932545581,9.19211351516402,14.6412461992308,69,4.6
3.2240824728368,5.11025844397926,5.40429128312251,8.88179808691495,9.27695907706361,14.2855469142578,69,4.8
3.38456582088479,5.11835038473883,5.40799903051355,8.96443956420318,9.35361986210588,14.7474914604988,69,5
3.09699829388067,5.13073428517877,5.44909980845772,9.00873304313921,9.42101113013444,14.2332681563353,69,5.2
3.27896295451265,5.15667591653125,5.46535916803928,9.0737469029686,9.47693966395693,14.5277968655482,69,5.4
3.28342684644225,5.16611543778589,5.48687504784043,9.12390685641433,9.53336091571527,15.445420794935,69,5.6
3.1148235406773,5.18683322998262,5.48998070418472,9.16250265047638,9.58941258434636,15.1554422970796,69,5.8
3.14752911295247,5.19042661899686,5.50429019185783,9.22092841868352,9.63737888022781,14.9953403336899,69,6
3.51860133942588,5.1988675896092,5.50205199961217,9.26897229448861,9.6778276065141,14.2347385119636,69,6.2
3.39790842795784,5.19840056552428,5.50506108788108,9.29763057208218,9.72370754838387,14.5964562964441,69,6.4
3.44010871340453,5.21515707139462,5.51863262599895,9.3380132371073,9.76603004973181,14.861461818319,69,6.6
3.44873437420743,5.22257059269679,5.53820981772489,9.35838596369932,9.78369696583716,14.4316568081261,69,6.8
2.78408072873895,5.21694783089641,5.53501113205452,9.39560414969972,9.82442154405613,14.5698532383657,69,7
2.61544429318473,5.23975183415213,5.55306350545774,9.42504385453213,9.87255445381484,13.8058979743854,69,7.2
3.20456012974452,5.22971437990489,5.54757875830082,9.44990547447403,9.87885113413931,14.008133354544,69,7.4
3.20878942204311,5.24199729047739,5.54801835628934,9.47396578372202,9.91784704962352,14.1547518506315,69,7.6
2.62152526266534,5.23692144487881,5.54964883511296,9.5183558721903,9.94760189262406,14.2972286327789,69,7.8
3.08731496372839,5.24142138849792,5.54934637415876,9.53766911736922,9.9648829785859,14.3153162891354,69,8
3.08363690795027,5.25111588756483,5.56332889027463,9.54945314618333,9.99249338329924,15.0467984442042,69,8.2
3.16040534810215,5.23470200779558,5.56202302103931,9.55852456768067,10.0277751694745,14.2458218868178,69,8.4
2.96996202017443,5.21839494827148,5.55230395765091,9.58281270413087,10.0382436116987,14.7360238500824,69,8.6
3.18926259699885,5.24120628194969,5.56268604593642,9.59078200297046,10.0575232121807,14.7139428170827,69,8.8
3.00352123708131,5.23190097882309,5.56461878222199,9.60875451931689,10.0743793164925,15.4968390417915,69,9
3.19092146904345,5.24395504464274,5.56427316929401,9.61699965278972,10.0901655326275,15.2054896277014,69,9.2
3.39527536638005,5.24447398381239,5.5692477230136,9.63289813312445,10.1008770526152,14.7177036983986,69,9.4
3.05620523178752,5.22595162687182,5.55774153807539,9.6361126369864,10.1073995435839,14.9151840932334,69,9.6
3.22579606668745,5.25220105577666,5.55896227433775,9.64118410498841,10.1152667822065,14.5890601911845,69,9.8
3.27336866678669,5.22952567224804,5.55349341492438,9.65887338142866,10.1449361811618,14.7351637211473,69,10
-1.54100498619345,-0.64027328275042,-0.539833065457543,0.531163138186584,0.635127880195531,1.30733432997748,70,0
-1.86365947919995,-0.393461827487513,-0.265773381583017,1.0403096163958,1.1770812192902,2.38273120144545,70,0.2
-1.63273443656329,-0.168433200916835,-0.0134428867476946,1.50326588170531,1.66728431120153,4.57261909601264,70,0.4
-2.07982110841431,0.0579360884777296,0.233299533005293,1.91979603779519,2.10535395837602,6.08651562100833,70,0.6
-1.60175302722844,0.272686763554452,0.46563220557342,2.30747880929388,2.51050489697983,7.12306302883193,70,0.8
-1.56010261516022,0.470352097131574,0.675986243388507,2.65783879018843,2.87232458410671,7.81747832097518,70,1
-1.38892596162279,0.666734425056068,0.885285683735159,2.97334173245475,3.1976794984615,8.4070076937026,70,1.2
-1.51329198277066,0.852764384346867,1.07502029536989,3.25341047786615,3.48493464540886,9.23590592870491,70,1.4
-1.20179633607395,1.01044064628333,1.2530088648653,3.50839050229004,3.75337269001447,9.8838774758182,70,1.6
-1.42400075471783,1.18264538009778,1.4444063924793,3.75638150442599,4.00305729291362,10.2677194235552,70,1.8
-1.28290807325243,1.32036012822457,1.58702733715669,3.96723775346337,4.22662289410815,11.0871660543783,70,2
-1.13550719658957,1.48833813159206,1.74311807088535,4.17477302177648,4.42223808265682,10.8307144998362,70,2.2
-1.77996136604341,1.62628287751804,1.89925015954075,4.359000588233,4.63022431732164,10.7620874093667,70,2.4
-1.24632374127629,1.76320398591571,2.02711822726123,4.52630215417872,4.80027616241881,11.5320727410376,70,2.6
-0.948464654471477,1.88056461956307,2.15924616225971,4.68252669981536,4.96371141881131,11.7390887578703,70,2.8
-0.706777981867797,2.00500529049302,2.27852624563886,4.83774326191737,5.11167009160844,11.5773877839486,70,3
-0.6210595689089,2.11279491522871,2.38525192549199,4.9819312632213,5.27058222315283,11.5174531362423,70,3.2
-0.564849431437586,2.22294981965921,2.49777986262474,5.09946151646978,5.38195738280595,12.1312893785002,70,3.4
-0.936238106357024,2.32361913489782,2.59551956733026,5.21532937458044,5.50227972411643,12.3645325040601,70,3.6
-0.589828513417157,2.41389152136329,2.69201611910076,5.32717123326388,5.60872414846024,12.379172176957,70,3.8
-1.29249728854961,2.50188449678619,2.77912587266237,5.43373783889623,5.72599239720891,12.4000192703475,70,4
-0.865160117466919,2.55890737234846,2.84964231300467,5.52514656328067,5.82113074820483,12.5418154053937,70,4.2
-0.91722807978791,2.6353654458093,2.91416924919022,5.61491496533924,5.91162231084289,12.3620910716202,70,4.4
-0.889159878099896,2.70572447849863,2.99467797174818,5.70469392920643,5.98710329156906,11.9064853627422,70,4.6
-1.84200924067258,2.76277892609475,3.05241513873182,5.772919217477,6.08585736615181,13.0460589878088,70,4.8
-0.652573665290709,2.83332655043682,3.11451633186967,5.84365997807556,6.14962530981223,12.0476154077115,70,5
-0.31228465684992,2.89313724602717,3.16902325979518,5.91286332013609,6.21661724472699,11.8648199863185,70,5.2
-0.0620338769495803,2.93020200277522,3.21049990971144,5.98313597534124,6.27971976173211,12.3089454794438,70,5.4
0.348830673524034,2.96827306223406,3.24711895860176,6.0501501260258,6.36812898476025,12.3601933834328,70,5.6
0.138917369199022,3.01359665599198,3.29708555591964,6.10208918013619,6.41178563627774,12.2756903779735,70,5.8
0.217964220441949,3.03331991400891,3.32853258808492,6.16875731467427,6.47307259043717,12.5560904905162,70,6
-0.147047038084218,3.07804261433712,3.35921312756316,6.2150910322306,6.53135908574701,12.7112542715455,70,6.2
0.163268808733108,3.12253154890538,3.40019532719296,6.25323023059607,6.56760037555534,12.7856481321597,70,6.4
-0.175135318861228,3.13391375181615,3.42141844568412,6.31039657709576,6.61417021849711,12.1794517511946,70,6.6
0.495126712338676,3.16908383607004,3.4556779168471,6.3494831395087,6.6671642496025,12.3680576144917,70,6.8
0.747599920761238,3.2088262179625,3.48640037959846,6.39782984084702,6.71571021418624,12.5347771564436,70,7
0.21805875568442,3.2105415933251,3.49246114303788,6.43093178747177,6.75858560310555,11.8554323229874,70,7.2
0.636471601551783,3.24309321145766,3.52499185081566,6.48373334042227,6.82223571948693,12.2275238355149,70,7.4
-0.109288592847615,3.24869945991212,3.54797196322939,6.51429255284013,6.8605623512408,12.7122766069623,70,7.6
0.153697900291164,3.26505193471161,3.55306581353735,6.54236599663455,6.86424340165687,12.4990944610577,70,7.8
-0.217657812555997,3.28034269446395,3.56918825604821,6.57720209595392,6.92062741112847,11.6980823481061,70,8
-0.0756631719197305,3.30019942215418,3.58509538045721,6.60322278342308,6.94540186714062,11.7596373346455,70,8.2
0.138441890149292,3.31461687390423,3.5914952560931,6.63594690382589,6.98056479416826,11.8655715920684,70,8.4
-0.705663648933424,3.33862853212572,3.61079285224179,6.66509089502748,7.01615881926847,12.5348371677593,70,8.6
-0.00128576714380246,3.3392284803005,3.61921656846349,6.70082730016642,7.04626581714358,12.2209567217655,70,8.8
-0.650649836143526,3.34740313015363,3.63095181270696,6.72139420731748,7.06409119517659,11.73563034799,70,9
0.590696238230706,3.35903118884153,3.64047818082247,6.73405791053757,7.08789805464103,12.2174513067571,70,9.2
-0.620406569653107,3.36654406521922,3.65400010042021,6.75819432279079,7.11498527002612,12.0687136703631,70,9.4
-0.868176013638313,3.37928719827854,3.66356148229379,6.78386828791861,7.14480080276061,11.7445618775271,70,9.6
-0.13268248811639,3.37721183388091,3.67123946728194,6.8095428539529,7.17378897097437,11.6655219412992,70,9.8
0.00264041742462162,3.38305870210101,3.6665335300819,6.83594312798331,7.19733363334452,11.8470873001606,70,10
-1.56326018919112,-0.640567004435933,-0.540196614474643,0.536803116920768,0.638780584906303,1.40183574918388,71,0
0.619818765646518,1.56350696498858,1.73633394884147,3.72050783103327,3.93550073454177,5.64568071998164,71,0.2
1.61837297545306,3.18980552800825,3.42290513423434,6.10690782609476,6.39621110395701,8.86164358230196,71,0.4
2.7443701320154,4.51093016651824,4.79031273648452,7.79868670570698,8.12127063686585,11.0913942607242,71,0.6
3.33746549187454,5.54837931549784,5.84238055523889,9.07544984526769,9.41566452167248,14.057076789013,71,0.8
4.11769793434547,6.37459866820628,6.66813191938924,10.0696948057253,10.4353202223103,16.6194644024637,71,1
5.31190758328876,6.97561860424924,7.27540436894826,10.8477191346022,11.2379814220573,17.1644611205606,71,1.2
5.32422853080901,7.40542980853252,7.72258245039191,11.4707497146186,11.8893832136376,19.4030495959112,71,1.4
5.18114089950356,7.68057952795626,8.03289353772012,12.0207576563536,12.434601726176,20.9885588279346,71,1.6
4.81319001212703,7.89260657865955,8.23839377866656,12.4393645550058,12.8920663506027,20.820975332645,71,1.8
5.29607116663167,8.01379890732697,8.39072831991023,12.8007105016035,13.278558666827,22.2618704171929,71,2
5.48811207442477,8.09293137132528,8.4825255190003,13.0869685825169,13.5908714970703,22.4302263829567,71,2.2
4.84041125437652,8.15352424256187,8.5458466731004,13.3744549844822,13.8803526269634,23.1576607485745,71,2.4
5.26006974435983,8.20395308567506,8.60796820097591,13.5745290694464,14.1118554426117,23.4922955692842,71,2.6
5.44839732301282,8.22706369304927,8.64622178246179,13.7431917485842,14.3012787798819,23.4035940262627,71,2.8
5.04476963258207,8.26225572681148,8.66552842737196,13.8947673856047,14.4602586042961,23.9086069636884,71,3
5.18353318761301,8.25249052366339,8.68178983647795,14.0290453136809,14.619557881651,24.6537701537132,71,3.2
4.67052081404523,8.27110439450843,8.69226696689701,14.1594175737592,14.763572310553,25.1158014478995,71,3.4
5.37000853839358,8.27915243242533,8.69409467318979,14.2526460528545,14.8716990078231,25.1663189038271,71,3.6
4.82848311997789,8.29749344428385,8.72339229641421,14.3099386804753,14.9550127795594,25.1802386595472,71,3.8
4.99539694202945,8.28168475404074,8.70262269445258,14.3876922767398,15.0446144640412,25.6178703800745,71,4
5.21033487661917,8.28778180594963,8.72612763839516,14.4243618589609,15.1104056723454,25.2898210171323,71,4.2
4.94653815921547,8.27217787798856,8.72688509494794,14.4882208957777,15.1519381271104,26.4871665516786,71,4.4
4.74747334736904,8.29195007926596,8.73262374081252,14.5046003201334,15.2228715013976,25.6990941302692,71,4.6
4.6352820925895,8.29181222423616,8.72610645160281,14.551206120914,15.2294992284774,25.9765368682361,71,4.8
5.27567304211998,8.3001323678464,8.73582064916191,14.5773400049576,15.2880958617188,26.2871327975884,71,5
5.11508123779352,8.29805816452387,8.72652873751229,14.6131523149124,15.3062270679811,25.8351755777706,71,5.2
5.03053614708303,8.27846630354336,8.7183517645865,14.6303255085263,15.338325744661,26.2798421085581,71,5.4
5.03182548655422,8.29575489028287,8.7437035637249,14.6572328507503,15.3734847000664,25.966954995015,71,5.6
5.25077377713183,8.30433082995484,8.73037000291161,14.6726797981937,15.3803234252895,25.4483813314552,71,5.8
4.94825826078769,8.29906330277753,8.73127313811345,14.6797935231608,15.4189364930096,25.7581911564565,71,6
5.07842948900994,8.30132349346461,8.73253383199342,14.6735396452376,15.4229182980721,26.1426875726433,71,6.2
5.05904174880595,8.29810199168605,8.72401032293801,14.685014181419,15.43017481644,25.7107861369568,71,6.4
4.70982883373011,8.29558013875607,8.72774164366595,14.6977424532868,15.4394469520905,26.0597426035705,71,6.6
5.40637567666994,8.30300691921755,8.73559976873532,14.7030443299838,15.4560956060187,26.2139030903289,71,6.8
5.00616322219912,8.28477007536485,8.72880245400652,14.6880630592644,15.4720797992606,26.1415201379663,71,7
5.60678892644412,8.30345880315946,8.71424918675922,14.7097675792645,15.4769065732217,26.3604736055389,71,7.2
5.19057723313169,8.27843461824722,8.71626119331215,14.7296483237911,15.4885675616118,26.5033289438041,71,7.4
5.02566601285254,8.28367473505036,8.71447330551737,14.7138252672765,15.4833796532872,25.7558455243759,71,7.6
4.73852625568995,8.28631445326263,8.72794125504527,14.7189431539251,15.4672958537811,26.3186530197423,71,7.8
5.57425819621118,8.29548782670252,8.7355909658854,14.7159143432625,15.4950155511405,25.345998590548,71,8
5.51187423107235,8.29664595071772,8.72915089555685,14.7274200839783,15.4993057775671,25.2735044356765,71,8.2
5.22657458891961,8.30320740099789,8.72776615490376,14.7314722293359,15.4911613093299,25.7878501241246,71,8.4
5.40503512696153,8.30576441799202,8.74414204996118,14.7364292047634,15.4933785539923,26.0218054694256,71,8.6
5.29100537352562,8.30905472293624,8.7283717200293,14.7301248436338,15.4978299684703,25.9454743326255,71,8.8
4.71369517021045,8.29628011399454,8.72834140167725,14.740747787758,15.5027347539834,26.4808039942882,71,9
5.43443336363911,8.28599957755762,8.73241911270352,14.7502837194902,15.5073686197746,26.8643087668688,71,9.2
5.36686261208507,8.32719661876255,8.73686193699501,14.7334390041899,15.5058265596444,26.6905493103925,71,9.4
5.43543030963052,8.2900576246528,8.72429048762012,14.7370999467176,15.501475296384,26.3761220162045,71,9.6
4.79912869062014,8.29838886781793,8.73424197157239,14.743989525529,15.5099504553962,26.4034163185761,71,9.8
5.40285307047758,8.28106331263679,8.71568480308701,14.7329847914521,15.5333032851,27.1396142836341,71,10
-1.40123455641262,-0.644849516890061,-0.539573841710579,0.529116286828436,0.634017546010507,1.32267118811826,72,0
-1.98731957011524,-0.382925462628833,-0.251656000991026,1.10651883896974,1.25144535995057,3.85899331601679,72,0.2
-1.95632225405046,-0.120975688791322,0.0341756731170431,1.6248074499834,1.81572129115227,5.34125559857162,72,0.4
-1.45074944523542,0.113001165871904,0.303603609671318,2.11769335852239,2.34442949315286,6.7866793330184,72,0.6
-1.40643749492582,0.344482080241217,0.54569160520448,2.59585511689704,2.8412080151035,8.92636230373008,72,0.8
-1.55402511493874,0.573120700640778,0.796374909518578,3.00719027748631,3.29036719377721,8.74945688148943,72,1
-1.40226532862425,0.801252086666246,1.04968106720581,3.40972187826249,3.69675407552936,9.69887130396475,72,1.2
-1.52757459902107,1.02254735521288,1.26532615136096,3.76822967828656,4.07232647427698,10.7155944576205,72,1.4
-1.34153977132759,1.21925307680247,1.49339530474056,4.10795901383287,4.43597205522068,11.1881682445818,72,1.6
-1.4906237450097,1.42672738097274,1.70169723685586,4.41334110618143,4.74842139710433,11.6631504875613,72,1.8
-1.87175675910729,1.60203056303774,1.90463776131784,4.70305652604493,5.05561390892186,11.9281237120241,72,2
-1.69970714366319,1.78650948858845,2.07982490580284,4.97822767700767,5.32260102447253,12.4450492493158,72,2.2
-2.22553197653882,1.95797324793977,2.26940642420311,5.24131918848541,5.58441828969212,12.8697064678352,72,2.4
-1.47482679726009,2.13651230396519,2.44242569123865,5.47631048416113,5.85692443761576,13.235970541108,72,2.6
-2.27978978115187,2.28925603243461,2.61371568298981,5.69028555716049,6.06426510577797,13.7839914476505,72,2.8
-1.74706145162476,2.45345556604148,2.77329084153052,5.90479225022252,6.27947136061735,14.1135574545121,72,3
-2.98101070487564,2.59899583277823,2.93281315628753,6.10329274152895,6.50629613706907,14.5079573458606,72,3.2
-1.66085137100535,2.74860934543399,3.07515709517736,6.2958406670971,6.67843804507727,15.2105254055986,72,3.4
-1.32787157790028,2.88688836193535,3.23139790511555,6.46424616518063,6.8596987162425,15.8439238502861,72,3.6
-0.547091752962662,3.00966537969346,3.35945254147275,6.64175685630031,7.02518640762576,15.6156218147124,72,3.8
0.0072864413780795,3.13881997007028,3.48587545222936,6.77818767222536,7.17202866543802,15.6548667671782,72,4
-0.433813163691181,3.24934892697232,3.61061296312891,6.95041512999087,7.35696436046642,16.5924814526729,72,4.2
-0.52327494322729,3.37730867489918,3.72983779994832,7.08172814093343,7.50338265809924,15.8413584469679,72,4.4
0.134505579593292,3.48401255992687,3.82945917969425,7.22050126411315,7.6015284369139,16.191173079747,72,4.6
0.0849449389744152,3.58657342533279,3.94394287512857,7.33317887735197,7.74339917108741,16.6916690107447,72,4.8
-0.150969459355666,3.68390568810379,4.04905123691784,7.44428797662088,7.87602253598298,16.1691917474477,72,5
0.127094915752611,3.77216908129438,4.1295556254564,7.56215343178955,7.98330437600353,16.4268977909268,72,5.2
0.0358611606452945,3.87635130475507,4.23475470346445,7.67136891911568,8.10495657236006,16.7239958019002,72,5.4
-0.112859835419663,3.95358543786702,4.30723452963489,7.78935588845659,8.21186496519609,16.9858735485193,72,5.6
0.666677395987301,4.0216964670129,4.38561425559131,7.87256255444384,8.31090603619231,17.3486281885345,72,5.8
0.0913407805037808,4.10191106847706,4.46233862131553,7.97904738774188,8.42611847540848,17.0784499475967,72,6
0.417779043025464,4.17631240000665,4.54140843537789,8.0664079806906,8.50733556834629,17.2107712669465,72,6.2
-0.143034810123054,4.24741414434873,4.60187818861673,8.13952550167545,8.6004660401839,17.3606675474182,72,6.4
-0.245060835302587,4.30032643211608,4.66945601026547,8.23839650563121,8.68416861551502,17.2431360195839,72,6.6
0.203454639369816,4.36109630283671,4.7130725256119,8.32742494441334,8.7659177865794,17.4819085274842,72,6.8
0.25150233762255,4.43064143521837,4.78509122186692,8.39649824218436,8.83918179006532,17.1327430701647,72,7
0.845889653102015,4.46303533192635,4.83276812038629,8.48417606917231,8.94866981377031,16.8575416586624,72,7.2
0.0315608124393671,4.51070419985933,4.87991195470821,8.54346407532379,8.99127486864355,17.0508979269116,72,7.4
0.585242230379682,4.54837014349022,4.92644631418596,8.61424937180687,9.06739468861906,16.8885194567425,72,7.6
0.872215811815524,4.59154437970038,4.95437777627496,8.67340117312729,9.14204619140296,17.085572697377,72,7.8
1.03770781526189,4.63443812190351,5.01054011511988,8.73242297756921,9.20816218603415,16.9952245051713,72,8
1.20283860666101,4.69053466248639,5.05426089015294,8.78904919673613,9.26924468264007,17.3187853967248,72,8.2
1.04231175808098,4.71561995035561,5.06720337923652,8.85698332174801,9.3342462404568,17.5578728384709,72,8.4
0.94781934107211,4.75049344550645,5.10093426480301,8.89685450819449,9.3606461275096,17.7755052366195,72,8.6
0.947332582029158,4.78501149196224,5.14954883984552,8.95622109523416,9.41204035553718,17.1567478678497,72,8.8
1.36277215920311,4.82593318808193,5.17000136206569,9.00380168855501,9.50436990684273,17.8646292289155,72,9
0.918059473344352,4.8473397918607,5.20587207256993,9.04815985113362,9.53675311738704,17.7467233574805,72,9.2
1.78657887133501,4.87579236233815,5.24290072021184,9.09812137792462,9.57409044971919,18.0122570526473,72,9.4
2.15762942009437,4.90014666406478,5.26516067315612,9.14959467402802,9.64554850962785,17.9770518688486,72,9.6
2.18429639149616,4.89751153187646,5.28031426470065,9.18353619129542,9.66293480518555,18.6628168086291,72,9.8
1.88958429976498,4.92707782179674,5.29092176605593,9.23374494492926,9.73465940219034,17.8730210853839,72,10
-1.32426357026337,-0.637077364624996,-0.534176113555171,0.540216999244361,0.640315558754415,1.63081463985733,73,0
-1.41375382608368,-0.262012634981412,-0.13266808903775,1.18855730597106,1.32833078673578,3.29344106248425,73,0.2
-1.14491341593073,0.0719960390550444,0.234840207897983,1.81402941012705,1.98142402411957,5.46770265102431,73,0.4
-1.03545337986837,0.394930727479504,0.576635789908807,2.40025828825295,2.60649755873916,6.84427401450238,73,0.6
-1.8027519691979,0.701495868969388,0.894333146945092,2.92841365037177,3.16077245518144,7.92333161440002,73,0.8
-1.28052003819329,0.987324471114039,1.20222069520718,3.43079695778058,3.68013573231521,9.25095398316673,73,1
-0.998846156473679,1.2535884070624,1.48692360055432,3.88294717514412,4.14152880322182,10.0012154825714,73,1.2
-1.34633203306617,1.5301956750787,1.76957713890607,4.29581567171774,4.57185920780247,10.8912021589279,73,1.4
-0.206685034907078,1.78562973772685,2.03804593821637,4.67058580258735,4.95006499374323,11.5491225934636,73,1.6
-0.335888228428595,2.02295701047208,2.2887833994046,5.03894370969251,5.34643185354799,11.9810934828925,73,1.8
-0.469649316065759,2.25253548523544,2.52548289247325,5.35478584338898,5.66107451500421,11.8023792658792,73,2
-0.827407878507751,2.47759469753629,2.76633142312911,5.65863573461835,5.97679387332454,12.5281860666248,73,2.2
-0.236558366228435,2.67951600292276,2.96948066772488,5.93684098652885,6.2597450080101,12.5530173060143,73,2.4
-0.314393780831125,2.887227098388,3.1764499167016,6.20927191689179,6.53892134686376,13.1236520318364,73,2.6
-0.232349695088284,3.07131523803974,3.37674384085989,6.45680841467175,6.79793138849841,13.3099753399736,73,2.8
-0.341019447918598,3.26207517507157,3.57428801085765,6.69487627784553,7.03209358080091,13.2072175625862,73,3
-0.0332366348496421,3.43587925176384,3.7487703506998,6.88952552168649,7.25698794117532,13.4278201151893,73,3.2
0.766166558282352,3.57189273469839,3.91362901779719,7.09289999322949,7.43867748573879,13.3816938473958,73,3.4
0.559099019517959,3.75004171289634,4.06887524376843,7.28299446985371,7.63577985455991,13.8674737967897,73,3.6
0.93356481125521,3.90004727925046,4.20636373452173,7.44788420938272,7.8180397503584,14.1711608685455,73,3.8
1.02707691787179,4.03318922253459,4.35944794384644,7.62500254921414,7.99349336875834,14.6611558662699,73,4
1.0695645756408,4.14998086713957,4.48595487177329,7.78763477681413,8.1565308428335,15.0762504429785,73,4.2
1.14535240864236,4.29061521432522,4.61844268211282,7.93586069911941,8.31109972396114,15.0238059071174,73,4.4
1.46523144212742,4.38410006896689,4.72569279840749,8.08596741890419,8.4476908856605,14.5752517008314,73,4.6
1.46712519511469,4.50317897300784,4.83881608664424,8.19693768698419,8.58169182338815,15.0333328843082,73,4.8
0.833772302427956,4.60334696665756,4.94155195787541,8.33231229794814,8.72949348521419,15.2931845761268,73,5
1.05270374176641,4.70632578056058,5.03459211146891,8.44532926910635,8.86125668814882,15.3879782118125,73,5.2
0.981702569054446,4.79956977549759,5.11828241411913,8.5655775897465,8.95558387309417,16.1538173497972,73,5.4
2.01291708870352,4.86705817901203,5.2130650312142,8.68287224310544,9.07301893786352,16.0307509337043,73,5.6
1.86011496107163,4.95096891291934,5.27500726472265,8.77270523117453,9.16848012680861,16.3363457628924,73,5.8
0.733574309757686,5.02853487812116,5.34570346127278,8.87759540136802,9.28128914010554,16.1232507023145,73,6
1.52618513990367,5.08708027554983,5.42211399047703,8.96741910241166,9.36488020155338,16.8988270187653,73,6.2
1.09149769977667,5.15304954195429,5.48829666488192,9.04931471824467,9.45656830522297,16.8584502293508,73,6.4
0.995293105443863,5.20698697983803,5.53620436633843,9.12276374446352,9.54792969375147,15.8005551909863,73,6.6
0.366344191053732,5.26746501798615,5.60609261889098,9.21048526380887,9.61293037696209,16.6944191207887,73,6.8
0.895696910882071,5.30596928815065,5.64121413097778,9.27949289489313,9.70382577297035,16.7479337571278,73,7
1.70524189343589,5.36079206569637,5.6856677791249,9.35851699211809,9.78270052944945,17.0088594038587,73,7.2
0.97837082318901,5.40605094858227,5.73544900191666,9.44252359187442,9.86611823936149,17.5776315348311,73,7.4
2.08456192955088,5.42580301740948,5.76435918129331,9.48845670763982,9.94127359456202,17.1696296015515,73,7.6
2.51250691817999,5.47768344858254,5.81333421052829,9.54313404017999,9.97351013375061,17.3191470310599,73,7.8
2.24230266407093,5.49502172991735,5.83965166111591,9.60985271963148,10.0639612989563,16.9964676684347,73,8
2.37706876025966,5.51803621661418,5.86262750722101,9.6870481447424,10.1362414309827,16.9657946270483,73,8.2
2.16970364732928,5.54577575161268,5.88871272211934,9.74450675148256,10.2121490766693,16.7994317907619,73,8.4
2.12493770300773,5.57793957124888,5.93004733005971,9.81142015909312,10.276646769352,16.8149580786026,73,8.6
2.17418909063054,5.59234459442626,5.95338314822585,9.85358109897476,10.3147925521291,17.6418142446987,73,8.8
2.63062816692146,5.61787847881574,5.9712185844069,9.91372816993115,10.3702830416511,16.9506730034276,73,9
2.40070348072416,5.64658358796614,5.99025424456251,9.96457091695512,10.4303554839384,17.5357973023212,73,9.2
2.51373773771913,5.66516130000339,6.01362188012894,10.0022395351011,10.4775377548303,17.6678123585889,73,9.4
2.05018986506782,5.66161005166736,6.01970630685602,10.0513530171751,10.5129825270801,17.9055338076778,73,9.6
2.73036630088694,5.67835237038732,6.03981717397244,10.0934887612156,10.5669251455205,17.587311114906,73,9.8
2.34053453674691,5.71660617979993,6.06742070320906,10.1464483126744,10.6134934154819,17.1108630968418,73,10
-1.35805340763174,-0.638709078085497,-0.53661730408766,0.534094560517166,0.637266181576602,1.3393962460439,74,0
-1.35193336292221,-0.216488460269154,-0.0839587388358663,1.22279846964958,1.35422338625068,3.51890482945483,74,0.2
-1.51223668541613,0.154524089475078,0.308071427847396,1.85594662495381,2.01551827464917,6.21235216235537,74,0.4
-1.11798025673032,0.500281876067864,0.6744201660953,2.44355331265777,2.62397298839019,7.05368497952376,74,0.6
-1.26754460369427,0.812422695564482,1.00350108533884,2.95678005209451,3.17195406221763,8.50131896634227,74,0.8
-1.26377636376873,1.12868893206188,1.32669988147403,3.4323074875272,3.65325129006892,9.11841618367279,74,1
-0.781433632859654,1.39629493986616,1.61069553722851,3.84592064882746,4.08195092930875,9.9148869567961,74,1.2
-0.734808815832621,1.65779416362286,1.88957603352345,4.21687137792028,4.45815545155933,10.6012576079051,74,1.4
-0.180941103210018,1.89457281907344,2.1385226474803,4.56050665007278,4.8159862601152,11.4195215929124,74,1.6
0.145545175173303,2.13035805336013,2.36671530344353,4.86341624081162,5.12804616288046,11.7385408618815,74,1.8
-0.394293258652968,2.36462827241197,2.59891087848525,5.14373957083884,5.40167967629594,11.6843251507841,74,2
0.273217380188607,2.55556894203929,2.81056401099986,5.38811209878733,5.65834811139,12.0156189932987,74,2.2
0.0977596032618011,2.74245490077807,2.99785925176995,5.61202282439782,5.8943233700391,12.4549066579334,74,2.4
0.762941514688993,2.90829035699207,3.17103396909896,5.83438594940955,6.10823826137949,12.782174732769,74,2.6
0.576744906914482,3.0724888028518,3.33435675968862,6.0309790803262,6.32472432321682,12.7267578808355,74,2.8
0.224194798674731,3.21557819429167,3.47344365401037,6.20818877854981,6.49734337583378,12.9794003940439,74,3
0.501891901389083,3.36438218818483,3.62032319735962,6.37295190415166,6.67160996114477,13.1451761665362,74,3.2
1.320601858647,3.45954131720671,3.73816891256262,6.52939335968056,6.83295014707881,13.2085601080075,74,3.4
0.431740133226972,3.58945223217212,3.85342209738764,6.66925158882494,6.97567031787091,13.509525185929,74,3.6
0.067646079366975,3.69195022813648,3.95732697225037,6.8112892033515,7.11279592646298,13.8643715895842,74,3.8
-0.393515110636362,3.77931461575306,4.0543622664888,6.92573067702723,7.2519368996798,13.6149984572162,74,4
0.279377338728629,3.87499335134154,4.13462167626451,7.03868595848878,7.3684539133293,13.899111036666,74,4.2
0.756405605605562,3.94891981845124,4.21517361343055,7.15209137986071,7.48471817866499,13.6415622693805,74,4.4
1.47902292501875,3.99969787706878,4.26711770516119,7.25259656443168,7.59021233237946,13.9257473100354,74,4.6
1.66622052180833,4.08434722322777,4.35094966006817,7.3504157261331,7.69483824515768,13.6642366281878,74,4.8
0.814712623280777,4.11744815717168,4.40129708696156,7.4435257868077,7.79013965794739,13.619968645684,74,5
0.956847208925237,4.18682855408955,4.45420754652527,7.5186102869692,7.8639766281855,13.5135085936824,74,5.2
0.836565301718292,4.22844448356734,4.49882162629116,7.60455829159429,7.97606269821767,13.2286569724142,74,5.4
0.995096539252567,4.26573287380659,4.54420940809328,7.69003785271072,8.04156713030535,13.4568622294778,74,5.6
1.1776952684879,4.293370545039,4.56997190106734,7.75583325213657,8.11576377232291,13.5427718583489,74,5.8
1.68450918956777,4.32893224979699,4.60920577585443,7.81937073756064,8.1884792524851,13.3337015156939,74,6
2.14362126859266,4.3603802267847,4.63654686652865,7.87791795193289,8.25363952992107,13.3651687778963,74,6.2
1.70849011494155,4.38632815284572,4.67031441826816,7.95319146156689,8.33694744779879,13.7886728404583,74,6.4
2.15093739133349,4.40273210773338,4.69466403228393,8.00107396676555,8.38476308467783,13.8606210774739,74,6.6
2.12912195880624,4.42746328742327,4.72346741201672,8.05554145616026,8.45222232549518,13.6015105757174,74,6.8
2.53597548829617,4.43481180427373,4.72685503953415,8.10006392494292,8.50113437080016,13.6177932687725,74,7
2.54694218921857,4.46346927594163,4.75789816012634,8.1447873346259,8.54255076524164,13.8535354692021,74,7.2
2.63429536701275,4.46965491434057,4.77620882617249,8.19666511814279,8.57814795287235,13.863306356437,74,7.4
1.88093474999266,4.47689923661443,4.77213806840117,8.22639227469419,8.63558938020478,13.2142084596579,74,7.6
2.4395062426342,4.49683504903236,4.79976856066889,8.27175190669759,8.67326570071301,13.6722524674479,74,7.8
1.91188469111658,4.51496952725422,4.81322783422086,8.30016610944412,8.70608770506371,13.4229859460193,74,8
2.80815621453374,4.52030476555716,4.81401066162159,8.33793294495876,8.75995534084036,13.9368677029408,74,8.2
2.61542039252709,4.51403933657672,4.82604441826857,8.37465101284754,8.78089700726795,13.7700240493297,74,8.4
2.56380739236273,4.52667734406645,4.82478633466015,8.41228716419853,8.82207528634069,14.4699880983765,74,8.6
2.39028579127834,4.53879362979016,4.83751231317176,8.44694220337716,8.86326064883466,14.1812748390329,74,8.8
2.62589555645824,4.54663676437576,4.85229663338467,8.47492069853771,8.87627682025956,13.8393867358826,74,9
2.33474950753667,4.5400323870407,4.84561834577486,8.49668264853478,8.92964363495508,13.5951418190268,74,9.2
2.37806502017154,4.55358346552217,4.86166286416755,8.51980091756048,8.93725766637183,13.5392388062899,74,9.4
2.36569401178752,4.55750431917141,4.86271275980258,8.54523184701597,8.97864261526789,13.7849402743931,74,9.6
2.53483299936546,4.57709318337142,4.87133122367258,8.5713223993755,9.02049363338463,13.8794645445938,74,9.8
1.97641247539957,4.58277870549108,4.87952120429002,8.58057072045535,9.01271397215671,13.6976941678486,74,10
-1.38866121737966,-0.643314665543709,-0.535255186556566,0.543625815227397,0.646757980481379,1.46573146284187,75,0
-0.623875176000444,0.297324597255157,0.436521032976022,1.92432275884265,2.07892653469468,3.52619995234154,75,0.2
-0.593990091238703,1.0674448497016,1.24137750715163,3.18845684875678,3.38647891138616,5.43322773395473,75,0.4
0.257875642217995,1.74144265078925,1.94846256941451,4.24597484905181,4.49653713714593,7.30874348208132,75,0.6
0.487357214956099,2.35492410149877,2.58416606751803,5.14267474292455,5.40531822355468,8.42924467199749,75,0.8
0.974774433612825,2.89910508602562,3.15042643626091,5.90022458200678,6.18815144953311,9.15634434654903,75,1
1.69367599621307,3.39422398266926,3.65887868089327,6.56055356900427,6.86095488305709,10.4954716983937,75,1.2
1.38495573826736,3.84814074946646,4.12053457826803,7.10904913277824,7.41333268041502,10.7455995274354,75,1.4
2.28319590041953,4.25302428288358,4.5364683293519,7.60473362451097,7.93762600805333,11.1608123057409,75,1.6
2.4737204993044,4.60377561433533,4.89926766918509,8.03965653542425,8.36574477068794,11.9480155559572,75,1.8
3.04971266343834,4.91230000893638,5.21543826692978,8.39055235090274,8.7373093305658,12.4014953943983,75,2
3.06129034072616,5.20048092586923,5.48842905340798,8.73154720793926,9.07856448925291,12.2550908495838,75,2.2
2.88011561994034,5.435912991372,5.71560109742411,9.02227902424532,9.38445113309582,12.3776297247605,75,2.4
2.85905523961048,5.6348267998972,5.94143986027599,9.29809559617395,9.6655967211702,12.9058061659621,75,2.6
3.06937724946447,5.8307063503419,6.11722040215402,9.53795353642992,9.91548451582928,12.8466715142891,75,2.8
3.41440840291862,5.96172175249965,6.26231061630546,9.74896089156074,10.1338550295031,13.0985031686785,75,3
3.630218977895,6.09593059075728,6.38732064763258,9.97056843644649,10.3773817859588,13.8721089283472,75,3.2
3.40445746948379,6.17955376034915,6.49930549365379,10.14227041069,10.5503127058975,13.4101835725327,75,3.4
4.05299401226606,6.26982309607584,6.59260109532114,10.3153150453341,10.7249870147791,13.8077037651862,75,3.6
4.25939945239445,6.34706065377105,6.64688854010911,10.4475097019523,10.8712762228083,14.0484777464938,75,3.8
3.92483118015103,6.38938443578641,6.7225964326863,10.5780398039012,11.002693379759,14.5150034262443,75,4
4.02981858135477,6.45834739109088,6.79347757777426,10.7054911321361,11.1470292275131,14.6867872824454,75,4.2
4.35162650757459,6.50291087585387,6.83521087510371,10.8088960208193,11.2534235783406,14.3702283228398,75,4.4
4.28326624627483,6.5290002267026,6.85672433675751,10.9105217707557,11.3830711735569,14.536307637192,75,4.6
4.34352036563992,6.54749754164364,6.89720072002318,11.0256994727262,11.4742156369243,14.9617984455958,75,4.8
4.00942178345454,6.58638633437243,6.92034795577889,11.0996171258841,11.5666692069155,14.8304966791022,75,5
4.5197738691981,6.60078884088394,6.94631633435531,11.1816921217191,11.6482640706442,15.009669522412,75,5.2
4.41761456106162,6.61497086789381,6.96949811775186,11.2502647741495,11.7128936538554,15.0776821933897,75,5.4
4.22026335399434,6.62560354141372,6.98415821389841,11.332451548787,11.7996764576273,15.0235301666759,75,5.6
4.52473762855644,6.6451756845467,6.9978447143198,11.3833474041706,11.8730790499305,15.2807585357992,75,5.8
4.30668369262683,6.65210207852143,7.01990544465878,11.4313824916448,11.9251514019268,15.2728764921846,75,6
4.56782451910117,6.65660123098255,7.03073607536549,11.5038576214324,11.9974474414212,15.431442619133,75,6.2
4.14971649979323,6.67293048934723,7.05018583012901,11.540355784372,12.0540076779695,15.5939616251268,75,6.4
4.36959519156695,6.68280602854178,7.04490368978098,11.5839099852259,12.0806280250148,15.4118773445052,75,6.6
4.19295142722809,6.66686132704534,7.03944465061206,11.636755716956,12.1393366803979,15.5427025944263,75,6.8
4.42342858745143,6.67595850577641,7.04715249828153,11.6650975086657,12.1868084102046,16.0299738264463,75,7
4.39391293335522,6.68453584657421,7.05453401706087,11.714837104386,12.2248873374249,16.3380788021512,75,7.2
4.59653659251389,6.69665722811974,7.05033118548836,11.7569142039043,12.2715365211653,16.1547843017404,75,7.4
4.34104224972868,6.70372921283658,7.06974022722644,11.7810957942209,12.3007445659203,16.2187777418201,75,7.6
4.38593279253277,6.70946295267342,7.07134925383357,11.8085714249713,12.3364859247666,16.9917487946279,75,7.8
4.6680559605584,6.71537101030794,7.08288842049441,11.8234145695832,12.3578958438323,16.4780421480165,75,8
4.60723173732124,6.68754815445374,7.06183632506681,11.8424792832032,12.3884420239109,16.6861276951895,75,8.2
4.49984864593827,6.69885112767036,7.06935281182976,11.870806678495,12.4079399982419,16.5069765340806,75,8.4
4.50722350396405,6.69605008328463,7.07894215638055,11.8816589279523,12.4346250648315,16.7490931528412,75,8.6
4.71054455352145,6.7063629719107,7.06783461649422,11.8930449524421,12.4478194689059,17.0180165472901,75,8.8
4.1641214711324,6.71797900195357,7.07091352826513,11.9087511235305,12.4475335087917,16.6198173226022,75,9
4.12222542131439,6.6898606454703,7.08288360202164,11.9487894442969,12.4638023753104,16.9298623857619,75,9.2
4.59803413810109,6.69961417384594,7.07475023508185,11.9426090289765,12.4827280629602,17.220917685556,75,9.4
4.36354037324571,6.69936668583686,7.07272315394676,11.9569346099653,12.506782373683,17.0902465398787,75,9.6
4.01742622956089,6.72058555294657,7.07888147807467,11.9595726886316,12.5280422278372,17.0175281940458,75,9.8
4.2790797633905,6.71136883255879,7.09273789301095,11.9731531489325,12.551187363841,17.2179412603653,75,10
-1.45034810746427,-0.643700576062205,-0.537795132579079,0.541134952541345,0.647744556354874,1.41698051146893,76,0
-1.04321799447668,-0.0189441292320208,0.119683000533321,1.51761743905675,1.66924914098589,2.9512395307017,76,0.2
-0.73264066483527,0.529123191632091,0.694518684130682,2.47369058919754,2.67403580616715,4.78180289081443,76,0.4
-0.963958373285548,1.03978677151117,1.23120757888241,3.35189311699306,3.59473340040327,6.94197684789093,76,0.6
-0.396692442812279,1.49472570784225,1.72643196703825,4.15745083531144,4.44405378752734,8.31139274915327,76,0.8
-0.155040045659721,1.9406253465242,2.18831850706204,4.88190012327826,5.20354283195562,10.4723099506452,76,1
0.0706342727727066,2.38039652492949,2.63599070413788,5.54418871582493,5.89301002218121,10.9813652134003,76,1.2
0.174945691767971,2.76648587053883,3.05398771350959,6.14644744367353,6.48813264396781,11.9582629419355,76,1.4
1.00816600021611,3.13666106269377,3.44681255719851,6.68234484591556,7.06732470628277,12.8172291973914,76,1.6
1.17887876671969,3.50719669146925,3.82523530708415,7.17964610342477,7.57080880907272,13.7422252126701,76,1.8
1.23136511466459,3.85920256440075,4.1768738186331,7.64884388176313,8.03807338908146,14.7582540567646,76,2
1.30770084106931,4.1831600348106,4.51536403723647,8.06054304349122,8.47047257467614,15.1692882187753,76,2.2
1.89684304863023,4.45817392008363,4.80775051179284,8.47604668336671,8.87993047260144,15.8006280409032,76,2.4
2.00997358472566,4.75246608476059,5.0984115476309,8.81082309032688,9.22494144078916,15.8623527855819,76,2.6
1.62756587190356,5.02604224407319,5.37662685898705,9.15339172883787,9.58108428839492,16.3639095397501,76,2.8
2.24755969483328,5.29230235016477,5.6448533531438,9.46656341334966,9.8878631644981,16.4162893973501,76,3
2.29300633249369,5.51513859735183,5.86944115606474,9.75427648921621,10.1842087487981,16.2227952208958,76,3.2
3.21396038332951,5.74950118540308,6.11089652571205,10.0200867033113,10.4526745556638,17.1433589535476,76,3.4
2.92809489868114,5.9513764182213,6.31428510055783,10.2711272252673,10.6920132970273,17.1912527649598,76,3.6
2.33882834230865,6.14621347952736,6.49930797033842,10.5122046220021,10.9560588074436,17.5910262156289,76,3.8
3.16433704420763,6.31724390551994,6.68112322739749,10.7125060624236,11.1780396636436,17.864375302643,76,4
3.16687009446351,6.49037048553001,6.84130423732869,10.925376824248,11.3791898170312,17.4772575159056,76,4.2
3.34162935524398,6.63027850843313,7.0024586798177,11.1142777045787,11.5959848562219,17.6217524926334,76,4.4
3.51991500179666,6.790355110267,7.1616096347895,11.2948240849146,11.7605074872735,17.5654477610816,76,4.6
3.07924311926234,6.92306426207535,7.28221433840469,11.4734044113263,11.9485671672826,18.0449313216384,76,4.8
3.38701881822029,7.04344933822309,7.39976682437738,11.6186784315134,12.1073372072824,17.6498072040783,76,5
3.54228683362695,7.14523328582047,7.50530904929903,11.781716808919,12.26776857042,17.7232859232748,76,5.2
3.62311086375579,7.24560328666382,7.61021580237259,11.9210425354776,12.413781428891,18.3422970564824,76,5.4
4.31358408822937,7.32997510306352,7.70399273898652,12.0629872455053,12.5473007503375,18.2920114406642,76,5.6
3.64673074562552,7.41638327184337,7.78312466558346,12.1994153522246,12.7094266957719,18.0328588143937,76,5.8
4.37097196558523,7.47265018390739,7.84877866521214,12.3304754269378,12.8201833327122,18.4767261853557,76,6
4.09226807346002,7.53623688207261,7.91459328773526,12.4450623520395,12.9630766253368,17.4626443035633,76,6.2
4.49721940602252,7.59650191636552,7.98274647160309,12.5502323687049,13.0776919338659,17.9112755861777,76,6.4
4.64455812398036,7.65440980778337,8.04715504041685,12.6524052979905,13.1868110867601,17.6031574309494,76,6.6
4.01063885099882,7.70732983548151,8.08981131844779,12.7574450388523,13.293477643273,18.4795062545377,76,6.8
5.31487206225036,7.72143887550791,8.11672893817166,12.8380765013071,13.3765246244762,17.6798621929248,76,7
4.68721012230845,7.78011984604071,8.17856581653889,12.9155074401462,13.4950778624002,17.6906960202251,76,7.2
4.59271870728647,7.82472633175165,8.22755395475044,13.0272689909728,13.5454700871263,18.2135844739331,76,7.4
5.21215958272641,7.86048625609424,8.25621633433752,13.1041320477291,13.6840677618441,17.7771853272651,76,7.6
5.38206048123409,7.89865983448857,8.28930652001774,13.1867263424006,13.7446937380654,17.8101810428067,76,7.8
5.14829122381664,7.90622850012426,8.32386083461728,13.2476853240116,13.7955087870869,18.5299871445573,76,8
5.06147871481066,7.93669835049793,8.35641171470025,13.3430481385774,13.9006443465495,18.0854346840792,76,8.2
5.50211342571451,7.95977923097084,8.36166584670732,13.4063691046217,13.9881677041118,18.3388388747788,76,8.4
4.6616518738644,7.97990079218304,8.39644590879787,13.4685094047022,14.0280010535533,18.6358232855519,76,8.6
5.07360184340825,7.98811490090679,8.41673573436715,13.539514807983,14.0837134480909,19.004759869875,76,8.8
5.13038821510481,8.02014104590167,8.4292853659305,13.5864445351614,14.1608138210758,18.7957469508585,76,9
4.84239112115737,8.04127499838472,8.45559209600382,13.6485197434045,14.227369964908,19.547151268289,76,9.2
4.97465015169645,8.03973167044271,8.46023137432117,13.6982131845012,14.2617124600475,19.7805306461697,76,9.4
4.50102924656352,8.04253519539112,8.47398252503462,13.7452346063585,14.3148993346133,19.5809432460002,76,9.6
4.87387343895833,8.05461277201622,8.47978029995618,13.8012898585379,14.3659070484775,19.9868859254774,76,9.8
5.41233323980455,8.063601173385,8.49091038601892,13.8305102906424,14.418787829891,19.8042605588893,76,10
-1.39742286719135,-0.648821904131406,-0.544046789491271,0.540857337459362,0.647250577325694,1.42070001254923,77,0
-0.686502872052765,0.526344213655964,0.664352476857755,2.23271703704346,2.40589092982079,3.98920291427799,77,0.2
0.223391431162658,1.44010523124564,1.61972504508046,3.66061097309057,3.88596304874748,5.56388687548168,77,0.4
0.328399022893018,2.19902860358283,2.4157498442136,4.80228233529523,5.06036186626263,7.29880447122075,77,0.6
0.998819432120603,2.87303330065972,3.11012816125275,5.69306403908139,5.9696450210473,8.56655039890897,77,0.8
1.07861134507996,3.46177597057991,3.70603713175358,6.43174355419641,6.70351326041728,10.1068181559664,77,1
2.54687490732094,3.97804067676192,4.23052392119547,7.043190778528,7.33268381518494,10.7078000041039,77,1.2
2.41609300207754,4.38800459300329,4.65269490009459,7.54817860639511,7.8442913375596,11.4220525844297,77,1.4
2.81276075714782,4.75431866941118,5.01794200969975,7.96173087987778,8.28515349609835,12.3903023910498,77,1.6
2.78121939262894,5.02934992952003,5.30309091332589,8.33611222032752,8.65212854369225,12.7196635198418,77,1.8
3.3048900934934,5.2618327490587,5.53588640864242,8.64343727887665,8.98914888953811,13.0231001337501,77,2
3.61713757227581,5.45509413810476,5.73148681934745,8.91512507836834,9.27271985475775,13.2912449803056,77,2.2
3.46817550636281,5.59691582147312,5.87836678656741,9.15536548455946,9.50986049789471,13.1534176286885,77,2.4
3.50088079298268,5.70483854848909,5.99457632599008,9.37191867325826,9.74339909155315,13.9566691501115,77,2.6
3.58063727418194,5.75977214887367,6.06034464857804,9.56576995278111,9.94383501550708,13.8212167659822,77,2.8
3.73881362928406,5.84634829691622,6.15507952632025,9.71630683855568,10.1146111819924,14.1660124165973,77,3
3.88817810926932,5.8910864670857,6.20303203881517,9.86713685897227,10.2703638120395,14.2733280990192,77,3.2
4.09938055870159,5.93496211928248,6.24690306749385,10.0042496186393,10.4152389604424,14.4968426169618,77,3.4
3.47800941122252,5.96853497013999,6.29511053289445,10.1249171975354,10.5405575440095,14.1627291267643,77,3.6
3.86193845581779,5.98848735859929,6.32478392758267,10.2239435411004,10.6524703788237,14.5890189291833,77,3.8
4.25377039210946,6.01178759711953,6.34568283646992,10.3094582458149,10.742476743532,15.1646380460642,77,4
4.08917126233558,6.04336381474992,6.36735664774996,10.3786001095284,10.8343779182992,14.4742697979843,77,4.2
4.09070512683863,6.06173778698342,6.38289322827524,10.4515129977161,10.9016277148805,15.1018470734818,77,4.4
4.05196197076815,6.06114927109908,6.3957699014247,10.5136733875173,10.9774968980423,14.8776423890654,77,4.6
3.73444254740418,6.07253225456127,6.41037779910018,10.5587169345486,11.0345455355533,14.7055136384665,77,4.8
3.75670346347598,6.08454197254279,6.42587054474189,10.6169665610075,11.0915646849956,15.0293514812475,77,5
3.811530448578,6.07499985187378,6.41787923571901,10.6795270887598,11.172087152195,15.3174944998664,77,5.2
3.1329173037619,6.07725397059313,6.42258637363143,10.7060382115511,11.1929843595255,15.3337406437176,77,5.4
3.98379815955722,6.08770284362913,6.41566351794837,10.732571859691,11.2233557211375,15.2692714875086,77,5.6
4.17117999111249,6.08186185731468,6.42203004173534,10.7766112578754,11.265557837712,15.4535138487101,77,5.8
4.11704600164198,6.08972030921222,6.43750244568004,10.800632833863,11.2955421919473,15.8463707526492,77,6
3.9464138200626,6.08377799930069,6.4201441194562,10.8203988980826,11.3247124517499,15.7012774390426,77,6.2
3.78737556558032,6.112229361448,6.43931864606737,10.8503774416347,11.3579883242864,15.2301345726744,77,6.4
4.08494856956441,6.09221039609055,6.44335085222091,10.8608916981613,11.4043646956608,15.3723605376644,77,6.6
4.12711987319293,6.10098323400932,6.45194519265551,10.889482867864,11.3934528170889,15.2996022113972,77,6.8
4.212124938555,6.08973897063198,6.43928578328754,10.9085636827794,11.4196187268142,15.7687990622105,77,7
3.86247729848695,6.10536704619315,6.45099066640271,10.9259023699483,11.4486323727859,15.4281921992363,77,7.2
3.71730493742109,6.0977911612798,6.44936953131108,10.9231749056038,11.4519615928874,16.6062210392334,77,7.4
3.73612950123187,6.07670319582937,6.43960875189657,10.9451521033669,11.4735666855102,15.603904330164,77,7.6
4.01888782949024,6.08969716596137,6.44162115829092,10.9508987873647,11.4813110022497,16.1124490271832,77,7.8
3.55504007798713,6.09845687666876,6.44803579420105,10.9662563452019,11.5125078735518,16.3771076659401,77,8
3.89694167292924,6.10376412288452,6.44397459967994,10.987378092008,11.5029291228105,15.7772282330397,77,8.2
4.09499741531873,6.10347744654887,6.42712817095197,11.0014806807384,11.5293266195288,16.4368222731943,77,8.4
3.84372282037421,6.10551819884017,6.44988450282183,10.9866203786505,11.5273692629068,16.1154928106809,77,8.6
3.51726854900966,6.08906093577673,6.44487311135013,10.9949371749329,11.5402955276277,15.7822270123721,77,8.8
3.61253906141064,6.08605053703897,6.43297624749414,10.9823659681143,11.5266562496689,16.1509430021089,77,9
3.64371029480636,6.0992628712064,6.44783902414971,10.9914472412597,11.5576698515497,15.5607374438812,77,9.2
3.74136833870165,6.09225104117465,6.45055553533614,10.9905872682735,11.5473106930803,16.0513942614277,77,9.4
3.90229188578346,6.10590613560605,6.45166771910272,10.9939828123314,11.5451406213424,15.794014234578,77,9.6
4.0805344605563,6.07028558017177,6.43612817506582,11.0087433954706,11.5575936624787,16.2502929608568,77,9.8
3.70880100985068,6.08956416918194,6.43813860015742,11.0131390616319,11.552935742272,16.3948811003143,77,10
-1.48911192821646,-0.641449520387309,-0.539606999608162,0.534807890454938,0.641683703150568,1.34074978712846,78,0
-0.958638821468693,0.301468927600021,0.438451485333019,1.92711653447443,2.08573517328442,4.45136864604464,78,0.2
-0.28834685623332,1.05689461215334,1.22672709830447,3.14576966187507,3.36092118827654,6.16520859336751,78,0.4
-0.198995976547849,1.72812839488527,1.93140143669015,4.17287004167571,4.40869357799346,7.75117283850773,78,0.6
-0.265890574389564,2.30789395843328,2.54465690653542,5.02270158184529,5.29015891490825,8.67355444743113,78,0.8
0.565702667612119,2.82702143947166,3.0748995215311,5.72341455299225,5.99980196237055,9.75970350696937,78,1
1.4495292236683,3.3067839978108,3.5610097953835,6.31327062841347,6.6067510780077,10.7108047316089,78,1.2
1.6783387650495,3.71231024473932,3.98262793005943,6.83173946052624,7.12084352252706,12.0283122661821,78,1.4
1.9942004549151,4.07755757699503,4.34392803535404,7.2637363371675,7.57619354533472,12.3930201004662,78,1.6
2.09344383211855,4.37870852822079,4.65601681773255,7.65953650741182,7.98730021949166,12.4256177062921,78,1.8
2.63750694629252,4.68908075328664,4.95227942599537,7.99077509414202,8.33001307625736,13.4629077710468,78,2
2.51701125460172,4.91917973963706,5.18999327711454,8.29037478542461,8.62598902334598,13.8751760429036,78,2.2
2.36669551621115,5.108391430359,5.38673317152238,8.55198155132995,8.89962524342098,13.0820558706907,78,2.4
2.58584883962279,5.28205038928138,5.56317343094953,8.76835394731543,9.12539516758907,13.6347780491991,78,2.6
3.10301999112495,5.42394581719768,5.6974100625443,8.99177740813078,9.35791560860103,14.0200048343453,78,2.8
3.53955679302803,5.54612133692952,5.8163455932686,9.17221568565609,9.55020422162879,14.2123851918381,78,3
3.29110617260995,5.62200930358926,5.89966289018905,9.35337881573214,9.72795017763577,14.4348102611396,78,3.2
3.42643516650676,5.68256372898004,5.9906128089651,9.49442406418605,9.88347864782851,15.0184292761116,78,3.4
3.93833945586958,5.76681581302906,6.06075159402309,9.62131767114771,10.0079852047708,15.1053873268836,78,3.6
3.80213309050634,5.82387411128051,6.12515884895146,9.76004005658613,10.157078956768,16.1069854593604,78,3.8
3.67189440557707,5.86263247452632,6.16844868415706,9.8644769409366,10.2726344781377,15.7473556605603,78,4
3.33294490182549,5.88680460845452,6.19960188875852,9.98284130696264,10.4041627162691,15.4894084587596,78,4.2
3.95607045346225,5.91294741746691,6.24697437148232,10.0616659034926,10.498085783199,15.6377516010049,78,4.4
3.49640863479444,5.93556573946759,6.26084157095528,10.1585575731354,10.6048218800614,16.0613084384562,78,4.6
3.77374728746641,5.94495808870946,6.28886897875818,10.2268849906307,10.67862930134,15.6578583748708,78,4.8
3.26006865995267,5.96407212567481,6.30690888758554,10.2999094991746,10.7607178746611,15.9776625080542,78,5
3.54717217226925,5.98898569873359,6.3123494128097,10.3581603095714,10.8216489061833,15.7109699350497,78,5.2
3.279633622354,5.99506873689446,6.33215764131786,10.421438244871,10.9091538385421,16.3725002746301,78,5.4
3.89463339798688,6.00080533040382,6.33470538419927,10.4867128891611,10.952081952578,16.4641753596288,78,5.6
3.7359612470996,6.01369124843102,6.34595540590091,10.521030615093,10.9997905797946,16.3495243521208,78,5.8
3.95119172476314,6.01707528624225,6.36222541863898,10.5735121304566,11.0621767140186,15.9782302458474,78,6
3.69986784561934,6.02490673930784,6.36597644847887,10.6214090333095,11.115526569822,16.4983678207248,78,6.2
3.33583574296978,6.02113958760459,6.35448086950428,10.644407542908,11.15448747739,16.1404847740173,78,6.4
3.67397942951035,6.04167131459033,6.37650425700119,10.67723368665,11.1664110604129,16.2293925634748,78,6.6
3.68339768009821,6.03423297863371,6.37468820757129,10.7105412259482,11.2050406854094,16.7613040310443,78,6.8
3.95032353570323,6.04064264736192,6.38364844315104,10.7420794780469,11.2348292743333,16.7559050689744,78,7
4.04802346034377,6.04861425363705,6.39309978182892,10.7475609268469,11.2449001884042,16.8046140619578,78,7.2
3.83670444455767,6.03789418012097,6.39565462166668,10.7900143464906,11.2903754146526,16.9725218413826,78,7.4
4.06344824023281,6.04285762803892,6.39467167158294,10.8202041966699,11.3298524268344,16.8766667238321,78,7.6
4.04643732078187,6.0253037779743,6.38625684650123,10.8299912006323,11.354689202487,16.6764264434915,78,7.8
4.00877383746298,6.05689170296824,6.39999759657218,10.8481826452308,11.3705657043808,16.7320570639447,78,8
3.77083059047558,6.07307435233343,6.40341265710783,10.8751501725019,11.3934860683191,17.0198459368359,78,8.2
3.53912924278948,6.06207681209216,6.40943383441879,10.8908934958473,11.4076615446837,16.5988234654164,78,8.4
4.06197598727036,6.06626556360629,6.41701099603699,10.90137792645,11.4273151000967,17.3001241409527,78,8.6
3.84035190354685,6.06624099685328,6.40888935896147,10.9190148999228,11.4477305087229,16.8683694560278,78,8.8
3.52624939527338,6.05518210665774,6.40237092931339,10.9226362719131,11.4567406281677,16.6861820327379,78,9
4.02619998108774,6.05474744610847,6.4006936611523,10.9327822243228,11.4834554333779,16.5117448620664,78,9.2
4.11992668622251,6.04447433910117,6.407288372574,10.9304689513696,11.4930157330639,16.8407979468983,78,9.4
4.17025802369518,6.05430661146517,6.38862939687038,10.9445932846217,11.484951597466,16.7057146931,78,9.6
3.86217738252714,6.05308692523514,6.39895835929013,10.9463357043618,11.5068984834742,16.5440905322944,78,9.8
3.91241747697766,6.06641657781611,6.41132147684735,10.9619409231262,11.4908034314797,17.1428508401394,78,10
-1.31030565325097,-0.637762046296946,-0.536245615294035,0.536076392717568,0.639335032208521,1.36352885802818,79,0
-1.20487473545187,-0.129812473245029,0.00640131400887474,1.35685846337325,1.49647939455248,3.38296552394945,79,0.2
-1.35089662568144,0.33245094353256,0.488950474640399,2.12492261673687,2.30665731362604,5.77022537307886,79,0.4
-0.730114740682117,0.742316785493996,0.919844082844988,2.83088477186434,3.02930376272362,7.59059975861693,79,0.6
-0.447099614078246,1.10346252717826,1.31708140218366,3.46159771044353,3.68858915923231,8.80477225421266,79,0.8
-0.169700323323864,1.48548295894027,1.7046906979108,4.03072233612221,4.26769962402813,10.0934693733599,79,1
-0.376386844608185,1.82505427138913,2.06242196034348,4.54069900473273,4.80357531985143,10.3133207423453,79,1.2
0.159966528703232,2.14774057498679,2.39494859780589,5.00699106114761,5.29206392545282,11.3316844238624,79,1.4
-0.293250906593855,2.43577398387076,2.69806749558026,5.41639053293926,5.70173148939487,11.8788243485778,79,1.6
0.28755893592208,2.72110277890959,2.98828853349622,5.78252149038113,6.08294769746448,12.1423479653849,79,1.8
0.552612415745187,2.98236233090819,3.25046384073795,6.13255105988391,6.42843712090208,12.7417131358738,79,2
0.407438235964268,3.21793621731671,3.50325657541656,6.45033453265993,6.75232808986298,12.991959503416,79,2.2
0.740533065799832,3.44730290856536,3.73621558872573,6.72284366611167,7.01959036371996,13.0498532286814,79,2.4
1.12971609013789,3.66636727920143,3.95748224736265,6.98962958348003,7.3110554781445,13.5309269422532,79,2.6
1.40260474953327,3.86278139892186,4.16817741401269,7.21861920773819,7.56004785581638,13.8139299793423,79,2.8
1.77722064645127,4.05231468281696,4.34263534053025,7.4352034638507,7.78317783776576,13.646931103129,79,3
1.43232050547543,4.2212248177426,4.51585179515856,7.64025441096581,7.99367530614156,14.0074052956695,79,3.2
0.895207041372956,4.37273469763059,4.67096645228644,7.82651271229808,8.18399145387311,14.367741428223,79,3.4
1.62278914637118,4.50234028866422,4.79900670016466,8.01267876010962,8.36346894745838,14.6681655683548,79,3.6
1.57478976543895,4.63414628185391,4.93552354095451,8.17057719443906,8.53226603957203,14.657399072753,79,3.8
2.38148836011143,4.74192958986438,5.0518628948049,8.33532938722385,8.69050574964831,14.614778118176,79,4
2.59027154263474,4.85024737380601,5.16355492198312,8.4707462340447,8.83744033643739,14.3475405418133,79,4.2
2.11010312235652,4.95706169069803,5.26119933903371,8.6032483943569,8.98636370299171,15.0339193937306,79,4.4
2.43668038205493,5.04741134798041,5.3464428789042,8.71742868833006,9.09262047186695,15.0004970071712,79,4.6
1.87656991167196,5.12563289676587,5.43566810435343,8.83933004379758,9.24717482374366,15.0404226800771,79,4.8
2.00423319916502,5.20239839779224,5.50126314060406,8.96209825313193,9.34404200227624,14.9770638842488,79,5
2.29748780304263,5.24666285841838,5.55906351464096,9.04102936626205,9.44114283953054,15.4205717820992,79,5.2
2.03549606980667,5.30208498222163,5.61305472987833,9.15311957487824,9.53603485279578,15.3241440237228,79,5.4
2.72520390072882,5.36019095753949,5.67710626230615,9.23209333056059,9.62868612616102,15.6981784884647,79,5.6
2.40713897080017,5.41114571270588,5.71616366398468,9.32046649593232,9.7311680701365,16.023207629973,79,5.8
2.55841135171766,5.44679649979715,5.7660649912642,9.40803783005867,9.80669858976641,15.7231211847936,79,6
2.36064226538011,5.48714614617109,5.79908083494455,9.48269098091926,9.87890883446235,15.1993687856333,79,6.2
2.25567826552863,5.51106072205949,5.83541348979084,9.55120896535894,9.96318820265794,15.0321521461177,79,6.4
2.59308052126188,5.5528721822336,5.872650694008,9.61431339328668,10.0228794783563,15.791589788095,79,6.6
2.06914330375316,5.57258851571924,5.89737909732585,9.68044870584598,10.1092830988923,15.6559724895083,79,6.8
2.42370338525198,5.60439110156141,5.91214410771746,9.73587526072795,10.165124241114,15.5184830080682,79,7
1.62358287920387,5.60658180742839,5.93243904833698,9.79339221034382,10.235559963555,15.8728970938106,79,7.2
2.40793312462171,5.6410273167607,5.974688204616,9.85620026806649,10.3039442507787,15.4579401626399,79,7.4
2.99151739487152,5.65639833497779,5.98620838761449,9.90463783084155,10.3337001376957,15.4406713298294,79,7.6
1.3080341158419,5.69384571453187,6.01292288701344,9.95691442020348,10.3882693364765,15.8982368290487,79,7.8
1.10357504807217,5.68135236195616,6.01616198091729,9.9894541451795,10.4440486524287,15.7271483165343,79,8
1.67426589850664,5.6867582660296,6.04325967273193,10.0367247504251,10.4964423963719,15.8945489505079,79,8.2
2.18020431587947,5.71521976404498,6.0484384019293,10.0719790643613,10.516686587766,15.4738014925426,79,8.4
2.32243595252249,5.71009462485755,6.05496625158142,10.1229645864471,10.5849460912094,15.7122597965321,79,8.6
2.38520609940547,5.71832024291055,6.0729232541667,10.1599115868169,10.6161558896994,15.5113515847871,79,8.8
3.20343556736887,5.69926451719884,6.06200094767646,10.1907872357965,10.6471297194538,15.4959331419183,79,9
2.58229587521254,5.72249978633408,6.06953466656041,10.2214647582473,10.6874376611806,15.6416606523452,79,9.2
3.59143905203538,5.73077878307293,6.0834062377562,10.2610735179264,10.7336482505622,15.677923467247,79,9.4
3.06577440872385,5.72834422645349,6.07371598745778,10.2876020954023,10.7623196542604,15.908303963011,79,9.6
3.20280501819378,5.75495490408399,6.08951514230347,10.3045207184662,10.7846922211691,15.8277371494656,79,9.8
3.40061232215575,5.74727049572325,6.09012599630182,10.3526233821507,10.8177945133036,16.1473492996485,79,10
-1.34452482123753,-0.636738825405962,-0.534403624829719,0.537233566036097,0.6383063142913,1.3942013496671,80,0
-0.353744787017214,1.12974916842266,1.29358913759432,3.14997907153208,3.35431129177764,4.78342893892708,80,0.2
0.725768797610959,2.4902174960325,2.72181351750472,5.27151211876893,5.53817164834648,7.55189778934369,80,0.4
0.732791330234578,3.63666371287471,3.91763374960368,6.86863972432302,7.17276180052042,9.59691816982638,80,0.6
1.39105160963284,4.61148240110728,4.91415925838761,8.12223383028775,8.43563713819905,11.2031634262016,80,0.8
2.75508966672888,5.43182958004275,5.74850059050626,9.11912211673213,9.47448089022503,11.5212282267537,80,1
3.30910500813128,6.10886723354226,6.43633011043603,9.9337342050378,10.3128586476848,12.6688999037236,80,1.2
3.09260233583391,6.66992409087727,7.00680457120516,10.61641305425,11.0006058377147,14.0604837665535,80,1.4
3.86247389434315,7.09772606259994,7.42335121845202,11.1799717058666,11.5947280690344,14.6219074862082,80,1.6
4.37573166805937,7.41663731467756,7.75746888593267,11.6511700674605,12.0807164772517,15.3855224974371,80,1.8
4.70879623142872,7.65378482744079,8.00857818087719,12.0621552551932,12.5262492101462,16.5436714805901,80,2
4.81734102080771,7.84313210944435,8.19742417821967,12.4115872146119,12.8675642274045,16.3742304394936,80,2.2
4.69928252957091,7.97730619173127,8.3547088248017,12.7242155598579,13.2087784175417,17.2122201150105,80,2.4
4.62810699485578,8.06677170850853,8.45310160253203,12.9952712176124,13.4861463764705,16.976291769754,80,2.6
5.27535402554088,8.15025806239719,8.55465547360692,13.2075678150633,13.7546526497011,17.5517795610699,80,2.8
5.00176020652426,8.19581378044447,8.60911365112563,13.4142916452266,13.9606777359517,17.8038541472802,80,3
5.31218147164574,8.2476882706025,8.65604232310311,13.5935218466234,14.1566996773214,18.3695849062249,80,3.2
5.35731291957263,8.25971354069538,8.68689101315932,13.7317476406802,14.3134628505575,18.6813479688231,80,3.4
5.19819496979972,8.29381056879862,8.71002418568652,13.8752357252438,14.4647195370192,19.0704820617531,80,3.6
4.8603800144695,8.29501834507982,8.74308038146126,13.9964174333271,14.6014819672455,19.3183864970304,80,3.8
5.13559131142462,8.31580774753734,8.74760726504595,14.0794772793204,14.7106002220214,19.2350307690568,80,4
4.72940835942353,8.32440555968311,8.7599848319417,14.1809464352709,14.8077101929435,19.802244915908,80,4.2
5.26772311483544,8.33237980688203,8.77055735954905,14.2744675928488,14.9240453333766,19.462918610994,80,4.4
5.08574833431428,8.33206272500465,8.77319536730469,14.3340935123934,14.9847535217067,20.0568753191875,80,4.6
4.78571464066506,8.33430038798687,8.78334549176737,14.4004733929658,15.0726212724707,20.167706209176,80,4.8
4.89946180053045,8.34186800523322,8.78872461231227,14.4456250080967,15.1302258204965,20.6425634741199,80,5
4.86073014267494,8.35576181124847,8.78873434043276,14.5332956134266,15.1988674523771,21.2241752851821,80,5.2
4.79843542198018,8.36740473429763,8.80355093705625,14.5399286730613,15.2491831613799,20.9441156558099,80,5.4
5.0511636021876,8.35159681582427,8.80222712666048,14.5761331759275,15.2962264518762,20.2220190661688,80,5.6
4.88626373453962,8.35934764024051,8.8132427755278,14.6076463718032,15.3340361743077,20.5934627742183,80,5.8
5.40774732272716,8.37122363409276,8.79974868838579,14.6444662648754,15.3934861240334,20.9398875307393,80,6
5.29405211988613,8.35261588022007,8.8019127019325,14.6623342417778,15.3849435089115,20.7485448156738,80,6.2
5.00989182223727,8.35216718701602,8.81579307369851,14.6826093116522,15.4381218521152,21.4889547639249,80,6.4
5.57208267879544,8.39539422718624,8.8153228096665,14.7081978542196,15.429936751617,21.1739447139761,80,6.6
5.6957725796715,8.39135436701327,8.82631301823833,14.7185133784436,15.4756401207203,21.2205965242659,80,6.8
5.66545474403757,8.3747636561086,8.81513264256755,14.7271197362072,15.4846860837227,22.4136971260808,80,7
5.24445023334912,8.36017060949951,8.81299470256737,14.7654626161827,15.4946553885673,22.3800851226935,80,7.2
5.57122391967204,8.35351748296671,8.80859710357223,14.7730376065988,15.5165040250865,22.7357358749643,80,7.4
5.67660649018477,8.34645802012801,8.81351983900292,14.7640599569647,15.5415042707419,23.4527127076348,80,7.6
5.15703335789232,8.35975832212687,8.82085924476085,14.7824395513926,15.537093983236,22.8769232807318,80,7.8
5.692470334778,8.35444183286701,8.82563052810175,14.7883127726427,15.5625549316936,22.9229702275038,80,8
5.09900047543328,8.37759205730542,8.81487098776411,14.8006315194875,15.5485018513173,22.7329793790526,80,8.2
5.16222715545735,8.37089902952149,8.82411529553672,14.828424045146,15.5555087559671,22.9223099721042,80,8.4
5.24211417786673,8.36844774247507,8.82533373598812,14.8174840642057,15.5955678670905,22.6264748032591,80,8.6
5.65184239674243,8.38432486689223,8.8224917524699,14.8090257916407,15.5800831182282,23.4633875194807,80,8.8
5.34867295786659,8.35722729932157,8.81373971909623,14.8124627975952,15.6109846069518,24.3443546096922,80,9
4.81900540955482,8.36480361766362,8.81395416654351,14.8252594149526,15.6039116094326,24.9752437845456,80,9.2
5.03993879407464,8.36162218538588,8.81367374994048,14.8397183798852,15.5956650377367,25.4864492984769,80,9.4
4.81932634890176,8.37060335819336,8.80323585654954,14.8172957221234,15.6146740331375,24.383230679781,80,9.6
5.64592928232952,8.36101852971655,8.81644112918771,14.8327331235789,15.6184099876011,23.9812994283531,80,9.8
5.1106696751334,8.34581571578475,8.80167631418412,14.8228933712738,15.6013591327728,24.5574025879761,80,10
-1.28425228807406,-0.642006819106527,-0.537552045620603,0.537543173031217,0.64053476275579,1.41589457178114,81,0
-0.397749655365773,1.23401516551818,1.39696766336693,3.38081817054159,3.61487768637603,5.31155195796428,81,0.2
0.510458118979566,2.74947396829335,2.99924580124653,5.91929148186059,6.24505867655735,8.71861085998705,81,0.4
1.93542844412353,4.11699180164287,4.41608566447769,8.00070108804409,8.36519224949732,11.0387713254638,81,0.6
2.84498188945692,5.33485209442099,5.69533419874933,9.72378216817749,10.142407873165,13.8152888509578,81,0.8
3.93644863228837,6.45289623425662,6.83863111025326,11.171176172325,11.6263989159058,15.9045527630937,81,1
4.57508315575861,7.4551032943474,7.86493322186777,12.4209783599502,12.9040496190235,17.9850552926853,81,1.2
4.59765704208913,8.36845639000714,8.79697355684827,13.5120797959338,14.0195578827204,19.5166564213155,81,1.4
6.07718960312668,9.18246152983511,9.62096422034224,14.450673117423,15.000237366106,21.9358221140532,81,1.6
6.6536525658897,9.88766356404661,10.3171065408692,15.2886311746638,15.8899286511564,22.6001960709623,81,1.8
7.80889241099568,10.5114641107769,10.9396612269937,16.0379808653408,16.6682410738708,24.5836916518757,81,2
8.23448256744821,11.0360806826685,11.4489940302816,16.7058131061241,17.3523933000185,25.3019739223016,81,2.2
8.09648171567053,11.4757178074302,11.8829403596876,17.3279512150917,17.9926715063238,26.3203365851934,81,2.4
8.60757535155236,11.8315172815865,12.245717520545,17.851519428424,18.5714109350206,27.9478531417059,81,2.6
8.89350496243426,12.0942335452039,12.5314858701568,18.3609061478355,19.0994216233703,28.2437460504247,81,2.8
8.87994117086851,12.3386927847496,12.7655203290982,18.8285420978495,19.6029142962459,29.3483267655035,81,3
9.23584176285436,12.5243177267738,12.9408014885168,19.2336879218926,20.0621913811662,29.7851443559837,81,3.2
9.47335842727138,12.662408216359,13.1033103439235,19.6006280515912,20.4724558804809,30.7748926622756,81,3.4
8.99287759281573,12.7571111120341,13.1952708107688,19.9410914398763,20.8303699642378,30.9859091581614,81,3.6
8.02678368009319,12.8635337176713,13.3096777235419,20.2523709214359,21.2104294249641,31.6337243164499,81,3.8
9.64999228262322,12.900012564589,13.3707943392828,20.5382536280795,21.5342710007132,31.8134977704474,81,4
9.55597767693298,12.9513923450092,13.4444750466927,20.8083977026896,21.8457135319358,31.9409420756404,81,4.2
9.54134026689971,12.9514479716492,13.4921167717548,21.0526228227231,22.1169787368203,32.7225068192281,81,4.4
9.54959675753987,13.0049307689604,13.5400266499815,21.2996429053378,22.3622453824808,32.9350084864957,81,4.6
9.55260369212778,13.0367977480459,13.5595460580087,21.4878022441091,22.5789285851406,33.5000733235219,81,4.8
9.66818108454832,13.0645219875708,13.581719185249,21.6509758777076,22.8233215685569,33.2490502862586,81,5
9.57996013541729,13.0946682972824,13.6246636172064,21.8568626725097,23.0042762692454,33.5952407538169,81,5.2
9.76430006607327,13.1042298483192,13.6377809994264,22.0114875111391,23.214280576225,33.4586323321243,81,5.4
9.86233103713763,13.1028765297884,13.6516107204261,22.1557549078764,23.3480321219526,33.7830840230674,81,5.6
9.27394337658562,13.1206101094887,13.6850201857131,22.3149236615029,23.5492192185222,34.4795306456085,81,5.8
9.50585452949764,13.1033315548346,13.660782165109,22.4473417803345,23.6670765899709,34.263127265526,81,6
9.5708220602328,13.1204495403269,13.6644110569215,22.5523764578549,23.8066558456374,34.8480491325115,81,6.2
9.70362668628624,13.1182653485157,13.6798093324999,22.6349138402283,24.001759089237,34.5387953201368,81,6.4
9.83248874817824,13.1457394732482,13.6936688292386,22.7253033788293,24.0731318936691,34.6280045932668,81,6.6
10.1139164822441,13.1304487706357,13.6897631182573,22.8330196056744,24.1849722039521,35.4774360767854,81,6.8
9.70422413313897,13.1498864246061,13.6866671726557,22.9151569833098,24.234381411664,35.0157111063533,81,7
9.88549575284975,13.146899666843,13.695673106227,23.00672495731,24.360545012285,35.4379910042838,81,7.2
9.93906233977007,13.1566676607602,13.7248176187865,23.077337919752,24.4824166912523,35.5669546045386,81,7.4
9.94359894322526,13.1519405777668,13.7287307350204,23.132859334851,24.5351347705853,35.6565743551935,81,7.6
10.1436468252009,13.1486941444385,13.7319408003035,23.1934122645306,24.6145556408399,35.9958428642283,81,7.8
9.0518053687537,13.15253808163,13.7181436258034,23.2684601961182,24.6803588830418,35.8084600124133,81,8
8.79698813786864,13.168907518388,13.7076085879156,23.283012761331,24.7416545400152,35.6226162655358,81,8.2
9.23064894139093,13.1323196855971,13.7226000971006,23.363842514737,24.8571664663807,36.1867001527895,81,8.4
9.31883299122845,13.1513295541329,13.7273479162656,23.3805409191116,24.9189384285013,36.2022486380764,81,8.6
9.70647400361798,13.1518346664125,13.7233325127444,23.4392332425842,24.9472672657358,36.6579875424689,81,8.8
10.071212866744,13.1543204319117,13.7240419530012,23.4874111016377,24.9827285734452,36.7226085493365,81,9
9.42412230271275,13.1836959267711,13.7228470148627,23.523308896946,24.9925448751969,36.7697716158979,81,9.2
9.62911887159053,13.163799970258,13.7253035666113,23.544982113452,25.0626153222373,36.6940586101357,81,9.4
10.006534563583,13.1583608719497,13.7210332245826,23.5750772613755,25.1136327158969,37.4537051745352,81,9.6
9.64740181406651,13.1696815938216,13.7316104269718,23.6301531905809,25.1292719647519,37.1091608196137,81,9.8
10.100223058721,13.1404183828131,13.7211726702176,23.6343401277174,25.1981743700117,37.1271836647751,81,10
-1.36295214338877,-0.646261790740642,-0.546004301328294,0.537037231583533,0.644434842513951,1.28469809179924,82,0
-3.22543245120171,-0.55387964156664,-0.348880533281848,1.66866703603659,1.8922830170041,3.92870438657722,82,0.2
-3.06253063043965,-0.3559711167892,-0.0860835995878081,2.63287333317106,2.97212716665536,5.80016323092862,82,0.4
-3.24814073700534,-0.155307552114526,0.17146424636292,3.48732177355301,3.89968661895128,6.9489521110551,82,0.6
-4.2472569523186,0.076240526139495,0.450306863704891,4.21962309325046,4.71750344377066,8.1280268720194,82,0.8
-3.86021596461959,0.31111304430624,0.743553248236962,4.88979762233733,5.40621602245493,9.6648041853181,82,1
-4.29146346533913,0.52993390241435,1.00052819562856,5.50016861858592,6.06677650749716,10.6968804873341,82,1.2
-4.95758938439285,0.767675387885542,1.25792193983826,6.05893032703561,6.67146352702435,11.3071267171732,82,1.4
-6.34888077459739,0.974000380150106,1.51150273631742,6.53509753254418,7.16342767135308,12.2339512062673,82,1.6
-5.14604298236902,1.21565281075062,1.75076761930371,6.96669556427697,7.62523148775643,12.7976060240644,82,1.8
-4.41012415154905,1.3923406176839,1.98453735971525,7.3860575525661,8.0371278620005,13.0202773146115,82,2
-4.3108984207352,1.61272338557609,2.1965028088883,7.73112839134566,8.40103792956296,13.8064710508954,82,2.2
-4.04397272565323,1.80581157662433,2.39931317030436,8.08020513701394,8.78088052952513,14.2932279326634,82,2.4
-4.25859743713041,2.00771280640435,2.59953204729535,8.36059535444936,9.0898506604042,13.8321478884605,82,2.6
-4.59718704930509,2.2020706613345,2.80085335799275,8.63916352463061,9.39892761562943,15.2737156200956,82,2.8
-3.74603859938409,2.35806910311608,2.97098261201917,8.90524381592088,9.64039124547759,15.2401857598447,82,3
-3.7136158119191,2.52538559548877,3.15333259256878,9.14728228628859,9.90247596834716,14.993853390805,82,3.2
-3.5217751531835,2.68028131005152,3.30026406151775,9.38080161203156,10.1094433632279,15.2968220709377,82,3.4
-2.62277238665383,2.81666589848459,3.4478657295773,9.60349782388615,10.3351879079288,15.846070478823,82,3.6
-2.54668886209744,2.95052637074924,3.6044049246191,9.77362093322894,10.504175649308,16.3372424081242,82,3.8
-2.8372595735949,3.07770382350591,3.73019515497183,9.9902019905117,10.7316028731036,16.620413048676,82,4
-2.98756663083031,3.20330366899373,3.88610789312001,10.1470667519901,10.9069758661905,17.7224391440649,82,4.2
-2.46620132029812,3.33455777622861,4.00211234293325,10.3154718024184,11.1108453552033,18.604427149162,82,4.4
-2.62110045458324,3.45309307250099,4.12388473045393,10.4308514036528,11.2239806279008,20.3669350194222,82,4.6
-1.53652903229419,3.57122019424629,4.23206274868484,10.5933071652888,11.399017624776,19.8729686175207,82,4.8
-2.81745710880725,3.68486628063256,4.32302580656133,10.7422340859027,11.5628139529571,21.1379408450581,82,5
-2.14681161577711,3.76929017143959,4.43583968488453,10.8469527733085,11.6838380634629,20.3829828876727,82,5.2
-3.0149065733147,3.84698801027932,4.5244494383712,10.9652741562184,11.7902570042709,21.014365493545,82,5.4
-2.5455435513648,3.91779104741593,4.5663700628419,11.0999404507272,11.9067361080003,19.226653763695,82,5.6
-2.96872944883425,3.98767471604862,4.64558487652876,11.182348051174,12.0038899712471,19.7644822503435,82,5.8
-3.13828104052614,4.07461681901022,4.71359799706917,11.2827829659737,12.08915464381,18.7228386497949,82,6
-2.5616214179872,4.08122043700343,4.77194418929091,11.3350784769416,12.1891137313559,18.2053404884474,82,6.2
-3.14236046083086,4.18735841822945,4.82281018285008,11.4406223584158,12.2690763847325,18.4358393961831,82,6.4
-1.79900556546703,4.20981690165899,4.88407207533293,11.5003762539875,12.3436377941634,19.2516843965237,82,6.6
-1.77757578464445,4.30897388265981,4.93951402223828,11.5996026131101,12.4110650165882,18.7090839564903,82,6.8
-1.57852605301163,4.32156058797341,4.99795944854689,11.673438432233,12.5023180289825,18.9273662358253,82,7
-2.15460955847857,4.37970326627407,5.03718380298922,11.768921841673,12.5896366834732,18.8456729202682,82,7.2
-2.09177350936902,4.40171921413358,5.08918723429813,11.812997204085,12.642191258718,19.6914663232297,82,7.4
-2.1988764164524,4.44211667459272,5.11045240939454,11.8740681426809,12.7302146985283,19.4083857926897,82,7.6
-3.35819006641636,4.46939166686002,5.15824084795723,11.9383079416449,12.783801686935,20.3572791341478,82,7.8
-2.43008766246587,4.54566217324223,5.18120415474261,11.9818458694836,12.856482043012,19.4674659931598,82,8
-1.81453558702851,4.53586405878227,5.22588838266384,12.0517825112007,12.9280841284649,20.3134877777013,82,8.2
-2.72392539211601,4.57446961991285,5.23891642922115,12.0809455654781,12.9572574577634,20.4106617785939,82,8.4
-3.14744381294147,4.58164799266792,5.26536871553241,12.1273281343794,13.0100536190714,20.7999608459007,82,8.6
-2.56633619431465,4.64681591329882,5.31226018050667,12.2092562405476,13.0928985812163,20.3309772008506,82,8.8
-2.1513082762872,4.64646680295758,5.32243527173599,12.261024483827,13.1421455946815,20.7634155747326,82,9
-2.66506850358102,4.66873723805187,5.33113484544266,12.3175456394172,13.1917401637161,20.7391407288723,82,9.2
-3.19663498064574,4.73054682922464,5.38381579067482,12.3502729643898,13.2438130377308,21.6322707533907,82,9.4
-3.01030376812261,4.7455338875875,5.40427072734295,12.3867582791128,13.2784186906934,21.9610088045521,82,9.6
-2.43646512676781,4.7850896793484,5.40932793645377,12.4236433369366,13.2884712623073,23.3915817972129,82,9.8
-2.53477337076283,4.77952202512261,5.43575532995283,12.4768873389296,13.3254737659976,22.472378731748,82,10
-1.4211501297595,-0.644827981683802,-0.541400650997333,0.53502818963373,0.640998248418822,1.30068010402333,83,0
-1.63524303185372,-0.242728889861188,-0.109811454773923,1.22926138290475,1.37051728810781,2.98004300968875,83,0.2
-2.02724011883216,0.120587016315336,0.284811281823458,1.8726175188049,2.03935123339813,4.79599199646961,83,0.4
-3.0384218169303,0.453581703615568,0.640705390978897,2.45804425051079,2.65491742260253,6.49418053877668,83,0.6
-2.62320772152007,0.772994494664962,0.978549086868632,2.98877826766649,3.2029426335611,7.62954809322222,83,0.8
-1.65003910204654,1.06583595431274,1.28593104207668,3.46558164015804,3.69793730317348,8.43257937780599,83,1
-2.03652309286989,1.34445485389477,1.58110768944633,3.89761023038233,4.13810919475545,9.16468369020335,83,1.2
-2.17854072524967,1.60721437245759,1.8530083039299,4.27964602648769,4.54495864632127,10.24977939476,83,1.4
-2.83500792830909,1.86831009699404,2.12155809070605,4.63070587729364,4.90772492789758,10.4811204752001,83,1.6
-1.44360779461978,2.09310868954752,2.35861074666902,4.94785045063824,5.21136695274717,10.8514920752569,83,1.8
-1.66331784233421,2.3135396283612,2.57201929192141,5.23063081918051,5.51459523914886,11.087364259135,83,2
-0.296049908710863,2.51666937276991,2.7865714840775,5.49293197465053,5.76434627465287,11.365657435347,83,2.2
-0.317663994037276,2.70081242804488,2.98106920385358,5.73529819491112,6.02921672207219,11.655069172696,83,2.4
-0.555290117250683,2.89505982748661,3.16178717763018,5.95672391061602,6.25070978836383,12.3457905388582,83,2.6
-0.473119596884828,3.06062433655862,3.33851973968545,6.15779130253455,6.46351726931088,11.8842821102806,83,2.8
-0.733891418450189,3.20274484963569,3.50967742143201,6.33404258130864,6.64224341735751,12.0863113498523,83,3
-0.588736495609964,3.35356267579363,3.63914435910015,6.4983474178188,6.80580068889184,11.9810556753259,83,3.2
-1.49006068988397,3.48993575520511,3.78886550801406,6.67114434548662,6.9770782074881,12.552326595768,83,3.4
-0.583563655078998,3.62011266659136,3.90337400815602,6.8119859736861,7.13540554494549,12.5702876943815,83,3.6
-0.959971239124743,3.74009926995741,4.02292223065465,6.97306474701149,7.29633919048145,12.0699717155476,83,3.8
0.292201641542347,3.82947532555173,4.1143798649772,7.10475370836045,7.43222360682104,12.801531492485,83,4
0.772287996806305,3.92551307116317,4.21319200384332,7.21788511050541,7.55507246416504,12.9704410886242,83,4.2
-0.325650556659474,4.00707051827272,4.29487760989596,7.33910781119438,7.67610920622833,13.0258421609541,83,4.4
0.0865946389598811,4.09077273178741,4.38206485570517,7.44182998423682,7.79112730520968,13.1890557685507,83,4.6
0.630461321025919,4.16971464281745,4.45467375776424,7.54497754248405,7.88753437589113,13.330236803606,83,4.8
0.845382166595723,4.23041106131067,4.52231748431848,7.6410647580025,8.0006649173756,13.1399651695371,83,5
2.2823100389262,4.29297723846297,4.58436958817556,7.72516402783142,8.08231165763458,12.6845994795665,83,5.2
1.96331041694589,4.34700281585931,4.64873283969128,7.8138946485226,8.1795487013066,13.1874374370385,83,5.4
1.59899235909508,4.41349872151552,4.69784186335368,7.91499137770838,8.27686617714865,13.3911183552298,83,5.6
1.79222819549248,4.43743572983342,4.7427778021003,7.96933455353982,8.3405231908407,13.2643839059511,83,5.8
1.0261013865492,4.48098894380837,4.77758697545347,8.03443942570901,8.39272942607535,12.4646504320706,83,6
0.864811031214752,4.52059661524244,4.80929550538291,8.11026172512058,8.47894262422782,13.5538011441759,83,6.2
1.18445006390399,4.55241662574024,4.84718277946541,8.18797857850042,8.53740111992449,13.4519596354504,83,6.4
0.663861214601901,4.57178649548438,4.87268994391354,8.23161103047602,8.6132153323632,12.5659101820423,83,6.6
1.99144447966119,4.59144798076793,4.90245397243585,8.29536453629753,8.67820554253951,13.3712976835321,83,6.8
1.67366327676242,4.60420831661041,4.92069703885752,8.34710896679679,8.72134521318552,13.6360422890805,83,7
1.19130352700683,4.64844033333186,4.95153349890345,8.39008275591556,8.76920345500297,13.6650577275975,83,7.2
0.45570283578577,4.67198292468987,4.97718740802074,8.44633590050278,8.82233027984526,13.70138381141,83,7.4
1.94180425653728,4.67601961040805,4.98195220863966,8.47506717929153,8.86085589235293,13.0249526498941,83,7.6
2.06647647075746,4.70285676108439,5.00682463986206,8.51952905638417,8.91691629820725,13.5233006686223,83,7.8
1.67146973899908,4.7371003245984,5.02564063931535,8.55802551641326,8.95641147190217,13.7203514658455,83,8
1.51899509288006,4.72894798453289,5.0249234376125,8.61380754356422,9.0037936507934,13.4171714511585,83,8.2
1.63593116063323,4.72749834217724,5.03628636695019,8.64829993423992,9.05942234001967,13.43348063308,83,8.4
1.14471301733355,4.74336943910309,5.04735083594501,8.66496538612045,9.08805917393595,13.3063600456901,83,8.6
1.25301755710569,4.74677258424708,5.04535350839338,8.71482074942504,9.14172205592917,12.8723164683398,83,8.8
1.84419577593118,4.75257888221718,5.06008960109731,8.74220902072212,9.15192899602732,12.8198283419553,83,9
1.22332998846588,4.75197295815077,5.07569509163527,8.77013303150326,9.18996734474345,12.6749374136565,83,9.2
0.645346340003558,4.76662681534052,5.07985016191883,8.79488010931516,9.21051916958482,13.3246141142605,83,9.4
0.985222718513934,4.77808711770292,5.08755795581412,8.81470482397516,9.24091056904945,13.1098828244374,83,9.6
0.820250089290603,4.77866695449121,5.09189700250955,8.85077538209391,9.26725381752634,13.4235335653776,83,9.8
2.152517308031,4.77322079197695,5.08357949328521,8.86635098512286,9.2989858615805,13.3174764931094,83,10
-1.54451390998899,-0.643609742834553,-0.540279029400158,0.534214166786377,0.640166806767485,1.33617643037356,84,0
-0.335474217391626,0.879122458470796,1.03730757366571,2.85133224695604,3.08041706815205,4.92477277072788,84,0.2
0.444892953972435,2.00464624696104,2.19990846757909,4.67810813249708,5.05670299666061,7.56380802085063,84,0.4
1.28026021347059,2.90950452284166,3.1281037103418,6.05700209309142,6.55624894334792,9.36203601380449,84,0.6
1.63634398007757,3.62821210978788,3.87483670751205,7.12330473721735,7.71745051807057,11.2117844780142,84,0.8
2.39005484322043,4.21102328001327,4.44630047729616,7.94742206526958,8.62450383104235,12.1119015813947,84,1
2.83277739228801,4.67453444771658,4.90762078735795,8.60144931031789,9.32442044736435,12.9298957835625,84,1.2
3.25992510298592,4.99209718659705,5.23315632254877,9.11662184820347,9.8890712956628,13.9431652702883,84,1.4
3.07904294307956,5.21475732213289,5.47169954485225,9.56293814796706,10.3613617973773,14.3387187840855,84,1.6
3.25406492103912,5.37677729369161,5.64433759199038,9.88312138133827,10.7416139422979,15.1454645776224,84,1.8
3.82344858076386,5.49531610086758,5.78255952933513,10.1615459001413,11.0307215508151,15.664336144899,84,2
3.42176861433789,5.5757998181888,5.86675873931765,10.3893111979652,11.2951272886871,15.7875286895645,84,2.2
3.6672791077047,5.61590831662715,5.93345924316339,10.5469754792446,11.5010857081349,16.2124325920402,84,2.4
3.39924521723223,5.6600853384391,5.97329961956382,10.6956570038006,11.6647990966543,16.5721488121425,84,2.6
3.79232941248394,5.68745793735991,6.00698681149428,10.8182467175915,11.817234812139,17.1691602046314,84,2.8
3.49498041131205,5.69716110209644,6.02191309329154,10.9072923346465,11.9095139914667,17.1585975745702,84,3
3.62282774532044,5.70842749486784,6.03044511467314,10.9882296826258,12.019252679855,17.6807265279744,84,3.2
3.90068086753395,5.72811914581539,6.0557107353278,11.0698629831288,12.0847972919094,17.8725563468085,84,3.4
3.71869159733912,5.7315670895036,6.06230202225525,11.1443912854447,12.1899432701115,17.3059685582477,84,3.6
3.541282961839,5.75011794144397,6.06289320506301,11.1657145168781,12.2479734362326,17.9546809947434,84,3.8
3.56506725562611,5.74709180203787,6.07517662818236,11.2093932725372,12.2597432432635,18.1153214179379,84,4
3.62438285873547,5.75761094279256,6.0719999285061,11.2602482280542,12.3050922911068,18.2423953610905,84,4.2
3.09229848329561,5.7508661050262,6.07783486919137,11.2691655819221,12.3589115185512,18.2395773414221,84,4.4
3.35229656219524,5.75786598683398,6.08479802755749,11.3099834768864,12.3674256021346,18.1653827466514,84,4.6
3.81874708614672,5.75820699733727,6.09529708751813,11.3155952373642,12.4183381734101,18.5819934545723,84,4.8
3.23941907655579,5.75725159103828,6.09233424479336,11.3492261660342,12.3932950426761,18.6550216850705,84,5
3.42458556478799,5.76550765892307,6.0950143198134,11.3723400829717,12.4228398417469,18.1604315847124,84,5.2
3.60749961507653,5.77072488577147,6.08818541612389,11.365958926208,12.4511001975654,18.5369878815449,84,5.4
3.60567807667409,5.74875659831037,6.08450928122364,11.3758658953384,12.4706836458715,19.2160758442896,84,5.6
3.81700464085622,5.73899302995408,6.07272440738785,11.4028673984555,12.468919555493,18.3498932520094,84,5.8
3.71110605974918,5.75371269626463,6.08544172138842,11.3907664298036,12.4809593013919,18.4780501000449,84,6
3.36807558611704,5.77335856111831,6.09299945999917,11.4292478600926,12.4789995286786,18.9986458388573,84,6.2
3.85565230338952,5.75370486122361,6.07845327842078,11.4317846314865,12.4806160370115,18.5647014363493,84,6.4
3.55701211996968,5.77140126579242,6.09032565300882,11.4183362727203,12.4903448348161,18.5219624432021,84,6.6
3.22276765510867,5.75918054594137,6.08312001151484,11.4302410185755,12.5385486435461,18.6052078941249,84,6.8
3.6456546505225,5.7559837398407,6.08116614766777,11.4309318423756,12.5250903982123,18.612132992538,84,7
3.63364093008051,5.76592487663245,6.08815885450165,11.4728262488283,12.520433440824,18.4910250836713,84,7.2
3.56900830736036,5.76731553132614,6.08828519092748,11.4485480368547,12.5129054797736,18.7802284719778,84,7.4
3.79877162390271,5.76270593047832,6.09216817878081,11.4440456962963,12.5153627480076,18.8265172617968,84,7.6
3.94087166504304,5.76145402866791,6.09115330013177,11.4559861587668,12.5064923086138,18.5728360461749,84,7.8
3.37531110007865,5.75594125170711,6.08925030778491,11.4687067320724,12.4884637403876,18.9290187772793,84,8
3.78496367090396,5.76239586245958,6.07181734046695,11.4889157424431,12.5114301102319,18.3986694242971,84,8.2
3.59706256520909,5.76198665559967,6.08987155958366,11.4769584863492,12.5088772239281,19.0370969009621,84,8.4
3.83378388504626,5.75312921099548,6.0856939296174,11.4539010350537,12.5316424892704,18.6081243012224,84,8.6
3.1294109971065,5.76357212113454,6.09025785945727,11.480344681727,12.5391256521252,18.7954412865336,84,8.8
3.70104505765502,5.76045270788888,6.07688878732859,11.4754750205506,12.5178768142131,18.9105369104682,84,9
3.28674199528264,5.77268430088995,6.09551542515785,11.467846504758,12.514192786122,18.6679143399335,84,9.2
3.68129692354493,5.76207132195626,6.10584388147418,11.4588778576281,12.5505645201062,18.9703790611695,84,9.4
3.80953161941644,5.77060674827797,6.08924341911094,11.4736703275677,12.5376786066926,18.9823401177966,84,9.6
3.88673415160867,5.75364635625579,6.08738311238813,11.4746815019519,12.573935856437,18.7261155725866,84,9.8
3.61777037768752,5.75049614311903,6.09098891836806,11.4732793006849,12.5331691845397,18.934686397907,84,10
-1.38853972758069,-0.63936804701763,-0.535861749499614,0.537942079508695,0.641755106949243,1.66371322064634,85,0
-0.918834586002742,0.257078476168877,0.399696598555366,1.87919227969115,2.03444933609359,3.20395240809421,85,0.2
-0.842005666169775,1.00487718730249,1.18190423317222,3.14599685874404,3.35615423249907,5.5880542456979,85,0.4
-0.21637732892284,1.68394370773832,1.89716989067001,4.27987413460683,4.5318968262098,6.88927588865123,85,0.6
-0.0597873657249924,2.29273658430411,2.5374140296989,5.2586564967266,5.54903433752622,8.33662788778781,85,0.8
0.602628331827589,2.87592857280116,3.14223427052699,6.13359935150427,6.45152799370336,9.40350755531984,85,1
0.364969811830065,3.40512576466463,3.69422656701524,6.89655720924833,7.22924214512908,10.7314652741793,85,1.2
0.85523394305946,3.88491648388273,4.20106562752532,7.57582328121709,7.92280476226697,11.8149638922375,85,1.4
1.27667519066729,4.3704917303175,4.67696080709624,8.16867387389815,8.53826793228189,13.1374823670028,85,1.6
1.61588360079897,4.78661480478291,5.11451750668056,8.70545775945458,9.09262480766897,13.2094455454839,85,1.8
2.0056303102461,5.17316740929252,5.51129732660088,9.19838459392273,9.61035284709473,14.2248321665379,85,2
2.90713932790825,5.52762690310079,5.87936301492996,9.63359513244077,10.034755916918,15.0339964558953,85,2.2
3.10047589949758,5.85896707812922,6.20916515297744,10.0214704815929,10.4584581477286,15.4298951682893,85,2.4
2.67398338335463,6.16278016344641,6.52253506680276,10.3728128371329,10.7935271663874,16.3447497300926,85,2.6
3.79712029096622,6.44169205528981,6.77552162464915,10.694027945282,11.1438322689511,16.4943525720148,85,2.8
4.28347197401714,6.68147694985535,7.03453917724879,11.0167591796488,11.4603111034969,17.1825178845749,85,3
4.1895684715879,6.89977786829921,7.24738852437594,11.2866099825696,11.7318712201177,16.8837716676633,85,3.2
4.21707857633479,7.09726628926625,7.44463858254463,11.5168052764661,11.9946593714094,17.2634078368122,85,3.4
4.46177633151058,7.26027614221562,7.59907618903763,11.7534720790554,12.2182012272021,17.9324048871956,85,3.6
5.06827648730061,7.39999910596042,7.75554943822579,11.9721338195847,12.4423594240821,17.4029406566316,85,3.8
5.15281384483343,7.54276323111085,7.88404613450729,12.1849163737312,12.6765696014688,18.7522189140562,85,4
4.61105333470796,7.67845633601613,8.01703124531429,12.3626922158075,12.8803779057271,18.3692632796349,85,4.2
5.3212634897565,7.75049979652624,8.10451515805174,12.5397620947087,13.0679127299645,18.6723440464796,85,4.4
4.99192836454181,7.83553886655609,8.1982604396903,12.6975371137872,13.2060023360434,18.6264116702319,85,4.6
5.04211633278614,7.91788508325942,8.26917397965278,12.8481895046208,13.3583960758009,18.0886330672449,85,4.8
5.26174764028037,7.98061545581935,8.35026800614614,12.9928393362965,13.527481298776,18.6324787043938,85,5
5.47117059518656,8.03068147624364,8.41380728255873,13.1119870514631,13.6317702678091,18.9675102144659,85,5.2
5.26752188610225,8.08762651445519,8.47457853117219,13.2550386855605,13.7956798714818,17.9135682580335,85,5.4
5.20006433525968,8.13112530880099,8.51888742430313,13.3511807848243,13.9145722676301,18.6743905377628,85,5.6
5.82089717180656,8.18434000851153,8.56815888765393,13.4714484478476,14.0468742085672,18.9159284759796,85,5.8
5.41164848208412,8.18912899896117,8.58533932698523,13.5775744738589,14.1433928140339,19.2117392538688,85,6
5.79261657955127,8.20961583525071,8.62921201380787,13.6443771067319,14.2313157952406,19.2854395809235,85,6.2
5.48002548878162,8.24662579151788,8.6466468532773,13.7350191470229,14.3205904734663,19.7118272042587,85,6.4
5.29994420419268,8.26135604467833,8.68437694082126,13.8239010784522,14.4152811253952,19.3638618525752,85,6.6
5.4346039321867,8.27482316078634,8.70083255618858,13.8907853044668,14.4798988557566,19.1482422861461,85,6.8
5.44364216996814,8.30445650632769,8.71783391175697,13.9961707071557,14.5865417475645,19.2082253378447,85,7
5.43190648010079,8.33129536184332,8.73644456286114,14.0421328388553,14.656203350514,19.9474953017071,85,7.2
5.38238546179301,8.34112502192466,8.75215719682384,14.1033879698277,14.7145584469097,19.5469279415207,85,7.4
4.46121342907764,8.34889160935946,8.74636803330861,14.1653477474593,14.7816401240584,20.0626405532614,85,7.6
5.30197717449148,8.35602872126434,8.77871461343824,14.2307888038533,14.8578370387335,19.6053643588183,85,7.8
4.96015983423337,8.36199112579738,8.77944100591755,14.2771238072138,14.9006857219245,20.0999469681783,85,8
4.78114831339739,8.3660035254024,8.79546694356831,14.3193868523971,14.9496612244959,19.9018563445326,85,8.2
5.65127153300957,8.37833945788582,8.79059763600365,14.3636619818131,14.9778420237603,19.6549293905375,85,8.4
5.27599604769186,8.37084956990944,8.80035186022238,14.4322226345784,15.05879334765,20.6389000106804,85,8.6
5.62441250456348,8.40135087830858,8.81921140873629,14.4593976432275,15.0813859337528,19.9734095809189,85,8.8
5.71186162182017,8.37228221127277,8.81046164265197,14.4843700967802,15.1412862951076,19.8352099614793,85,9
4.41407191147977,8.39722797632216,8.81559850382756,14.5522646220005,15.2011713774301,19.9924748119994,85,9.2
5.5212798084825,8.41245393080343,8.83389230917181,14.5918010870156,15.2345991030074,20.0187911377399,85,9.4
5.17244267960369,8.38511851835952,8.82893158644135,14.6194521571891,15.2502021322986,20.1843279553267,85,9.6
5.57140323440595,8.41945856191437,8.83878042102944,14.6202935996104,15.2774952484607,20.4239691730087,85,9.8
5.21071816968893,8.39832968501387,8.83488965106493,14.6631601657127,15.3176672849436,19.9867847717751,85,10
-1.36321646904019,-0.63669993212016,-0.537832922173262,0.538569082012318,0.636199556983404,1.25381917900676,86,0
-1.81792724186608,-0.304275448627149,-0.164588251025503,1.19352281105091,1.33842982619504,3.18942248678493,86,0.2
-2.48009188175662,0.0268854716527211,0.193104945521966,1.81213558403958,1.99673485576762,5.16912331084663,86,0.4
-2.15537720955751,0.321545564083247,0.515658101444003,2.37427201937371,2.5896211718217,6.04884960910446,86,0.6
-1.585150511726,0.602617499826292,0.821759864531099,2.88543379211023,3.13008255190496,7.25984984910353,86,0.8
-1.35525854222756,0.873697192634229,1.10591088132012,3.36622613247257,3.63647668059869,8.40867379749194,86,1
-1.5650360501795,1.14060378741425,1.39437012285164,3.80859898165998,4.0908776141684,8.67494227068709,86,1.2
-1.0493008674551,1.39249757918501,1.66092873379977,4.20461262664343,4.46901822034175,9.04751459072696,86,1.4
-0.86808567498372,1.61030951188939,1.89978769724236,4.56614733550625,4.87583228546187,9.58948751700951,86,1.6
-1.00582697877156,1.86265612359463,2.13961949565399,4.89588407455773,5.22650676336954,10.4555062158711,86,1.8
-1.28124630269731,2.10098886105963,2.38351689469842,5.2050967728697,5.53440046602015,9.97678136268288,86,2
-0.746612479589151,2.30107533908726,2.59902294412425,5.48554519935096,5.83113980196716,9.95132892141251,86,2.2
-0.554418177691674,2.49987041586121,2.8034212337623,5.75957385323696,6.11500614978775,10.8576079422724,86,2.4
-0.414864006685796,2.6611293799507,2.99149854429032,5.98428879849839,6.33316445816029,10.6242369178795,86,2.6
-0.254202701049294,2.84275681853874,3.16136117391007,6.22720165213899,6.57024396657415,10.7242057283089,86,2.8
-0.880932208141191,3.0101902622464,3.34157952365127,6.41245733057152,6.7861273922138,12.8697853569582,86,3
-0.186639669055597,3.17180817445954,3.50193505722681,6.61642956077833,6.96723469007689,11.5375212696691,86,3.2
-0.0265086039772641,3.32143606290112,3.66349520837516,6.80606358583311,7.16240757249176,12.0038787009323,86,3.4
-0.310718795658019,3.46194786663626,3.809431029062,6.96871049432614,7.35705582031857,12.7820660194444,86,3.6
0.556446679955195,3.5884706274011,3.92645347115158,7.14816400554422,7.52070765140818,12.5139266980079,86,3.8
0.259829393909321,3.71629799794786,4.05708956750231,7.29834429383894,7.66687817980652,13.6340753796008,86,4
-0.165854966604997,3.84803388133066,4.18826909440696,7.43936852089187,7.83075722658806,14.3282018970292,86,4.2
-0.0914267804645615,3.93981888397837,4.28332004632374,7.5650516960485,7.97442499440653,14.8954056228663,86,4.4
0.292044165937688,4.04244990151731,4.37474288929947,7.6997453710921,8.09823851824915,13.3179834713061,86,4.6
-0.174238924234462,4.15187511514603,4.48228897293241,7.81491712626406,8.21412326271682,13.9434981639166,86,4.8
0.427603093610553,4.22370418528614,4.5590678968842,7.93035535483749,8.32241259755811,13.44191330137,86,5
0.443689403907184,4.30589889719393,4.64139879768956,8.03377341272544,8.43719189204147,14.7906877401878,86,5.2
0.604235413243902,4.38642175879413,4.72237579517958,8.13603492810145,8.53317484915426,14.7698219997018,86,5.4
1.2296353364627,4.44680612849918,4.79477141344901,8.23259299817446,8.64317066373335,15.4934144834172,86,5.6
0.819162144682931,4.5187732688943,4.86016724076506,8.32639506743348,8.72053616336247,14.5227944156679,86,5.8
1.23522974295954,4.57714527728131,4.91468092506219,8.42048690543261,8.83929445480113,14.4078785569577,86,6
1.56299401812945,4.64607590646043,4.98275597282467,8.50172209291063,8.9183197149352,13.7600683537637,86,6.2
1.66326533520819,4.71097833330411,5.04154320924583,8.59225493892467,9.00186172094687,14.1965994952193,86,6.4
1.4161811961311,4.7443254188624,5.07612193977275,8.64931023080155,9.08783159829472,14.8059724878452,86,6.6
1.34088887180887,4.79038703718427,5.11530895006038,8.72126246112349,9.17686544075055,14.6380601095068,86,6.8
0.939414155326548,4.83249155061695,5.17087348134865,8.79163835917224,9.25416303263784,14.6826249346413,86,7
1.12087332016102,4.86275604615133,5.20146136859406,8.84917198372302,9.3224994343822,14.4046731629527,86,7.2
1.63576546612434,4.8780145340675,5.22586814601346,8.90114101550752,9.37445391357581,14.8362140253133,86,7.4
1.80146919266005,4.92155557554886,5.25836624387166,8.96161703300109,9.41118097863226,14.4232862709722,86,7.6
1.86230706253818,4.93715029630367,5.29092348056334,9.03851555765312,9.47277895411551,14.5381533864257,86,7.8
1.44155937297524,4.95770238140886,5.30303699991489,9.08481787779157,9.53858719978394,14.7574130580802,86,8
1.70741572992847,4.97768927692756,5.33024202049434,9.13791911750666,9.58706932141603,15.4236679568782,86,8.2
1.69738600067818,5.01903942919632,5.35812779131409,9.18237518506814,9.63879618431887,15.7698247784795,86,8.4
1.51700274232695,5.02885984514187,5.3752858914169,9.22534599293424,9.6945668593975,15.5810968523026,86,8.6
2.26172706997823,5.03484747905466,5.39396157507815,9.27564049023292,9.74800685135789,14.9958981646738,86,8.8
1.62644781209723,5.06782167717039,5.41439777049974,9.31725779996012,9.77481606613686,14.9947224660725,86,9
1.74849766772343,5.08684131953633,5.43713577078813,9.36818412613959,9.84605795745516,16.5665265976287,86,9.2
2.19686474692287,5.09744576732371,5.44108408229917,9.39980319038788,9.89215924021827,15.7577195220886,86,9.4
1.61060244369524,5.10128760958688,5.44627910823809,9.43570833923185,9.91890334622072,16.9715343711634,86,9.6
2.21489308073074,5.13828344645428,5.47217827269167,9.48160193109575,9.95114147086195,17.2239911689976,86,9.8
2.22943175997349,5.14766978761424,5.49440551098105,9.50659369003572,10.0004524499437,17.5879860154826,86,10
-1.39509464268849,-0.644170888752297,-0.539933320276531,0.535436481683094,0.642062344648289,1.34288089126488,87,0
-1.86796285230198,-0.329832167457562,-0.195962342262559,1.11474665057582,1.24813903818739,3.07025214421466,87,0.2
-1.53756658783032,-0.0534317110007403,0.111392408714799,1.65609999914164,1.81412719203132,5.06527613045989,87,0.4
-1.30495535894143,0.223544753276236,0.403461621501684,2.16427598880126,2.35317568500509,6.41921093408405,87,0.6
-1.22694751419529,0.503524232511136,0.690117942824151,2.64942133453695,2.86217589163888,8.49632815676718,87,0.8
-1.86646803845062,0.743096787222395,0.962185849620777,3.10943969628039,3.34964284313393,9.13265470705788,87,1
-1.24702806110021,0.990569194475026,1.21592703391595,3.52051282348263,3.78691856716762,10.2785215779722,87,1.2
-1.27364441591091,1.21570039938646,1.46940074638925,3.92132184595442,4.20391144048323,10.4206718548457,87,1.4
-1.47887597695941,1.45334037567337,1.71490499991419,4.29530602349001,4.58736006914795,11.3844631750741,87,1.6
-1.67083982321964,1.6621138837588,1.94874144053875,4.63995749603413,4.93934182054647,11.4403014207838,87,1.8
-0.785749676819287,1.88919815169411,2.16715788134809,4.95929596257888,5.2687068531914,12.2215281815681,87,2
-1.75545659609862,2.09061179656501,2.37383820218469,5.25016004347331,5.56557244877585,12.7422584786535,87,2.2
-1.49995436355878,2.29886680775803,2.5814706757184,5.54643078587741,5.86939585972718,12.8448740672182,87,2.4
-1.20118176447254,2.48212596524292,2.7816683125042,5.80154493939358,6.1239284017244,12.9313473740058,87,2.6
-2.1119872187791,2.66279131033534,2.97044155497954,6.05333057409293,6.38429926090485,14.1402758811868,87,2.8
-1.62769010657662,2.83181504129606,3.14306819785919,6.26728714586423,6.62255460940346,13.2543254066772,87,3
-1.25411538451212,2.99177502769151,3.3255686038151,6.49073264697733,6.84645242547421,13.9525975848539,87,3.2
-2.14267533259294,3.17580332572948,3.48628544629204,6.70000388520327,7.05785427336046,13.8327466643542,87,3.4
-0.77428735611111,3.3228934604022,3.65798876465233,6.89679283127432,7.25323142774227,13.5709239322256,87,3.6
0.213527901087621,3.46402059064013,3.80048108378287,7.07553424732164,7.44351636708572,14.0866925650116,87,3.8
0.29122607583351,3.59895951532307,3.94169938609994,7.23741369331799,7.5997328422546,14.3112581310245,87,4
-0.219254060466134,3.73245323461708,4.0821731578718,7.41266336318198,7.78142121274132,14.3763662595895,87,4.2
-0.652328034960535,3.85692947924483,4.20037627871524,7.55687142940169,7.93572060036091,14.0847297857929,87,4.4
0.57880785620107,3.98069732128302,4.33071993938429,7.71532438909049,8.11047551608425,14.6833188143125,87,4.6
-0.473819622187342,4.09877189116169,4.43271226946971,7.85200860357739,8.24393164183666,14.6283152230214,87,4.8
0.721472150101871,4.20528717306957,4.55358758316564,7.99557482493053,8.39585122846166,15.3447978366305,87,5
0.486139017766287,4.32150526889354,4.66350289882792,8.11131115275477,8.5186350821038,14.802253210102,87,5.2
1.25889281788165,4.42029293547703,4.76342581388966,8.24874553060387,8.64082299100727,15.0092039568221,87,5.4
1.67286696519311,4.494972925196,4.8458472494076,8.36068315585284,8.7576360587474,15.3892329022111,87,5.6
1.66634748353175,4.59013423752699,4.95127011710896,8.47033105638524,8.88296090650314,15.4986839960324,87,5.8
1.35762685989304,4.68312105076839,5.02923514685958,8.5682486454727,8.97419472601727,15.4699269536507,87,6
1.23074144206508,4.77198792247858,5.11760046704759,8.68471461185048,9.08802790173019,15.4463971344352,87,6.2
1.70507889189032,4.84684171426646,5.19076987458783,8.77043711664614,9.18905746133765,16.0484756703008,87,6.4
1.60487356747987,4.90947180940708,5.24543831054453,8.86047937097583,9.303943960398,15.7190804990342,87,6.6
1.89163193798124,4.99498384526684,5.34061127338727,8.96102808030301,9.38588018451433,16.4049983802052,87,6.8
1.60540247918088,5.06654717195956,5.40699439313618,9.05177746550201,9.48037680286844,15.2166821398868,87,7
1.97518568393457,5.11707996034243,5.46752964149639,9.12282137504303,9.54845716588438,15.7107435788032,87,7.2
0.388702468279465,5.1795510331001,5.51792373010714,9.20733477127141,9.63366090437186,15.6580758037572,87,7.4
-1.24192501945558,5.23586087002542,5.57943667783223,9.28325106141658,9.74056990014487,15.8612971571446,87,7.6
0.747963749512074,5.27529233589499,5.6165131926631,9.36935906222099,9.80929954134139,15.3944553292789,87,7.8
1.80814325134291,5.32086370728948,5.66777367325833,9.42714939380637,9.86184808519784,15.409556392145,87,8
1.34041588565745,5.36350079486962,5.7073208424106,9.49343257886175,9.94428960571799,15.2978876161284,87,8.2
1.80056285247808,5.39561094501589,5.74280183097589,9.5514720778694,10.0064449223025,15.3608022019892,87,8.4
1.33345907542279,5.45008970905766,5.79257192501254,9.61762352629196,10.0453854458998,15.9198909965803,87,8.6
1.05692281455302,5.48269858244802,5.82090203227192,9.6738552024675,10.1247985403013,15.1743736766962,87,8.8
1.71254331969986,5.52970044685945,5.86602603427179,9.72920108327624,10.2080914252155,15.4475411719489,87,9
1.96252002939573,5.53916903178373,5.88513844977554,9.79411748854506,10.2267577521515,15.8025759170132,87,9.2
1.63294789768124,5.56611708742245,5.91970594375633,9.85454374270238,10.3008295450343,15.3393227778188,87,9.4
1.96198980355745,5.59645329952192,5.94042068666567,9.90107375838901,10.3586690336716,15.8758734772871,87,9.6
2.60799677643483,5.62049678510192,5.97342090137737,9.94950914980422,10.4077476729456,15.7538255974585,87,9.8
2.79057699512325,5.6314114662038,5.99500504633521,9.99965092390861,10.4622130195574,16.1665445709182,87,10
-1.33063716590488,-0.639798399523535,-0.533555418515796,0.537613395726883,0.646760701048833,1.29809883898156,88,0
-1.22129493218744,-0.0972781656231325,0.0354301516594448,1.40067832155372,1.5358161240619,3.66023469401795,88,0.2
-1.45226912060848,0.373185860778374,0.528065386266318,2.20664451774776,2.38605330675274,5.39676701105411,88,0.4
-1.41244323804931,0.800196483998639,0.987729156851297,2.91974356057327,3.12190062693622,7.5501189782337,88,0.6
-1.35492773541795,1.19240998856769,1.40383156210234,3.54633964338179,3.76920610604422,8.79355611913776,88,0.8
-0.883689033458533,1.56163319403889,1.77665772899171,4.11673962396153,4.35377441357671,9.7689820057844,88,1
-0.654135725081157,1.90699656519364,2.13948547238509,4.60702089381655,4.8628872897755,10.2542883237235,88,1.2
-0.145363309913713,2.21887609943107,2.46459520100883,5.03868249620326,5.3096369097187,10.8578209149512,88,1.4
0.0679770174273935,2.52950205956513,2.78152003561939,5.43957202793514,5.72408400547042,11.5215070261766,88,1.6
0.249681445591485,2.79249112707319,3.04964187403231,5.80084284308571,6.08319481374947,12.0059029451904,88,1.8
0.2828472484265,3.04544162356906,3.32181454553255,6.11368348356125,6.41412926720783,12.9017926254554,88,2
0.319682751442572,3.28585270929765,3.56203404439225,6.40250532504881,6.71588405322138,13.3051146727528,88,2.2
0.499003152603599,3.50272039988711,3.78067375796973,6.66800618581148,6.98415862084969,13.2617422701824,88,2.4
0.304676748452231,3.69484750609405,3.98063006264827,6.89883003413473,7.22239948032484,13.9945353379553,88,2.6
1.47849165027424,3.87468754520993,4.15121906729814,7.11494031092808,7.44174544588942,14.2626059395821,88,2.8
1.44443706668025,4.0486423868609,4.3348348105094,7.32070735038363,7.64931250700427,13.9371096785603,88,3
1.4464892915977,4.1805621829343,4.47519057856096,7.50142239479751,7.83787546404108,14.6253896196932,88,3.2
1.74719019895501,4.31757044529084,4.61853865420952,7.66306322654815,8.01056842234157,15.1991602907025,88,3.4
1.62019559077935,4.45164363244689,4.7323466942145,7.82762222529526,8.17340137916815,14.747697149009,88,3.6
1.38182526899806,4.56193536178986,4.84282578111362,7.97383297580394,8.31763447032811,14.9509950664369,88,3.8
2.60292381300727,4.66895291065491,4.94345500595261,8.1089315172892,8.47224201771093,16.0668794432235,88,4
2.50401177484486,4.74455664877116,5.03015985350087,8.22944623397948,8.58909192669977,15.206141238324,88,4.2
2.65824340703211,4.81733373023747,5.09009636108817,8.35387063317082,8.71476723216052,14.9833300519576,88,4.4
2.30317952537708,4.86194088742618,5.15606087576028,8.45497777784419,8.82296256315434,14.8909296780771,88,4.6
2.99421196910226,4.91987209204165,5.23206724380101,8.56218471482052,8.93852637833253,15.1500357759031,88,4.8
2.95753550509653,4.99258465073283,5.29125797730642,8.65516842261909,9.03253807707138,15.5246812626226,88,5
2.81759005956141,5.02477183759238,5.32849934855207,8.73325392808873,9.12966184906855,15.2463712407397,88,5.2
1.35476878207429,5.07234281459967,5.37514953008211,8.82755608137009,9.21319122910047,15.9049621413929,88,5.4
2.73452576137008,5.09492977434174,5.41291541310858,8.89808384457601,9.2919242374952,15.3678979932401,88,5.6
2.45551798488368,5.14138999350374,5.44119474753388,9.00201698184539,9.38717050478675,16.4059691789234,88,5.8
2.08151104886749,5.15899327744834,5.46485059756942,9.05310691811279,9.43762217381167,14.5704732410281,88,6
2.89777028551926,5.18029277930977,5.49927524562647,9.11812764731355,9.52320544306738,14.9623926820787,88,6.2
1.91993660099377,5.20808202769691,5.52938807833417,9.16836903679102,9.58208148140089,15.3768426616671,88,6.4
2.62855632705014,5.22107909037778,5.54547236076822,9.22082449128838,9.61994853859477,15.536509742771,88,6.6
2.62023611999513,5.24673094781597,5.56725406704122,9.27342393618953,9.69397123022721,15.6790866559597,88,6.8
3.18136357329758,5.24849828581625,5.57166468683578,9.33293544881411,9.74645074262385,15.4048112988595,88,7
2.96820683302003,5.27505981352761,5.59762428817781,9.39135882345228,9.79808104460092,15.4967997343342,88,7.2
2.90534030544884,5.29146494692598,5.60477348083151,9.42658261665587,9.85148208144303,15.6808003752739,88,7.4
2.96185625755366,5.28702348447659,5.61476987885188,9.46884148984719,9.88126239713699,15.5389558342878,88,7.6
3.10959496714837,5.30444142809195,5.63617652551772,9.49991343997381,9.92753910823978,15.2244124380844,88,7.8
3.30940528433473,5.33544721290721,5.6512106937768,9.53395595653357,9.95459023634496,15.3511388932699,88,8
3.39733834831627,5.32909028289538,5.65290533051997,9.57061389683771,10.0057594782202,15.2716174696217,88,8.2
3.13537634120523,5.31909636252371,5.66041875888209,9.61004554526412,10.0542230421494,15.6861837761344,88,8.4
3.15718376990795,5.34560791096343,5.6835351519226,9.63447198573652,10.0664872788196,15.3553354145107,88,8.6
2.88709255813402,5.3379403388566,5.67060156574591,9.66946535862894,10.1020299083447,14.6626059858378,88,8.8
3.23004372872977,5.34718346043643,5.67842862638752,9.70036936942874,10.1380342664577,15.694514002102,88,9
3.1499168943259,5.3506604652586,5.67920878401732,9.71865030726469,10.1633820915537,15.5758203440106,88,9.2
3.05795224796204,5.34637232224861,5.68498110102881,9.73982210204105,10.1980174423654,15.4982659347106,88,9.4
3.15957621279826,5.36404639750721,5.68515070972536,9.74981618802649,10.2194772212326,15.2655375129177,88,9.6
3.39852585820542,5.36323661573686,5.69488411967654,9.78102759305315,10.2430910915204,15.0842130961969,88,9.8
2.8967347539671,5.36489216571508,5.69756544646529,9.80733690660551,10.2607166343338,15.8698393413617,88,10
-1.56441285998206,-0.645147540152568,-0.541705952712681,0.533648895959603,0.63668643682467,1.45296956430593,89,0
-0.104138439977823,0.916854964885505,1.08014378185624,2.82505556855409,3.01144848488778,4.44409901863855,89,0.2
0.401957954574029,2.09128156302097,2.30185323365458,4.6661613380731,4.91239171027174,6.98119392073498,89,0.4
1.45601648789139,3.0636467185128,3.30589973133553,6.0704949514049,6.35628219932106,8.29319158445967,89,0.6
2.19912288913255,3.87961466204709,4.14324984216971,7.14886639957742,7.48522042650844,9.68869948272832,89,0.8
2.86899459273276,4.55245014060465,4.83648871377586,8.00955538940472,8.36225177191473,11.0493767232384,89,1
3.37264600883684,5.12889772453373,5.4093728309302,8.72253388296281,9.10274884601694,12.1582182066196,89,1.2
3.66006338167917,5.55709680530082,5.84722378770261,9.30905652334068,9.72398092904239,13.6262245009939,89,1.4
4.06159536910782,5.88678753388104,6.19038613375653,9.79782342194533,10.2245426838204,13.99686710611,89,1.6
4.41113173238975,6.12691720919585,6.44118792721909,10.2009149302772,10.6375115769009,14.3794778603388,89,1.8
4.42520610656154,6.31694011837457,6.64115058692504,10.5532792941315,10.9982227698794,15.9930108348651,89,2
4.43612308745472,6.45004094772144,6.77367690670408,10.8616234177174,11.3070655082992,15.7618673525861,89,2.2
4.31768709904663,6.54661765417247,6.88250735039435,11.1157642550184,11.5847203438475,16.1997219432692,89,2.4
3.938964031252,6.61528880001487,6.96989406682285,11.3467685911557,11.8357169502425,16.3946258914282,89,2.6
4.57157753386699,6.66540954130691,7.04257251644494,11.5396585787139,12.0388884407434,17.1426423712319,89,2.8
4.49162974160217,6.68650019794362,7.05496226745158,11.7057439801955,12.2330888410169,17.4507107016848,89,3
4.87371115433241,6.70720284527986,7.08465562398865,11.855591474533,12.4055284867039,18.2434189325345,89,3.2
4.51289782487652,6.76124928214354,7.11828903814015,11.9719647693118,12.5400792603428,17.6059017748564,89,3.4
4.17311507096173,6.73953769595851,7.13406614208176,12.0872390117142,12.6930350518887,17.8192759780966,89,3.6
4.60337707207781,6.77582040415685,7.1507027658114,12.193897207512,12.7922499208292,18.0584797964548,89,3.8
3.83270610899665,6.76868377554112,7.16969135003914,12.2792291427722,12.8888040589529,18.5163981185377,89,4
4.01885167748336,6.77077967110628,7.15697126451631,12.3460476807911,12.9607258214513,18.376591222595,89,4.2
4.40533226433181,6.76962592978993,7.17361959002257,12.4001263143049,13.0629591988787,18.3013024209678,89,4.4
4.55857353358845,6.78002798681382,7.18247803133747,12.4661617686439,13.1115053241422,17.5216909751705,89,4.6
4.73343315740647,6.78318782229263,7.17051012575705,12.5165838835879,13.1457957208482,18.5345550652031,89,4.8
3.80396960640156,6.77769417071887,7.18909610666191,12.5448290062121,13.1978847190854,18.545238266291,89,5
4.84445389028556,6.77291151598763,7.18404579323245,12.5849018074841,13.2575223375766,18.8708197016809,89,5.2
4.43441820257007,6.77131658834368,7.18742811808277,12.6133046038691,13.2933045393951,18.8249611789967,89,5.4
4.51251658513199,6.77678549477955,7.18873773280425,12.644727800337,13.3372666003874,18.9704834217647,89,5.6
4.67829934781459,6.79496878255406,7.18939598291519,12.6888849733018,13.3737818676984,18.5252703255754,89,5.8
4.42941375452414,6.7775856604052,7.19143996560082,12.6926497913466,13.4093080768484,18.395810314218,89,6
4.29668053983026,6.77878858685909,7.17755532479145,12.7312564930744,13.4267222394074,18.9976991235111,89,6.2
4.57410653048583,6.78674279403021,7.198692770797,12.7315430097052,13.4580476877158,18.497084668445,89,6.4
4.50413017758133,6.78751866640901,7.18778923236791,12.7783915160705,13.4772964879679,18.7785270583521,89,6.6
4.39106656266208,6.77926211376642,7.19956826372384,12.7597691010004,13.4812520117872,18.4819522600194,89,6.8
4.44976709241265,6.79932231102566,7.20536541651971,12.7761359498062,13.5122765188044,19.1219879424396,89,7
4.38059381000009,6.79026538930156,7.19761119593538,12.7821450137245,13.527371878194,18.8065015665732,89,7.2
4.73583429130453,6.79005754780506,7.1973313244013,12.7992680157351,13.501292743109,18.2362051822585,89,7.4
4.39666417702487,6.77162887657312,7.19194590609559,12.786113923307,13.5319325581175,18.5377854066514,89,7.6
4.4239144422436,6.78883348970107,7.19422783849172,12.8148745173621,13.5328699997429,18.9358889764766,89,7.8
4.48555189626883,6.78103076587797,7.19374738302981,12.819707716204,13.5601304685713,18.8622173622736,89,8
4.82768859475594,6.80372102726269,7.19428351581694,12.8261730547989,13.5856510224776,18.9457738070496,89,8.2
4.57468217906238,6.77818146838546,7.19428780098669,12.8449447431241,13.5635469691806,18.8750421466091,89,8.4
4.62405911986964,6.79049943552734,7.2013001135229,12.8402739910095,13.5704317198221,19.047739596227,89,8.6
4.54334786396615,6.78057127117624,7.20355057771102,12.8322179389699,13.5797823799702,19.1385214254784,89,8.8
4.70084798174222,6.78732134764283,7.21113289232034,12.852874635721,13.5913292561098,18.4421922076462,89,9
4.40861314413368,6.78701710469064,7.20283450432213,12.8310604030324,13.5804561699421,19.2799365576976,89,9.2
4.02540301915009,6.81178087482452,7.20990830835604,12.8411047567245,13.5895457302595,18.9680718595088,89,9.4
4.33605845876461,6.77331316842181,7.20243106095128,12.8582075072894,13.6004569200247,18.9937804926363,89,9.6
4.51011856434427,6.78763687384021,7.18850757718918,12.855202964436,13.6145102131673,18.6312405962335,89,9.8
4.38982516237531,6.79516130079192,7.19855068743052,12.8357794753039,13.5943335486161,19.1458916111267,89,10
-1.60960431421474,-0.635560583045035,-0.534214557740739,0.537276386523971,0.646973408671379,1.21841940670192,90,0
-1.17441809805064,-0.23422351592432,-0.105395153909939,1.24528747146421,1.39016311357706,3.08321878702836,90,0.2
-1.21705298044567,0.149181342466815,0.303124850809573,1.93088518586024,2.10708782934446,4.62464416852762,90,0.4
-1.2739767629289,0.484573271571279,0.669130557352486,2.54646457067298,2.75809695582905,6.41095010237092,90,0.6
-0.875316045010093,0.825819298193936,1.03037738362311,3.11548431608397,3.35188595224057,7.57409245546973,90,0.8
-0.743596590522469,1.14552319028126,1.360612600686,3.6297594376219,3.88741899605626,8.18004079504577,90,1
-0.511177746376758,1.44272623940456,1.66630071704216,4.09878049765106,4.36797162030192,10.0010695261436,90,1.2
-0.572295359003207,1.7153012619081,1.96610124934862,4.52024354914007,4.79529608498667,10.2849362646522,90,1.4
-1.01151883234619,1.97761424608537,2.23898290348315,4.922467886537,5.20905410400618,11.1870356396821,90,1.6
-1.37942585631736,2.23342621550061,2.5082859051366,5.27558904295495,5.57640290166089,11.7922043460101,90,1.8
-0.367988727129966,2.45652058729685,2.74313585811807,5.58525149216224,5.8958136340492,11.6447461558285,90,2
-1.60710652541489,2.68509096881878,2.99214176616261,5.89855294131538,6.21747416995031,12.7905948582375,90,2.2
-0.157876401889952,2.90142185350407,3.19618784726017,6.16946938574369,6.50089271355155,12.7874819440128,90,2.4
-0.762695936433845,3.11931646053537,3.41791802994522,6.43351532500449,6.75687518246541,13.4659081289988,90,2.6
-0.646661335687617,3.29318184189414,3.60805265984014,6.64931928881526,6.99919662728844,13.732424101956,90,2.8
-0.0871108428047223,3.47425396476371,3.79068576845372,6.87842474234914,7.21870059296798,13.6871379065833,90,3
-0.0710658486803712,3.64308158921562,3.97691083360567,7.0888256385634,7.43259377011126,13.8542237598455,90,3.2
0.329372010792616,3.81465115146393,4.13424959496982,7.26508469384223,7.62421767272078,14.1608460973858,90,3.4
0.716078813121226,3.96078202156787,4.28609731413247,7.44205767010676,7.80007436197274,14.7267018643717,90,3.6
0.468078011223442,4.08624309273525,4.40647143858865,7.60269189893426,7.96189231080849,15.0778304757658,90,3.8
1.12088892622956,4.21286673536605,4.54257131926991,7.77536475620257,8.145875618363,15.4028864527956,90,4
0.888135355831544,4.33517306628075,4.66001009260817,7.92110736636995,8.29435867750174,14.964735330839,90,4.2
1.4737890565413,4.44720079175927,4.77653750447719,8.05493071386097,8.4331300812563,15.0577257577094,90,4.4
1.37517114232746,4.55656340930621,4.87417098799278,8.19153426235987,8.54918620721019,15.3504670862132,90,4.6
1.68184190770406,4.64881438367855,4.98184342133588,8.31527581408079,8.70918808389383,15.0735400747636,90,4.8
1.52735769938634,4.73378558175954,5.05523113312122,8.4098649737378,8.80763626992277,14.8244271858206,90,5
1.43886703248559,4.80876129379585,5.15138756845441,8.52524383341199,8.91357269111706,15.1304555083021,90,5.2
1.49222946205927,4.89143367258736,5.21226609311089,8.649252001182,9.04022678559732,15.1824854490469,90,5.4
1.99960914473811,4.95076181987486,5.2910606063317,8.72669707835759,9.10804874868116,16.0731347542811,90,5.6
2.2490326674127,5.03016392159912,5.34451828451334,8.8209772373281,9.2019801691112,16.4832772462829,90,5.8
2.24514235349613,5.07516233760548,5.39106143615582,8.90197420893463,9.30346791629566,16.3698759081437,90,6
2.18199637168735,5.11448669336182,5.46019001702822,8.99194449118237,9.39442129509544,16.2534183633073,90,6.2
2.03993278274383,5.15487242829886,5.48925414360506,9.07036250602187,9.48309729553619,16.5784729528949,90,6.4
2.75396425359379,5.20492848486149,5.54632151858736,9.14874711910087,9.57782172468034,16.6708852014076,90,6.6
2.36271655578688,5.25999497871064,5.58604579364093,9.23734731254775,9.66654754308254,16.4116389116577,90,6.8
2.59067486837599,5.27887522178951,5.6191241578941,9.29769956811677,9.72223228291901,16.3057548202829,90,7
2.04112640119541,5.31946915187388,5.64870475992695,9.35103170776422,9.78374580302486,16.1825778961592,90,7.2
1.97922872735709,5.34588754072562,5.6760419865012,9.42744995231534,9.84746198752847,15.9077281149125,90,7.4
2.82572562129124,5.36712177568431,5.70299631875718,9.49373611359575,9.92746121235159,15.6842113658126,90,7.6
2.09173363041511,5.41273053970502,5.74532732983134,9.5337838674413,9.97634091448304,15.5455269537351,90,7.8
2.69378243939724,5.44596192455942,5.77817993067772,9.60121248270048,10.0461214318084,15.9654976707764,90,8
2.78884429789567,5.44371678746382,5.78821718454114,9.64110880412652,10.0833132689446,16.6447855691419,90,8.2
2.48937331141565,5.47648754901991,5.8048162519839,9.68715675738453,10.1402515838925,15.8578500280484,90,8.4
2.71913927068712,5.49122941778379,5.84243574156987,9.74285448032442,10.2043765925943,16.3310493167919,90,8.6
2.16619034011682,5.52301620590474,5.84152463485425,9.7803619404182,10.2308472518765,16.502619490604,90,8.8
3.03519459880779,5.51269664315154,5.86201215430854,9.82244788712934,10.2891497543878,16.1775082141506,90,9
3.03428300548854,5.54516831644934,5.88155230760144,9.8665934885957,10.3292537334809,15.8973854214052,90,9.2
2.22645058969705,5.54421159199468,5.88950865861569,9.89616947502315,10.3642389645302,15.5682232425372,90,9.4
2.42604883127568,5.55704812881933,5.90658363872161,9.93782015190174,10.3838509403442,15.3391988514974,90,9.6
2.98059633463676,5.56692456612174,5.91083887639679,9.98308695071435,10.4535619854217,15.9947493644394,90,9.8
3.02754914311265,5.56891149958543,5.91922091426089,10.0118804269937,10.5008232726754,16.3997277873707,90,10
-1.63543104112193,-0.636736909497665,-0.540389762924987,0.534397072171423,0.642322025692502,1.3426549653036,91,0
-0.502929714904842,0.793824111547405,0.940163495681845,2.60598713395849,2.79149503918414,4.07429816292324,91,0.2
0.560514855506311,1.90637127147263,2.09241312930695,4.37642249119146,4.61334419274187,6.50330561283595,91,0.4
1.09110853679645,2.84263592541695,3.08170383780827,5.76947763725579,6.03212682036471,7.93434603437756,91,0.6
1.63605072712822,3.68593078636533,3.95440199971484,6.86756711695518,7.18636583205484,9.64176279078539,91,0.8
1.66995019135501,4.40788484225309,4.6834887733103,7.78104487324164,8.11100054325217,10.8683494951168,91,1
2.76115745949108,5.02692263748864,5.3213564998316,8.5388221715735,8.88272883548819,12.0188674313464,91,1.2
2.46377087333015,5.55574783612651,5.85090760588347,9.16079421258518,9.52149739877362,12.7654677740716,91,1.4
4.11255361133138,5.98841885069382,6.28439219215301,9.71025440828943,10.066277687405,14.1315748887612,91,1.6
3.84971643869151,6.34730866959949,6.64532665450724,10.1412955616377,10.5247971081118,14.2976191058931,91,1.8
4.43297352036919,6.6196008892713,6.9236690859469,10.5502222345266,10.9390115393336,14.5889406850708,91,2
4.88688081430364,6.83654618121248,7.15137787550246,10.8859634321202,11.2769750517598,14.845163397936,91,2.2
5.10583670109589,7.02328541094858,7.34783185614159,11.1794033362299,11.6149647595787,15.2724936446446,91,2.4
4.64996468878022,7.14511979962458,7.48906301499005,11.4570880508167,11.9106886726829,15.8402580458651,91,2.6
4.8125395579757,7.26485323842907,7.6115557335118,11.6786839640057,12.119840037747,16.2759068570995,91,2.8
5.00442441935606,7.3517903219674,7.72162060378063,11.8800345500894,12.3187935590707,17.0990664221023,91,3
4.98473972423985,7.38793804741663,7.77143438978182,12.0869681092484,12.5496393385152,16.8472725809104,91,3.2
5.31625092608795,7.44719612016014,7.82869923114525,12.2377655543177,12.7249266902272,17.0653281364127,91,3.4
4.79392049397062,7.4804448662426,7.85554717448256,12.3739503685969,12.8820953190771,17.2588177710557,91,3.6
5.01773498343348,7.50558360416803,7.88955615608013,12.4969636667732,13.0236057881829,18.1208701226449,91,3.8
4.80587788460805,7.5513496981077,7.94900170364196,12.6450109302841,13.1670610615203,17.9986666832073,91,4
5.11730820954028,7.55611755584409,7.95538289293933,12.7460592996065,13.2681297296905,18.004909289305,91,4.2
5.21741551239296,7.58988999492652,7.97658780627605,12.8359783391059,13.3793021785747,17.8957740328337,91,4.4
5.05274809073755,7.58048636001948,7.99614535760849,12.9128407587859,13.4922139912802,17.862841791438,91,4.6
5.32563031471635,7.60548095805384,7.98720421758013,12.979486400063,13.5684206492728,18.0673739870365,91,4.8
5.2124431502228,7.6127010621115,8.00694046328941,13.0440529899131,13.6324582193359,18.4550967894218,91,5
5.49426463962177,7.62058106911691,8.02171395570152,13.0957857961246,13.6805330880848,18.8531842358644,91,5.2
5.10302813822154,7.62964410110705,8.01225737226341,13.1483704016816,13.7581191089379,18.6129058357639,91,5.4
5.04004373438099,7.61798687030644,8.03633604901971,13.1995097938905,13.7966098820864,19.5567386040706,91,5.6
4.90985431579975,7.63374999471159,8.02966021458013,13.2403544436319,13.8414492556105,18.7106219231802,91,5.8
4.70534405916796,7.62436081707268,8.02523575513881,13.2717764236019,13.9060716154764,19.7240975646375,91,6
5.32983570375748,7.62256637304637,8.04017927333367,13.3183450948373,13.9115743152037,19.1655354209834,91,6.2
5.39630853621055,7.6392410776555,8.03818618935708,13.3262712217908,13.9583046202188,19.3919822287528,91,6.4
5.48742898310711,7.63589793212428,8.03141166347337,13.3591500711544,13.9859994733337,19.0620698271574,91,6.6
5.3935260370597,7.6386002845468,8.03795094957102,13.3765497737738,14.0320067942363,19.5044048152428,91,6.8
5.66355434132751,7.62505104530826,8.03671184829996,13.396390038979,14.0424500742879,19.3337614091118,91,7
5.32967212009294,7.6303650472894,8.04712332962314,13.4152465259813,14.0632732637333,19.2113386328985,91,7.2
4.97855271055761,7.64879399963026,8.0450999985867,13.4470012949975,14.1046250779649,19.6835316229317,91,7.4
5.36274071066815,7.62537707915452,8.04001753957057,13.4629057036968,14.0980920562249,20.0482092351725,91,7.6
4.95301169609022,7.63128950504608,8.05295835487764,13.4807066444093,14.1242637427807,20.0205201191865,91,7.8
5.39723408475832,7.63599146827641,8.0394352710224,13.4848992147552,14.1484101132511,20.6224441185244,91,8
5.52130961188138,7.63646276362516,8.03175230966689,13.4835845437577,14.1647000977432,19.7357876402307,91,8.2
5.14694652761471,7.62379098627965,8.03710007596246,13.5023053514214,14.1484002577563,20.2669031802473,91,8.4
5.32612223472229,7.63843220083507,8.03690618957337,13.5053182903273,14.1789735439284,20.1990304737867,91,8.6
5.50463348352489,7.63572468754595,8.04157564148684,13.5119252401031,14.1765635254336,20.2616692501887,91,8.8
5.15755273887489,7.62904719241321,8.03780155931825,13.5457615857535,14.1834966453714,20.350772136652,91,9
5.03249544028868,7.63240665201288,8.05218990400364,13.5263267073497,14.1988096881847,19.8157906254817,91,9.2
5.00966817514173,7.63661208509846,8.05118003309148,13.5320930603106,14.2223345603009,20.1466916246209,91,9.4
4.44723281851548,7.64796447934141,8.05606331150364,13.5354560481711,14.2293730913714,20.5541785051036,91,9.6
5.15814540038751,7.64908043362777,8.04750244276986,13.5520322173897,14.2270670843276,19.8252788109454,91,9.8
5.22784298489926,7.6400021522594,8.05223319756961,13.5705265976465,14.2363419306041,20.25735988676,91,10
-1.52454274064693,-0.64579485487542,-0.539236268630135,0.542281245848156,0.644535917422669,1.29770544845056,92,0
-0.895003209547665,0.231764583388027,0.370589614911386,1.86655431085993,2.02240157032672,3.27675494308016,92,0.2
-0.395384953359568,0.974816690017882,1.1486895914794,3.10765958801506,3.32210315564962,5.57148340965782,92,0.4
-0.181408587905844,1.61771016733536,1.84221680312371,4.20737127520941,4.47913315837124,7.46487925393731,92,0.6
0.302659638008635,2.23715840049932,2.49263245290053,5.18188922804466,5.48513747331803,8.51266277550572,92,0.8
0.819114197093576,2.80896169698965,3.07660247638491,6.03487017826494,6.35482471312334,8.95703517750723,92,1
1.12481852120309,3.33331352585938,3.61908507893933,6.77921916603491,7.12269270059825,10.2465070718001,92,1.2
1.14130333792877,3.81937793662743,4.13212962049784,7.43164881804971,7.79469592309376,11.1678182609134,92,1.4
1.17850944608631,4.27574123509073,4.58347469843828,8.03257701292226,8.39849596136589,12.0009350108254,92,1.6
1.76024016820262,4.66899059125806,5.00750831598965,8.55766411358841,8.94850319937832,12.1684374661522,92,1.8
1.8927519839015,5.07706794059185,5.40461505032609,9.02204293629589,9.42437412019543,12.8932768853604,92,2
1.38123835623179,5.42714759790709,5.77298828282859,9.45807171342505,9.8611805045481,13.4226103808277,92,2.2
2.61161661538408,5.74024936138199,6.08492940001955,9.8446719367257,10.2593264741688,13.7716581390642,92,2.4
2.49401652253413,6.03673750074017,6.38838953818183,10.192306877134,10.6107691952821,13.7151807016981,92,2.6
2.53685894048325,6.28828959351806,6.63683144989534,10.5168301162489,10.9394138707072,14.5728166581558,92,2.8
2.54061424613471,6.5438585440985,6.87662086396592,10.8084927762165,11.2438443859908,14.6185450184783,92,3
3.43703782153191,6.74992122668394,7.09096917671056,11.0841313748729,11.5401324013801,14.745075515821,92,3.2
3.31230885312385,6.93463038305766,7.28278893540014,11.339762763361,11.786198324183,15.2108956447633,92,3.4
3.62654041778025,7.0970210882291,7.44116435923593,11.5737264143127,12.0493460865513,15.330021378266,92,3.6
3.47136713342611,7.2327529468151,7.58146504975483,11.7804051245153,12.2470275675217,15.4232500170226,92,3.8
4.18015910884754,7.37342759375742,7.71652647708149,11.9818438154042,12.4407909408374,16.1066754235486,92,4
3.58696228457931,7.47372086933915,7.83637455335869,12.1644618584097,12.633655720004,16.8596079332089,92,4.2
4.50736133649685,7.57402464420074,7.9335699453171,12.3273982939669,12.8022890590304,16.3106726703936,92,4.4
4.71968923274671,7.65644319219622,8.0207447303858,12.4774484839719,12.9578906071525,16.5303864065043,92,4.6
5.14769151817846,7.72807187081819,8.10499948004247,12.6116928071965,13.1014667446573,17.2833466051596,92,4.8
5.5345523421351,7.78833991513913,8.16871938273334,12.7610058867715,13.2301217506377,16.8679363909799,92,5
5.41706806255368,7.84416137752482,8.23611773033053,12.8882814901123,13.383066653393,16.8360548698594,92,5.2
5.35173955119874,7.8908308137853,8.28353716477516,12.9899498326475,13.4784554897967,17.0731854394759,92,5.4
4.86127477826146,7.95497830012032,8.33760111478103,13.1050947630848,13.6151208974932,17.3893237368461,92,5.6
5.19879617405596,7.98253595624363,8.36934944916844,13.2099808304846,13.6969468976143,17.1597872128052,92,5.8
5.00277229908706,8.03385731577492,8.41910695487379,13.3058900896813,13.833874250269,17.1482446481909,92,6
4.95090550040136,8.04358741005013,8.43670952432263,13.3981697156307,13.917431987395,17.586033653831,92,6.2
4.63721012659038,8.06903479161536,8.47954934189813,13.4891936876282,14.0098497428332,18.1237052045434,92,6.4
5.05121387334006,8.07948921844687,8.49044878296023,13.5648580248801,14.0958322388448,17.7952640610223,92,6.6
4.72934451673854,8.0791205841748,8.51927183017567,13.6279090791759,14.1849948247825,18.7769858167322,92,6.8
4.80919003993135,8.10666907967121,8.5211072860765,13.6988725656226,14.2542993998046,17.9535987118433,92,7
4.93772539288686,8.11274277364775,8.53248444620971,13.7595157713176,14.3371110809971,18.3383215786827,92,7.2
5.00681175605861,8.1393389265058,8.55886348432518,13.8285270881734,14.4026893122189,18.5783083281321,92,7.4
5.16690181265229,8.13716149163444,8.58153091098828,13.8876742762755,14.4629458251384,18.6820580978872,92,7.6
5.80717339399384,8.15176796128707,8.580439982183,13.9087936282352,14.5148752682834,19.1460430602327,92,7.8
4.90212583422801,8.14593879923506,8.59368860821282,13.9883155885942,14.582646642819,20.1036737650221,92,8
4.89565961600035,8.16307780464246,8.60437770601728,14.03226273514,14.6404892518152,20.1949439770796,92,8.2
5.49409925176701,8.18423349306822,8.59572532397287,14.0760190857596,14.6894741033519,20.2217099925197,92,8.4
5.16349218650061,8.17726109346836,8.62932821249788,14.1095501249682,14.7276521777054,20.304084073104,92,8.6
5.01586351474488,8.16229887284698,8.61260319344938,14.1796710305392,14.7728720599575,20.2977215324287,92,8.8
5.64651247705573,8.17568976658508,8.61923644677145,14.1836740010272,14.7867499837478,20.1596721989564,92,9
5.7390356577281,8.19092722579707,8.63353495047569,14.2226559100348,14.8476172894279,20.4509661556901,92,9.2
5.61556665164367,8.19274774233811,8.64692865622489,14.2595122922968,14.8564027674931,21.1725051412614,92,9.4
5.68826781771889,8.19759994580561,8.65403308212298,14.2775627925735,14.9201558214781,21.2160376285015,92,9.6
5.50936236873506,8.20449549035358,8.64617644366008,14.3089647097343,14.935683244102,21.3798689188796,92,9.8
5.65303504530681,8.19805334746276,8.64858618434784,14.3383845058456,14.9576748698797,21.4299725101845,92,10
-1.31417969304211,-0.642878528577706,-0.538885891695742,0.541794920275883,0.642056363870576,1.32450254373356,93,0
-1.2022081920551,-0.114212161508832,0.0204260647259561,1.38988080480254,1.53194347550105,2.97150331075359,93,0.2
-0.877195137135942,0.357144444372152,0.514236817839681,2.194959209771,2.37876610419028,5.3978519044181,93,0.4
-0.698868858870656,0.786982471381684,0.974805685215124,2.94668583666628,3.15642561144162,7.60254993343121,93,0.6
-0.418802021085628,1.19513910927379,1.40446512796739,3.6252032079075,3.8738245844284,8.65892406368516,93,0.8
-0.538725691416418,1.56162611408623,1.79586953845597,4.23357421730386,4.49482285549093,9.27249323066519,93,1
-0.270853317840725,1.93096779355174,2.1780530208817,4.78640387614568,5.06230938961777,10.3074724824599,93,1.2
0.24247941336067,2.26596718374549,2.52739396436925,5.2846523878266,5.57857586570436,11.2871798881966,93,1.4
-0.128428539759708,2.58815580820299,2.85885577637828,5.73563785713158,6.04906184198909,11.5261446304598,93,1.6
0.0899744865776383,2.8921375085687,3.18693045668227,6.15591753037996,6.46654121879595,12.5843539097891,93,1.8
0.588661811810244,3.17405226618687,3.48232769176462,6.52267497766797,6.85155920151194,13.3935364368172,93,2
0.599688664950728,3.43882800746616,3.75379775418521,6.87611955753941,7.2262030966886,13.3489396849377,93,2.2
0.364427254409613,3.71449533917717,4.01182203793161,7.19534931068397,7.53182002929512,14.2335984888547,93,2.4
0.758627893403003,3.95216924230345,4.25947119577413,7.49679064545246,7.84883592019031,15.4233695000812,93,2.6
0.369026382285987,4.15828499106457,4.47376838616829,7.76943207349313,8.1073692970918,14.2247322569229,93,2.8
0.692772104032587,4.37257752492094,4.67785632190522,8.01588417980061,8.37104874902393,14.5028518504358,93,3
0.876623217692598,4.55364266596361,4.88838990091566,8.24929858998947,8.61399531377077,14.7301417010483,93,3.2
1.38559280184781,4.7257614244823,5.05405078773144,8.45976129348536,8.85105723228694,14.8294188103485,93,3.4
1.2910211741708,4.90320665785828,5.22126944444186,8.6639514676896,9.04932423872394,15.6783711608834,93,3.6
1.63953273793792,5.05931091850246,5.38423091051093,8.86037446338758,9.24952075886553,15.1560856387503,93,3.8
1.25114038938487,5.19605983313936,5.52321161358268,9.04692752429357,9.44445349899902,14.9688504156783,93,4
1.58128656164514,5.33079324339828,5.66325022303198,9.21301839545941,9.61352721005566,14.9664887991978,93,4.2
1.01076912754015,5.44866549501831,5.77135089040481,9.35922259984134,9.76882752735767,15.4501168400827,93,4.4
1.375313810891,5.55916765138439,5.89178177905119,9.51398015641141,9.92565177198338,15.5518967665888,93,4.6
1.68817092835343,5.65157723154871,5.99231564705716,9.64004016443643,10.0646477447606,16.0332291253548,93,4.8
1.88475564445832,5.75030288112593,6.0832278702138,9.77884320099699,10.2012599896685,15.8775855006905,93,5
1.6451976769151,5.8252938782335,6.157528905349,9.88926706270983,10.3232309153312,16.2955889518875,93,5.2
2.56051959117833,5.91722528541597,6.24564804033712,10.0195285309374,10.4519025863445,17.0855883834552,93,5.4
2.21098109291185,5.97165717312205,6.30885449041304,10.1136476459554,10.5629488402855,17.2607501345794,93,5.6
2.55688684601078,6.04047624629212,6.36458762795482,10.2193031992811,10.6612650340402,16.7127355763288,93,5.8
2.95332225324709,6.08698843162601,6.42254681358327,10.3163153318315,10.774194787282,16.8730833829937,93,6
3.10193794407099,6.13940463078052,6.47054023158425,10.410573056619,10.8668536515135,16.7793780883138,93,6.2
3.03152042240025,6.18622336099096,6.53307455673916,10.5027152119175,10.9646056772503,16.7203178401646,93,6.4
2.10872060625266,6.22128196761898,6.57294516342117,10.5909913198999,11.0513440011141,16.7896617685439,93,6.6
2.38420380256563,6.25472295384214,6.60702938436697,10.6650309605482,11.1426785613499,17.7863377970194,93,6.8
2.89604927917908,6.29114472620137,6.64782458219644,10.7443268606593,11.2000961337493,16.937853741285,93,7
2.00898067314826,6.32971544541066,6.66903096855501,10.8192927323563,11.2884301697695,16.7406672783656,93,7.2
2.22141593723948,6.34721250189045,6.70191032972626,10.8881104776552,11.360646156499,17.6339852870441,93,7.4
3.21409953516877,6.36936686919611,6.74035337909371,10.9348975563463,11.416282585378,18.4618714278469,93,7.6
3.56457438410356,6.38025060889427,6.74091553986385,11.0107584732313,11.507202369137,17.721647759489,93,7.8
3.3584924981941,6.41598058070588,6.76653489130631,11.0402954101612,11.5509885494978,17.7998955432235,93,8
2.9454017264358,6.40506251259894,6.78043421528346,11.1222326726001,11.6130509420268,17.6557476972343,93,8.2
2.81324901551607,6.43986813360317,6.80184921041592,11.1697201153466,11.6575952887858,18.1089462438503,93,8.4
2.32256893834491,6.47467499537873,6.8218897448239,11.2054708419753,11.7190352557448,18.0750431874658,93,8.6
2.43226246669068,6.47876352210894,6.84226189896167,11.2589466148898,11.771352618888,18.0793496881124,93,8.8
2.33232495343344,6.47965415118451,6.85344141589395,11.3164859127146,11.8260945075408,17.774169454465,93,9
2.86079730320726,6.48299744771923,6.86584310578256,11.3458623035984,11.8840104406812,17.9700014346607,93,9.2
3.72737976520259,6.49339147586758,6.88483784062157,11.3860150479793,11.9058174731486,17.5426305125228,93,9.4
3.54434943023286,6.50853903912231,6.8799667862551,11.4346564135718,11.9509632965402,17.7299464233414,93,9.6
3.39303817742045,6.53533914451815,6.90191827780484,11.4666525619458,11.9824871175082,18.4848734994011,93,9.8
2.92863141191671,6.54397907429161,6.89954087021799,11.5013494515767,12.0305974716094,17.6146328546304,93,10
-1.32067151716795,-0.641277243112936,-0.537142814361308,0.540828408653865,0.642672693833399,1.40674554351555,94,0
-1.55526406930223,-0.289814914714127,-0.157980042013882,1.21622261928122,1.40238530498888,4.09945182632659,94,0.2
-1.71241376739019,0.0225097318419253,0.1802796140538,1.84519250064975,2.11420834421649,6.40883206755786,94,0.4
-1.34554999524197,0.333693147996303,0.517405732195641,2.45100221502595,2.76343057044287,8.24463716393732,94,0.6
-1.28018327950569,0.623616699754178,0.832800685080275,2.98464898874602,3.35461616793728,9.65818675470245,94,0.8
-1.54290164905117,0.900300063793516,1.12255126440107,3.49480647124022,3.87842786542035,11.198252842746,94,1
-2.06646272042185,1.18665114472368,1.420939568106,3.98870768796819,4.42102441470893,11.8135005850224,94,1.2
-1.44100174667126,1.43173448056979,1.69608316742305,4.43168678533307,4.88074146495673,12.6836178093198,94,1.4
-2.31911433457476,1.67772254074198,1.97057282277684,4.84277861401554,5.33155966200241,12.9250115758076,94,1.6
-1.09733017384401,1.94489004427074,2.21841803152507,5.24911451942427,5.72790630606782,14.1948417117853,94,1.8
-0.773234952764284,2.18192879624546,2.47559760519543,5.60705738253756,6.1355180199574,14.1355806389136,94,2
-1.00134682670918,2.39121294908175,2.70690436160755,5.94929889666858,6.4692673522321,13.9525184094553,94,2.2
-0.994773680832292,2.61023763008706,2.92875175150622,6.27450565139607,6.81664869733162,14.7917906928311,94,2.4
-0.875119251453901,2.8387642382187,3.16391348956528,6.57373357097072,7.1164280659403,14.6566885322149,94,2.6
-0.000658449242703363,3.03210948349381,3.38015802807444,6.84465743760943,7.38624306773821,15.608208759254,94,2.8
-0.485876689992348,3.23421233914602,3.57838840286952,7.14370893525794,7.66341281895014,15.1617995138396,94,3
-0.0136293455959126,3.43016300961641,3.77378181917336,7.37221369828957,7.94628434861028,15.6325139688919,94,3.2
0.270256566879141,3.60947215692836,3.96142854734103,7.61087887290579,8.174161540649,16.2276656066259,94,3.4
0.927921691077551,3.78231285036734,4.14457028984317,7.8258503574071,8.40152470790415,16.2306042459115,94,3.6
0.742043968014629,3.96181189800084,4.31904363166672,8.04015115957606,8.62340864402476,15.6272845078476,94,3.8
0.520308815999507,4.11309637932853,4.48633710567103,8.24527532728605,8.82431575885181,16.1266131445597,94,4
1.30920941667708,4.28352220065058,4.64814460066898,8.43895072815538,9.0250558502169,16.0755552653001,94,4.2
1.25571920933114,4.42712184716327,4.79548952294362,8.61948322545981,9.23287762743216,16.282428957202,94,4.4
1.17121394890886,4.55266843227264,4.92960753770012,8.79964138627214,9.41276734013359,16.5280049625471,94,4.6
1.79037403918992,4.68837990004275,5.06960922705583,8.95771234876091,9.55220952692183,16.9493772623389,94,4.8
1.07153194669787,4.83729862787206,5.22070917664203,9.11787517443507,9.75421854234241,17.0784714248365,94,5
1.42567223292646,4.95753208038797,5.33055526370384,9.25500220694474,9.8579671947573,17.4651783467444,94,5.2
1.29237056166547,5.06618635320659,5.45782412049395,9.41488733448536,10.0340209202588,17.3861388058664,94,5.4
1.72549871799004,5.18927414609813,5.56874597913979,9.54555456267919,10.1248408018661,17.6310129832291,94,5.6
2.2216337242051,5.29425619444715,5.66421682876094,9.66873993925778,10.2737349714772,17.3431393441555,94,5.8
2.38173343768278,5.40647655466089,5.77649352369052,9.77741580462412,10.3806915361369,18.4702067090663,94,6
2.11493054600059,5.49111986841347,5.87018458133106,9.90778679509632,10.5137972828416,18.1983115354822,94,6.2
2.42108297847755,5.58310618799809,5.9602205523859,10.0222066668921,10.6027834632637,18.7630427980695,94,6.4
2.48825857979025,5.66413996724381,6.03903145414228,10.1164391019215,10.7272814820333,19.384995325041,94,6.6
2.42769047178586,5.75041035533711,6.11826608095997,10.2185431081945,10.8150609032061,19.1310642604201,94,6.8
2.94389380806536,5.82326927063873,6.19638665083358,10.335955480539,10.9427106792769,19.089478570253,94,7
1.52833763780436,5.88292030029002,6.26139040933968,10.4261260229094,11.0250632203101,19.2626222894922,94,7.2
2.35109431910908,5.96036150080551,6.3343405555257,10.5281336127039,11.1409100924706,19.5025476555417,94,7.4
2.08501233603286,6.02039755582068,6.40009226648278,10.618887370453,11.2268146381185,19.2225948074392,94,7.6
1.96734174591997,6.06940658605829,6.47154913198963,10.7041986944059,11.286144730254,18.8407404839549,94,7.8
3.24578266128416,6.15022293449973,6.5219195904574,10.7938097267705,11.3793717779265,19.4855344130627,94,8
2.76334881786786,6.20157832856451,6.57423323692648,10.8636606720011,11.4903583561181,19.5247849003223,94,8.2
2.1707973138224,6.23399103490321,6.61035217793455,10.9519203210833,11.55952249552,19.8360344649446,94,8.4
1.96362470199424,6.28489321006422,6.68780063769886,11.0064080362401,11.6171708088392,20.2890074603333,94,8.6
3.3993243728526,6.33889445764671,6.72497621370006,11.0813414559991,11.6880525041864,19.7750275657838,94,8.8
3.12600878110888,6.35937088843279,6.75110104183682,11.1293728100644,11.7486512157021,19.4956465991971,94,9
2.82370205494368,6.39933872088326,6.80123076694882,11.2028347568758,11.8271018446126,19.8641673418117,94,9.2
3.62737283324722,6.44245956190464,6.84031536430828,11.2644779901217,11.9028986027195,19.4983953762328,94,9.4
3.04541344699936,6.48452799192935,6.8774074328968,11.3228151064238,11.94209660188,20.0410576410431,94,9.6
2.60491465358865,6.5298037597517,6.91312551164959,11.3896144573419,11.9913993925053,19.7225072688327,94,9.8
2.40141297588317,6.54725775327736,6.94638012972071,11.4500390571849,12.0671890455028,19.8138074179633,94,10
-1.42433115101833,-0.642141301363831,-0.535746514177093,0.535358281167923,0.63628617952263,1.46561144141681,95,0
0.280838781082797,1.98724296296249,2.18377046911296,4.45713925768579,4.69765540581144,6.82651398103112,95,0.2
1.00377294582245,3.89330226603185,4.17339031965188,7.27859541135671,7.61025454471023,10.7977931531112,95,0.4
2.16037972212156,5.4375923170522,5.77982399579535,9.27577091779272,9.64474540083982,15.4274784480258,95,0.6
3.37458888398122,6.67515378082704,7.01924297234041,10.7142272848386,11.125979092315,18.7302108480197,95,0.8
3.67555235695055,7.61864993250164,7.94876483334557,11.8156268684935,12.2402345203548,22.4191885902212,95,1
4.48013735835334,8.28554134650429,8.62942201208718,12.6804693690497,13.1374000169043,24.9092364098263,95,1.2
5.04008633378364,8.73087930368445,9.07691669785982,13.3763771338947,13.8755923249768,27.257616819652,95,1.4
4.39909579679306,9.02789073348583,9.40601199791079,13.96638301361,14.4567265835281,29.1900593477478,95,1.6
4.81666041073573,9.20252020858404,9.59862769142163,14.4227150723512,14.9642116123381,30.8799101497932,95,1.8
6.42725429430925,9.3183249789876,9.73040779111202,14.8056384989173,15.3536971703727,32.0474299484206,95,2
6.97510893791873,9.39459169364113,9.84063905130899,15.1228950087227,15.7119846069031,32.6662331065735,95,2.2
6.40062152969211,9.43720471366936,9.89752995590665,15.3955087202252,16.0017639639493,33.7887084007566,95,2.4
6.88774685573296,9.49400564648478,9.9380965806212,15.6289953164288,16.2478256822893,34.6994343247579,95,2.6
6.73906095631157,9.50439662685604,9.96563252221584,15.821672548289,16.4693476414729,35.9961813884964,95,2.8
6.95064668099143,9.50983452532352,9.9891491051713,15.966521893226,16.6814069525705,36.1338326427529,95,3
7.16908787928428,9.52698917644098,9.99616042929615,16.1218939479394,16.8258115715586,36.6500336290365,95,3.2
6.98505858493532,9.5507749122505,10.0060896783994,16.2385690337783,16.9472587483897,36.7376055454197,95,3.4
6.63618837095627,9.52561936970595,10.0076975837456,16.3283444128504,17.0597176782645,36.6191020523503,95,3.6
6.71034729865855,9.54215534999531,10.0260668305974,16.4081068313432,17.1528383346344,37.0890307920436,95,3.8
6.9138804395766,9.55670228779102,10.0270207814628,16.4725171934704,17.2483975304734,37.2087167105124,95,4
6.75481044754807,9.54726453217075,10.0253884295494,16.5383615201341,17.3513712863042,37.1468853075224,95,4.2
6.3644284364576,9.55101964706737,10.0344411586776,16.5958143633825,17.3870636740125,37.7960816387296,95,4.4
6.81775005180697,9.56069932711073,10.035348096374,16.6350947487075,17.4552730286971,37.6137939490121,95,4.6
6.51863859296617,9.54892748764664,10.0313050301325,16.6848555144069,17.493468744742,38.1312520076744,95,4.8
6.68577961430613,9.55483230756174,10.0382109450276,16.6876242063542,17.5271296419303,38.2340465549674,95,5
7.01577108542537,9.55901623502219,10.0264090421066,16.7064445231406,17.5593893999036,38.8268797157316,95,5.2
6.87384670825038,9.55581759055955,10.0462932351491,16.7545368199856,17.5673469606732,38.7402127362658,95,5.4
6.62033964071282,9.5567495406871,10.0341232825159,16.7486256952008,17.5940449746698,38.4448331966089,95,5.6
6.75203531429095,9.54366532718298,10.0301122199781,16.7714564452632,17.6491063077281,38.8242633935173,95,5.8
6.93785635539496,9.53871207022128,10.0280444803514,16.7851512314976,17.6297619021784,38.952322280283,95,6
6.73957402720991,9.55253867976578,10.0303631958042,16.8011190058208,17.659552284536,39.2038905064092,95,6.2
7.03075279569816,9.5534562778325,10.0328695204028,16.791015157372,17.6514242053807,39.6346144228868,95,6.4
6.87423904635476,9.56731140494512,10.0320332139375,16.8032913020762,17.6839678042005,39.0714660103648,95,6.6
7.02983817215122,9.57141844606765,10.0549794748659,16.8137234220364,17.6852431501162,38.698090867681,95,6.8
6.67465416415954,9.54938248277556,10.0221387425549,16.8208404226351,17.7017970177492,38.7675534360794,95,7
6.96223973891578,9.5539182086382,10.0212175807821,16.8192584074505,17.6823419651458,38.7816981861975,95,7.2
7.02368368564956,9.56861355107211,10.0376806745852,16.8477936311132,17.7281760500301,39.265439816687,95,7.4
6.83833381139614,9.55782545779781,10.0339732609186,16.848949495038,17.7154610167997,39.0214670901603,95,7.6
7.24166013908453,9.54637290450967,10.0181707730971,16.8377738487452,17.7021946713231,38.8863042950564,95,7.8
7.14519192176028,9.55570338804761,10.0363344771994,16.8647201500423,17.7025190739446,38.874174545603,95,8
6.68927241764099,9.55404741358023,10.0367264621069,16.8446745473157,17.6962174022243,39.0327776894871,95,8.2
6.87212480981785,9.55322790302089,10.0344898268964,16.8471239343035,17.7267623022288,38.9217705945531,95,8.4
6.9267011581504,9.5580101851694,10.0403570050857,16.8495574569321,17.724296591292,38.6610632313772,95,8.6
6.93811116251122,9.56216980150642,10.0354649011396,16.8678157149879,17.7175027010574,39.2841130494845,95,8.8
6.66905430357845,9.55495683474898,10.0214860988866,16.8197345065202,17.6994587347622,38.9369912958356,95,9
6.8242661780033,9.55250776172592,10.0268614422341,16.8533271365646,17.7297342100342,39.5137160138641,95,9.2
6.33784516250297,9.55803815310671,10.0446063117837,16.8360343271279,17.7078723255058,39.6038473289624,95,9.4
6.74654880782677,9.57515635220162,10.0391023798423,16.8549226843661,17.7327748067413,39.1649689659164,95,9.6
6.81521613452105,9.55726487445987,10.0266096267177,16.8339306150191,17.7177388152333,39.6355011994673,95,9.8
6.91422936922049,9.54338877660237,10.0308030953229,16.863574275467,17.7315643115412,39.9968925804962,95,10
-1.39522232252505,-0.63621518675366,-0.533104926076346,0.541387875865169,0.643960466759247,1.30690392623621,96,0
-0.659091762927412,0.501593398551595,0.64518063738732,2.22490945997168,2.39250691548042,4.42012433614297,96,0.2
-0.291987132213434,1.42269137884057,1.61013277379913,3.75892494990839,3.9908604929324,6.91091748671765,96,0.4
0.399275520570464,2.23864035372832,2.47618494762372,5.08017016410501,5.34234540934608,8.83525353403524,96,0.6
0.980544267987937,2.97630274196034,3.23872808945609,6.16826564437026,6.46642219935734,9.6970887359823,96,0.8
1.53015256898467,3.63165415475476,3.92889952247708,7.0812326581893,7.40625734052599,10.8910546156414,96,1
1.64225499239814,4.25362476285569,4.54611812953524,7.88408498140221,8.2543288896323,11.6654545031175,96,1.2
2.08830501541737,4.80483119575462,5.12561119332596,8.56605922832207,8.94602701757372,12.2541044599364,96,1.4
2.33909178777657,5.30272428300517,5.62368357805683,9.18472780930979,9.56078247832445,13.089692154158,96,1.6
2.39320540358294,5.7336697644152,6.05472514665938,9.69683602221305,10.0757387588151,13.4756846260596,96,1.8
2.69722239271987,6.1136275452678,6.44421365439026,10.1504688124382,10.574911824232,13.9435415008479,96,2
2.85910174124825,6.4509474209614,6.7870743172602,10.5611254889249,10.9710224202535,14.5531321122211,96,2.2
2.5526466189282,6.75076823130588,7.08264604814753,10.9403368839244,11.3743389102258,15.672615990544,96,2.4
3.37287028577944,7.00123309685817,7.35220543256517,11.2809344359242,11.7084271131526,15.5115862425627,96,2.6
3.50040247600054,7.21485351775779,7.57044020261048,11.5745216526689,12.024955503013,16.8120875891983,96,2.8
4.20191828664236,7.40092190815224,7.75307536378943,11.8361379961455,12.3232434310528,16.2141780416465,96,3
4.45104829679199,7.56449353851805,7.91264078223433,12.0728498857413,12.5850014554211,16.7708629061063,96,3.2
4.59874100762166,7.68493514788241,8.0545263859758,12.3185775203804,12.8088137501697,17.3539372804301,96,3.4
5.30254270930752,7.79954835481035,8.16465057342659,12.5051095570145,13.011523577218,17.5888915763595,96,3.6
5.34263404788926,7.9056506327764,8.27723109102571,12.7108858776177,13.2035447015474,17.8152907800996,96,3.8
5.16790713700496,7.96391329846507,8.3419085346106,12.8714899125322,13.3860495367519,17.6552696764295,96,4
5.25623246038905,8.0310154495593,8.42267068051149,13.0191783808537,13.557547381046,18.1158055261381,96,4.2
5.70695016092142,8.08341068498305,8.46591474795039,13.171248545974,13.7015684872147,18.4848678871005,96,4.4
5.62058475857143,8.13445423379517,8.52189093498966,13.2956165181441,13.8533592956871,18.6771551570762,96,4.6
5.06963279075949,8.14043625272367,8.55147953621991,13.4199106484814,13.9524029031343,18.3865758862507,96,4.8
5.56936767091644,8.19169656353743,8.58602487998329,13.5315398862037,14.0712222216677,18.7209702298341,96,5
5.51290083492108,8.19985583461875,8.6177670425424,13.6241721020581,14.1832241529903,18.854286520378,96,5.2
5.59863405150005,8.21816234105018,8.64994812211678,13.731413220886,14.3114831054715,18.3938304473613,96,5.4
5.69666954245296,8.25876419366272,8.67776046096948,13.808230042234,14.3866043712457,18.3866452103142,96,5.6
5.45790594640676,8.2523435756196,8.68159153687213,13.9027974732283,14.4956082470171,18.5073590601113,96,5.8
5.74990433601225,8.27112847296613,8.68026796826256,13.979048377903,14.5545115323688,18.4207544756581,96,6
5.68451835445939,8.28712649947146,8.71385827378693,14.0559667054029,14.6443715102243,19.1546715321487,96,6.2
5.63909434753373,8.27705877516241,8.70270145013614,14.1148813974015,14.7054280288258,18.9313551974849,96,6.4
5.76828711697519,8.28427321179531,8.71249665661156,14.1695749381522,14.7920849455889,19.1543232853988,96,6.6
5.3254173867664,8.30668394817785,8.73609144963082,14.2014756084724,14.8305653546365,19.2832404501755,96,6.8
5.81701757729147,8.31282343165393,8.74091472886906,14.2645479091738,14.8967834462794,19.1756026577642,96,7
5.88537971619094,8.3191409870922,8.74412630254299,14.2984164164326,14.9579945796296,19.3989271506477,96,7.2
5.7202520363529,8.30963751737455,8.73733668101146,14.354446235542,15.0117203722564,19.2874447918884,96,7.4
5.76114895765352,8.32013036953849,8.75422736797283,14.3855757230733,15.0297869947918,20.106864523468,96,7.6
5.51526246244247,8.32615370077781,8.75678405907574,14.4182183409739,15.1040209905858,20.8075833146233,96,7.8
5.76653219694301,8.32366454660277,8.76156722073739,14.4511812889275,15.1128041510391,20.5464593227573,96,8
5.85768908053097,8.31209201807582,8.75814474848285,14.4800748384614,15.1779218528868,20.4981837216352,96,8.2
5.73195740050184,8.32099017173037,8.76066184096393,14.5094626701133,15.1899907366744,20.877848904214,96,8.4
4.99333808638531,8.3097805468617,8.76156655767953,14.5366619150723,15.2455026005858,20.1715982166092,96,8.6
5.68159442683286,8.30326845803259,8.76112657806046,14.5517178577694,15.2589477183479,20.9945476981676,96,8.8
5.40617538084182,8.33828418799697,8.77817870522334,14.5913898975068,15.2908416569802,21.4528562561241,96,9
5.74728895397546,8.31769640751447,8.76089746103766,14.6076939068464,15.3082977757331,21.4116856050485,96,9.2
5.45727792959691,8.32545690417056,8.76602176185611,14.6151074539495,15.3423587504624,20.9393568401869,96,9.4
5.96257656544818,8.33597318733291,8.77123635893955,14.6316996995738,15.3198509240765,21.0103922837073,96,9.6
5.58392853237547,8.32505878093091,8.77510290433225,14.6537761366081,15.3411009659535,20.531806575747,96,9.8
5.8011905583338,8.34921356515485,8.78936017579557,14.6712628909349,15.3705894424222,20.8511958973208,96,10
-1.53090029645044,-0.638417604457432,-0.535334763660037,0.543695218505126,0.652213713901602,1.49745193144292,97,0
-0.447477122079532,0.818738468507435,0.98625190674511,2.74378477815436,2.92660498942011,4.65115903386378,97,0.2
-0.0263777217832108,1.94850348388199,2.17220207506161,4.57654500372988,4.82706693378449,6.84913925215535,97,0.4
0.872500742101665,2.89488742127805,3.17742660190083,6.01388615723866,6.30768642606431,9.47070104368971,97,0.6
0.8584118143566,3.71765589965448,4.03125586152966,7.13708513125983,7.45344792996375,10.4095071741847,97,0.8
1.47561435030844,4.44164936020077,4.78325489131963,8.05871294913594,8.41828890957938,11.2125053008399,97,1
2.01532433096354,5.05394098339605,5.40702308530852,8.7895477838133,9.17529318929222,12.0049420692348,97,1.2
2.13231203005533,5.58047037176684,5.93098927696773,9.41652394688525,9.82370011129863,12.8207016321232,97,1.4
2.5157507491596,6.01837895120065,6.36366862270981,9.9453167355616,10.3439515270253,13.5850708151825,97,1.6
3.29480644169141,6.37555917111379,6.71890758520783,10.4033515995938,10.8447320058205,14.9258576434794,97,1.8
3.02865775245683,6.6552468480868,6.99733223322959,10.7868028551938,11.2367611234851,15.1497273543632,97,2
3.33051236258068,6.84553754730984,7.20661566020929,11.1138165083713,11.5614521868815,15.5246448583339,97,2.2
3.89189547629249,7.0348408041824,7.39082641450365,11.4096488395721,11.8421330881882,16.0243333786749,97,2.4
4.37343216744355,7.16322821158966,7.52512672603444,11.6378206704668,12.1127506943097,16.6939739331929,97,2.6
4.3188150092771,7.24879816485616,7.63220982080797,11.8749072084914,12.3300005700759,16.1624104144115,97,2.8
3.96372603573484,7.32995826727296,7.7150490911816,12.0648326461149,12.5474795400413,16.9150153126969,97,3
4.54604253566666,7.37014580332648,7.77165172379859,12.2365571102124,12.7215448419447,17.0265964397894,97,3.2
4.41909210124107,7.45004968266921,7.82698055397469,12.3945316795136,12.8719008297825,17.3624267095344,97,3.4
4.15752191257554,7.46150837424586,7.86109591532655,12.512595915723,13.0139837135129,17.2653248860141,97,3.6
4.39694389500586,7.51418176045041,7.91449504827377,12.64557313455,13.1420284536746,17.9287040600696,97,3.8
4.29809303949473,7.53051442656029,7.93410725656363,12.7471540315398,13.2536788667143,17.9426191438047,97,4
4.33917844095276,7.55526969305233,7.95064564014048,12.8293648585682,13.3557267017589,17.9503297143306,97,4.2
4.75949181108765,7.54456063589936,7.95949172423387,12.9259564240621,13.4486229183552,18.2238188017726,97,4.4
4.92474194813671,7.56894147088632,7.95319720238189,13.0040484620319,13.5466227380604,18.2552343740449,97,4.6
4.96372094514665,7.56588138121985,7.96259918617077,13.0592903271914,13.6028726679138,18.7334842659206,97,4.8
4.88730647117563,7.57308346465694,7.99267664645214,13.1189014373844,13.6818436907324,18.5362644438795,97,5
4.85899682171014,7.58328202036129,8.0103601973984,13.1790106595795,13.7492810616269,18.9858647935008,97,5.2
4.76444168197,7.5970084450939,8.00521942091975,13.2190330921939,13.7849182588732,18.7519190766547,97,5.4
4.61150827461517,7.60690917558258,8.00645122340378,13.2542661525116,13.8423313837823,18.4280736520434,97,5.6
4.79936856708395,7.58248495018739,8.00705863455222,13.2808100121262,13.893451371606,18.9145322825251,97,5.8
5.0307354000003,7.60308270229068,8.01910914211648,13.3354138080213,13.9284358199353,18.9248056457831,97,6
5.13550321560678,7.59564454420967,8.02380898129235,13.3532041573891,13.9610491206965,19.4320711358188,97,6.2
4.9149707554591,7.5996154823762,8.034171678035,13.392677469137,13.9842075296285,19.7255059285989,97,6.4
5.0299907087287,7.60173799718143,8.02344017256008,13.3934668282035,13.9999703035871,18.7252026243217,97,6.6
4.64370169223705,7.60871192896025,8.02735447338819,13.4342900690527,14.0357428280394,19.2948551443253,97,6.8
4.68328087116955,7.59698823504895,8.0213729068628,13.4374679292598,14.0668181056276,19.3179362467728,97,7
4.90725412811726,7.61803730735643,8.02320827903063,13.4674536221237,14.0925725141802,19.1723978274952,97,7.2
5.4195644274157,7.61016980266364,8.01391956521702,13.4551316785073,14.1015194498646,19.6445685933221,97,7.4
5.12961712185104,7.59970625104107,8.01794814457083,13.4808016829163,14.0916191145394,19.6931703918761,97,7.6
4.93480879123537,7.62248801578249,8.03105645578377,13.4962347590486,14.1291712610451,19.77808634327,97,7.8
5.10718886483923,7.6011230612557,8.02457750309482,13.4975244180496,14.1245144784608,19.0180327697155,97,8
4.91804454884757,7.60073247936036,8.0308562645887,13.5121593482698,14.1305975272945,19.4736656672198,97,8.2
4.54252883047987,7.60247204467389,8.02661160859633,13.5135414697615,14.1794556948061,19.3490417994754,97,8.4
4.71064065971868,7.60359452553973,8.02839383070593,13.5209382635543,14.1606601020652,19.050637715425,97,8.6
4.98745728552701,7.612625405348,8.01955543147334,13.5118823437248,14.1865442463638,19.7793571718134,97,8.8
4.6328949677787,7.61834523570572,8.02579947586275,13.5313299104815,14.1954943445896,18.7291165543822,97,9
4.85600591071905,7.61605074694785,8.0276890074017,13.562392466054,14.2214296807356,19.396400276655,97,9.2
4.61145753780812,7.59618568977454,8.00152324463784,13.5710806223403,14.240529531374,19.2769961202538,97,9.4
5.27138748375831,7.59035874255802,8.0273286176518,13.5687950798824,14.2170501765446,19.6898416096147,97,9.6
4.90171925273953,7.6207672276139,8.03246688497835,13.5608149741858,14.2083434944077,19.3477270469754,97,9.8
4.90876659019116,7.62037232772965,8.02805102574909,13.5668953226937,14.2167964877273,19.9071528299803,97,10
-1.37834159814774,-0.648712405563778,-0.541364019531096,0.536929281829639,0.640661377311103,1.33411238861811,98,0
-1.37386319425134,-0.197175779754794,-0.0666765534217927,1.27355691318002,1.41353719393561,3.71660105598017,98,0.2
-1.42834620070257,0.192178299458251,0.351141137180054,1.96612661293073,2.1384069285332,5.29124171930003,98,0.4
-1.02932533985433,0.573989541456366,0.747437145216595,2.60550503915447,2.80662464977618,6.90445940452015,98,0.6
-1.23472237729527,0.890482865708973,1.10934565801033,3.18717938583547,3.41813484352645,8.47578888327903,98,0.8
-1.35703203718437,1.22348581901498,1.44333325354213,3.70453139744821,3.95067417950581,8.99814844455118,98,1
-0.356537937120788,1.54190077411021,1.77963190966875,4.19175319709091,4.46034371268932,10.4071368401136,98,1.2
-0.152089246199957,1.82619012193702,2.08943456571341,4.62419230483032,4.91752365953193,10.8782373935143,98,1.4
-0.230077139201289,2.10698104186902,2.36542000327648,5.00290277763807,5.29196474902199,11.7476094056376,98,1.6
0.0888589764511025,2.37339708952682,2.63973357993604,5.37140738450158,5.6702421846843,11.9789411684544,98,1.8
-0.109393748442899,2.621089882703,2.90290867980546,5.69863746350441,6.00584175567908,13.135754805325,98,2
-0.27787956931966,2.84708595912496,3.13578616810621,6.00925595337276,6.33354964172768,13.1874659450199,98,2.2
0.307945551969006,3.06078647894663,3.35036215327923,6.27005930702461,6.59167427404137,13.91447417283,98,2.4
0.924978772704861,3.29174482982105,3.56601975602273,6.51667445696204,6.83975539675625,13.5240784749715,98,2.6
0.917358236982682,3.45894285435066,3.75150168802236,6.75547557614235,7.07138936839244,14.3959479328376,98,2.8
0.954667693100905,3.61860738916253,3.92445842208397,6.97010165527422,7.3096572507706,15.2304835739141,98,3
0.646884618976057,3.81198693530423,4.11242893283873,7.17373686235504,7.51111584865409,15.2093237558031,98,3.2
1.10039976200855,3.96473431160151,4.26467936879739,7.3590226360647,7.69703568855879,14.886597049878,98,3.4
1.19266360714445,4.10195045565777,4.41193406838234,7.53133447823185,7.87042444742755,15.2089647385033,98,3.6
1.45821669486579,4.24468919470138,4.5482924533044,7.70026052949733,8.05040736033174,15.5900655316629,98,3.8
1.34262858303354,4.36964898055272,4.6695505086995,7.85899910560335,8.2085661319368,16.1931225752133,98,4
2.00342853148853,4.48404834891539,4.78641225748272,7.99322713653928,8.35227958376412,16.8410439979229,98,4.2
2.04277166592838,4.57562227003536,4.88738202744048,8.13458675542019,8.49950758500765,17.2700410686721,98,4.4
1.68488166051045,4.68781262996971,4.99494729831706,8.26825305880993,8.61354641103348,17.5625840683916,98,4.6
2.09889906936695,4.76435926089666,5.07135862099789,8.37302683485296,8.75663039023864,16.9301731038679,98,4.8
2.64240668745285,4.84600207362887,5.15212755415986,8.48501117400079,8.86361476853834,17.2572321149273,98,5
2.40500240422176,4.91250210164144,5.23518018302988,8.58363445070314,8.97878696042775,17.5078388483497,98,5.2
1.83129221403179,4.97807886413492,5.30170688228596,8.68483430286248,9.08085993075981,17.7353201447473,98,5.4
1.99218350549573,5.04590157998829,5.35234523959357,8.7889648474728,9.17162105278408,17.6892415884533,98,5.6
2.01409312809168,5.10303382770512,5.416927011342,8.88295213200487,9.25682830641828,17.9108417479065,98,5.8
2.55211149573101,5.15133803672539,5.47574939152622,8.96094020148274,9.37778033072044,18.0673953587015,98,6
2.02711631164462,5.20236018316631,5.51874731116936,9.03850940847387,9.4355519053278,18.1344550633155,98,6.2
2.01819748183372,5.24625019548228,5.56407726580745,9.11574209408133,9.53687919470944,18.1306343568003,98,6.4
1.83875305901792,5.28269667600319,5.59336273164711,9.18027936435343,9.59564816251365,19.0957403991123,98,6.6
1.33367279420676,5.31832062177472,5.63915038923232,9.24859335284075,9.66268241983694,18.2589406787316,98,6.8
1.47458663213546,5.34202768051623,5.66656032786273,9.32418208079207,9.7358375411949,17.850122725463,98,7
2.16598037192071,5.36863809108372,5.70169529458276,9.37773913300771,9.78769511167731,18.2675804404812,98,7.2
2.73412565431849,5.39165256132068,5.71533371703829,9.43205333696799,9.85221909451881,18.5228800122693,98,7.4
2.34708175829594,5.4156877133401,5.73167345108809,9.47524026266215,9.91215228971728,18.4447999210824,98,7.6
2.20571809848156,5.4534835975054,5.76645149523115,9.54065273862185,9.96853773925212,18.556761927857,98,7.8
1.88913292012744,5.45782350161037,5.7913860820639,9.59300669511217,10.0201241911635,17.8380539772697,98,8
1.67194974518967,5.47105149183144,5.80333640928093,9.6389293108843,10.0889806267421,18.0782630346716,98,8.2
1.43498562148992,5.48882790074303,5.81852009532149,9.69915322631944,10.1365272412971,18.812854099544,98,8.4
1.50024097719477,5.4961612381944,5.82515737423197,9.73511113867844,10.1834301460844,19.1273763800396,98,8.6
2.40539818143446,5.52498884519822,5.8528499062438,9.78115645977729,10.2424342962869,18.4126370456427,98,8.8
1.93344185222802,5.5056155032069,5.85790121244544,9.80200558404254,10.2617944454045,19.7516977990053,98,9
2.71665822399754,5.54315913880032,5.879089590506,9.83065623944499,10.2884313981862,19.1189517628965,98,9.2
2.79170514631887,5.54274238536718,5.88123982673122,9.87736677954463,10.320584598133,18.3438921654995,98,9.4
2.74772480370452,5.5429485172464,5.88382052242263,9.90979884843603,10.3566067292708,18.7392666703515,98,9.6
2.31118802506804,5.55638718267939,5.90449856382479,9.94935632261507,10.3946460447016,19.3406371892525,98,9.8
1.72823974102988,5.57945459386332,5.91478522047982,9.96437861276034,10.4191674264876,18.7329030123507,98,10
-1.45898321977771,-0.646164482647064,-0.541132673419649,0.540222127276044,0.640711157258214,1.40934271129401,99,0
-1.34563600820048,-0.375462781453504,-0.239087130373902,1.08288523353233,1.21998527075864,3.25272594172473,99,0.2
-1.92319379061819,-0.111133307014492,0.0401702851230001,1.59706216926648,1.76613702025776,5.35191348321038,99,0.4
-2.00815552251203,0.13012405404288,0.307804116428697,2.0808988797379,2.28049116800001,6.87469228017416,99,0.6
-1.82177902431941,0.364320420058793,0.562251433844089,2.53974286980155,2.78924044882601,8.21116547952736,99,0.8
-1.93128669876871,0.598918505259713,0.814804485912539,2.9754252683973,3.23035759249825,9.54438613679957,99,1
-2.20976500362517,0.825822009558863,1.05890313125338,3.38165740540513,3.66617082231397,11.035896902401,99,1.2
-1.79496187115166,1.05353043443971,1.29048179501084,3.76721908726494,4.05582498024386,11.0535947997063,99,1.4
-1.61451671011473,1.27160190906346,1.53032031987154,4.13294997243636,4.46005409684951,11.6112650281712,99,1.6
-2.45347432515298,1.46393222918559,1.73001269673376,4.48562644859534,4.82299603800789,12.8266481930607,99,1.8
-3.35755164301964,1.66865831515855,1.9480623100976,4.78995034179194,5.12161070124684,13.27838433031,99,2
-1.60947231716215,1.86934957684901,2.16870349358566,5.10164467455322,5.44777750384537,13.1411441626003,99,2.2
-1.23421590122148,2.04523719340494,2.36379017440078,5.38279187164179,5.71590860397285,13.6898191499581,99,2.4
-1.29722561944692,2.22296899924354,2.5422233023024,5.64592286085859,5.99447315007926,13.9773800529709,99,2.6
-1.25387387094005,2.40574450175452,2.73105199379646,5.89325222569135,6.25463776513248,14.0705188490937,99,2.8
-1.79921892409489,2.56514682591446,2.89387017452592,6.13032862496304,6.48661510295578,14.857548904595,99,3
-1.34846121942935,2.74903139143379,3.07809538021981,6.36406374421601,6.7249395528543,15.5238065420483,99,3.2
-1.02129134550143,2.88584498154441,3.24190357916419,6.58268322367562,6.96506689267936,15.3876895011978,99,3.4
-1.14849406454156,3.05863822872223,3.41062634158681,6.7807870705881,7.1667671024938,15.4408804858019,99,3.6
-0.693765715134522,3.20631819194849,3.57046809757083,6.98943168455425,7.37522504374061,15.4534752060051,99,3.8
-0.286872282649099,3.33097689719748,3.70368604765896,7.15947298354006,7.55513259079472,15.5916493095417,99,4
-0.918802265866534,3.48048143010975,3.84776615897132,7.34455519161591,7.73487142233583,15.8014023433908,99,4.2
-0.0314369139980799,3.61985476521697,3.97671511727568,7.50270397311899,7.89882949302942,16.0344036319412,99,4.4
0.153496877837259,3.76007529681202,4.12021863266491,7.66706243164714,8.08755260829741,16.6174540147126,99,4.6
0.122105054547365,3.87582591881946,4.24563104048548,7.83525633830762,8.23371717935673,17.3494185268056,99,4.8
0.184356049932544,3.99108803690065,4.36360401523852,7.97408515423165,8.4080052882614,16.564097380257,99,5
0.348521026735674,4.11366230007065,4.48167965102998,8.10628435437558,8.52516205455247,17.7696804223607,99,5.2
0.141789172972768,4.21855155823148,4.59624735373427,8.25035670782081,8.65400703822439,17.4278051177212,99,5.4
0.0371955244900132,4.31616248547888,4.68920279198484,8.3948299245025,8.82538392161745,17.6624518673254,99,5.6
0.488851769514086,4.41747831601794,4.79966041600958,8.48990127354776,8.91799099213011,17.6399819782865,99,5.8
0.497372669753195,4.54458817230054,4.91808864041377,8.62180312466606,9.05975784752294,18.0537396249488,99,6
0.336131367493835,4.63592055315061,5.00800426939525,8.7465106180475,9.17957966429134,18.0893361942433,99,6.2
1.05963216859265,4.70470061176373,5.08775625610278,8.8509611873912,9.28444344196712,18.3836298187443,99,6.4
0.891329888498619,4.80735793716276,5.18966857259332,8.95752968807693,9.38634744805596,17.9822146324424,99,6.6
1.14608902888659,4.89115788581957,5.27510225442103,9.04242443558352,9.48764362402308,18.066327195057,99,6.8
0.854919139041611,4.95723199891057,5.34348660391595,9.13217717400855,9.5771523790279,17.8661014417426,99,7
0.60308850873045,5.01995841617235,5.42210778856304,9.23563343238014,9.67180028762489,18.6064248044679,99,7.2
0.276112247923694,5.09584291029503,5.48411333485711,9.33365978615757,9.76618196517072,18.3389812694729,99,7.4
0.0656242273425358,5.18142456462937,5.56414768924831,9.40885588410027,9.84823255933567,18.4076629930738,99,7.6
0.882652339089433,5.23132874536889,5.62374845543423,9.48579029457349,9.94487718475622,18.584171747487,99,7.8
0.455927907410855,5.31092745860517,5.68211738831098,9.57851851078994,10.0519037661383,18.3968114985102,99,8
1.0880407259679,5.35204222364339,5.74049907819552,9.63332676960228,10.1163246085852,18.0722189701836,99,8.2
0.940722803481936,5.42020829409437,5.80136795633656,9.73771331732278,10.1789116968651,18.4011151108817,99,8.4
0.319476832704279,5.46485222641709,5.85611013031008,9.81126654072838,10.2606055423668,18.7849712480335,99,8.6
0.769179338261648,5.51161170346915,5.89385593068765,9.87924980412905,10.341659285666,18.0147425287596,99,8.8
0.752997156730816,5.57151463291247,5.9516724107451,9.93565274335653,10.4092558748405,18.3622574931299,99,9
1.87621849378866,5.60287636652717,5.97685713723116,10.0030759158525,10.4763624145389,17.9475728463975,99,9.2
1.15706510182366,5.65193959547343,6.02531345612835,10.0638951991765,10.5348282132349,17.9991407937428,99,9.4
1.9942432201739,5.69824819708682,6.06825199189885,10.1238889306084,10.5925185726607,18.2820572569994,99,9.6
1.65349021358736,5.72657588435141,6.10295931888414,10.1658605429947,10.6473197326649,18.3536352017514,99,9.8
2.28444114711946,5.75262072670594,6.1348828798234,10.2497069221965,10.7442023280011,18.7586523841633,99,10
-1.26116775427354,-0.649739016888007,-0.541383150810163,0.533437249261944,0.637771823852867,1.50955182638113,100,0
0.382046573430289,1.69287836875883,1.8743777743002,4.08452587225016,4.35522707391029,6.5909268992923,100,0.2
1.82116423336322,3.46538237065384,3.72905937418456,6.76510080061365,7.10941576255295,9.64926708666011,100,0.4
2.7781244920685,4.94082320960678,5.25936195359626,8.7100929387185,9.07346494198321,12.354687776027,100,0.6
3.36294932953445,6.20096457225225,6.5223518593617,10.1665612574702,10.5502043338446,14.6062986627134,100,0.8
4.5166653141628,7.22035823966898,7.57110518230322,11.3118340309471,11.6959947933814,16.7630744511409,100,1
5.85907442755054,8.02954320811585,8.37565231302604,12.2250651721729,12.6343778244388,17.5363003996501,100,1.2
6.26748852963943,8.64328173521355,8.99895196932628,12.9916188766529,13.4187015855118,18.58400561964,100,1.4
6.44845374476039,9.06318331915014,9.43343309819327,13.623286371382,14.0673256487691,19.9870559444027,100,1.6
6.8723011546267,9.34953884385386,9.76128675427364,14.1746951714999,14.6386326829437,21.1530490261492,100,1.8
6.64881425032172,9.56044553415032,9.97671997757023,14.6248031016251,15.1208884643555,21.4066991335325,100,2
6.68669339586779,9.6825216223831,10.1612229012105,15.0204769734711,15.5329406444798,22.5612409058854,100,2.2
6.6678711094496,9.76718408016692,10.242931087771,15.3783443965372,15.8984561083201,22.5308387239641,100,2.4
6.93266770383374,9.83703447604132,10.3496679385844,15.6663486611903,16.2292370356801,22.9091157196783,100,2.6
6.59218333072652,9.88544050988008,10.3930450849046,15.9334565667809,16.5171165053362,23.4026087252167,100,2.8
6.88641436174879,9.91388424856906,10.4408395664924,16.1487113807469,16.7553513952642,23.5539452256996,100,3
7.06977005917432,9.9457529435985,10.4613032823657,16.3211445510901,16.9397839036783,23.8098214134899,100,3.2
6.14530410026554,9.93332790096393,10.4662307868431,16.495227092018,17.1280113125878,23.8463022255537,100,3.4
6.59132876403269,9.94961870596616,10.4821869278769,16.6389126252761,17.2921749619033,24.2144504635221,100,3.6
6.34071251560945,9.96409987363566,10.5130401075636,16.7792913288046,17.4651948413742,23.7306564103988,100,3.8
6.46603069197624,9.96319044828893,10.4893819286209,16.8649902970284,17.5548045944262,23.8542056964142,100,4
7.14079460356793,9.9816142745719,10.5103521091342,16.9699293566924,17.6661526889253,23.8554660280325,100,4.2
6.80710882479925,9.96995255631111,10.5233464090818,17.051410483947,17.7722751835181,24.1425470320942,100,4.4
6.39288884052565,9.9764638992911,10.5302495921717,17.125458066102,17.854543316575,24.628970748387,100,4.6
6.58418242524228,9.99102155451191,10.5277522075038,17.1812934156464,17.9196400917096,24.0211379310377,100,4.8
6.75229816793126,9.9662219173803,10.5184201276339,17.2240966989804,17.9828732130837,24.0817608201773,100,5
6.78643784141356,9.97419581083505,10.5162462326087,17.2660857297715,18.0490630509729,24.1420101764277,100,5.2
6.58350243844862,9.97904170270009,10.5202641557239,17.3110870853947,18.0878777854395,24.3510769738225,100,5.4
6.87740768407028,9.98239638711534,10.5196021450305,17.3582395013295,18.155615705021,24.0214177880085,100,5.6
6.49021433253992,9.97637030690272,10.5339902842209,17.3980142959437,18.1615585248773,24.4543904104274,100,5.8
6.58950649245382,9.98174037599012,10.5357012793732,17.4201114533109,18.2000207472926,24.4000973050322,100,6
6.53769586522938,9.99188734622415,10.5461516706201,17.4402457765774,18.2321345446208,24.4993471704603,100,6.2
6.83832427624247,9.99079541210377,10.537707716724,17.4522782737086,18.2607766034244,25.6054989520032,100,6.4
6.85406399629427,9.96990314997764,10.5473631542901,17.4668277914861,18.2658024823377,25.7465518885746,100,6.6
6.95539469060683,9.97955399528117,10.5240865334636,17.4908737917824,18.2962674785941,25.9730696586194,100,6.8
6.7091051468419,9.9776582668914,10.5369478630594,17.5060179543506,18.3158600879447,25.1180827366798,100,7
6.99964402980827,9.98815644176072,10.5353263634775,17.5213444278433,18.3454290269129,25.3617672127625,100,7.2
6.48579955984946,9.98176786951023,10.535839748523,17.5243463057617,18.3308665355284,26.1542897933591,100,7.4
6.72993123225196,9.98346329158295,10.5424836587806,17.5366685609718,18.3790221839299,25.9586826973989,100,7.6
6.7500270580022,9.98688014265427,10.5283902808424,17.5553346188789,18.37669484459,26.2665249902631,100,7.8
6.89431592614411,9.98490016222659,10.5225299415331,17.5506459710481,18.3786917165213,26.4870925529412,100,8
6.72661403055993,9.97698574454456,10.5358279726993,17.5506263453427,18.4083359503888,26.1721695633719,100,8.2
6.92387774327352,9.98448885600263,10.5431476332449,17.5570079227105,18.3850850002237,26.443497546918,100,8.4
6.72247528124966,9.98442498473819,10.5309624645794,17.5542791222985,18.4015572782808,26.0975657261536,100,8.6
6.77328992514921,9.98686247640341,10.5349575832447,17.580552524426,18.4189573876757,25.760811791467,100,8.8
6.61359378610631,9.97742740863344,10.5274374042799,17.5625541944995,18.3957955915179,26.958717837407,100,9
6.90550503129628,9.96252541461115,10.5348439744328,17.5801775405387,18.3909750870233,25.8402811562292,100,9.2
6.75955296590372,9.98576328997392,10.5340226202627,17.5596929045189,18.4120852054906,26.8558360918302,100,9.4
6.46183933385615,9.99110137571316,10.5525244673529,17.5807581170138,18.4257438496423,26.8654359125636,100,9.6
6.64756790125832,9.9931572479904,10.5471880746537,17.5750945588236,18.4368044806634,27.1113011881168,100,9.8
6.62655728470233,9.96849117654028,10.5378721387346,17.5824401421432,18.4312578363019,26.1824108558765,100,10
