qu0,qu0025,qu005,qu095,qu0975,qu1,id,time
-1.34832795288668,-0.615591469922422,-0.510920000687946,0.516415745007455,0.619915656623117,1.31280585093165,1,0
-0.973807191294846,0.405068091829736,0.558230803327055,2.20059545142841,2.38981775660195,4.71441737950411,1,0.2
-0.399994267399875,1.20721050550945,1.41798562303339,3.72705091416063,3.98188092840603,7.76261942144597,1,0.4
0.0858841067793028,1.94848877068797,2.19418813431075,4.98135402212977,5.30804285837566,10.4564654359116,1,0.6
0.679935839986133,2.61545046026828,2.88342665931577,6.03517289188967,6.35980320647472,12.9494457602155,1,0.8
0.811012811246399,3.21830079919071,3.51496637203509,6.90297564203988,7.26937365060342,14.2245748552063,1,1
1.03926523382613,3.75632575079154,4.08162223959357,7.64198044469351,8.0280687069491,15.3307985521291,1,1.2
1.4361002793243,4.26295599086504,4.59065402563821,8.28574351327127,8.67198107615859,16.2165590350676,1,1.4
1.65202631811562,4.70359269447496,5.05851096569321,8.81470203892119,9.2450894655058,17.6125058165428,1,1.6
1.12695702857099,5.11699328205497,5.4524014619486,9.31325695997106,9.71753818607476,18.2352273490185,1,1.8
2.40463476567422,5.46596777056684,5.81271457002184,9.75272239729997,10.1736406638835,19.3436037109861,1,2
2.09628172738034,5.77052034725967,6.12429590173843,10.1252708235288,10.5691643991307,20.0446516158576,1,2.2
3.27438939456282,6.03304272632841,6.39232881609578,10.4568099402464,10.9032715079468,20.7373252090368,1,2.4
3.16614888084955,6.27489432105327,6.63015731105995,10.7672365496682,11.243023274293,21.648221714828,1,2.6
3.59287016558201,6.47255888120938,6.82983480128561,11.0348620314391,11.506486276982,22.4570952049274,1,2.8
3.89224163840395,6.62318694074422,6.99127310534056,11.2855999413074,11.7695401794986,22.4303308465306,1,3
3.64061573456819,6.75920936772648,7.12503814066702,11.5252603792072,12.0398551655603,22.7606839591543,1,3.2
2.96303347571369,6.8872966910999,7.24592345223299,11.7259461725967,12.2300399760586,24.113386414661,1,3.4
3.12296160980606,6.96546013265836,7.3427199876684,11.9138424713387,12.4195507479774,24.2706113529691,1,3.6
3.69560220537189,7.04642935037099,7.4300626696611,12.0897264528106,12.6113233379882,24.8731839098951,1,3.8
2.62699411143388,7.09827440030363,7.48548346116406,12.2440102899514,12.7697649507767,25.2036873985228,1,4
4.3869436442797,7.17424291692054,7.54537797269675,12.391076850542,12.9348915167451,25.1900771317986,1,4.2
4.06498866652678,7.19708823892866,7.60643886490267,12.5322013202225,13.062771873131,25.956722664632,1,4.4
3.50388851316985,7.2241622357006,7.6512717807602,12.6573908195874,13.2079211909583,25.2697852259917,1,4.6
4.86299303420548,7.27396624599785,7.68808970928233,12.7573714144143,13.3126455196642,26.2768628715251,1,4.8
4.29128208509735,7.29667089438045,7.71954246521867,12.887947960846,13.4414311704199,26.3824391584408,1,5
4.18184483714214,7.31364035100239,7.7329840842329,12.9650791439826,13.5315903903394,26.2231822245055,1,5.2
4.75284152847193,7.31455697038128,7.74243750798701,13.0413606689104,13.6534872271208,26.4254389624657,1,5.4
4.75647017714603,7.33651859647397,7.75760279616673,13.1180479327091,13.7143442558719,26.5089409964718,1,5.6
4.76684941486988,7.35172768391841,7.78701388328678,13.2187523563796,13.8353106067721,27.0036191852407,1,5.8
4.27448141183949,7.35411908530693,7.80009668486602,13.2865005592166,13.8710256329879,26.6649006453979,1,6
4.68144381678415,7.35897447798741,7.80210637930011,13.3560093709387,13.9605206210662,26.792383029659,1,6.2
4.60431089537871,7.37160966445621,7.80651244511084,13.3984894288743,14.0307385940339,26.8056728934068,1,6.4
4.32714992341852,7.36676320162623,7.81989349835246,13.4773478388212,14.1153253659709,27.2824249532375,1,6.6
4.21993614837913,7.36926060925805,7.81149432891411,13.5059565612689,14.1730398087219,26.5388317334552,1,6.8
4.13897720869036,7.38505285975926,7.82639807623413,13.5683988452933,14.2215420953367,26.9532495913621,1,7
4.46957705722628,7.39298218956896,7.83421613091038,13.6194492415105,14.2530620501908,27.9158719655262,1,7.2
4.47467286563071,7.40195887576927,7.84927988341543,13.6522021115729,14.2985638984551,27.4129596302516,1,7.4
4.65492701623956,7.39769408009411,7.84118901333283,13.7002404304654,14.3411933476391,26.9813067008779,1,7.6
4.74147918960809,7.38861736031933,7.8402679083105,13.7317215761762,14.4052079388099,27.8080686301184,1,7.8
4.29122608493957,7.41993491529892,7.85283420672574,13.7646733406757,14.4552598772399,27.2953038814047,1,8
4.46876684658627,7.42327683363271,7.8517663200201,13.7811659753819,14.481153158709,27.603082725595,1,8.2
4.15559708849375,7.40021631260644,7.85379516356151,13.8052146437405,14.5081134006945,27.8716745570291,1,8.4
4.45661997598597,7.40684972889183,7.85320327462104,13.8352560956645,14.5358242608658,27.7706035094888,1,8.6
4.57378033280844,7.40649299789883,7.86551290482587,13.8734188039621,14.5610811515133,27.6545009917064,1,8.8
4.56899352596461,7.39734470878557,7.8751455017067,13.8917241735551,14.5824938937823,27.3195790925679,1,9
4.27026604970293,7.41024433905973,7.86517880003935,13.895007151565,14.5997783864819,27.5307027810885,1,9.2
4.78850527084044,7.41377203797364,7.87007782413081,13.9156820039979,14.6105299855562,27.5059737546159,1,9.4
4.25300996338898,7.41972037589791,7.86288877903781,13.9134729400052,14.6511099690744,27.1526373512871,1,9.6
4.77596936658423,7.40374672964791,7.85794255452943,13.9397645184342,14.6815577474855,27.7513433698783,1,9.8
3.99694358689284,7.40895821318532,7.85939069854186,13.9495119701909,14.690061297739,27.3930117107431,1,10
-1.42044303966753,-0.617215976220065,-0.519182539836355,0.514302300763548,0.608740209607925,1.63185126076432,2,0
-1.09572489090123,-0.140151263004957,-0.0126941310726346,1.29479772934965,1.42775718697526,4.15617401639972,2,0.2
-1.11129709558329,0.264722043908178,0.425185049321702,2.05483865594819,2.23440156174995,7.35136981897261,2,0.4
-1.11261776702052,0.660294428389332,0.838771866973362,2.76546622345552,2.98509042945471,8.99954715385751,2,0.6
-1.6535183810214,1.01139823076145,1.21204860836547,3.40005488580486,3.63930164483111,10.9986752419079,2,0.8
-0.511061081307438,1.34148103757453,1.5617228170827,3.96950105715873,4.24332784480329,12.7595683773196,2,1
-0.951117555021203,1.65998300269778,1.90040406704616,4.49243921586643,4.79687018665631,13.8958080450672,2,1.2
-0.46670708340559,1.94684723158469,2.21296295043637,4.97469820239735,5.27859839072405,13.8308304323852,2,1.4
-0.922904118970682,2.25582227882414,2.51236029271432,5.39625062624199,5.72172037149341,14.626757459145,2,1.6
-1.22329679055556,2.51378859106718,2.79889005595923,5.79395891587141,6.11667157545066,15.2630804648457,2,1.8
-0.348671674176145,2.79350960155834,3.07876425674716,6.14471755000081,6.47637731172621,15.7924140409713,2,2
-0.0527906581623319,3.03624857907516,3.32280073843702,6.47953726838033,6.82044644130944,16.2807431538203,2,2.2
0.635627986241663,3.25348152408362,3.56259798237913,6.77802584963908,7.15168431959489,16.8678722346852,2,2.4
-0.13193941964963,3.4872936151041,3.8032049006467,7.06359821681037,7.41416228355065,17.373255111654,2,2.6
0.374834840922119,3.70896510007112,4.01962106737214,7.32508292622497,7.68286826692588,18.0927030112455,2,2.8
0.199109874250032,3.88944881165511,4.21691823907786,7.56340120907248,7.92827830421123,18.2784910514279,2,3
1.50545396920783,4.09054165103599,4.41279501790503,7.79815717979041,8.17094957883088,18.3201761804116,2,3.2
0.483576115236318,4.25068775339473,4.57766888822239,8.00450858734646,8.39983187988619,18.9707508995875,2,3.4
1.27105788271077,4.41703521570321,4.73030505229187,8.21367097791548,8.61204789753861,19.5367978169254,2,3.6
1.10605399154139,4.56302299092284,4.88767361079546,8.40564632776718,8.80550760603174,19.9281627950761,2,3.8
1.02349070730929,4.69183392669408,5.03325126030788,8.57059376499381,8.96464673167832,20.3646768349944,2,4
1.4973832808463,4.83428420168376,5.15019565510798,8.73841501656139,9.15596081311073,19.8556988687155,2,4.2
1.83756532809133,4.94150508742473,5.25687164862387,8.89693266164855,9.31288820599642,20.8398430792772,2,4.4
1.9939700744487,5.06707052354875,5.38628272152066,9.05045376036587,9.4527798949334,20.7355208535218,2,4.6
2.29245670397555,5.15531669543248,5.47237677565289,9.17836208452229,9.60815237328418,21.3138528958096,2,4.8
1.87684709893503,5.24828406780891,5.56901433294858,9.31229508779457,9.75818748224405,21.6233079419847,2,5
2.05215629149534,5.33827111243679,5.65194062215884,9.43635460033644,9.88098117360959,21.2204844624406,2,5.2
2.50542767923053,5.40159662017645,5.71631894616581,9.55769270069064,10.00338602303,21.0880027472446,2,5.4
2.15638113261189,5.4493389839221,5.78494261178381,9.66138270278354,10.1226382358019,21.3646796545136,2,5.6
2.61800464890865,5.5243279311725,5.84376454142102,9.76702820256328,10.2418401571948,21.5686457864725,2,5.8
2.78179493580336,5.57749839896071,5.89660595575679,9.86568995638765,10.338826227656,21.159738743961,2,6
2.69678724508933,5.63862776521521,5.96120739545032,9.97555715671738,10.444010029865,21.7713711011474,2,6.2
2.13904046609892,5.66797272340336,6.00164755756663,10.0618822472705,10.5420281574334,21.8593806584789,2,6.4
2.1814707528298,5.69477566323864,6.04781849177297,10.1522540352988,10.6333004995942,21.1760210864442,2,6.6
2.85279116224412,5.73454300785594,6.06971661871294,10.2168329019183,10.7148993539853,21.0767697517084,2,6.8
2.44682091581804,5.77158347861426,6.11343878499399,10.2992838677211,10.8173733954032,21.7854443016498,2,7
2.29650336115018,5.80479809451446,6.15397135775421,10.3894141885765,10.8674201842155,21.2664613837556,2,7.2
2.95675454728862,5.82064574233429,6.17921397484903,10.4482098846545,10.9549453950244,20.821002905372,2,7.4
2.23920246121068,5.86044747254115,6.21083290939081,10.5131406963113,11.0376798867854,21.7243559168457,2,7.6
2.54890950604987,5.89821814410489,6.24205787332957,10.5865248227693,11.0985627787283,21.7016802324705,2,7.8
2.23019976147781,5.88922427301761,6.24862750087238,10.6610219402859,11.17646308858,21.6915677482194,2,8
2.88676159500267,5.9058829394752,6.26979449077388,10.7086314894037,11.2199327625708,21.613462954916,2,8.2
2.70911108764546,5.92866601798296,6.29804210911293,10.781526640423,11.2975253344308,21.4841200851255,2,8.4
2.55822938689676,5.93976382511907,6.30487226835008,10.8284532291427,11.3634000021747,22.0033191422093,2,8.6
2.68442799737201,5.95337695119804,6.32762972310248,10.89691863352,11.4170202230675,22.2802618713941,2,8.8
2.77443133222572,5.97352709600489,6.34274662700652,10.9359438290979,11.4761101147451,22.4806938940002,2,9
2.52883477638235,5.97567976721505,6.35564713454569,10.9891023549074,11.5287808119957,22.6214171953934,2,9.2
2.22368974795108,5.99237479347671,6.36334139309015,11.0456154766742,11.6249601747517,22.6987030910121,2,9.4
2.39778822070913,5.99082283170271,6.3716645520876,11.0762837817611,11.6263516714614,22.4373251650352,2,9.6
2.09340346535517,6.00091554386855,6.38512585719626,11.1393766536146,11.6817048358557,23.1664257699074,2,9.8
1.14647924523907,6.01172314384517,6.39504192789061,11.1695927528877,11.7208726747647,23.5874506740461,2,10
-1.27794932468581,-0.616749437642743,-0.513038632916086,0.511730069416172,0.614491178664212,1.32161074257051,3,0
-1.36863198513135,0.0529870299430262,0.195137400310067,1.71685315345373,1.91836210808725,4.2075273452222,3,0.2
-1.19473595310802,0.624391408444245,0.793868077694871,2.92491446774733,3.24804660418777,8.7444190139348,3,0.4
-1.23142932176374,1.14998338409607,1.37235350114986,4.06960084805694,4.48035179671309,11.7162345010837,3,0.6
-2.16664734847477,1.63375690633864,1.90377088321611,5.0993716042739,5.58572644149855,13.9414205246365,3,0.8
-2.33127243705872,2.11822787800382,2.42027540048365,6.03879103657488,6.61115172373638,16.7661244696538,3,1
-1.01642438766322,2.59546480050592,2.92010137328178,6.91909580880973,7.52451764636388,17.9468133172746,3,1.2
-0.35695415016051,3.047176321537,3.39321269356582,7.72717040912667,8.37835741325311,19.8764360952249,3,1.4
-0.633353861794056,3.4871340118046,3.85688834031481,8.45621858310302,9.12388280444625,21.4253887059373,3,1.6
-0.0447117527868874,3.89252217165938,4.29503243810163,9.15358854280626,9.83958541954444,22.0831708548523,3,1.8
0.6400896975859,4.29488665979421,4.7294971377232,9.78714320362377,10.4951553474718,22.3649435660492,3,2
0.71900419733453,4.6866184414357,5.13051130314534,10.3713195164296,11.0966919605988,23.1820612643155,3,2.2
1.59682210956568,5.04804204693946,5.51900111469091,10.9087200390869,11.6818955735481,24.3736776085195,3,2.4
1.38494674788572,5.42953441440133,5.92198399096368,11.4342769526626,12.1852281630012,24.4780325940081,3,2.6
1.63744384335647,5.77543250261613,6.26067629946939,11.8941860283306,12.6727311659716,24.9097252713787,3,2.8
1.89833986771666,6.10240836701572,6.62120123473678,12.3441941697235,13.1393295795037,26.2695197020264,3,3
2.1352426805725,6.4265083586193,6.93981482283278,12.7516587391602,13.5703531306605,26.6322723603121,3,3.2
1.3714702071354,6.74766960058739,7.27158064730548,13.1583266227317,13.9612344110958,27.2795233638304,3,3.4
1.38345409403386,7.05326331947305,7.56355546442342,13.5132196826635,14.3105300821514,28.3316454930963,3,3.6
2.07694645239492,7.33391486759111,7.86552047755097,13.8942209505225,14.6686522202884,28.4342971506004,3,3.8
3.2202863629049,7.60873721482307,8.15178826375832,14.1990385807517,15.0165553248805,29.6501740428243,3,4
3.49958813491906,7.86845556801546,8.42675656266307,14.5088255225284,15.3199538451149,29.1884621169749,3,4.2
3.55011918065366,8.14075457545196,8.67284321942593,14.807309488673,15.6026361110718,29.8192530267216,3,4.4
4.01142793632927,8.37713728520494,8.92131471465141,15.0875446086803,15.8692619530886,30.2327155097639,3,4.6
4.47254959747561,8.60719248832257,9.14864297073516,15.3538917091897,16.1681682071621,30.1683944653947,3,4.8
4.1290232915626,8.82700212112296,9.38070970810175,15.6090210322331,16.3779484579177,31.2571294899338,3,5
4.50372855614973,9.03003950750069,9.57242347623904,15.8508518851973,16.6504011613441,31.4022425126362,3,5.2
5.71503975820205,9.2288185146253,9.79083345529337,16.0962420650761,16.8909386310687,31.7992640586738,3,5.4
5.49685391885709,9.41963159462989,9.96544754620828,16.3081279410344,17.125138966048,32.4072177526915,3,5.6
5.90631352588526,9.57529027362123,10.1228561400786,16.5256067537903,17.3396044016483,32.7258087086284,3,5.8
5.8884003740314,9.75227570236918,10.2809338496647,16.720773176283,17.5540448722428,32.7850569486836,3,6
5.59580255834619,9.88145984470476,10.4251041345846,16.9007161700158,17.7638378607677,32.9453638143067,3,6.2
6.02478176666277,10.0306060613235,10.584710968422,17.0901772812211,17.9910219513527,33.328927830662,3,6.4
4.3845590819589,10.1620880839586,10.7000547158666,17.2827193870127,18.171635920016,32.7532126128773,3,6.6
5.59594252472792,10.2695931923461,10.8236805053181,17.4421867972089,18.3407508449214,33.4718072028413,3,6.8
4.50237942320778,10.3693000181726,10.9271806467392,17.6328210855486,18.5160244555563,33.6231157001852,3,7
6.1896225813236,10.4732902335739,11.0217449787421,17.8019762898431,18.6910541615028,33.9847568550709,3,7.2
5.16464146876174,10.5624293614005,11.1226995021848,17.9602529364331,18.8557430421971,34.884934516948,3,7.4
6.03774294820723,10.6590748443607,11.209941059201,18.1164237806294,18.9851649605746,35.3480221957694,3,7.6
5.96788161679445,10.7457576044469,11.3094407369371,18.2469959438827,19.1551843484552,35.3831396814403,3,7.8
5.61240097856448,10.8309172755737,11.3921268119388,18.3973429934659,19.2965088332732,34.5612778316326,3,8
5.88995415181512,10.8752133015762,11.4794109861759,18.5232565929232,19.4250110629883,35.3297813625073,3,8.2
3.53261544492846,10.9644197482823,11.5378839802609,18.6550066521475,19.5525288954599,35.2655251572185,3,8.4
4.5831720975967,10.9981374682136,11.5986127601063,18.7721304829252,19.6866579902789,35.0401917331837,3,8.6
5.3028622459485,11.0559408013363,11.6459983600072,18.8975778491857,19.8050135169338,35.1700130360039,3,8.8
5.30637742402396,11.1121502325665,11.7229494500042,19.0128517799364,19.9364057686133,35.8696654792703,3,9
6.152537574216,11.1539014840228,11.7779258810868,19.116694666438,20.0098068161233,35.8333805249428,3,9.2
6.24552183965793,11.2049278973656,11.8322023885711,19.2177260411658,20.1308365911665,36.2462209380256,3,9.4
6.19206014301544,11.2205168436028,11.8723095067851,19.3127646983477,20.274049782285,37.0497801403462,3,9.6
5.31918714265262,11.25767389561,11.8993653354491,19.4189166180767,20.3684915510319,36.5623945479338,3,9.8
5.58839309838806,11.2941898825836,11.9270350687065,19.5336836394189,20.4627374087153,36.7938007819459,3,10
-1.37730869469615,-0.613188895036626,-0.513981752808788,0.513020471162029,0.608315615463081,1.299723671812,4,0
-1.62363849923588,-0.227677297019575,-0.0898125193341991,1.27995184171333,1.42102459605853,3.61666866258677,4,0.2
-2.12302237212966,0.1192741025334,0.282664869050791,2.00992368710388,2.20329377772067,6.28113749837969,4,0.4
-2.01703033679234,0.424896535109808,0.635159872402439,2.69325844109931,2.92288799700133,8.5405373719267,4,0.6
-2.59374441173828,0.759527550488897,0.979526721447254,3.32179543247049,3.57894811151618,10.7619752438355,4,0.8
-1.68850187395239,1.05066948738074,1.3038696640358,3.89103532414496,4.16903074892173,12.5061007279682,4,1
-2.55980768147601,1.33379312231119,1.61140851929314,4.41590384907384,4.71221669599114,13.9795171710942,4,1.2
-2.022544606493,1.61132928641798,1.8966637490866,4.87341940047752,5.19864323062164,14.6711599613272,4,1.4
-2.04830704606914,1.89120191561118,2.18313534707122,5.31389559867367,5.65955052487608,16.2099248693513,4,1.6
-1.26063869919617,2.14495988624105,2.44746664780477,5.70813685318469,6.04249636396088,17.2352086750187,4,1.8
-1.25780787106543,2.38280134239006,2.70645631539024,6.07523230672047,6.43367538053568,18.0916468833857,4,2
-1.04622858179773,2.61534401368985,2.95103253160853,6.41949935540129,6.78742237226406,18.2173663893612,4,2.2
-1.0634466119133,2.83569682785284,3.18431581415715,6.7198507226797,7.09508599455048,19.0196680459858,4,2.4
-1.59685115704339,3.04164519691451,3.41198262561646,7.0234746645163,7.4116942856628,19.4117383928049,4,2.6
-1.76299999495738,3.25400145320318,3.62818079829545,7.27756817444935,7.68194819837725,19.959678455602,4,2.8
-0.535352107528468,3.45297151339087,3.82567775173488,7.52362705650775,7.91509720249226,20.9359681963874,4,3
-0.560635709554443,3.63979656503425,4.01421574489493,7.76127051699065,8.1799911627555,20.2520960043773,4,3.2
-0.925262281887979,3.81517903520173,4.18726976811966,7.99355778280172,8.39980347483237,20.5770838165152,4,3.4
-1.29361444534029,3.97742867981684,4.35910836201596,8.18756216457908,8.61083174421314,20.1802580516014,4,3.6
-1.61876792655362,4.15010137892162,4.53280308812365,8.37896221754533,8.80992424199275,21.1549751666711,4,3.8
-0.179252203815543,4.28796238193665,4.68268080551315,8.5593084819725,9.00578922837965,21.2176204683637,4,4
-0.85220578207597,4.41383734026976,4.82366250808959,8.73067096463906,9.17679723563298,21.3694457075998,4,4.2
0.170092979220183,4.5738941876351,4.96926551842341,8.89702485878957,9.3354470929578,21.1306540921293,4,4.4
-0.885468741343046,4.69935103359119,5.08676209522792,9.05077085154187,9.50256644032275,21.1886076150015,4,4.6
0.608680030490795,4.82688306340576,5.20411277246453,9.19937394476164,9.64860421156088,21.0645527339928,4,4.8
0.384328915556726,4.92784240429108,5.30943028051164,9.32604320437814,9.77211249794204,21.5154332052707,4,5
0.742815291964946,5.02575113615168,5.41923621324398,9.4480067962124,9.92455386480828,21.5660010261089,4,5.2
-0.0668469803615039,5.13195860401627,5.52552017492636,9.60699835819921,10.0560656957056,20.943443792769,4,5.4
-0.0503973798602441,5.25596284007416,5.61431222059577,9.70096955850668,10.1867036017548,21.055914187218,4,5.6
0.727023155694269,5.31369852198578,5.6927216742576,9.82931692228096,10.3022418181676,21.0286256856765,4,5.8
0.747178893454508,5.38339825524624,5.76623898498607,9.93792373003889,10.3970346236529,21.0131885822895,4,6
1.10811727540174,5.46714198530369,5.8453399616698,10.0410356366874,10.5272073981526,21.4370499591762,4,6.2
1.13530076682096,5.54055680532163,5.92382177120392,10.1337153866767,10.6270995747529,22.1716290940777,4,6.4
1.20696750701316,5.60350776805942,5.9757463781631,10.2168808825077,10.6959836648105,22.362786933671,4,6.6
1.10703262574795,5.65817575948575,6.03953050073216,10.3092354969481,10.8311141426056,22.1364794195046,4,6.8
0.851172709503727,5.69751393834812,6.10175794127824,10.4057118733183,10.9139592856522,22.2954377258556,4,7
0.744423495206391,5.7543262512409,6.14768740014572,10.4689139592856,10.9949124799366,22.6260053138193,4,7.2
1.07604104168646,5.81128247938577,6.19937047256463,10.5575607264145,11.0564932995182,22.2075607239097,4,7.4
1.62138171572639,5.85371130191183,6.24789828548562,10.6161607429493,11.1438204224128,22.0682291027539,4,7.6
-0.154477358532428,5.86460513779836,6.26557971623045,10.699231047771,11.2081111941603,21.4709087965412,4,7.8
-0.836081185891858,5.90957571603095,6.30861762151373,10.7428740967318,11.2757482899284,21.8447690334468,4,8
0.721772128372325,5.94805891321865,6.33976268788318,10.829728734593,11.3737733752353,21.5053261377379,4,8.2
1.52589857907377,5.96123577417653,6.3752132928618,10.8941616355946,11.4188130681053,21.9345212548916,4,8.4
1.69006917940432,5.98474386723245,6.39144791807358,10.9519866308828,11.4951291319661,21.5487841443543,4,8.6
1.5584594006635,6.02321353711521,6.42054513930495,11.0145662082311,11.5531787541882,21.8590233630582,4,8.8
1.67602759784089,6.05475740157669,6.43935671412755,11.0718250606821,11.6254089323005,21.3019475605898,4,9
1.7292585472792,6.07919178805253,6.47149078961916,11.1293718612428,11.7116762895475,21.5768868602985,4,9.2
1.7515377462324,6.09437529289452,6.49483660634766,11.1960354436607,11.7399083110649,21.3652729453695,4,9.4
1.14310140905194,6.11293969433455,6.51860440505842,11.2381038749624,11.7906552015416,21.9232676650509,4,9.6
1.93884282836449,6.12139704858494,6.53657182098562,11.2874924272232,11.8701135414126,21.6878932883305,4,9.8
0.860691021415331,6.14588390622756,6.55135182994521,11.3282554152027,11.894130533251,21.6455196725162,4,10
-1.27204502573819,-0.611342518786476,-0.511389256861319,0.508435325436347,0.608461420589662,1.27732598907354,5,0
-1.15326525119617,0.168997975641357,0.303779227590959,1.79797048285605,1.9563851483023,4.47454469196337,5,0.2
-1.6492383982475,0.808346812131913,0.976344129862752,2.95387708728608,3.17563357232883,8.38584841656166,5,0.4
-1.29610497596669,1.36620356419349,1.57559151569759,3.90624402182739,4.16650949773012,10.8998203871358,5,0.6
-2.52528462770667,1.8751025502285,2.11304756931033,4.71873794368582,4.99646596522351,12.8631666407409,5,0.8
-1.38173298616521,2.33253134271256,2.58858049389258,5.385241138641,5.69444240964798,14.1444064832331,5,1
-0.690008130940556,2.76731383549961,3.03103506942173,5.9399839481032,6.25584901430034,15.8331737883806,5,1.2
0.0854920713890745,3.13325058176075,3.41165797628995,6.43245077908587,6.75664233365257,17.5674609859076,5,1.4
-0.295460314856407,3.47349116189453,3.75321244263092,6.84416966089045,7.1902382101061,18.3541956621038,5,1.6
1.26116243350666,3.78791440797657,4.07777994457503,7.2279141865444,7.57573305291986,20.1299920023789,5,1.8
0.743282923890161,4.05652844699983,4.35171753552319,7.56358090992103,7.92206302732977,21.7182199744324,5,2
1.40761131989288,4.30629332928499,4.58804544340504,7.84188825852673,8.22419111581329,22.9653226426718,5,2.2
1.82600721485109,4.50554421600948,4.78468591964128,8.09472856845577,8.481880380032,24.279247104143,5,2.4
2.28233692466674,4.67747174176693,4.96491303942636,8.34114093053893,8.7092823090418,25.264885984214,5,2.6
2.35555636947239,4.81657379308652,5.12825342233374,8.54411507899336,8.94447588840123,26.3812179801091,5,2.8
2.70972454048426,4.95780847634155,5.25183349193062,8.73146971553148,9.11847154159563,27.165397996989,5,3
2.48567150969578,5.05697225637371,5.35130477978472,8.91343324714801,9.31497142480503,28.4684616364967,5,3.2
2.5792458586738,5.15513366910168,5.4500926921083,9.07666938052367,9.49005889824608,29.1574991231799,5,3.4
2.54541425296538,5.21271126216746,5.52707616557505,9.22652429216049,9.64369400072468,29.2164227079432,5,3.6
2.00367163041035,5.26807473769772,5.58506165608783,9.3461259357204,9.80449852613891,29.9042290995393,5,3.8
2.14965202652666,5.31641805086946,5.63285519272034,9.47655644574143,9.9105744898023,30.0999143629077,5,4
2.39047024814912,5.36750574302792,5.68366873235517,9.59580804182207,10.0496230821298,30.4698766580216,5,4.2
2.8383474367063,5.38389543235861,5.72533863762802,9.68715666995088,10.1531139259878,30.7727540051145,5,4.4
2.8232815120487,5.40581764416423,5.74901775693161,9.76452666592536,10.2331919614198,32.0140716416302,5,4.6
2.92032512288352,5.45496557554766,5.79633402535924,9.85272927376074,10.3218875163694,31.9158071420654,5,4.8
3.21254942046787,5.45336432974739,5.79983396494335,9.94894168310958,10.4161432311605,32.1321757458201,5,5
2.97052016565764,5.47259488128867,5.81359134953382,10.0223841208092,10.5011493319199,32.6332453622424,5,5.2
2.12272730196272,5.49944946764075,5.83484150514184,10.0725176226703,10.5611017312115,33.8939032695151,5,5.4
2.65204424564041,5.50073883317706,5.85139806557696,10.1514750235383,10.6164207904624,33.5474473737163,5,5.6
2.74779017061677,5.52076726706693,5.86756083854454,10.2289982265836,10.6849707785477,33.3895131091783,5,5.8
3.53486468079688,5.5259502863031,5.89373249482359,10.2652328337455,10.7718488679387,33.6559232619644,5,6
2.69540072239144,5.53143082347391,5.8885270909154,10.3130900049489,10.8235147887476,33.9833981395747,5,6.2
3.38812388695056,5.54053226524346,5.89425749134396,10.3504929909172,10.857594328295,34.379276847116,5,6.4
3.30106894593085,5.55301895801656,5.89973600929787,10.4033527321372,10.9135694856483,34.3064795021959,5,6.6
2.56878887844937,5.54167599510972,5.89600526640492,10.4462899038244,10.9496856591896,34.9948378437937,5,6.8
3.16494820272471,5.54156430894875,5.9033668351333,10.4806536668236,10.9827479746136,34.7477191546071,5,7
2.9146000602965,5.55224653850202,5.90476603751687,10.5237434776155,11.0440615370084,35.2571808798554,5,7.2
3.00085588305387,5.55013373898589,5.91272212627178,10.5536712691873,11.0862096280397,35.5544761605669,5,7.4
3.29741398648156,5.55773295764634,5.91358374565307,10.5833848483378,11.1259954232127,35.4441449411336,5,7.6
3.29662441802197,5.55783275927205,5.91190912196876,10.6093352097208,11.1654192134694,35.8546637668596,5,7.8
3.35280071353733,5.55945954131207,5.92142323714793,10.6361199962566,11.1713226538452,35.069144483333,5,8
3.06079239422363,5.54935137993385,5.91817176694189,10.651338697987,11.190442997831,35.7961900327159,5,8.2
2.81412748569119,5.55643208876478,5.92219007225676,10.6959603590803,11.2400524738396,35.1067577749172,5,8.4
3.12794758553788,5.55603554458023,5.91918239341247,10.7142689143924,11.2577468873878,35.9711839516802,5,8.6
3.26947143535033,5.56008499792308,5.93012429184924,10.7366136423005,11.3135643285302,34.8236975983967,5,8.8
2.92195771101372,5.55215738903728,5.918310676551,10.7468675937588,11.3197834321949,35.5944354071042,5,9
3.34250068017372,5.56896611018519,5.92126294879171,10.7795607951732,11.3402938327796,35.6893505492595,5,9.2
3.25492987929062,5.57356193609689,5.92562846030432,10.7855288894445,11.3561931416769,35.5485816082407,5,9.4
3.12127428377318,5.54420497415969,5.92301273972361,10.8000656180452,11.3670500944014,34.9027880868586,5,9.6
3.33876305362484,5.55077650462001,5.91216083133861,10.8169253288665,11.3686987987111,34.8203941855095,5,9.8
3.33872473085115,5.5596754616388,5.92244454575371,10.8290432062793,11.4030165065536,35.2553451221424,5,10
-1.32447061159346,-0.614441145536826,-0.512321112156667,0.513501391831215,0.615255951791927,1.42296367476446,6,0
-0.322149136921126,0.772843368326843,0.920796011424843,2.67487871796025,2.86557963838308,4.44638575831919,6,0.2
0.537183422192502,1.818066409872,2.03229121224244,4.50009286363307,4.7725006976409,7.06196231708785,6,0.4
1.20099397285943,2.73798984501401,2.98071452482526,5.91549942210329,6.24209462437224,10.2954293078913,6,0.6
0.245918768903776,3.54551633158744,3.82086728822948,7.03056876481888,7.3742158997156,12.2596715964241,6,0.8
0.657193259118322,4.24016481810196,4.54169698352373,7.95270844886896,8.31399360683455,14.1646322466561,6,1
0.368552498328694,4.85162272638239,5.15737209694477,8.69145203252962,9.06414994276293,16.9641889790582,6,1.2
1.49506403370992,5.36832539894984,5.68655225097155,9.32380708244289,9.7444302356452,17.4288604206218,6,1.4
3.22096343403768,5.81405667689301,6.13732372245903,9.87271453000496,10.3067567607741,18.555238468562,6,1.6
2.9512777941184,6.15282354574267,6.48596574535884,10.3372408021435,10.7849829210756,19.4975109516041,6,1.8
4.18080624035141,6.42134449063647,6.74459545581621,10.7433990600506,11.2127583888175,21.3896603298288,6,2
4.61129592075817,6.65888247952485,6.98744783063742,11.0848931200423,11.5898477043251,21.1086215240322,6,2.2
4.4679037542004,6.80422935218881,7.15944592454865,11.3942868702427,11.9076184334453,21.7474876908934,6,2.4
4.78158913357951,6.94905992331868,7.29577458355946,11.6798038197351,12.2253621893604,22.4755835310159,6,2.6
4.88158208835107,7.04218243593456,7.40421946432758,11.9203093165733,12.4774877396816,23.7788607732528,6,2.8
4.05091484542846,7.12183931768544,7.49957925477751,12.1570517659525,12.7179516050264,23.6911154899414,6,3
5.0030410197438,7.170296132956,7.55099805913116,12.3683958887138,12.9260821538519,23.9342393886755,6,3.2
4.82134699413867,7.20716644568165,7.60464617395057,12.5434222448482,13.1293562681894,24.8411734721717,6,3.4
4.83008125569173,7.23291174511072,7.63986480742241,12.7098760309907,13.2814495519013,24.5882814558492,6,3.6
4.0701506100493,7.24910176127437,7.67315157982072,12.8709260393928,13.4515309936071,24.1926408713177,6,3.8
4.35796857298528,7.26597071420048,7.69406627999118,12.9833146906728,13.6043486701681,25.0875399117852,6,4
4.62820907238512,7.28350188727716,7.72046815789203,13.1101784780354,13.7180560260141,25.209344745024,6,4.2
4.33337556923316,7.29505616124303,7.71921042818451,13.2155671725887,13.8347530620008,25.2784181204341,6,4.4
4.75386071497554,7.30046609370701,7.73928549536022,13.2932022980636,13.9565418483943,25.6812991284756,6,4.6
4.58300604897332,7.31208412364634,7.75252949226438,13.4009605571834,14.0571485578791,26.9061398601075,6,4.8
4.6745066471932,7.3251387425977,7.75233005786094,13.4686174992665,14.1472737096923,26.2790270503843,6,5
4.86010539915292,7.34333699877971,7.76416947929948,13.566692684579,14.2440236271022,26.0893586717267,6,5.2
4.5810658682041,7.33533867975036,7.77380334273983,13.591861862605,14.3102210552059,26.0319848936068,6,5.4
4.57150597897943,7.33582033743983,7.77368593171597,13.660777370156,14.3788063267548,26.0604072210347,6,5.6
4.52014311903041,7.33460788522081,7.77402744569435,13.7183035946552,14.4498047229924,26.0883562234728,6,5.8
4.13522593137166,7.33369818164496,7.78500071773754,13.7561246618391,14.4980598558734,26.6073074763174,6,6
4.36372115068942,7.3312256621698,7.78657548005466,13.8005153541148,14.5591237224183,26.1820969415528,6,6.2
4.53027345110983,7.3412495319879,7.78519157112347,13.8273703606891,14.606494184175,26.8711633118947,6,6.4
4.30658179064253,7.34612255133393,7.7851483038582,13.8835157497529,14.6398786782072,27.0223026743929,6,6.6
4.80978457284997,7.327802806965,7.77284431105427,13.9169894896064,14.6892637335172,26.7054664276599,6,6.8
4.15762556229123,7.33203109393301,7.78297531306815,13.9400788374486,14.745384016364,27.5324193806832,6,7
4.59410949225534,7.35245972893595,7.78854340945003,13.9699212136159,14.7486152277842,27.1895849994508,6,7.2
4.40454921844058,7.34835116833779,7.78453405655448,13.9832230658213,14.7723595908587,27.9897168966673,6,7.4
4.57911570826915,7.32946944602506,7.77213730039918,14.0047012475842,14.8083744909462,27.4469346908118,6,7.6
4.43328634784947,7.34023016964197,7.79006064336662,14.0138548855587,14.8513344482719,27.8757125753209,6,7.8
4.53284010904537,7.34305750457623,7.77387983444411,14.0376182321165,14.8549008229957,27.9390451562253,6,8
4.5915869554896,7.33880163575706,7.78516725961003,14.0441044092812,14.850885553984,27.3650840891991,6,8.2
4.61396153812584,7.33750302447077,7.79121634669103,14.0757958663134,14.8934032573273,28.6104995080436,6,8.4
4.65352720117468,7.32985099269439,7.7895750901669,14.0779284549576,14.9113767904989,28.7086616910742,6,8.6
4.74528520639383,7.34157562988086,7.79344242372529,14.0765679742609,14.9093639301072,28.5224329089683,6,8.8
4.819026956674,7.35429903000957,7.801547052959,14.0952499692243,14.9239977467997,29.2024427273931,6,9
4.88402383189481,7.3415594522329,7.79617685749685,14.119583105005,14.9335967597098,29.2085718522927,6,9.2
4.66576129423653,7.35018133905979,7.79143042847519,14.1024041963462,14.9539167658634,29.2811530194746,6,9.4
4.88353930317017,7.34552753122808,7.77590534467401,14.1227419491484,14.9451339179744,29.5846671036332,6,9.6
4.61535921233969,7.32519540119171,7.78744437262159,14.1381366313971,14.9903434362161,29.3052470890227,6,9.8
4.39183094951297,7.33472397408674,7.77652107088655,14.146101100004,14.9981105542215,29.5878938452136,6,10
-1.25056909832277,-0.612872674345565,-0.511965434898299,0.518280146184525,0.617545820988301,1.47706911271631,7,0
-1.32177850019936,0.251242267675815,0.39144909827446,1.96872194569495,2.13533063568504,3.7423885155541,7,0.2
-0.992837755507536,0.917796044753072,1.12194735810492,3.19075571661048,3.42643124802285,5.16813682371346,7,0.4
-1.21625489719604,1.53047742703113,1.74424321290405,4.1594327180901,4.4218716058956,6.39730509098689,7,0.6
-1.60035621371118,2.065233553763,2.30463669336236,4.92796575875431,5.21484437744283,7.13959242949711,7,0.8
-0.897240999853707,2.54088201301734,2.78589162654701,5.5584933892745,5.84835914994176,7.79119919786456,7,1
0.419068812070202,2.93547649406036,3.21765112730665,6.08302967778065,6.39787158443046,8.62860817808374,7,1.2
0.742841362284905,3.30256591588755,3.58775176190926,6.51832502746943,6.83218190347496,9.22078750996236,7,1.4
0.711380771911367,3.60507565843611,3.90376882391599,6.8886917069715,7.21946591086172,10.2586145365018,7,1.6
1.08387544997529,3.894382358141,4.1728181052809,7.21370444556408,7.56635978290527,10.9794084928558,7,1.8
1.35774828099511,4.11079188298071,4.3976514848585,7.49691358331932,7.84721303888094,12.1393302509909,7,2
1.83651046517604,4.30268655370379,4.57754238376551,7.73436424905145,8.09999740990565,10.8402519899696,7,2.2
1.78251495413418,4.44188941035062,4.73042969372166,7.9642021762977,8.34720962717488,11.350368339764,7,2.4
1.35763053534819,4.57444921564346,4.86113759417943,8.15933256506681,8.54597466645212,11.1607705950255,7,2.6
2.02788090405712,4.6448284213826,4.94420376285252,8.33907952438033,8.72075850740235,12.1454084333805,7,2.8
2.43210221320296,4.70865883410984,5.00597935737433,8.48367428686455,8.88972521915932,11.617698485324,7,3
2.84932113397558,4.78397618336715,5.07707466141926,8.62580216504483,9.02814427666712,11.684208865347,7,3.2
2.17591220295866,4.83303116804419,5.13873952779612,8.74613462930971,9.15993106039581,11.8134021276616,7,3.4
2.43982004011489,4.85796711367596,5.17274886991149,8.83826180032886,9.28055384122324,12.2147168138779,7,3.6
2.40239897545199,4.89197956089128,5.20407168483936,8.94936254048402,9.37779368791216,12.2002897296298,7,3.8
2.5435017709562,4.91292102271788,5.22625283145182,9.0526187363668,9.48202262721506,12.6765452211708,7,4
2.60992932899712,4.9087031702869,5.22988294011739,9.13993195096106,9.59305438813298,13.1403670268756,7,4.2
1.69161574220764,4.93026004059489,5.26162934831677,9.20617257438156,9.64327630451171,12.7660363040626,7,4.4
2.20149252965731,4.94864009126802,5.26808247915733,9.2692567620789,9.73273389270066,13.097697025614,7,4.6
2.56639928093071,4.94028515218149,5.26788299073822,9.32223210927963,9.79558748335621,12.9085877563237,7,4.8
2.74881755341253,4.96836600793128,5.29059752089738,9.37618641651563,9.86152162599126,13.0228479866565,7,5
2.63383951522496,4.97130315624321,5.29146764910777,9.42447693244235,9.91171574395631,13.4321841686102,7,5.2
2.75157495766246,4.97714198197803,5.30869610406345,9.48991398331032,9.97479539299087,13.6921819796092,7,5.4
2.82898690167367,4.97997778476853,5.30442114195166,9.52801953000233,10.0207037545344,13.3879627253232,7,5.6
2.94979686605029,4.97349122161082,5.30257405191387,9.55353571774426,10.0642737577264,13.5339256069312,7,5.8
3.1106592166974,4.98860774669332,5.31490732109483,9.58486459702723,10.0975106206866,13.4305610468958,7,6
2.49950088680695,4.98718184445511,5.3199420680146,9.62320611242597,10.1251751241508,13.2307546775741,7,6.2
2.51138443594052,4.97624957619933,5.31691120084712,9.64629441972222,10.1764619996929,14.091694175309,7,6.4
2.56568539967911,4.98513311179458,5.32400680645409,9.67079337633284,10.1903818011565,14.2532647315257,7,6.6
2.9428629153062,4.97857182171617,5.32025365921791,9.70088182283354,10.2239018353697,13.9127484045217,7,6.8
2.55579585699656,5.0070218608267,5.32785145442053,9.71448273147586,10.2328825162376,13.6968586603737,7,7
1.97987544008094,5.00602404855074,5.33336560608657,9.74555372769358,10.2582473360651,14.3636994824763,7,7.2
2.05349532223375,4.98496121895452,5.33249199908387,9.75303116469776,10.275482033366,13.8765948720317,7,7.4
2.78584670811316,4.98347847011504,5.33372760659593,9.76347326070171,10.2921458567599,14.0374890478966,7,7.6
1.81726216280559,4.98786835019585,5.33246446680356,9.77070651386142,10.3078433960174,14.4456229213286,7,7.8
2.58037372659425,4.99004923453184,5.33455153496543,9.78581301553834,10.3279587423858,14.2907223532088,7,8
2.628746940984,4.99486055594128,5.33775707504951,9.81104155440645,10.3619338496266,14.3875098536433,7,8.2
1.94515957866889,4.99964713162843,5.32735917104014,9.80790085040102,10.354360375095,14.5027994779201,7,8.4
2.7826667538643,5.00819292318714,5.34070172821447,9.82761765944363,10.3868371724275,15.4219538134466,7,8.6
2.12353843332507,5.00287176403822,5.34621064329332,9.84405502021943,10.388940114247,15.095007896987,7,8.8
2.20691637583394,5.01244680458155,5.34182642304934,9.8302799221337,10.3948455382338,15.1639203429581,7,9
2.69943057524595,5.00144913400866,5.32742946722847,9.83868538079089,10.4123967867414,15.1386451158271,7,9.2
2.32948351906091,4.99957822434104,5.34512946310607,9.85415398891663,10.4378766823528,14.9128092929503,7,9.4
2.64385684073185,4.98917908985254,5.33732231928084,9.8565676701664,10.4178318460706,14.5930526268744,7,9.6
2.54770089558058,5.00554351051791,5.34460813795098,9.86634871037187,10.4401619628209,15.6056005915281,7,9.8
2.46670832855226,5.00782710091969,5.33505429358053,9.86409422917106,10.4246121455638,15.6409147001833,7,10
-1.32999117592143,-0.613475216307461,-0.512713861495945,0.511544797518138,0.609013553596339,1.26435299686986,8,0
-0.752430592045391,0.38398705751277,0.530849285788972,2.09050524802484,2.26832219257266,4.8388003512757,8,0.2
-0.559094259227275,1.20136937696176,1.38661320669647,3.62392680810928,3.90472816901445,8.59380160957118,8,0.4
0.0579203911836677,1.93916410004177,2.16307620709913,5.00251542011775,5.34430193502974,12.885514699864,8,0.6
0.444084561014753,2.613369274611,2.88201069429586,6.21521575252153,6.59773071334918,14.6127375433603,8,0.8
0.964504120460289,3.26568317327718,3.55734108475609,7.28844586987544,7.71362055515858,17.1826053753952,8,1
0.969936984868958,3.85689236968331,4.17926150594062,8.23519903976522,8.69567943905296,19.57652375402,8,1.2
1.08899517847025,4.42067248696328,4.76424475996422,9.07109842027205,9.57768594813237,19.9340634646676,8,1.4
2.14083612766078,4.94869013290074,5.33551458234755,9.81222925352503,10.3477044740125,21.1356884097532,8,1.6
2.26586417751682,5.45078700219152,5.85280919241093,10.4978784881961,11.037618144312,22.1621414175361,8,1.8
2.70630268517124,5.92730138772242,6.34636135165443,11.1118356788751,11.6602237350824,23.7219690567189,8,2
3.23837931096971,6.36767351409411,6.7907473595149,11.6578198186408,12.2438541496916,23.4695335595464,8,2.2
3.21848303865017,6.77882181500477,7.19125952498471,12.1777292547773,12.7537119425297,23.6585166674646,8,2.4
3.61746528080398,7.15700804676561,7.58704952924074,12.6284304978562,13.2533903197105,24.6978916592434,8,2.6
4.12369168853905,7.49126060478712,7.92877432625108,13.0756481958468,13.67053949484,24.4265017315278,8,2.8
4.15592248065196,7.80716112886515,8.26750385090824,13.4484453599813,14.0765439781486,25.1656539776001,8,3
4.66668105362204,8.0917961738044,8.53627095202773,13.8127770101009,14.4573788467703,25.5373760104557,8,3.2
5.24984340148023,8.36060196123191,8.80614775276018,14.1817420753712,14.8119870711891,25.7608122629994,8,3.4
5.15050323839042,8.60894671481882,9.06560450115235,14.4725634311559,15.1220503119246,26.7045897636623,8,3.6
5.46395071324223,8.80041215624504,9.27363817716422,14.7878607710743,15.4526005781125,26.9987384606464,8,3.8
5.86302714251435,9.0121840228241,9.47890270881184,15.0552938536595,15.7493168873176,27.7858626234541,8,4
5.71295023977955,9.18707059295397,9.64649525706884,15.3330054594977,16.0236585497233,27.9396043166942,8,4.2
5.6675766555964,9.347042087178,9.81347774382518,15.5686509070356,16.2980703192724,27.7516943079833,8,4.4
5.88663301906948,9.4657562788795,9.95444420596998,15.8096665178968,16.5218305898819,28.6490448903675,8,4.6
5.99642135649457,9.57171942240993,10.0823725021958,16.0356897295403,16.7738696300053,28.2764645968591,8,4.8
6.42324236370657,9.67864838767345,10.1901715077885,16.2333993181685,16.976825616631,28.5463726295445,8,5
6.33520381752462,9.81307409880397,10.3102165277473,16.4146832576086,17.1333237419673,28.990390354274,8,5.2
6.83122134360935,9.88465947739085,10.3772168235071,16.5936604199586,17.3825974450461,29.7551046367417,8,5.4
6.79615097996412,9.95704629328429,10.4596853003888,16.7869653679756,17.5306802733667,29.8720182225891,8,5.6
6.96965057218628,10.0281007622277,10.5305510121665,16.9408345121812,17.7281877837771,30.0990466448203,8,5.8
6.98782309810401,10.060138480793,10.5878370210584,17.099628404055,17.8970613499369,29.5303512179895,8,6
7.00599187516233,10.1485687521686,10.6425939574301,17.2278842237004,18.0576025414534,30.4290735628545,8,6.2
6.76552241127804,10.1894542567427,10.7022757622515,17.3698370623502,18.2055164927297,31.3048769602169,8,6.4
6.7215275767823,10.2002184330345,10.7333948661059,17.5006197667865,18.3494561827506,30.5020256360723,8,6.6
7.19347123982433,10.2315130637256,10.7734774009122,17.6159771432293,18.4813531397368,30.9596169929492,8,6.8
7.27841944344545,10.2512347413083,10.8111595401992,17.7453970537533,18.5925146773499,31.1136024567248,8,7
7.01003694056397,10.259391412403,10.8376444196676,17.8446252798017,18.7392500954349,31.203998822255,8,7.2
7.17173347525886,10.3188947597365,10.8542800311811,17.960811357032,18.867145551378,30.5982013091711,8,7.4
6.76853130057087,10.3183979038239,10.8944509605369,18.0362434728442,18.9500162364244,30.6784630918952,8,7.6
7.00034678764511,10.3334341508546,10.9144609506097,18.1518495692696,19.0802205549199,31.0903794628568,8,7.8
7.06711775386909,10.3465706666011,10.9270324180921,18.2452575133429,19.166600609719,30.7767820829055,8,8
6.69730772542681,10.3556536292357,10.9489836617163,18.3380808044989,19.2523428171575,30.8075679249934,8,8.2
6.8946061517943,10.3633899680825,10.9450293962691,18.398755023727,19.3540700537489,30.5102659224149,8,8.4
6.76371946409162,10.3793305631487,10.9663866299939,18.4703070073393,19.4212399856028,31.6415016789337,8,8.6
7.13403689047347,10.3924975262541,10.9902199513794,18.558008018616,19.4963089086892,31.3176219575148,8,8.8
6.89316728660931,10.4127488235763,10.9870087993034,18.6241051772817,19.5795327817973,31.3891267867008,8,9
6.95934275266667,10.4027724811617,10.9896552745736,18.7013991076888,19.664512425634,31.1074552132283,8,9.2
7.06875645790168,10.4206186063684,11.0104350708332,18.7460005786778,19.7038974215877,31.8976595214736,8,9.4
7.09815737011859,10.4064843880046,11.024949144343,18.78378754275,19.756841952422,31.6836739986865,8,9.6
7.03157575655641,10.4356143387939,11.0224388611273,18.8588769891171,19.8299642524084,32.1505421867603,8,9.8
6.94034757222055,10.4335624400998,11.0338984099681,18.909818647976,19.8989225389606,31.5896189247527,8,10
-1.37689821714307,-0.608172563955616,-0.508906764747201,0.505938275972862,0.608740045271876,1.32183825328726,9,0
-1.15097079432838,-0.0926624641102717,0.036599317282749,1.34913351189542,1.48552736253372,3.18949927208513,9,0.2
-1.13849418194289,0.355698138596835,0.5154005694403,2.19032443244453,2.37070615250978,5.51980006589974,9,0.4
-0.532929731674438,0.779753664912046,0.961565314306833,2.97059752776945,3.18917444861351,7.95701998249254,9,0.6
-0.392245553941524,1.1672610946436,1.37645059084728,3.70245794838904,3.97068168207905,10.0214817652503,9,0.8
-0.431282765591561,1.54964259663243,1.77042726162874,4.3723957323643,4.66000140159053,11.5601978141558,9,1
0.0860141224143934,1.90949340218579,2.15192859173243,4.98391295542075,5.29587799010562,12.6110938229683,9,1.2
-0.227751310288902,2.2353603623296,2.49411370664618,5.56068478246518,5.88575764271782,14.0418116878874,9,1.4
0.292114808737962,2.55735397567222,2.84429607821005,6.07383768712607,6.41347997664131,14.9615496306074,9,1.6
0.632592865732241,2.87726111133771,3.17189650239074,6.5418911518712,6.90049682477872,15.9891416772672,9,1.8
0.887015950226478,3.16706724576554,3.47440701343047,6.97722761738884,7.36103029977116,16.2830337073481,9,2
0.812409151593937,3.44351565561399,3.77093065699855,7.38779172503554,7.7783128561423,17.4579450950737,9,2.2
0.918146171344727,3.72003413847869,4.06432115661732,7.74866828691365,8.15484710391224,17.9236336313404,9,2.4
1.31803308062568,3.98902754353568,4.32578549280094,8.11304189614377,8.5153908894781,18.0599212620446,9,2.6
1.47892665065371,4.23178677399441,4.58273440187829,8.44111872333862,8.85385441363863,18.8843187263567,9,2.8
1.04541417026891,4.48048927060554,4.82210064338831,8.74370068118822,9.16195214832108,18.7011512679438,9,3
1.57746394151325,4.70164026068209,5.05808734255,9.03175971278288,9.45438953660253,19.5720333000188,9,3.2
1.119972646719,4.93099070173724,5.27940208201188,9.2842627336831,9.721396813747,20.0717431566607,9,3.4
0.926751522138651,5.13062225260538,5.50088858516342,9.54625821192971,9.99635806520177,20.7429928536552,9,3.6
0.875253427282191,5.31873695600815,5.67894262153553,9.78176740127636,10.2326438313287,20.6488388562778,9,3.8
1.84039233317059,5.49779417336772,5.8625191659755,10.01145718744,10.4570445301007,20.7068479091684,9,4
2.18248993717024,5.66601148134409,6.03138184438686,10.2198574238749,10.6743116564942,21.1877922175992,9,4.2
1.626006357253,5.82882229289312,6.1933878032842,10.4137359433039,10.8777531922413,21.359177812528,9,4.4
2.05019164451578,5.97118813705199,6.35148416064921,10.606852666539,11.0733072751017,21.952267101318,9,4.6
3.15290132263852,6.13090280678872,6.50161418572322,10.7829173417279,11.2575566427692,22.2528804392853,9,4.8
2.72186355303496,6.26898420846282,6.62032559388893,10.9450893347454,11.4336005115345,22.2714886211816,9,5
3.57909285208607,6.38353517537312,6.73775531449156,11.1049101336543,11.605365140752,22.5320782968462,9,5.2
3.33310566391794,6.49997173014194,6.86520095077282,11.2455323483736,11.7684989950626,23.2936869218437,9,5.4
2.9331567296289,6.58341111162972,6.96260862373242,11.4147866284801,11.9120609784066,23.0025220929958,9,5.6
3.40914255191521,6.70073600319222,7.05964483073387,11.5256148758873,12.0656601278112,22.7629905471174,9,5.8
3.67472895726138,6.78147865826398,7.14555049505667,11.6554388578104,12.1806395656971,23.0543353075636,9,6
3.84456658028968,6.86143869345833,7.22743466127087,11.7892935276112,12.324033792348,22.9399359848707,9,6.2
4.02046036818576,6.91675935664657,7.28608198631309,11.9168441960006,12.4579044057904,23.2240903918506,9,6.4
4.26717513994102,7.003602531572,7.37941694861965,12.0455162303945,12.5935029957952,23.4150068775976,9,6.6
3.90876894604502,7.05375728969653,7.45353564925213,12.1372154735976,12.7110619853095,22.9352232472631,9,6.8
3.84073625145676,7.09645575218862,7.51095387244309,12.2627494304547,12.8217928604005,23.4812723942286,9,7
3.34178372202788,7.17095876104386,7.56345327650076,12.3787005029686,12.9190442635959,22.7874215204632,9,7.2
3.97138485903981,7.1826088064816,7.60234448495016,12.4676710709172,13.0545021858165,23.1321258343593,9,7.4
3.29537953999475,7.24632086076336,7.65743311777204,12.5614304927707,13.1284393103383,23.5699969475812,9,7.6
3.48559465755397,7.29651601022511,7.70442338709456,12.6572090779448,13.2385643862723,23.6974781183334,9,7.8
2.97385152535812,7.33710174318988,7.75236045851263,12.7232084106868,13.319581021619,23.5304154413769,9,8
4.34859315082599,7.39239406771143,7.78189091841257,12.8222282419933,13.3924974703918,23.1122666327485,9,8.2
4.53960531957304,7.39925687270547,7.81365968178657,12.9092166262067,13.4932174327086,23.2974557135668,9,8.4
4.71178258388085,7.4503105915181,7.86031143744503,12.9832026615121,13.580790778396,23.8977068838279,9,8.6
4.96147149737268,7.46975689001926,7.86723389281109,13.0550830186429,13.676303273476,22.9788500328382,9,8.8
5.12964880871802,7.49317321267903,7.90189783012383,13.1472182708283,13.7394670184583,23.1200485440588,9,9
4.96429144374074,7.49969351716236,7.93134041041689,13.215040153988,13.826666579577,23.4360278657806,9,9.2
4.21726599171954,7.51737836607627,7.94380673654006,13.2651006851811,13.8891577669127,23.031940262593,9,9.4
4.91355998584746,7.55749691578565,7.96467957691413,13.348664379976,13.967275232213,23.5220183258849,9,9.6
4.98614358233205,7.53451508397184,7.9859304336784,13.4110808712579,14.0108420792382,23.428805003752,9,9.8
4.40234972663142,7.54527773213482,7.98812795884494,13.4420556782601,14.0778301542622,23.4312994539094,9,10
-1.27729277697554,-0.615667977061163,-0.516338698543844,0.512179692936832,0.614115505028777,1.40227987027562,10,0
-0.520829117539814,0.629771912720744,0.773605179389342,2.43228035580633,2.62480172041418,4.16778393413277,10,0.2
0.390963501960946,1.61609961455525,1.81090306659749,4.17675077728567,4.46411263195934,6.50507212716186,10,0.4
0.736597549168134,2.48744716798274,2.72198451104969,5.62377656638513,5.96047001302369,9.79800432813403,10,0.6
0.822545658236768,3.26090136844079,3.53272498674179,6.8184411570673,7.19324259309911,11.5329743275939,10,0.8
1.89575762997537,3.95772977477424,4.26196575578185,7.81899936961519,8.22991568048892,13.7751921831941,10,1
1.96661689393664,4.60243482242572,4.91257432909305,8.6575555006193,9.07570306813425,15.0293272707549,10,1.2
2.9319780326844,5.19992691349203,5.51790579057028,9.40158304216354,9.84597720853479,15.9118238777893,10,1.4
2.7384576029868,5.71027303199753,6.03673416643657,10.022572667819,10.4669569675234,18.0389228403556,10,1.6
3.07197833182238,6.15304134785555,6.49327483653523,10.5879700573073,11.0399648505961,19.4105342870594,10,1.8
3.95357406562364,6.55349394924252,6.90330616217151,11.0683987208654,11.5316564833136,19.7581681494804,10,2
4.27846248987868,6.87735063846828,7.24262710147961,11.5040247768943,11.9928701573497,20.5820098344544,10,2.2
4.58969444022157,7.16750516671831,7.53603302531175,11.8934022634115,12.3935628334563,21.1812656836181,10,2.4
4.89491234347841,7.40554903827852,7.77565637280878,12.243227817545,12.7463449201214,22.177075083853,10,2.6
5.32661743378873,7.60354712877954,7.97357967988783,12.5767875684372,13.0789117333991,22.2836672160382,10,2.8
5.17314448915592,7.76530892602135,8.1380225200688,12.8785526551029,13.3799376429751,22.7067489673713,10,3
5.37994628253552,7.88564428222708,8.27711276672001,13.1303952119095,13.6553329497837,23.6463396821861,10,3.2
5.69363640579087,8.01619722354412,8.39984732071269,13.3530989357536,13.8684186322062,23.1709051489076,10,3.4
5.38889256063848,8.07654899177516,8.49639873781276,13.57650799558,14.1219304232302,23.5898822707947,10,3.6
5.73091176385699,8.17501851162374,8.58044978332237,13.7613651376755,14.3020915883018,23.7598900880191,10,3.8
5.34612246847583,8.21961033603293,8.64677447220123,13.94300856768,14.5009120045196,23.7567089901548,10,4
5.61226185322999,8.23306515706675,8.69587977494724,14.114799249999,14.6925153496545,23.9685235023632,10,4.2
5.71586266774058,8.2850085410305,8.72629953406856,14.2550347113352,14.844483132451,24.3608766706757,10,4.4
5.20448160526115,8.31403230828812,8.77147089339729,14.4066760532497,15.0014063998029,24.2715428017135,10,4.6
5.5219715144,8.34403999645696,8.80962616009342,14.5338288183458,15.1553604006415,24.3827631995341,10,4.8
4.86151328740445,8.35963314641623,8.83705970230683,14.6351567441964,15.2604346263758,25.2771316564508,10,5
5.62105586662869,8.38753774090238,8.84081961514072,14.7636486263589,15.4021937109595,24.9449118648688,10,5.2
5.28778307226229,8.38017799167243,8.8547360032198,14.8680529984347,15.520441279732,25.096549811191,10,5.4
5.3341146410237,8.41358960494581,8.87027902842926,14.9635080283073,15.6391717588579,25.1101780874594,10,5.6
5.66632131639129,8.43269080208997,8.88420178178206,15.0404292966984,15.7358834420406,25.5729089414762,10,5.8
5.45613541759819,8.42345303902072,8.89786093232997,15.1453492928911,15.8200783872992,24.9051605973462,10,6
5.70062412554206,8.41627296043997,8.90759715008529,15.2130472788123,15.9018510224856,25.4326817635992,10,6.2
5.35472257124927,8.43924286824008,8.91702695953862,15.2621174257588,15.9824874964498,25.1005317384857,10,6.4
5.14877591348192,8.44601450704875,8.92602509171392,15.3254344882553,16.0398465924972,24.9155936051466,10,6.6
5.19926776526308,8.44383199565618,8.91409154820598,15.387862875734,16.1155151126258,25.0957523678007,10,6.8
5.27939851987442,8.45501345883155,8.9199541133328,15.432900193666,16.2044703216261,25.0822066608208,10,7
5.60915392943597,8.4428932407161,8.94517236771557,15.4770566345651,16.2441141236737,24.9088309836121,10,7.2
5.53753051257041,8.45513310581381,8.947747000109,15.5359930460215,16.3188326594801,25.311678360109,10,7.4
5.24810629962126,8.47177702712216,8.94844681125672,15.5795120538214,16.3264366585272,25.6617809083521,10,7.6
5.3368137364646,8.46920203334508,8.95161447561765,15.6315532625494,16.409534829054,25.1685198653381,10,7.8
5.68704238481721,8.45447484248534,8.94882965670186,15.6548129225578,16.4371731315622,25.1146140878103,10,8
5.88927166351006,8.46352731763133,8.96387891777244,15.6936171845974,16.4920727171282,25.1788788689536,10,8.2
5.32540238770373,8.46624318179147,8.94955162058405,15.704191837813,16.5399583485958,24.3198328347323,10,8.4
5.84611068461038,8.47900592277576,8.95354214743489,15.743345632341,16.5496487714342,25.3023546665544,10,8.6
5.44342600628254,8.46840812479547,8.96828853087609,15.739890837955,16.6159218544934,25.6866478470571,10,8.8
5.29703498261915,8.47623147975862,8.97718012241473,15.7969888232166,16.6430718375679,25.2579736468719,10,9
5.17504386666584,8.46125349719673,8.96712412549046,15.8176557790646,16.6273171945721,25.9887853580689,10,9.2
5.2272777879225,8.47169897415035,8.96832168505569,15.8290905730671,16.6285753651822,25.3997323118887,10,9.4
5.54028432970074,8.46138939410322,8.95717155711949,15.8391626978422,16.6941173946371,25.3051605047998,10,9.6
5.62619057484228,8.48557766248405,8.9676392249505,15.8765286610611,16.7040709690545,25.696425868369,10,9.8
5.34803901841733,8.47784237739097,8.97950889415958,15.8885171406137,16.7358114546548,26.3916726199375,10,10
-1.45778617582935,-0.615993152019269,-0.516578388701075,0.519481463380504,0.618994626282688,1.36109899059776,11,0
-1.9227330050361,-0.000177376889426849,0.139471168170271,1.57168615894589,1.72012708315174,3.05734876001065,11,0.2
-1.26172368514581,0.502345879491371,0.670819253590313,2.5355883801766,2.73967871837869,5.95988555749834,11,0.4
-0.852413961400888,0.958631581128971,1.16534589379086,3.36282935119267,3.60486875071843,8.09048239604203,11,0.6
-0.704681067836248,1.38639843313301,1.61305459582436,4.06743790069427,4.32786647495338,11.0223208650927,11,0.8
-0.453835012624999,1.76106782117216,2.02970814532432,4.68386268891179,4.96669150313386,12.2141273383335,11,1
-1.27772985002902,2.13040356287881,2.40800605673336,5.19632721576453,5.48976492885945,12.2698124562723,11,1.2
-0.923136231457287,2.46990090496569,2.75361668460821,5.65090160330002,5.94662116281344,13.5272014852978,11,1.4
-0.585758092371135,2.77735828475937,3.06835194848527,6.03851191242552,6.36168317794812,14.1875385516212,11,1.6
0.482230429489569,3.06050491783963,3.35360374585554,6.37966611334031,6.71320841488278,14.6812212052018,11,1.8
0.441223239079834,3.30884868963112,3.61317705700785,6.71736353344912,7.0601574907951,14.7832457000286,11,2
0.204974898942413,3.54120389881474,3.84898552359095,6.98947721270384,7.33517332510212,14.6194115985433,11,2.2
0.297751899274844,3.75189229333562,4.07368624556343,7.24404125596659,7.59702183919211,15.7663084742652,11,2.4
1.13609469052102,3.9364299168183,4.25233176961545,7.46693772138114,7.82115079232562,15.644656452922,11,2.6
-0.173363802839421,4.1141394100133,4.41574757762295,7.67289457066009,8.03168190702751,16.3590859128034,11,2.8
0.967230844621276,4.26195550109907,4.57653156653954,7.86107173970314,8.24695201783642,17.4222418830875,11,3
1.3274925215675,4.37605524739837,4.68700910632646,8.03949110360967,8.41859696526023,18.1528476327767,11,3.2
1.68928381080845,4.49157218444499,4.78975449797482,8.18740837736144,8.57008005203553,18.3207924116382,11,3.4
1.82361939742888,4.56656145168556,4.87872713540624,8.34308336014403,8.73944805560348,18.7274811512896,11,3.6
1.7211670537507,4.66030292968001,4.99055585703109,8.46879130254761,8.87541888340137,19.3643395379199,11,3.8
1.83589739281133,4.73664249020934,5.04455487603357,8.59366614737362,9.0144044859973,19.8331563101937,11,4
0.79177496928742,4.80224431427539,5.11225429198149,8.7082507615446,9.11859832711665,20.096721471987,11,4.2
0.826545130752764,4.84476416895379,5.16025474667553,8.81373198767581,9.20730998148392,20.6827969223511,11,4.4
2.20797403334407,4.9082223617428,5.20754256997223,8.90710238429423,9.31576667793957,21.4288369317487,11,4.6
0.990852585014446,4.92421301468633,5.25509554247404,8.99197447064437,9.4158968961506,21.7526258088682,11,4.8
2.33097433428798,4.96379793018443,5.29425546659121,9.07666293798826,9.51118459224452,22.1228939793662,11,5
2.54083900528943,5.00837009002241,5.33511526752317,9.16703185084131,9.56646571097713,22.2662388999499,11,5.2
1.83960140023754,5.02614695262489,5.35534684129438,9.22917088081616,9.67409538852069,22.5839640650137,11,5.4
2.42347996187219,5.04546510363345,5.39598643413962,9.29582368210233,9.75096112372247,22.9148229525987,11,5.6
2.21365496527858,5.07769263119013,5.41161719465505,9.37359423042965,9.83383097439183,23.2685747140097,11,5.8
2.02963871728744,5.05596167161063,5.40934055710764,9.43599372102602,9.88642227101527,23.6881580536183,11,6
2.40291490695811,5.06626766805766,5.42863093867536,9.49977148766118,9.96536985563632,23.998482372657,11,6.2
1.60277035628515,5.09257250942901,5.44296917820552,9.53423408446551,10.0171114933821,24.7658205406461,11,6.4
2.37346550722338,5.08415111022149,5.44653051548502,9.58958119426586,10.0688812980902,24.9391360646859,11,6.6
1.54633218718315,5.11594841884896,5.4724731350978,9.61997748925891,10.1038962355009,24.4791720770033,11,6.8
2.60125767824145,5.11359508594279,5.46349148870777,9.68091624735774,10.1515562069744,25.0013874602674,11,7
2.65307286050838,5.12697919206344,5.47937614255546,9.7070334274838,10.2019899774626,24.8374958302437,11,7.2
2.6949165837341,5.13803740052075,5.47858780548945,9.74470672522374,10.219103640455,24.8041721510007,11,7.4
2.84242919528017,5.14312527749024,5.4833637172328,9.78968050672029,10.2935819475965,24.7740173496027,11,7.6
2.64213560171765,5.14744466977799,5.50009229289214,9.80634783783342,10.3179271704096,25.0582694747263,11,7.8
2.79124550241866,5.13558316476492,5.48606000707909,9.84005022444496,10.3287104138207,24.9342462428882,11,8
2.67702723722969,5.14191815717944,5.4924371286561,9.87174931632756,10.3866908218361,25.8932150808323,11,8.2
3.02914889662171,5.14525873256062,5.49513725389261,9.9129596471847,10.4081659308411,25.5254110196439,11,8.4
2.77389401676014,5.14577770246941,5.49910885046965,9.92677045503259,10.4398971406022,25.5460399450061,11,8.6
2.9595946632993,5.15851943544771,5.5128008367444,9.94821330449027,10.4756617956895,25.8752080771639,11,8.8
2.87977301022432,5.16564569161532,5.51445206349107,9.96699099758954,10.4878608829644,25.9561059244904,11,9
2.77154382037196,5.17506326531557,5.51957848708945,9.98150591430261,10.5108159439488,26.0452314019893,11,9.2
2.61404960181989,5.16536903990235,5.52460942116644,9.99395177814359,10.5474709395347,26.6707083962475,11,9.4
1.89876857928885,5.16307302860646,5.52285621735051,10.0330791751091,10.5588694370749,26.5870697996065,11,9.6
1.97709006486455,5.18322755754508,5.52125342729997,10.0457344691807,10.5693810190647,26.7555011398706,11,9.8
3.14610389393867,5.17537169736645,5.52730412320307,10.060897238992,10.5731844351884,26.4065924169927,11,10
-1.37295371232714,-0.616528837174288,-0.513879379116201,0.518570830563595,0.613719571737087,1.55185539947576,12,0
-0.358497306544975,0.591176748521494,0.730772191965505,2.35061813286785,2.53182278487158,4.06372416421979,12,0.2
0.285862115212625,1.51679596756827,1.70221740477793,3.89657429849371,4.13859507542217,6.06827517632949,12,0.4
0.719652030335598,2.30831180703519,2.52744102949558,5.10059444229787,5.36686876709114,8.07903558598584,12,0.6
1.33109076107022,2.99195247229748,3.23638556807431,6.05546534415714,6.3520400103061,10.2249369574265,12,0.8
1.79371607570228,3.59608316145106,3.85380659501321,6.79464391869202,7.12747747357323,11.8297354705353,12,1
1.87166938475903,4.09924034793668,4.36724542829334,7.43217994481148,7.7764458439078,13.1613543576509,12,1.2
2.61792741628106,4.51294506671312,4.80108845683261,7.97029962240961,8.32701485928473,14.314889444275,12,1.4
2.52986441218736,4.87700933589615,5.15466693247387,8.42998733038718,8.7991652873219,15.843629298933,12,1.6
3.39099545057443,5.17448194832738,5.44593554001349,8.80299842801043,9.17862179170875,16.4864157733286,12,1.8
3.34574519853817,5.3897436966416,5.68685775860062,9.13651328470937,9.52914641489436,18.3347852731514,12,2
3.9857723854796,5.56104704078141,5.87080815584149,9.43821770101607,9.8299364100625,19.4827809262295,12,2.2
3.44489926998499,5.70301799280018,6.01784395943558,9.69318962810729,10.0878501771929,20.0317665385309,12,2.4
3.78711934976212,5.8094897680292,6.11688216539406,9.92579509591111,10.3416006113127,20.7900663661941,12,2.6
3.76820303609238,5.88782680251647,6.20830606454541,10.1267578416546,10.5408778719077,21.8544530966795,12,2.8
3.66885412627849,5.95302047204649,6.28322241549407,10.2895734934905,10.7453613639676,23.2014080643345,12,3
3.88979724949693,6.00304675605152,6.33488406354338,10.4469798203058,10.907307512212,23.4492139748781,12,3.2
3.79624291006059,6.02370270068846,6.37078646908317,10.6072149885669,11.0626138642183,23.8230755501309,12,3.4
3.92504502890251,6.03440642775683,6.39746002926849,10.7237709281886,11.2130950752151,24.5182082965808,12,3.6
3.42810693262999,6.06571250913088,6.43218329774843,10.8324824483745,11.3279563067851,25.1014176206033,12,3.8
3.7933564559285,6.08102768310799,6.44471934569213,10.9357086511455,11.4391055800972,25.4900958045554,12,4
3.92694325845955,6.11216924515289,6.47410752474805,11.0412727150938,11.5378641851546,25.5488460802175,12,4.2
3.7071845916627,6.10206007423321,6.47710868785867,11.1159689669871,11.6427356282188,26.5030074620377,12,4.4
4.11799290192761,6.1077017465103,6.49566219144899,11.1766959536711,11.7428374846513,26.4288901817024,12,4.6
3.65867165747507,6.11738957139726,6.49461215935213,11.2488161855587,11.8192186040248,26.8467828171451,12,4.8
3.84916431634369,6.11389285203535,6.48471967760522,11.3246649948483,11.8839820149008,26.2909417923832,12,5
3.79188002687813,6.13057470061349,6.51759909547602,11.3767970150519,11.9552703073611,27.1715875525449,12,5.2
4.35098865638886,6.12638548385757,6.51215981864366,11.430534774999,12.038269920148,26.9411435698228,12,5.4
4.30352051787754,6.13530880378554,6.5004947613779,11.4685588302708,12.0366425986677,28.0211465109047,12,5.6
4.05489548568092,6.12056165925251,6.51410204728701,11.4886694657609,12.1015360246933,28.1718476380203,12,5.8
3.81971261039365,6.13408856953468,6.52793846130206,11.5194652531496,12.1621700601797,27.9795793470769,12,6
3.88562413241563,6.13576065182889,6.53008490112414,11.560796914113,12.2153422847532,28.3578055062076,12,6.2
3.84640629975955,6.12182848471424,6.52298813300617,11.5974286892591,12.2444454572166,28.7656894634023,12,6.4
3.84838869627049,6.12936148964863,6.52442716127915,11.6096802511999,12.2778807248601,29.2694129872457,12,6.6
4.07024732812023,6.12610465373331,6.51703659961115,11.6431030189836,12.2962569114345,29.0610539287549,12,6.8
3.80463188747527,6.1183692049984,6.51305242739075,11.6597537898285,12.3132550199196,29.8135200653573,12,7
3.54646553852074,6.12030776538516,6.519457549228,11.6880428279754,12.3347201035034,29.3617432643967,12,7.2
4.01800020208596,6.139472183375,6.51840981201508,11.7157229982523,12.3539577162264,29.3097135268182,12,7.4
3.74343985172137,6.12294285316815,6.51444850846192,11.6904428333721,12.3575692758919,29.4059725115475,12,7.6
4.13876426218801,6.11872985741533,6.51482008974774,11.7245774002878,12.383222886156,29.7380362392061,12,7.8
3.87402524584902,6.12975915246945,6.52927689115764,11.729620692113,12.4002498044681,29.470039518134,12,8
3.89901518514582,6.12072415236376,6.51814556323923,11.7377728220677,12.4174761949836,29.7920060599467,12,8.2
3.98936869133056,6.14258514533774,6.53470550632921,11.7497831757893,12.4333273405136,30.091421935417,12,8.4
3.78698473860044,6.12864082849881,6.52491451465324,11.7712087484643,12.4640663120874,30.1180261973744,12,8.6
4.20138547876455,6.13797564717237,6.52815352127842,11.7995323471056,12.470415812616,29.8250063892223,12,8.8
3.88107429793594,6.14069826882269,6.53046938756648,11.7970676688768,12.4822603961215,29.3446085885661,12,9
3.90166720136519,6.11610998228793,6.51491544437435,11.8028760596185,12.4891457405901,30.1062561809305,12,9.2
4.04991720546553,6.13958031117132,6.52077200005631,11.7910224398845,12.495782557604,29.923639896132,12,9.4
3.60902495304308,6.14112361631814,6.51529741072722,11.80094865973,12.4937734577945,30.0307441343309,12,9.6
3.93634990621565,6.13471285768878,6.51868021870415,11.8113939937875,12.5068695064385,30.1818271427005,12,9.8
3.92227336514313,6.12458486536416,6.52410576019908,11.817301046899,12.5327315161226,30.8395156560622,12,10
-1.28515312049861,-0.610405113474049,-0.51263492620113,0.519657757462874,0.617377383276731,1.34373894164905,13,0
-1.20178872967133,-0.166137155711113,-0.0418037591328162,1.33298523743729,1.57038000947522,5.09450178150457,13,0.2
-1.00847316829761,0.224061050563333,0.377677119477595,2.07838239829613,2.48015282910543,7.97245049367474,13,0.4
-1.4817251665285,0.575145778123365,0.761686304469233,2.78865564010226,3.26569698764168,10.5286578701154,13,0.6
-1.26956048886117,0.914828430743226,1.11667043976753,3.42017027785899,3.96725124276844,12.1278521176035,13,0.8
-0.726526131690341,1.23596309041621,1.4584182428801,4.00561264672312,4.60759310615131,13.8244116781917,13,1
-0.45660139288936,1.54665160425473,1.78772479371906,4.53959350878982,5.2077636119627,15.3020290889397,13,1.2
-0.457698956285129,1.84561990224815,2.0895363083974,5.0360376605723,5.73674931923484,16.9608603114031,13,1.4
-0.472838719186363,2.11735073987259,2.38263677473618,5.48442411575733,6.19622860312954,18.4737793234789,13,1.6
-1.73471097694545,2.39746733022957,2.66719531746413,5.87999941720784,6.64127035706566,19.2234455663099,13,1.8
-0.948736587738346,2.64298137517992,2.93563368169094,6.26288893248237,7.05505345321474,20.6587000514156,13,2
-1.14184736801135,2.88440435600205,3.18889104523836,6.61460684604379,7.40661009879018,21.7751993715609,13,2.2
-1.26941294822812,3.10987058902525,3.43831622077378,6.94190363228907,7.77835803175971,22.63753939769,13,2.4
-0.83922714419016,3.33465742977491,3.66999081671021,7.22892046095147,8.10751037014604,22.9199025874851,13,2.6
-0.559561751210261,3.55145977878562,3.8840245993589,7.52276858573808,8.42510563613818,23.1736483212132,13,2.8
-0.641625068297915,3.75140349742474,4.0862282122761,7.78440484317681,8.71250384723477,24.7333619187547,13,3
0.456549833812135,3.92866123497635,4.29273897917921,8.03172090687593,8.96375847406819,24.6589691250969,13,3.2
0.239297390664663,4.12860994942792,4.48899855530727,8.2645021460728,9.22431096481145,25.1012198161759,13,3.4
1.07073544401002,4.31539308171343,4.66873597994583,8.48688034367382,9.45647524032771,25.1229040385438,13,3.6
1.81284354091594,4.47883322455926,4.82891892533991,8.69490594480445,9.66391098947374,25.8728223010734,13,3.8
1.59567467432268,4.63610452222566,4.98720625341952,8.88792848270208,9.87403753975522,26.6894104297509,13,4
1.58926024057524,4.79915306537216,5.13651290200022,9.07211807659943,10.0627438651271,27.5301303201767,13,4.2
1.517706499701,4.90702956295367,5.2714116967234,9.2580709293631,10.2344506833529,27.6471266955661,13,4.4
1.34371767966942,5.04768296623149,5.40581570213716,9.41268702444552,10.3992651306142,27.7022775060646,13,4.6
1.80152362985474,5.16919324875439,5.50830210097719,9.56685968761026,10.5861176562646,28.0960838060171,13,4.8
1.45682736333337,5.27940766153243,5.62879409169235,9.72171203109649,10.7507160168934,29.0277923897734,13,5
1.52527397013149,5.37946339092369,5.72676666058228,9.8716195530501,10.8968164285331,29.9687552216784,13,5.2
1.15784794908872,5.49806348668086,5.84720272152966,10.0129759544877,11.0465757214062,30.2647675233933,13,5.4
1.02255677858048,5.59043970671596,5.93029511303385,10.1503512823132,11.1816971336983,31.155980246759,13,5.6
1.15418169234286,5.66529921914991,6.01406608288208,10.2830729515742,11.2794038358884,31.4361632219602,13,5.8
1.8764421525935,5.73665900084106,6.0853427382194,10.3957467802037,11.4489285923505,30.9895297345402,13,6
1.79535494400891,5.80483893067381,6.15338204175138,10.5105262494192,11.5578334862751,30.269013598204,13,6.2
2.15196111718535,5.86656565158954,6.22311551939942,10.6137444397694,11.6583855334268,30.7322670088623,13,6.4
1.49812401630993,5.92918205726307,6.27520128805789,10.7374479820083,11.7852988565194,31.4968664960491,13,6.6
1.93478854327918,5.98301870505263,6.32664455508996,10.8247820375518,11.8818329014026,31.0811438506223,13,6.8
2.70879474300047,6.03907934047249,6.38964682215715,10.9290639276479,11.9748119906843,32.4912340181343,13,7
2.90188165209908,6.08462580298809,6.43808549406497,11.0367112692819,12.0497399726349,32.5268639399756,13,7.2
2.92396149708481,6.12194393122587,6.48270557732981,11.0855191540969,12.1779506919783,32.2054730797523,13,7.4
3.08264237356697,6.14059423796959,6.49481280492959,11.1772812837016,12.2750884303563,32.7716992816062,13,7.6
3.22435441937554,6.19655876926968,6.53925326298765,11.2296882990047,12.3083581166454,33.1269754256704,13,7.8
3.0218758918506,6.22776452212742,6.57967655182681,11.33416269619,12.3948147279308,34.2625737298448,13,8
2.91680675220878,6.23582828387594,6.60208647487213,11.4118568454554,12.4743683313379,33.8133642235592,13,8.2
3.45949299348527,6.28204186259447,6.6425557056378,11.4658464424264,12.5811034775305,34.1348133763059,13,8.4
3.24276902378984,6.29952572483637,6.6635400735491,11.5425306819561,12.6652024748567,34.534373979587,13,8.6
3.09780228572736,6.32567949558659,6.69205505994813,11.6012897040674,12.7205250079745,34.2003190758881,13,8.8
2.79155119572021,6.35865093061616,6.72352170636227,11.673733652946,12.7959900336712,34.034329078932,13,9
3.17402583642093,6.36468068129443,6.72853571359477,11.7292074839273,12.8468447484804,34.6910186964524,13,9.2
2.73481981090617,6.4044745491556,6.75449031042484,11.788402905427,12.9068461147987,34.5162443426938,13,9.4
2.41486198711816,6.41925687569121,6.77171582477904,11.8405578778096,13.0200965289454,34.9221654999197,13,9.6
2.4149298315716,6.42534948272416,6.78252086662897,11.8851324156358,13.010080815974,35.260314709258,13,9.8
2.67191057329831,6.45303628686531,6.81101639803315,11.9480447879073,13.1153174220023,34.8850253744395,13,10
-1.27437004771835,-0.614432045155983,-0.516114006393191,0.510060510963451,0.613602478412182,1.34957114462858,14,0
0.411822723996248,1.90733582448606,2.1245146482865,4.8133408333256,5.11403061927627,8.00487967362119,14,0.2
1.86339294004506,3.75596431539525,4.07420353786444,7.81616404674879,8.21737371028738,12.0704053930337,14,0.4
2.97742700953145,5.29662195053767,5.67169908607359,9.82984103865439,10.2750862899518,15.5486915792989,14,0.6
3.46229410897339,6.53035547298479,6.93645055175347,11.3321322031783,11.7802483572378,17.7855599191145,14,0.8
4.32694967263343,7.53857813813638,7.93514457534792,12.489852862143,12.955409731424,18.6216768944342,14,1
5.58402711116151,8.28988911133345,8.68496064630812,13.3828896144558,13.8888373305702,20.3771540020926,14,1.2
5.02371379347163,8.80341515090127,9.20404887327826,14.1429569686175,14.6628656950067,20.9060157724406,14,1.4
6.30580987919606,9.13661336281004,9.57681920378189,14.7473602350769,15.3419705742259,21.1503599420144,14,1.6
6.41116256471255,9.36141259951751,9.80442097697991,15.2578742214007,15.8624508792886,22.9361091379217,14,1.8
5.57621218883939,9.51462351207528,9.9776221038767,15.710105122312,16.33567963176,24.5430036994169,14,2
6.27246822556646,9.5862240485693,10.0918744511999,16.0641119928832,16.7379802332956,25.051235120085,14,2.2
6.26687858763957,9.63927238517156,10.1528637623743,16.3519765030387,17.0588272230134,25.9160937198382,14,2.4
6.27490570649638,9.69018649790507,10.2120441744857,16.6124898266415,17.3604971122915,26.7364587251773,14,2.6
6.13771307819305,9.67608522734992,10.229747059677,16.8386773994442,17.5986427210111,26.7168006010243,14,2.8
6.64183964744661,9.70712500307756,10.2578210044071,17.0319710680903,17.815191312114,27.9956687370874,14,3
6.64724464174211,9.72565013770343,10.282355137192,17.2002978046477,18.0207185544039,28.2226839764481,14,3.2
6.22994005284043,9.7307082370459,10.2829314177489,17.3524251790186,18.160526832628,28.194709396386,14,3.4
6.20988182173369,9.7422771704261,10.2930111032552,17.4687029621793,18.3156160183805,29.2499477729235,14,3.6
6.20553669918064,9.74030192895287,10.300583335528,17.5623944541303,18.4529014486012,29.4070779902888,14,3.8
5.99890480457938,9.75036105474675,10.3041295970678,17.6595885553731,18.5468832664686,28.7936260111615,14,4
6.38237682545599,9.73476401293749,10.2879383985073,17.7086656878842,18.6381728656753,29.6069432990293,14,4.2
6.26057836246923,9.76543757856572,10.2933199668912,17.7974189923268,18.7278007789435,29.5099304739257,14,4.4
5.95189955508743,9.74666880971063,10.3201702399811,17.8558841253367,18.7866267938367,30.5933406800516,14,4.6
6.36578097428924,9.7573869275926,10.3230576577135,17.8872358345989,18.8701204174653,29.9648969749836,14,4.8
6.34202491727278,9.73591202801991,10.3108653377024,17.9232035150541,18.9109420129193,30.3980379415921,14,5
6.70622211875188,9.73594401978788,10.3061951114079,17.985193135679,18.9568645823019,30.7656058005663,14,5.2
6.06337986354385,9.74965104694949,10.314349919196,17.9963757077794,18.991755395919,29.9179316733458,14,5.4
5.8663537610199,9.76807874935755,10.317879472345,18.039619874458,19.0540860463231,30.278359886673,14,5.6
6.5266113719983,9.77191334171538,10.3216873291617,18.0573368314726,19.062738743389,30.1626901799525,14,5.8
6.15927058508448,9.75805386946105,10.3192431650286,18.0863833104949,19.0972156791201,30.6114014825842,14,6
6.16478477306764,9.75623414111045,10.3346268611204,18.1116981647958,19.1192283194425,31.3093106767571,14,6.2
6.32015019698789,9.74932295364848,10.3167191554006,18.1069325716714,19.1109778038757,30.8260452588157,14,6.4
6.33131904611459,9.73353222012947,10.318887988062,18.0981982447752,19.1465996766943,31.0709609448852,14,6.6
6.31034578597759,9.75209308442719,10.315798014296,18.0941741643356,19.160342730229,31.0039663394237,14,6.8
6.63731345757978,9.74748623256787,10.3125557156935,18.1302533398335,19.2071314069084,31.1258086673298,14,7
6.28124306403576,9.75020435887744,10.3179421206632,18.1330118908892,19.1730254996189,31.3856896132324,14,7.2
6.30038569364751,9.75031410211853,10.3035303006764,18.1210861425558,19.2157278497087,31.417343285161,14,7.4
6.62337629827503,9.74718517147783,10.3185134090633,18.1575317547661,19.2033868313367,31.4269062507588,14,7.6
6.34211360997339,9.7602339360187,10.3210755002764,18.1482622691562,19.2054976494384,31.7926170863686,14,7.8
6.23812656108918,9.73909870002416,10.307981940384,18.1348348771273,19.2301362288923,31.4472931819838,14,8
6.07618585409268,9.75932346708507,10.319499774376,18.1458432851237,19.2530762588771,31.6263520337124,14,8.2
6.00121207714805,9.73994899999922,10.3205899269415,18.1531652567134,19.1904800958004,31.6955723487315,14,8.4
5.83168961301014,9.7487370569028,10.3167632877885,18.1539616473126,19.2037637003882,31.7190258296799,14,8.6
6.13716843626834,9.75969630799855,10.3135159857572,18.1669817836168,19.2246412351102,31.4542271462052,14,8.8
6.07338119740132,9.75114947978287,10.3206230081814,18.1651190523721,19.2417586151125,32.2207210749117,14,9
6.2044656173128,9.7496080527394,10.3279344861954,18.1703848230296,19.2439543111173,31.5730171610553,14,9.2
6.52560252686553,9.77947944179624,10.3187309446852,18.1871967536447,19.2490327809986,31.4939437617231,14,9.4
6.63957113557078,9.75364538369636,10.3094834018488,18.1715524891213,19.224759665462,32.3404779506533,14,9.6
6.27917552378595,9.74611602519962,10.31629536214,18.15170497882,19.1937955190514,31.8411184552793,14,9.8
6.26191266154102,9.73867548702016,10.3208015769647,18.1824112621915,19.222396681266,32.2614422200384,14,10
-1.43798156818022,-0.6130976091434,-0.513618291118985,0.511386092356094,0.608073544543577,1.30633440435695,15,0
-0.729008753646483,0.847636079156482,1.02205821470544,2.98197293385129,3.1974173111135,5.60129393870285,15,0.2
0.0174182393352971,1.96471505960522,2.20144014243649,4.89980334523783,5.19605156632818,8.92981577021142,15,0.4
0.957723469608403,2.92098945144272,3.18755016745713,6.3029019617669,6.65214587423532,12.1884412121406,15,0.6
0.84265192887529,3.72903916089257,4.02489639174947,7.37410710965037,7.74583723122767,13.6958077723249,15,0.8
1.40704865036582,4.42343684744548,4.73042839751117,8.21204543634559,8.59894390656699,15.7602350304054,15,1
1.96460780334477,4.98581910712409,5.30334789939694,8.8769990485965,9.28395028800078,17.2369741429985,15,1.2
1.75761553338708,5.44259280439727,5.77277528574033,9.43323823115642,9.86791690201257,18.612239126996,15,1.4
2.50588753358845,5.81549251381761,6.11776889597292,9.89285484762115,10.3404113083848,19.8905730390139,15,1.6
2.24793220446339,6.06668466678328,6.38924077653912,10.2720877063036,10.7305512528721,21.3523740173321,15,1.8
3.39449403028129,6.25820897558066,6.59444321907353,10.6039302996761,11.1011861530242,22.1834909144838,15,2
3.50920470328528,6.40831075277394,6.7509832853258,10.9108074604611,11.4169824085557,22.3549382141,15,2.2
3.30642621010292,6.50390925000264,6.87598416621665,11.1614804395919,11.6830124141384,23.2942032857889,15,2.4
2.84904583731857,6.59015243083482,6.94799923206295,11.3650092973047,11.898905142891,23.5684852870838,15,2.6
3.28497339314399,6.61968879591768,7.01259720053562,11.5493322673309,12.1164190401467,24.5267385809167,15,2.8
3.99392924596076,6.66821526903836,7.05500864870732,11.752392414306,12.3080221089324,25.2328395383469,15,3
4.25197164673243,6.7170113647917,7.09113443216655,11.877178709583,12.4778544452988,25.3858386192815,15,3.2
4.51096047238124,6.72619295189662,7.11198277587644,12.0031219644254,12.605362571423,25.2516211549578,15,3.4
4.35845820371085,6.7436966719364,7.14200818229416,12.1246081727419,12.7621461095556,25.6473433240215,15,3.6
3.84200303038238,6.74986611954264,7.13531245199356,12.2525028091221,12.8708448423013,26.5583055525218,15,3.8
4.22683515232525,6.76849268257668,7.14908942075895,12.3057854158265,12.9549324931089,27.1227585542068,15,4
4.04911000676271,6.743455653903,7.15986774213324,12.3815495182622,13.0335182033453,27.1200290396541,15,4.2
4.22728948501351,6.76584748932109,7.16566978399086,12.4711471538829,13.1314943367202,27.0965696514816,15,4.4
4.39729685030107,6.76428064265351,7.15843200920856,12.527259448362,13.2017726701587,27.5364573029937,15,4.6
4.43477472838057,6.76620862393226,7.1743243234219,12.5884327105733,13.2614983410403,28.1030163188377,15,4.8
4.21113924930286,6.77577530190555,7.19277031578265,12.6405517691386,13.3118323440279,28.4048891557108,15,5
4.46303016833662,6.74842570011762,7.17691671946862,12.6768936581234,13.352140837653,29.1508432595626,15,5.2
4.29385351351091,6.75039164130284,7.19178892212772,12.7103321510537,13.400950030226,28.9581402430547,15,5.4
4.42395326497949,6.7476428480595,7.19355455770445,12.7550759226444,13.4594912330458,29.5713052066604,15,5.6
4.30111437799638,6.75673098605313,7.18936284196602,12.7550621177342,13.468172611175,29.6079139607302,15,5.8
4.32449791802265,6.76839583768161,7.18966087981742,12.8048351914031,13.4968999927127,30.0489411521489,15,6
4.47674705784591,6.77035519440014,7.19589423730062,12.8231018758175,13.5192590415471,30.1115071308971,15,6.2
4.07490567762172,6.7797385871224,7.1916559314846,12.8287399474203,13.5719319673007,30.6046643595849,15,6.4
4.27831206469638,6.78577460981878,7.20238868424553,12.8570474876457,13.5968513498627,30.1892985856942,15,6.6
4.33035628813903,6.76593467461173,7.20069479504481,12.8752238938925,13.6359570734045,30.8593428161662,15,6.8
4.59290542850786,6.78489049054084,7.20282647458385,12.9119608098841,13.6505551867491,30.8874535514531,15,7
4.40528271610092,6.77548752610905,7.20354471996119,12.9014756085237,13.6672437362214,31.6506772321296,15,7.2
3.81797747103278,6.79345167326535,7.19913450677519,12.9115472769696,13.6484384658747,31.3272626199211,15,7.4
4.30586740206427,6.76590126460522,7.19926489904209,12.9266905748395,13.6722073419471,31.328916230728,15,7.6
4.59490099439292,6.77513054106663,7.19619813238618,12.9220154719379,13.6709808966537,31.7648922210816,15,7.8
4.38813401991346,6.76138312116612,7.19474353452619,12.9451783290412,13.6872982777891,32.1580764900546,15,8
4.25730798170425,6.77661229188951,7.1831646684448,12.9609290586428,13.727522212242,32.3772232687485,15,8.2
4.19628646934217,6.77786563735849,7.18981086679709,12.9555213667608,13.7266946017931,32.1627220976174,15,8.4
4.17699894338849,6.79422549572297,7.20100555842829,12.9607158007977,13.7353168919967,32.3063364235301,15,8.6
4.31901639972095,6.78209889478174,7.18318189228638,12.9728757232601,13.7530059949547,31.7729024316284,15,8.8
4.24060932319412,6.77485505718577,7.19750069305098,12.9792724191269,13.7787834618667,32.4888574579449,15,9
4.33047540177292,6.79000882668999,7.1930201767625,12.9727490800589,13.7502114124123,32.4331444153965,15,9.2
4.43213567421412,6.77500832658265,7.19061648498271,12.9732650952769,13.7974453443378,33.3823710839107,15,9.4
4.40088747768905,6.76861866446373,7.19658003769848,12.9737846660189,13.7760199712361,33.4675716397417,15,9.6
4.27328822641775,6.78146649947273,7.19027383780883,12.9714594076081,13.797789029744,33.2643347250006,15,9.8
4.16114358406591,6.76809670369048,7.18818221043474,12.9765177065222,13.7894771880034,33.638945419062,15,10
-1.32341211065215,-0.614830675518615,-0.515756620970628,0.510177160037436,0.610477462309954,1.398403178912,16,0
-2.73772988280015,0.676615052220281,0.976960048590452,4.16975230090842,4.52473425849369,7.14779283342399,16,0.2
-2.76218401357413,1.66144392202406,2.13173958957718,7.06469136268005,7.58484492056699,10.9592605514856,16,0.4
-2.89478210871675,2.54108751145194,3.17445038314246,9.24890354346768,9.82398713525257,14.5536712052502,16,0.6
-2.88190092958749,3.35741963327872,4.10023636562688,10.8935521832054,11.5184121153743,16.5866143248235,16,0.8
-4.03163668399165,4.09338861155525,4.93404467642973,12.2268278723894,12.8616394950547,17.9524595422818,16,1
-2.53808880358381,4.75166158899069,5.67339584127604,13.2958241408621,13.9470776808936,22.2567955200707,16,1.2
-3.61427178811795,5.35585434723438,6.30917945862907,14.1693311842784,14.8733156223945,21.2079866618913,16,1.4
-2.22029181287825,5.84845038717179,6.90282501401863,14.9191127453658,15.5867011865587,21.5873220057412,16,1.6
-3.31943302707098,6.35113472118577,7.39051230558544,15.5462027059991,16.2350865564308,22.1434779591341,16,1.8
-1.52957245842497,6.76088289996287,7.86874296485193,16.0784842360523,16.8008382203874,23.0989780091639,16,2
-0.840593815301763,7.12153584415877,8.22769710378632,16.5617885004895,17.2776263193472,23.2379705560422,16,2.2
0.0214795804847716,7.45180230384396,8.59106511640185,16.9636884448437,17.7054232961709,23.7723373833954,16,2.4
-0.0975416955177992,7.76026963027596,8.85929949757256,17.3248180822602,18.0342852607496,24.3067993801511,16,2.6
-0.587905651764093,8.00690925406883,9.11199228558164,17.6490406090856,18.4106275207774,26.1920994439605,16,2.8
-1.00760091414285,8.17227941552807,9.26170332060748,17.9110464517633,18.6959279282611,26.5550251097898,16,3
-1.76779586029044,8.39053603364988,9.4281618738086,18.159522623882,18.9908808585874,27.0820883407592,16,3.2
-1.2151189323279,8.53551170867444,9.56982214221305,18.3907301113388,19.2420948880415,26.7909451230341,16,3.4
-0.816715288696644,8.7303714258495,9.70491999967671,18.5868022853702,19.4667582097319,26.4496355705572,16,3.6
-0.339131500033063,8.79951577976184,9.78668059357376,18.7641853867325,19.6654605212482,26.4714314165117,16,3.8
-0.377791370213497,8.86896164932788,9.87517604466883,18.9392018133911,19.8678814746497,27.1282908242222,16,4
0.193105179593696,8.99143749644903,9.9585216247904,19.0478949209332,20.0347301305702,29.3196771691023,16,4.2
0.628742534340749,9.04052510225077,10.0135944363885,19.2174226083772,20.17334323612,26.7711648588269,16,4.4
0.59419141451234,9.12639460676106,10.0703009897602,19.3274692844899,20.3172660429937,26.7269696995568,16,4.6
1.77742265285665,9.18480750376785,10.1107466105458,19.4421654204906,20.4498306258572,27.1552460312944,16,4.8
2.98729245623345,9.25442354065567,10.1462440983141,19.5366462901531,20.5587149483241,27.1682144904977,16,5
2.83219495767654,9.27982970235705,10.1920453227566,19.6136060290484,20.6435877741244,28.007704044903,16,5.2
2.4661613613178,9.33124628033785,10.2325354172623,19.7031529752838,20.7365078843614,28.4682640909061,16,5.4
2.89483990537913,9.37078837735502,10.2673071834702,19.800273228301,20.8251589512161,28.83789444047,16,5.6
2.13477692920513,9.35188506007575,10.2701493569345,19.8591960770327,20.8548848519906,28.735813051512,16,5.8
2.64322152692463,9.41548566874211,10.2928615952963,19.9466378694889,20.9839568386645,28.4597519959545,16,6
1.65461672665789,9.47766764340266,10.3270047643851,19.9692547671379,21.0314189679507,29.2869725073777,16,6.2
1.63859565005265,9.47463440157577,10.3467055839347,20.0355494601899,21.0557345494831,29.2765255911373,16,6.4
2.11622213351164,9.46649536700267,10.342001288289,20.0810869215235,21.1314808844401,29.538670625171,16,6.6
3.09850251001685,9.47067073631515,10.3669824331737,20.1155142016272,21.2375999459263,29.322872268795,16,6.8
2.39078532555371,9.51568067796582,10.353454488476,20.1427234222155,21.2386898740296,29.7017470037064,16,7
1.89313599343224,9.51429419258412,10.3864293358532,20.2063603101071,21.2688546683626,29.487601883858,16,7.2
3.14801028778854,9.51344457922912,10.3822984879931,20.2342531719122,21.3154289494583,29.6979597309717,16,7.4
2.2999447498864,9.50300039592651,10.3906230409431,20.2777478782507,21.3428528964176,29.4211155919206,16,7.6
2.84804411771691,9.51419062413759,10.3968145459286,20.2773291928626,21.4170678648894,29.9642670137108,16,7.8
2.96890983412925,9.52189388210298,10.4005361906837,20.2967511738236,21.4603027049696,29.1650667834981,16,8
2.83333135469553,9.53912475423762,10.3926030242085,20.3272874597048,21.4941235329703,30.0670020556798,16,8.2
3.45730739610743,9.53206110539129,10.4179520896306,20.3668941164749,21.4856187443474,29.8470642741561,16,8.4
3.14553419075774,9.52711902766256,10.4045323811493,20.3979675956076,21.4926612528764,29.731725070577,16,8.6
3.07570932392401,9.56345142586444,10.4340444710166,20.3886494236587,21.4901883326077,31.3783960953707,16,8.8
2.78358759116626,9.53245195690169,10.4323893479885,20.4297148091997,21.5583742253798,30.3114780633501,16,9
1.77807222742802,9.55951958022054,10.4403383112815,20.4453295461694,21.5913291292093,30.236517012563,16,9.2
1.27603707635783,9.57888806004399,10.4165997050176,20.4243478187673,21.5769316146066,30.8628394894321,16,9.4
1.75514580027051,9.57662172870102,10.442599828221,20.4551828596701,21.6184062451965,31.6297009105063,16,9.6
2.57942360642285,9.57647669532357,10.4421198858095,20.442449117954,21.614922340775,30.9715557692609,16,9.8
3.5604242576743,9.5866637458523,10.4457323234007,20.4558180537406,21.6288890919933,31.0963212006816,16,10
-1.36369737758164,-0.609833398880745,-0.506702965286568,0.512164894115062,0.608823669747287,1.5629594774072,17,0
-1.17753563497789,-0.129209129047234,0.00910203537497523,1.40805458221873,1.55648076509873,3.44738002613583,17,0.2
-1.38289596544956,0.295320111118023,0.466242828974497,2.28912153149666,2.48837032606913,4.41064921520073,17,0.4
-1.88315577323801,0.680968008473994,0.887671175058945,3.08926656819059,3.33960756908224,5.58647503371948,17,0.6
-1.30947330892014,1.06277047750898,1.29897767158331,3.81835044702531,4.09420138975034,7.10338748550867,17,0.8
-1.01118087671471,1.42543600846615,1.67703770881454,4.47775349327944,4.79049342898715,7.74651238049922,17,1
-1.50048822638747,1.74517613242095,2.03481065767548,5.08192844321831,5.41183871287453,7.72707596566522,17,1.2
-0.876368075161443,2.07418004908325,2.37645817228232,5.62705884815071,5.97403653255342,8.79662374768966,17,1.4
-0.720968618425537,2.39670947317042,2.71397235308802,6.11042331160143,6.46106891688801,10.9327665131828,17,1.6
-0.640688669310516,2.70191429771614,3.022287245751,6.57527104742672,6.94459394333312,10.5774794589768,17,1.8
-0.914764262463503,2.98893063745161,3.32119573095002,6.99456784548852,7.37381689668698,11.3776263403218,17,2
-1.90238450375851,3.2311726035812,3.59655858653337,7.36314473988991,7.74437061579321,11.1359746335034,17,2.2
-0.951884934387068,3.51262559926806,3.87906905642106,7.69779694280306,8.1096898448887,12.7602287952891,17,2.4
-0.87872519480504,3.75572678581453,4.13307481869614,8.03470448832007,8.43195268195363,12.6737062785428,17,2.6
-1.16582361137321,4.0013457157299,4.38613190550928,8.34300331854893,8.75953055778901,12.8042865360696,17,2.8
-0.722463351144227,4.20428889067989,4.61205622227233,8.61570284471694,9.05442199156113,12.7340673344561,17,3
-0.575964001663626,4.42989284793512,4.83711642617918,8.86716662756933,9.30031383737069,13.9486406190277,17,3.2
-1.02130278816649,4.63909163133588,5.04288736938872,9.13431137552369,9.55616365651032,13.1475485698166,17,3.4
-0.036960804721121,4.82031157915886,5.22704417454427,9.35028755738078,9.76515982218514,13.4928509561596,17,3.6
-0.599399665220808,5.02120656440047,5.40394266690578,9.56599284220979,10.0124002800269,14.1416408431267,17,3.8
0.0619957511974675,5.19555274235191,5.57565011152136,9.7622339532485,10.2268205380741,13.8566370278915,17,4
0.76101402670984,5.33853732155906,5.73209183769193,9.96390627017639,10.4377296349863,14.1451430932954,17,4.2
-0.482427970416431,5.48682549528651,5.88453731156933,10.1419046698235,10.6290265006342,14.7431011217146,17,4.4
0.977361266451442,5.62178982480485,6.02415012426212,10.3073399101401,10.808764668273,15.2545152210006,17,4.6
1.79362267343518,5.7283607797824,6.14392765597597,10.4626533861809,10.9472912870288,14.9353257552798,17,4.8
1.97588572899069,5.8670731437907,6.27423570624159,10.6310315284482,11.1262773578504,15.0698698893027,17,5
1.92648325170102,5.98737399167323,6.37146758711365,10.7768424061938,11.2643865140272,15.9556971208341,17,5.2
2.16936719489864,6.06818421141277,6.46992549353416,10.9328339786707,11.4314821081459,15.5859870243679,17,5.4
2.23451178524753,6.17779798854425,6.57608672114594,11.0361606598125,11.553777466599,16.7209760574835,17,5.6
2.631839423633,6.26494221446314,6.66890624455053,11.1584599964474,11.6838076997616,16.8842302177648,17,5.8
2.4751552602531,6.35514511535103,6.74681212037657,11.292291905162,11.8153654784224,16.6073255227021,17,6
2.79063719979956,6.43568355766398,6.83432777459942,11.3978568346714,11.9326425209775,17.1538589739415,17,6.2
2.98939615557271,6.48028342679416,6.8907062059245,11.502591631134,12.0343310311652,17.2550433066882,17,6.4
2.98060058066456,6.53996092230628,6.93707004906216,11.6129280241681,12.1289952310434,18.7406807592628,17,6.6
3.33231642464177,6.59281545443876,7.00856384111944,11.703481331309,12.2586597649089,17.6692248213056,17,6.8
2.85411205223154,6.65478043827034,7.07454582144862,11.7910684258907,12.3416080320715,18.3377148403141,17,7
2.47318765918028,6.70459640273211,7.11276295319159,11.8780136600711,12.4243358335566,18.5929524834047,17,7.2
2.48669386419779,6.74394051911201,7.15752511377666,11.954855484152,12.5394564929472,19.2488686737326,17,7.4
2.6419917895755,6.80695581097488,7.19826675292194,12.0341787344959,12.5968669752469,19.4833292943011,17,7.6
2.43407092813503,6.8283877999187,7.24876869347364,12.1211190960224,12.7136962820644,19.1398327157456,17,7.8
2.31314103580123,6.86939641282781,7.27500786265153,12.1941475022763,12.7829491260358,18.9938884526738,17,8
2.90032806142542,6.88781939811747,7.31404812616024,12.2576708540791,12.8413996925103,19.1544657045741,17,8.2
2.63017219701848,6.9126691517926,7.338684175329,12.3406437952998,12.9356827331431,18.8404743036961,17,8.4
1.53215534939594,6.92812536319661,7.36389101335025,12.4014981174259,13.0156551831227,18.4415897005861,17,8.6
2.1978931557076,6.93885224185293,7.38825545244465,12.4777709045649,13.0717163002346,19.4302527244669,17,8.8
2.44948269745687,6.97218432902667,7.40276711128969,12.5223269048655,13.11700316377,18.8167272880075,17,9
2.77014752791856,6.98149258212446,7.43358783289901,12.5808504307281,13.1935703433747,19.5878731628584,17,9.2
3.48653465343954,7.01768559067174,7.44584405940429,12.6217738510682,13.2261630246357,20.0064016488903,17,9.4
3.00030342062691,6.99998809222781,7.45166728343766,12.6915378335676,13.2972881600201,18.929887431406,17,9.6
2.65101645854864,7.02824542953053,7.46441624898225,12.7433652425532,13.3445918027637,18.9389888998446,17,9.8
3.37884162227342,7.02591401516553,7.47141239727442,12.7856236006837,13.4075266060615,19.8892997671067,17,10
-1.39758281650735,-0.611842281187043,-0.509064936673556,0.50860985120137,0.611374736170305,1.29920999713012,18,0
-1.17116813449953,0.146839529110283,0.276669777070415,1.67801829411101,1.82298572654013,3.57120946655964,18,0.2
-0.390644025511043,0.754624241809085,0.912980155627461,2.76393244054817,2.96647816960201,6.57852033055734,18,0.4
-0.200694681174859,1.30578198532908,1.49457141850168,3.72746522980059,3.97005329432276,8.63641208076882,18,0.6
-0.149448140004575,1.82079517934762,2.0349873540153,4.55872273482295,4.83280495248436,10.156872045289,18,0.8
0.447625769673397,2.26806638589779,2.50513736173682,5.26861098641995,5.56177378823839,12.2960998949281,18,1
0.282125730558759,2.70679211858297,2.95788040130462,5.88830002182261,6.20479947081099,14.2722174593849,18,1.2
1.16302548359953,3.09878220013116,3.36956830014494,6.41856256306649,6.76578867743087,15.0822065731414,18,1.4
1.31487975878196,3.44668400910922,3.74810828673786,6.90404875851595,7.26595010026398,16.8366452291595,18,1.6
1.40229211948041,3.79724937386773,4.10193663075636,7.33437204445318,7.69398521942392,17.9140425218232,18,1.8
1.56175073436394,4.11656194888461,4.40823361914573,7.71218339882287,8.09663092593096,19.3411505994184,18,2
1.93625814296399,4.39127807760785,4.69818726642529,8.07201473269679,8.45492965563554,19.2863373045624,18,2.2
2.33946613830613,4.65806874639784,4.96139027638091,8.3780740069399,8.76842285921148,20.2784026793317,18,2.4
1.92390175551564,4.87187836659817,5.16272513638974,8.67679196662226,9.06636330010684,20.9447286480202,18,2.6
2.94453852734695,5.06729652156048,5.37154495737312,8.93907776878694,9.33143732469903,22.2640648453974,18,2.8
2.70519137739796,5.24666493852003,5.55955900782322,9.16454805078447,9.57386238362455,22.0427919715744,18,3
2.70057124186266,5.40320820336007,5.7183626578252,9.37575353931871,9.78201271252828,21.8962017765753,18,3.2
3.02504251744629,5.5308929594149,5.85253231194241,9.58219872755142,10.0019581723243,22.5946849070329,18,3.4
3.24324756181435,5.67288253947498,5.98701915476835,9.77976160442548,10.2004250648181,23.160166901453,18,3.6
2.8838570462023,5.77279726626893,6.08917096345707,9.94778192483858,10.3792223022317,23.5621424189426,18,3.8
3.36432284849326,5.85739433102437,6.18807890532358,10.0761307371481,10.5386133226391,23.6760165136673,18,4
3.61455544782934,5.94963688850695,6.27190783645927,10.2394792972485,10.7006526023739,24.0860232280502,18,4.2
3.60788868202777,5.99958446598616,6.33860878628841,10.3686196024833,10.8578113119916,24.3469915111781,18,4.4
3.27892053338002,6.06075629055102,6.38803384791837,10.5138799474394,10.9781961512214,25.3450441674613,18,4.6
2.90394651126482,6.10208336006717,6.44792992815613,10.6298828968382,11.1051714161605,25.4469006064416,18,4.8
2.88414442515778,6.13161845885156,6.47997920259105,10.7325714747042,11.2249481615302,25.9334539610297,18,5
3.44310715853542,6.17407201624355,6.5228913830264,10.8239241492976,11.3372690614897,26.2046023527455,18,5.2
3.81323486224819,6.21082331871336,6.54939526659572,10.9199096078824,11.4244967094277,26.5324856501434,18,5.4
4.21331607055955,6.23360631310828,6.59719763321209,11.0062177420418,11.5252510405494,26.4717805379389,18,5.6
3.90870201768535,6.24333575170796,6.61210161228808,11.0937132404955,11.627400440184,26.4591925571426,18,5.8
3.06575875820106,6.26710328465724,6.63835067315987,11.168195689871,11.7027647808287,26.0904054504112,18,6
3.79346086196916,6.29256032043544,6.65533809877073,11.2439876888441,11.7653559893791,26.3860582095347,18,6.2
3.4081296650354,6.31220094172588,6.66898955838828,11.3076113025723,11.8552073373221,26.3431098182156,18,6.4
3.52544857726619,6.29756939387231,6.6842556854742,11.3781131573347,11.9433492634182,27.0752574547904,18,6.6
3.65049068308645,6.31255743816782,6.68885567047773,11.4367987703046,11.9990943040087,26.9514364778976,18,6.8
4.00680029988086,6.33990257428949,6.70325986490535,11.503669169363,12.0645864745747,26.8433669742243,18,7
3.41990861489024,6.35234716390891,6.71841990194579,11.5435899929476,12.1186132194376,27.7096773313813,18,7.2
3.65754648426107,6.34367780960159,6.73180151271,11.60908535633,12.1682518325926,27.5844943698942,18,7.4
4.10153204677855,6.36163659649936,6.74777686114263,11.6547109958931,12.2260331555914,27.4015914366365,18,7.6
2.85416723973815,6.35838990635892,6.73532184383871,11.7000905815255,12.2841584897272,28.2116691417939,18,7.8
3.35637850363944,6.36833231414875,6.74756255654889,11.7349869541911,12.3077121566823,28.2564756082388,18,8
3.72256625702475,6.36249684334399,6.73801154699684,11.7781750281425,12.3557859308391,28.5773214396526,18,8.2
3.83352318227608,6.37597263563919,6.75221255535682,11.8104737048809,12.4025824470137,28.3420028988146,18,8.4
3.77161655745856,6.37681115789469,6.75366678416171,11.8469086868267,12.4540077086387,28.4692585455809,18,8.6
3.93943943899251,6.36221129790047,6.7560854263778,11.876029612602,12.4753175401655,28.5059107397782,18,8.8
3.68037771454502,6.38291158505522,6.76954259561356,11.9015849314318,12.4987643906764,28.6825969255101,18,9
4.019419614224,6.3845499051213,6.77481347263355,11.9404903979756,12.5257795535549,29.0368097249138,18,9.2
3.97186323770936,6.3781932365415,6.7705405084117,11.9550154573465,12.591895814822,28.7988956384593,18,9.4
3.60859259637935,6.37568786924762,6.76643081267986,11.9947836826349,12.5987899355707,29.5023532824986,18,9.6
3.46967377257266,6.3764798100413,6.76340021569865,12.0266823142415,12.6502787724374,29.2056736343972,18,9.8
4.07484791566544,6.39378596261003,6.77797977244566,12.0480453918807,12.681377409152,29.4769231958363,18,10
-1.3848401898327,-0.612110029691342,-0.511985478953203,0.508948981613085,0.603229692004686,1.31049322923706,19,0
-1.28326917125501,0.249312357939183,0.453189482350989,2.64744816394518,2.91176319283324,5.16113816505585,19,0.2
-1.40238014708136,0.998756781022707,1.26626508263108,4.32923288733006,4.66103986995809,7.11399942382956,19,0.4
-0.86609133156482,1.66259573693635,1.98762430808459,5.66733212743323,6.05899923474429,9.92379824465359,19,0.6
-0.730778827068643,2.28754082908421,2.66332843137682,6.70171501488357,7.13078527819226,11.2476701356416,19,0.8
-1.43018626593345,2.85228967091939,3.24474011811114,7.53498225855396,7.98147565527684,11.9073057204044,19,1
-0.709103265965933,3.35262358281651,3.77430833320323,8.22985801087189,8.705021975344,12.7235199016553,19,1.2
-0.131693806983962,3.79678857242429,4.22678451124405,8.8230231932984,9.28960152506246,14.0682734086565,19,1.4
-0.537373610155161,4.18297656378072,4.61596152794829,9.31038749426093,9.77902714364819,14.3894580457976,19,1.6
0.472078749353081,4.51439261319999,4.95623742637667,9.69940079393776,10.2141783804699,14.3143912860627,19,1.8
1.13596129020804,4.78147657786342,5.24083237881599,10.074423337914,10.6103016119407,15.3455173320175,19,2
0.590111605654251,5.04933830111832,5.47950827166338,10.3924891114696,10.9461770323907,15.9506762667823,19,2.2
1.03294688277831,5.25374501198537,5.68917932076403,10.6679886624943,11.2522385248543,17.306376331259,19,2.4
0.642402162250593,5.42888256976523,5.85068731035025,10.9222488009761,11.4991154973012,16.2358931371739,19,2.6
0.15676671256761,5.56600082883199,5.97833506897686,11.1718251532308,11.7381859081232,16.6051042416385,19,2.8
0.736362721400756,5.67013442291744,6.10300655161236,11.3473685592317,11.9750388036094,16.986255555996,19,3
1.86038282529895,5.74863498376327,6.19384500235697,11.55284674209,12.1646407890721,16.4820368849654,19,3.2
1.58615965270434,5.82620918541687,6.2790902961972,11.6977657926198,12.3227121379303,17.3215671017934,19,3.4
2.55451184337486,5.89054744095126,6.33504105578893,11.8553008641007,12.5087787792093,17.7733545834671,19,3.6
2.47086030778669,5.93424793499971,6.39166561171624,11.994226687676,12.6502323393981,17.8871746526978,19,3.8
2.19362336825776,5.96837364540877,6.44535581943544,12.1011292659934,12.7676690993935,18.9151116289149,19,4
2.69924792580265,6.01663539827402,6.46416065933225,12.2068799551034,12.8926926778734,19.0883826648325,19,4.2
3.17285647808796,6.02504744995369,6.48738656236229,12.3245230437432,13.0044942549909,20.5980420250393,19,4.4
2.31879350708075,6.0620528462579,6.50871820599984,12.4056191072529,13.1206779092594,19.3256849037083,19,4.6
2.34872266552053,6.08714201710316,6.52608498481936,12.4861688634652,13.2203758605741,19.7052684329677,19,4.8
2.24155310363922,6.078274860605,6.54848565707613,12.5539157260736,13.2678336127041,19.7414104916656,19,5
2.83514962806522,6.09611083218522,6.56695225641351,12.6372670082224,13.3418128506438,19.3597340156753,19,5.2
2.87578531139529,6.08603389513495,6.5623237378298,12.703072502057,13.425798526458,19.9155535428249,19,5.4
3.39894986609877,6.1224882444963,6.57395674801419,12.7744982077172,13.498092245939,19.9669272305895,19,5.6
3.59605727637859,6.12843493249842,6.57815894884362,12.8044545209755,13.5289323082653,20.0600234357811,19,5.8
2.83483501481891,6.13625795900344,6.58577660438227,12.8476543106229,13.5866339762745,19.2379713940614,19,6
3.39949426491714,6.13365529203835,6.5943008629622,12.8893472837426,13.6325380133739,19.6137644777493,19,6.2
2.68916084638168,6.14416423364327,6.61473442774797,12.9274397295645,13.6561522913501,19.4024577177291,19,6.4
2.81107119819877,6.14866365791976,6.62219867378825,12.9460366342345,13.6998652978243,19.8971330024362,19,6.6
1.52628326266498,6.16015982681632,6.63611412623545,12.9873489281942,13.7079201665687,20.7468253963681,19,6.8
1.97562062241109,6.14474019246367,6.61807138516212,13.0200898455452,13.7870207232767,21.125215429932,19,7
3.44534726212876,6.16537582824708,6.63039396247968,13.0260701155572,13.7926113257857,20.4912953675837,19,7.2
2.39018543328429,6.16068601909948,6.6180935195116,13.0437396570647,13.8372054746818,20.0912611800068,19,7.4
2.39898349206541,6.16007623864786,6.63366341569012,13.0671559099101,13.8525103292077,20.029245578531,19,7.6
3.21377035980336,6.1725681005245,6.6272145223786,13.087732004869,13.8546886328846,20.6353980666657,19,7.8
3.14878878914791,6.15269207730986,6.63266175460558,13.1048763918628,13.8791161219947,20.4639250415473,19,8
2.72464429676783,6.1560134937392,6.62465852790103,13.1345081007216,13.9354700683305,21.1814652750436,19,8.2
2.71787286759016,6.11684926406586,6.62332113821345,13.1643285111757,13.9412473222791,21.2358772473547,19,8.4
3.09659533491478,6.14203654639927,6.61551104328158,13.1685519726999,13.9675416919012,20.9921517139039,19,8.6
3.29529109793137,6.13867816361554,6.60625328518315,13.1923840482766,14.0089914328035,21.1090288323829,19,8.8
3.43635601535079,6.15875607444873,6.63396193080479,13.2107672263528,14.003826928572,20.7921212346327,19,9
3.04563729466469,6.14841807137582,6.65275579715937,13.2303693526204,14.0371900489292,21.0862794327452,19,9.2
3.17319165320056,6.13270696631303,6.6344068283247,13.2540604045253,14.0223252084636,21.2672605558792,19,9.4
3.05462530793161,6.14112880429676,6.63255868285473,13.2505516574747,14.055696015089,21.0310583075252,19,9.6
3.68881383966872,6.14840533547417,6.63169141545312,13.2444494771297,14.0549198567897,21.3945899965817,19,9.8
3.18477351847464,6.14674640164123,6.62190019994622,13.2712057075865,14.0707386452762,20.5592306007751,19,10
-1.27121148695412,-0.612376840767798,-0.513060270349169,0.507427400087945,0.606466484845231,1.3556074761619,20,0
-0.139189672150534,1.62453405591825,1.84942726213521,4.55205157458466,4.87106137318689,8.235790980558,20,0.2
0.673635574903946,3.34156827511503,3.66687374286294,7.68149388380796,8.09906748833194,13.2926622370278,20,0.4
1.66183752224508,4.82965328920795,5.26119946461258,9.94679990941434,10.439570287647,16.2606311618581,20,0.6
2.32785570311504,6.12849609422016,6.60384749159492,11.6874627527266,12.2143218244043,17.8705445529043,20,0.8
2.79493540423682,7.27063397434705,7.77592609186288,13.0591538637853,13.6034344778551,19.6322214890248,20,1
3.591539419354,8.2236399199669,8.76222860271304,14.1690135092828,14.7107802428982,20.5249853222723,20,1.2
4.39247380066554,9.01906755612381,9.5739153142248,15.0788136654,15.6768795709279,21.2025898580484,20,1.4
5.59397814817561,9.65498793078757,10.2107943173139,15.8697842985822,16.5006274691925,21.3763772018887,20,1.6
5.500172260794,10.1805694926551,10.7030699891246,16.5320294064037,17.1792461868404,22.5367606122361,20,1.8
6.48714908516193,10.5176390424816,11.0806303452947,17.0884578309252,17.7694952840243,23.8357492136882,20,2
6.36386928381728,10.7892524400613,11.3796267306827,17.5765582435752,18.3069670186771,24.6625820293892,20,2.2
7.25502753070979,11.0247867996294,11.5945891864478,18.015155276331,18.7526821535635,25.5112915980054,20,2.4
7.02416065881883,11.163256927116,11.7619138663232,18.3998373085066,19.1855458436529,26.827421524016,20,2.6
7.15862731041526,11.2882687329789,11.8820199162434,18.7406441687221,19.5235877448115,27.1319727233001,20,2.8
6.85470286736464,11.3515514128584,11.9575347371581,19.0449670739894,19.8530772200261,27.8199300087028,20,3
7.39882653831624,11.4435943920123,12.0295017173063,19.3079999085994,20.1519844374939,27.8019858148675,20,3.2
7.57000146265957,11.4672684580686,12.0922943360916,19.5337959950755,20.3873798280651,28.4933805695662,20,3.4
8.06927019810832,11.5000858541044,12.1345221037905,19.7319698046569,20.6538419663654,29.1744906401816,20,3.6
8.22291541044843,11.5308174767434,12.155670077881,19.9448653528615,20.8611716464552,29.7006464880125,20,3.8
7.79668247303723,11.5472349944542,12.2102398792205,20.1112544130732,21.0297107588987,30.0932197948535,20,4
7.30435736358482,11.5706447039989,12.1989036920848,20.239477264398,21.2095940409762,30.9730092409097,20,4.2
7.52152685706709,11.5798912098195,12.2187380399747,20.3785475152456,21.3868905063624,30.9142951836059,20,4.4
7.54902495941012,11.5928051517335,12.2228087395151,20.5255030403722,21.5005077948426,31.6480533881027,20,4.6
8.13713836911786,11.5948908372089,12.2484727867833,20.6031899415583,21.5937297764839,31.5845325659473,20,4.8
7.74489748241837,11.577772415118,12.2277053509936,20.689989864811,21.7457646029226,31.7899719557014,20,5
7.84156699447633,11.6041908798196,12.2544220973864,20.7792774928161,21.8496524865398,32.4915971702725,20,5.2
7.14717638648362,11.5936513788859,12.2607484506631,20.8464846951385,21.9262733270541,32.4184587773263,20,5.4
7.61070736994826,11.6096812614444,12.255236720321,20.9263863353003,22.0251174358599,33.0701455896793,20,5.6
7.89946464021349,11.5897047444875,12.2666504761727,20.9629698090752,22.0981104008815,33.8399033867158,20,5.8
7.67191905283252,11.6320746031699,12.2575524814811,21.0046501854589,22.1397594320416,33.9842104454443,20,6
7.57242951807553,11.6089030443131,12.2649942099768,21.0693050959997,22.1751156776174,34.8655700794701,20,6.2
7.53511985089372,11.59851941731,12.2681791277883,21.0953447066206,22.257500501844,35.3477494761709,20,6.4
7.3232849543453,11.5819557996493,12.2673294686699,21.1671593962028,22.2817352760741,34.9032391730196,20,6.6
7.43579749196128,11.6116563451663,12.264787949326,21.1701824309282,22.3399870589527,35.7633313513042,20,6.8
7.64294528429841,11.6025383899605,12.2847179106635,21.1939692401322,22.3943063689605,36.1338866817001,20,7
7.5779584526582,11.6292154818397,12.2857747351341,21.2264385434718,22.3971603112276,36.6240436945928,20,7.2
7.72274056043307,11.6324159417989,12.2705092785535,21.2631541642811,22.4196064797994,37.3837109520101,20,7.4
8.16621341804569,11.6079488371779,12.261566092157,21.2699372636595,22.4767956593878,37.5791826159939,20,7.6
7.97981639881511,11.6298723861715,12.2799297407346,21.3022246125727,22.4815260790325,37.784352117346,20,7.8
7.95354356139662,11.6349415494418,12.2836689470916,21.3523161093214,22.5073326822086,37.819916162439,20,8
7.88851102042383,11.6221973359178,12.2778222813622,21.3355219953372,22.5447547924497,37.7870571576098,20,8.2
7.87211241114371,11.5946479184884,12.2700873789185,21.3531998179196,22.5572225470971,38.1212058993923,20,8.4
8.00413858238747,11.6126728245007,12.2656159377688,21.3415154547382,22.5336955817469,37.7995654057487,20,8.6
7.22660353362088,11.6161553588594,12.2692473686249,21.3722366720546,22.5686673256036,38.3549704997486,20,8.8
8.1065685340496,11.6205619125465,12.266976908229,21.376725813924,22.5983853103866,38.3943859109198,20,9
8.08024017137506,11.6231890822409,12.271851663731,21.3839099062811,22.6308261898265,38.1631199136501,20,9.2
7.56972478067625,11.6056304250259,12.2733598081125,21.3978640556348,22.6014422816694,38.5901749234801,20,9.4
7.48660646020594,11.6033328692563,12.2696934911774,21.3975118192869,22.6028049914037,38.8521375822774,20,9.6
6.96475730303826,11.6148251772025,12.2615622954706,21.4063473454044,22.6116955603768,38.7772106076557,20,9.8
7.24522787869578,11.6112460673245,12.278672916431,21.4134386376235,22.6484965183524,39.3195443488499,20,10
-1.42608036262591,-0.613473658934793,-0.51599348646241,0.516499309642141,0.613394023653698,1.41986216620845,21,0
-0.927607150459374,-0.0509745282484062,0.0762906938766191,1.41708120784517,1.55153849919751,2.86604282411909,21,0.2
-1.60602114997956,0.435588090635486,0.593383769110612,2.31449087886863,2.50968619326662,4.12645219523988,21,0.4
-0.737922074122122,0.879405610848468,1.06782286374794,3.17373823010357,3.41995237394729,5.92194878557412,21,0.6
-0.388218795060176,1.3148344339266,1.51959501470534,3.96990044478089,4.25544696553483,6.9679291402236,21,0.8
0.133389970281386,1.70252227709601,1.95115899911912,4.69922074973677,5.03097406179273,7.9550781221538,21,1
-0.157093667119872,2.0980419162657,2.35240788230454,5.37166340639112,5.71373279036532,9.28860602804504,21,1.2
0.028795296641661,2.47267401065213,2.748447684502,5.97753507278205,6.34027767820992,10.8181097921847,21,1.4
0.556239857956933,2.8033814891687,3.11111278210434,6.53185685488469,6.93224387281175,11.759707632377,21,1.6
0.586325526257803,3.14558029397726,3.45771892717449,7.055877950886,7.48056029588783,13.2929194485629,21,1.8
1.15436852339852,3.47264333768669,3.79667930686257,7.54402673815822,7.94425648295262,13.9301729518488,21,2
1.41339861475278,3.79044879576827,4.1202864943831,7.98582124109078,8.42333048749913,14.896508957862,21,2.2
1.32863286622221,4.06185254740263,4.42531733034931,8.40489140615338,8.8530831406898,14.6091935541782,21,2.4
1.41939425071499,4.36782472580612,4.72718155674296,8.78020337623874,9.25547769873633,16.0776808867949,21,2.6
1.77694098178002,4.63859506543648,5.01102689517081,9.15745720797988,9.61634824792941,16.0050288973492,21,2.8
1.81876094417538,4.89467453048418,5.27789257022702,9.48144999924846,9.94619171734187,17.2007463756485,21,3
1.80637411980938,5.15294067283839,5.53454528925714,9.81974226467396,10.28963259482,17.2008736033342,21,3.2
2.00998128814023,5.38776319958972,5.78151873868272,10.1069276044798,10.6008648151319,18.1902973811705,21,3.4
1.99745179438286,5.62393536020407,6.01813611883722,10.3896021535161,10.9075993316968,18.2726344846257,21,3.6
2.45139465455302,5.83104524723375,6.22069070063775,10.6621239290326,11.1835434353708,18.5973145552065,21,3.8
2.38357482239761,6.05156203375172,6.44037446238911,10.8994805709784,11.4193360482544,18.4328188513589,21,4
2.20260161109388,6.23673749528296,6.64391040827157,11.15406071209,11.6860674507203,18.4899125392493,21,4.2
2.51462563900761,6.44138972859578,6.82079686196825,11.3681781348806,11.9048501610434,18.5216958026637,21,4.4
1.76951341991262,6.5896589859833,7.00982363522311,11.5974757002134,12.130593780682,19.5142629894916,21,4.6
2.13368743621791,6.77360487885597,7.16919418521502,11.7943481426956,12.3325435893898,19.6665946281733,21,4.8
1.67974385817758,6.91951432495111,7.33881464215359,11.9920677246523,12.5456699521322,19.5680472047573,21,5
2.53690384279767,7.05555324727932,7.47382606464717,12.1693198257806,12.7204994342953,19.6464173861013,21,5.2
2.09093254482478,7.19084698678774,7.60103206470494,12.360192466987,12.9083154491276,20.1832314076898,21,5.4
2.69084213902187,7.32328365830911,7.72959828603522,12.5300027140452,13.0587539144339,20.4728726573887,21,5.6
2.79641059170984,7.4373879815793,7.8448370595713,12.6852544775166,13.2174820632797,19.7764741067772,21,5.8
3.27843981440355,7.55678382150463,7.96434946135135,12.8325213788309,13.3755742381096,20.2022878175638,21,6
2.65841954193227,7.65316913689047,8.05447267941115,13.000048497669,13.5434835960486,20.5790418302528,21,6.2
3.79913397059128,7.75682477118429,8.1627598441522,13.1308874116308,13.6958001732353,20.7239986579373,21,6.4
3.48404142831201,7.82820252670962,8.2396058820356,13.264890520431,13.8084291422945,20.5098528068382,21,6.6
3.96117883793048,7.90315485988002,8.32592473185943,13.390858117009,13.9720783167044,21.2231730199433,21,6.8
3.4542618056993,7.96891505890311,8.39401243838537,13.5200979422963,14.0800081202621,21.067384705013,21,7
4.31803956681782,8.04699022371502,8.47616337240456,13.6426984437199,14.2180451131117,21.2275243516764,21,7.2
4.12663626750592,8.1098583258222,8.53627721640031,13.7506751771834,14.3322558498875,21.3547664115703,21,7.4
4.45218934520568,8.14825634992426,8.58415001579977,13.8468111340778,14.4476093489992,21.6545495396515,21,7.6
5.17825034871618,8.20609864402878,8.64378209216884,13.9590860361789,14.5643775330888,21.4271905781393,21,7.8
5.13590028619528,8.25649231026189,8.70469962548139,14.0697834007382,14.6637530095057,21.267152933187,21,8
5.47973931352737,8.30623224561803,8.74976459035679,14.1637902378239,14.7722321296703,21.1525660725711,21,8.2
5.35110008494573,8.33753167868277,8.79399616054725,14.2508378381609,14.864538827816,21.3190445975918,21,8.4
5.80009884345494,8.37010183589852,8.82662357457265,14.3452400153976,14.9695365892486,22.1884606152039,21,8.6
5.54526644647552,8.40992410081997,8.87890990746099,14.4237746208504,15.0740733929657,21.6624846313212,21,8.8
5.74432188818621,8.43168553202717,8.90770616272349,14.5018615942052,15.1631602355197,21.5084273237777,21,9
5.4157294565102,8.45871456975853,8.93315564005837,14.5784243908936,15.2475662399916,21.287443669458,21,9.2
5.23583995743109,8.51076833500811,8.95856427852587,14.6642604618648,15.3332033694194,21.629834276873,21,9.4
5.6915362038782,8.52176537838958,8.98007807115571,14.7242448476829,15.4080480649919,21.2917669879749,21,9.6
5.46952840205031,8.5361860278021,8.99471977326198,14.829715682261,15.516957569311,21.6133448759499,21,9.8
5.69518515947852,8.56578381654123,9.04086867603033,14.8839004808301,15.5648690879149,21.3717979272157,21,10
-1.27071392031157,-0.617530567447315,-0.514507386468826,0.510565259735515,0.612041812740237,1.65318062568847,22,0
-0.96848162478607,0.0184356184287143,0.150655234704452,1.5314393634711,1.71266409506326,5.6475166547228,22,0.2
-0.647206690183729,0.537739103294773,0.698276820803435,2.45677917380189,2.70584596798909,8.96395714027669,22,0.4
-0.54215464764975,1.0029447521021,1.18838053313287,3.29167251736718,3.60920037578785,11.2216690472953,22,0.6
-0.17013941552584,1.42437663037246,1.64189095250849,3.98847238041729,4.35043284303563,13.0589689271014,22,0.8
-0.110338132560909,1.82101049306938,2.04225139662882,4.60125688833893,5.00169914431986,14.6292452548236,22,1
-0.285506010501199,2.18377521173193,2.43377742549994,5.13052821033663,5.55085018707497,15.6145102164911,22,1.2
0.395571301421885,2.53209336229261,2.77798680285746,5.58297678245095,6.00650085687739,16.6345796157085,22,1.4
-0.247541290448509,2.83761220010107,3.10598674777755,6.00166665657936,6.44861604663361,17.5186088419937,22,1.6
0.645175230998669,3.12143059917464,3.39219841301406,6.37040269006251,6.81260300178952,19.2037770751896,22,1.8
0.847485030622084,3.39122365434997,3.67099504740778,6.69658601889451,7.16819057697056,20.0095110314027,22,2
1.59851316615613,3.62752544884826,3.90006585728124,6.99928410623556,7.47792788290934,19.7754298307003,22,2.2
1.45630711012808,3.83498906093653,4.12143885298114,7.25233662904068,7.74385045669477,20.5435411073035,22,2.4
1.39323287127003,4.04346929554643,4.31879820449033,7.52191012953407,8.02573399247655,21.2252719828824,22,2.6
1.41429751264445,4.21227404174239,4.49715923398715,7.72940730901204,8.23540301041502,21.8544759768183,22,2.8
1.77809889308254,4.37627505546285,4.64880116753861,7.92121193530128,8.45814054857532,21.9666956708236,22,3
2.44380087730109,4.50229015313527,4.78297994066156,8.10983200508975,8.65807565823773,23.3168507926195,22,3.2
2.39428812614544,4.62086277770459,4.91609032523542,8.30564594599141,8.82456959942515,23.4155804680702,22,3.4
2.53609340143204,4.72987502134383,5.0215585511927,8.4540091256635,9.00485199486688,24.2234820907842,22,3.6
2.45680764596642,4.80109886128358,5.10536664388953,8.59891675447811,9.15176396594077,24.9838177471448,22,3.8
2.12211776891391,4.87268263737351,5.1814704807176,8.72794178970623,9.27805057402417,24.7404463772153,22,4
1.62992700444196,4.95925506829629,5.25793813381121,8.86991456125364,9.42064393205464,25.3724590793954,22,4.2
0.918446845483825,5.02529352809163,5.33115213418719,8.98221132585836,9.55310527895525,25.9136214274514,22,4.4
2.24579827678347,5.06912431394404,5.37646651752854,9.09504230951865,9.66310578105668,25.4904158605786,22,4.6
2.03796293474137,5.10026688905226,5.4175947398791,9.19207784769295,9.77664468375382,25.7879220708869,22,4.8
3.13322572256581,5.13994644409128,5.467504691449,9.28936938215683,9.86991600448327,25.9105678352896,22,5
2.84633719322394,5.16818650608818,5.49530943745117,9.38448687456786,9.99431171486747,26.575197961996,22,5.2
3.2561364697862,5.18005775202393,5.51850896244081,9.47012406769202,10.075690607133,26.7044415842147,22,5.4
3.27850904688365,5.2284874437475,5.55685620617383,9.5403746661806,10.1625061443394,26.9798709861576,22,5.6
3.03537599511771,5.23894771496845,5.56287415543401,9.63068453011845,10.2710069237942,27.611599922196,22,5.8
3.43678789151997,5.25489490858458,5.57883904321536,9.69826909759322,10.3265052897049,28.1109788344266,22,6
2.57833745936397,5.25531106398917,5.60494801989461,9.75134018344228,10.3927327025307,28.5735921814736,22,6.2
2.98899849163546,5.27889659389714,5.61699132667501,9.81526242083404,10.4549299488986,28.1213710894605,22,6.4
2.95240086472075,5.27602542257586,5.62897873661543,9.8574685459039,10.5295963762843,28.824642057668,22,6.6
2.45668802978895,5.30617550602337,5.64639468143293,9.93273350878473,10.5802449782952,28.1456303545105,22,6.8
3.22230730194156,5.28422348271262,5.64800428914507,9.97216158915901,10.6282266551218,28.3167899481105,22,7
2.58445206029682,5.30553123260332,5.64864688522954,10.0376910220128,10.6971073661009,29.058530983893,22,7.2
2.61853906688411,5.33753404693863,5.67366065633948,10.0954496682241,10.7628049042275,29.348339075154,22,7.4
3.01315812180628,5.31043873738808,5.66622880194358,10.1144218767149,10.807622219684,30.2691844782838,22,7.6
3.10268887286157,5.34203636279335,5.68777985920513,10.1598857698225,10.8654636071442,30.284170158456,22,7.8
3.0846045818483,5.33762943152569,5.6870232282952,10.1915986577543,10.9119493879619,30.0816769278476,22,8
3.30073203653179,5.34077755594498,5.69663627904722,10.2262724684949,10.9478185827095,30.166306223528,22,8.2
3.03540045499864,5.35463303811889,5.70927463703266,10.2646957776047,10.9896636715606,30.4605511652062,22,8.4
2.99889922719929,5.36999261248489,5.71164469385458,10.3131498873916,11.0149083464158,31.0258469236062,22,8.6
2.98182881367449,5.3588039476835,5.72928908907569,10.3379935104396,11.0641259516534,30.8647908710327,22,8.8
3.23162251592121,5.34770859288061,5.70635747213087,10.3580028532798,11.0823908250685,30.7008604386148,22,9
2.12552411134889,5.36064676247989,5.71798562659225,10.3771379948509,11.080149992635,31.2895370981521,22,9.2
3.17825828282903,5.3711476353947,5.72033826192916,10.4072848545567,11.1678136692225,31.4713592440796,22,9.4
3.30458235291399,5.3702699840024,5.72654058606513,10.4399131239538,11.179793769564,31.4783628938641,22,9.6
2.84604833794956,5.36278546359487,5.71323083246792,10.4553857645643,11.1984647381348,31.462040707103,22,9.8
2.66778692035355,5.3485472089398,5.7122115045139,10.4877566247786,11.2388410147207,31.3674794467162,22,10
-1.43142811830427,-0.615941350463064,-0.514118454908823,0.514281218761206,0.612678028581998,1.45931611647895,23,0
-1.44533990179221,-0.134652146870609,0.00940695962732828,1.41989967615531,1.56387752806142,3.59460234657987,23,0.2
-1.34323730892912,0.312935629358684,0.472661890840052,2.26180001420855,2.45604794622257,4.76447484522333,23,0.4
-1.40592970238705,0.694136776158104,0.892830471044443,3.01286516772181,3.22971311554317,5.96339747404922,23,0.6
-1.88900687434156,1.06194659430618,1.28645672463867,3.68287763045976,3.94362546993295,7.04654482824269,23,0.8
-1.85828934170893,1.42251143766245,1.66110271047839,4.26723215044461,4.55139909605515,8.26932115830389,23,1
-1.81368152779497,1.74608847189964,2.01436168165832,4.78502309989951,5.08921377392503,10.1297408541484,23,1.2
-2.51861888013177,2.05888629483259,2.34141355802773,5.23540082088816,5.55332957950443,10.925397935168,23,1.4
-1.47411099272219,2.33723855594635,2.63571694378521,5.65669402240697,5.97879989272176,12.1198545478988,23,1.6
-1.15121903624681,2.61561347332873,2.91448014032622,6.0163334230793,6.35411136275094,12.2314807494676,23,1.8
-0.213242024023564,2.86940899984833,3.1885782167687,6.35731174637109,6.69540764814681,13.2298209770536,23,2
-0.321293039930349,3.10575205161349,3.41397656461577,6.65911930382459,6.99980033863297,14.3088289162257,23,2.2
0.0293114324704196,3.34170807705112,3.65878314978498,6.93243008930035,7.29638180822289,14.9089570935643,23,2.4
0.0676853181592725,3.54163921670871,3.85743357130677,7.18818809524384,7.54957085886809,15.3224699966632,23,2.6
-0.0428536164145001,3.71383666729756,4.0487248066424,7.42796332164732,7.78793924034301,15.2475074012402,23,2.8
-0.191385551419437,3.88255064627352,4.23031987781522,7.6392487133717,8.0073795043861,16.696845978247,23,3
0.431466830011348,4.03954949038333,4.38749676385385,7.84790307871514,8.21659726602026,17.8725560342116,23,3.2
1.04480780467234,4.21208421908463,4.5432866191659,8.0249946451461,8.39614271153153,18.064051914459,23,3.4
1.14995873246627,4.36388338308777,4.68730810193171,8.18529158243354,8.54830236015609,17.5432936348939,23,3.6
0.00387840660819883,4.46846396564985,4.80221121535685,8.33203832003233,8.72362981185267,18.4832898049216,23,3.8
0.683282422335956,4.6059314754231,4.929086235778,8.47405241766069,8.86740661930968,18.1637695910057,23,4
1.06000781525919,4.69786451209865,5.02735107027277,8.61217890592818,9.0191279974863,18.7115676964406,23,4.2
1.41233519143107,4.78284184649282,5.11688361366694,8.73597484483513,9.15006989539903,18.4244942777643,23,4.4
1.31278495394032,4.8666294137751,5.1937934932252,8.87204253621635,9.27620661948503,18.8700094574538,23,4.6
2.06801139415055,4.92813708952769,5.25915176202166,8.98134987546308,9.38566677877582,19.1531011487513,23,4.8
1.88121168463572,5.00356720659529,5.32523765204502,9.07890737926171,9.4883185403987,18.9247328850789,23,5
2.13932209808317,5.05842832144347,5.38497706026932,9.17846982721199,9.59008139776526,19.5884570115438,23,5.2
1.80706463171178,5.10653740176072,5.4433667034429,9.28051184754789,9.68764766163135,18.169253220517,23,5.4
2.58804141864135,5.1557411404553,5.49230583709064,9.36491614485611,9.80452712938921,18.4039194441903,23,5.6
2.09899743314062,5.18244485389933,5.52928366098785,9.43461588243123,9.89107391817467,19.30775952467,23,5.8
2.42222521353862,5.22738008959655,5.5635762576805,9.53154411525486,9.96426486174519,20.6767879586499,23,6
2.72774431340337,5.23932638055592,5.59049015065352,9.61935610514454,10.0589743173196,20.9323204153808,23,6.2
2.45086423988391,5.28292217542898,5.63803197105941,9.6713812953239,10.1173264445549,20.3280544861707,23,6.4
1.89908843072117,5.32187986960235,5.66889940727914,9.74469384022459,10.19929348305,20.4858414302012,23,6.6
2.23831336923835,5.32962043732018,5.68865663321708,9.81244681499272,10.2714123043506,20.4857838196403,23,6.8
1.07694755261673,5.35677538197793,5.70447550142018,9.85695087604681,10.3369399454758,19.855935259464,23,7
1.47649515475651,5.35698979358576,5.73569566912986,9.94247493462363,10.4083446391635,19.969698282898,23,7.2
-0.312366048985721,5.38440528814523,5.74729274640545,9.97564632263821,10.4619517762148,20.6339513711686,23,7.4
-0.0940299601719553,5.39387398309822,5.76916360017755,10.0062859251463,10.5041690611596,20.4446709784221,23,7.6
0.819393844037161,5.40008227979376,5.76413084159314,10.0708197430479,10.5641733091767,20.6400593277578,23,7.8
0.666936757630015,5.42952641229583,5.76329067206086,10.1241659342247,10.6445864701541,20.5384441905174,23,8
1.07998036989475,5.43625493819983,5.80557385103576,10.173021040992,10.6762579592359,21.1022606412008,23,8.2
1.08697051461673,5.44666897573778,5.804857694499,10.2053897245839,10.7157731062527,21.6842589805071,23,8.4
0.867389008738926,5.4568981059297,5.81732296338919,10.2429658223593,10.7740259658091,21.1021157218868,23,8.6
1.35816201445146,5.46829421778978,5.82734879890896,10.2896786542365,10.8145122861303,21.3360963657384,23,8.8
0.73072802753025,5.46762806666189,5.8337803990238,10.3227693825155,10.8194470256816,20.9115139715059,23,9
1.66482562365476,5.46674117685231,5.83959749619719,10.3680355645798,10.8655336987695,21.2758142862993,23,9.2
2.3357164356883,5.47788011602811,5.85078234690295,10.3801586271382,10.9282523919809,21.5775333298,23,9.4
2.11376703455031,5.47846617135008,5.84450037343711,10.4118391368033,10.9545506736662,20.5367115468498,23,9.6
2.39840289928127,5.5013639916382,5.86818720809694,10.4547409696096,10.9590467901058,21.1372140054003,23,9.8
2.14533296278201,5.50346563668236,5.86903213393251,10.4482672431464,11.0031759598414,20.7224932399404,23,10
-1.36000611588774,-0.611606818423868,-0.514034033386195,0.510821460997583,0.60525515749999,1.43302745615003,24,0
-1.21918362140247,0.0168221688452852,0.165528364773853,1.72463838174987,1.88772505924276,3.7691962346962,24,0.2
-1.33291221754792,0.558311594388272,0.757200330481944,2.83630587948581,3.07391821123989,5.88696247459524,24,0.4
-1.48254585058916,1.05497626965915,1.29525079166905,3.75903237663654,4.03944270338143,7.82110270804253,24,0.6
-1.06135676869926,1.5254528486106,1.78632795414888,4.5476498848688,4.86130709389705,9.47680640995623,24,0.8
-0.487656964721016,1.92185547472857,2.23617816930599,5.22337569215151,5.5711950065251,10.6803396084744,24,1
-0.564885361407148,2.34579415524272,2.65775243292614,5.82756448698636,6.17420323288609,12.3665047214422,24,1.2
-1.06403029477772,2.71841362612284,3.05096297534357,6.34066039040785,6.73295781691998,13.278074460377,24,1.4
-0.147329752800836,3.02587139207508,3.39288887775189,6.77528858314772,7.18510362639687,14.3043736247762,24,1.6
0.11720562364589,3.33506446851663,3.69834958015569,7.19054012930307,7.61214479974907,15.2047110502158,24,1.8
-0.471157420756033,3.64514069905236,3.99217089791228,7.53385919103419,7.98038561655659,16.3169528005672,24,2
-0.893098850372305,3.90873332415339,4.25682740108902,7.84595585622714,8.30822160380624,16.7854740390737,24,2.2
-0.417942920520065,4.12559767187378,4.49190477615187,8.14411056564809,8.61360894338345,17.5997125635316,24,2.4
0.623362976653463,4.32851218717112,4.68817702205321,8.40484482606601,8.88495896412854,18.4269641152874,24,2.6
0.592368883917376,4.52049365872506,4.87109067010281,8.65164993068656,9.15041551441153,18.5994446067539,24,2.8
0.910294745472919,4.68616280927092,5.01644773778643,8.86489961120658,9.36567546347377,19.4598423110762,24,3
0.941905393568826,4.83772154899881,5.1885603701603,9.04448353562654,9.58285787982289,20.1768178788352,24,3.2
-1.14721847668598,4.95955350260524,5.31210448524028,9.23698724021802,9.78718345427956,20.8482688642372,24,3.4
0.564750999463247,5.05494911969265,5.40310589386694,9.38796174870806,9.95182541617997,21.1499284215826,24,3.6
1.07354097598304,5.15080184579245,5.49959931503671,9.55750531525599,10.1290838431024,21.4514296222283,24,3.8
1.43995212153925,5.23269253996294,5.57585265715404,9.6975824194932,10.2929546979,21.9408973333592,24,4
1.80705552114863,5.30055924631646,5.6464387478255,9.84471864619539,10.4148619626,21.8557717142378,24,4.2
0.588262641559093,5.36702450510572,5.70106276244522,9.9568240334769,10.5478760678038,22.4246829161991,24,4.4
1.799531093874,5.40092257235023,5.74885272955079,10.06052993881,10.6768241825397,23.5626139162286,24,4.6
1.74305531850918,5.45460389663001,5.7995692515519,10.1810042716279,10.8050795282849,24.3617129478463,24,4.8
0.615726428637067,5.47459209108952,5.85144690235863,10.2739142168089,10.8778130977211,24.2052432354856,24,5
1.54207091985878,5.52631388733151,5.87224963701618,10.3688771922122,11.0021144132196,24.224962704966,24,5.2
1.43778452082249,5.53734628703749,5.89187528342103,10.4628508000731,11.1002677105032,24.1409522292777,24,5.4
1.13841654840928,5.57002395869263,5.93254285594653,10.5565759246059,11.1921397950185,24.3525216187588,24,5.6
1.28750433829937,5.58419492386896,5.9479548238697,10.6394105018739,11.2674012019769,24.2338818600617,24,5.8
1.00086941076732,5.59392459459831,5.95151380062194,10.6776425185026,11.3294606904116,25.0259537330433,24,6
1.61321194757495,5.59461057212244,5.96322462067701,10.7463164140635,11.3995263868916,24.4696495068547,24,6.2
2.05978498439374,5.62677378522538,5.9913876213541,10.8078673932697,11.4756039540964,24.9156426652957,24,6.4
2.25268430786851,5.63095840532747,5.99393835981111,10.8718235817158,11.5429009107635,25.3274182929376,24,6.6
2.56050053050529,5.6436513147379,6.00579651633923,10.898947126145,11.5861160008516,25.2133184664206,24,6.8
1.74636504237136,5.65069878791625,6.03185606623229,10.9548329861327,11.6343085308526,25.6242426755971,24,7
2.22393778111005,5.6510107656756,6.02166619608441,11.0026390398264,11.692567044409,25.280642200608,24,7.2
2.07937884238134,5.65457812764964,6.02045700080114,11.049373024469,11.7283585009713,25.7514977065577,24,7.4
2.6143441839102,5.65360348594422,6.03841250160334,11.0571554563291,11.7724925123306,26.5282524223455,24,7.6
2.44607731242108,5.67351630932233,6.04500026716568,11.1158389651936,11.8095561743182,25.8580971145119,24,7.8
2.05361996929758,5.67526095194511,6.04550300988806,11.1619992083601,11.860612103493,26.0058981543432,24,8
2.57561060269719,5.67219908822243,6.04909222478053,11.2024588837247,11.9164277299312,26.9284740147809,24,8.2
2.33882910788738,5.68783184297827,6.04818653670558,11.2328380522001,11.958908003784,26.8396392528439,24,8.4
2.06459160734275,5.67856693305144,6.05874347099871,11.2737236730079,12.0144295951364,26.9013696384329,24,8.6
2.87557208797631,5.69172647824765,6.06324721757759,11.2939272341182,12.0366686636041,27.0620259702835,24,8.8
2.36858907065702,5.68217933548498,6.07156937651167,11.3138690903084,12.0554595383406,27.1867991345907,24,9
2.10871521254172,5.70710025216712,6.06653936356863,11.3538971301774,12.0995278042391,27.3102764874428,24,9.2
2.76275177458504,5.70960023719052,6.06684481475581,11.3901632613098,12.1143076373246,27.5749739392673,24,9.4
2.49023773247295,5.69814318905242,6.07199639296175,11.3862348171341,12.1378762983337,27.4484003697737,24,9.6
3.00179012724925,5.71548576404284,6.08396456771491,11.3919776436915,12.154869963045,27.1437499280057,24,9.8
2.64141053055731,5.70354164943457,6.07397342708093,11.4258283332997,12.1606042033911,27.1008453314982,24,10
-1.46958922272544,-0.611315014001609,-0.514357760891313,0.509072296106485,0.611269453190777,1.40886929215318,25,0
-0.725548521752724,0.33875615341307,0.480967694644842,1.97762368530622,2.13276697342032,3.77178484840074,25,0.2
-0.581365367225359,1.10888852197143,1.27042801650164,3.27395113191429,3.49666538948592,7.00737618706639,25,0.4
0.242877771158832,1.75838723733206,1.96055576484997,4.34689602243791,4.60899649354293,9.48987335082213,25,0.6
0.597812543924301,2.34589520348805,2.58182815867814,5.23952774743769,5.53165643248273,11.6766613367442,25,0.8
0.67896232073729,2.88362313813417,3.13275845565453,5.97751397481542,6.28379801204132,14.0464891144164,25,1
1.62738928238574,3.34945214029591,3.61594292134102,6.5899597390728,6.91987057404785,15.0196996946489,25,1.2
1.14942830811812,3.76856479668375,4.05035370899792,7.11513538104705,7.46406884296786,16.4113830493341,25,1.4
2.18448078192917,4.12211146548887,4.40878326221358,7.56568525270226,7.93179984091338,17.3034076799254,25,1.6
1.82414440113309,4.44902459987762,4.73408512162964,7.97781406109265,8.34165618322532,18.2252472385372,25,1.8
1.80043081452996,4.72724626102836,5.01900634425102,8.31944624861785,8.69979725255833,18.5999328550561,25,2
2.67596618384055,4.95539097377393,5.24360858426343,8.62322301887865,9.01386469175069,19.2748644760197,25,2.2
2.83110448232096,5.15683643844767,5.45040782621693,8.91218009791915,9.32107533569369,19.5637990612394,25,2.4
3.08035811448435,5.33532073578043,5.61835794702342,9.1546364703338,9.5562147490483,20.6977764483659,25,2.6
3.30748772654064,5.45371382023938,5.75374092446271,9.37957435938219,9.79412339625748,19.9685335147534,25,2.8
3.0142005337484,5.56117594378121,5.86710622370832,9.58656023668549,10.009211451457,20.7222532037113,25,3
3.71624832251001,5.64335916597226,5.95963428189967,9.78014847677017,10.1998269124529,21.0250313761698,25,3.2
3.57705744685116,5.71852869023598,6.03753159140294,9.92957812558544,10.371676159718,21.2014698483665,25,3.4
3.86895466565365,5.76434912053973,6.1091152507741,10.0963779404395,10.5302662478046,20.7406703776432,25,3.6
3.93605036629869,5.80698118145656,6.15083183546481,10.2187997540466,10.6714023173726,20.8858967114073,25,3.8
3.50219962437359,5.84306527330516,6.18363589806402,10.3541253270812,10.8032642552211,21.6381694951573,25,4
3.28336310677152,5.87763281257639,6.22120475679777,10.4703361140917,10.9278048449313,21.5905108504838,25,4.2
3.4119676059878,5.90563634128508,6.26507963627801,10.57790249488,11.0653492537386,22.1886369158683,25,4.4
3.96303710525182,5.91312602944845,6.27319295245039,10.6811166672229,11.1471465221359,22.3747481646468,25,4.6
3.61652000947771,5.93358098838692,6.29390656233708,10.7624683142862,11.2484211875044,22.0775897305212,25,4.8
3.69932553772905,5.95782484211888,6.3225294366712,10.8426246057005,11.3250884876516,21.9502690636401,25,5
3.41449194532949,5.96141504869936,6.33679138454796,10.9164563848314,11.4081549150814,22.0138576887859,25,5.2
3.68360162521038,5.96645135209023,6.34078076992703,10.9972165813509,11.4770770532859,22.0757473696833,25,5.4
3.37368721222758,5.97482095762683,6.35434024809379,11.0433230870488,11.5456929830794,22.137641830662,25,5.6
3.71839597872882,5.99455988319093,6.35989240640232,11.0943628950245,11.6173864512523,22.7790428650354,25,5.8
3.76350343007767,5.98918314203394,6.3698471375679,11.1699060499708,11.6775906046351,22.4114381688949,25,6
3.82771502464765,5.99279299746901,6.36955948415102,11.2057148242703,11.750165720872,21.845268064838,25,6.2
3.67805993787584,5.99974646234622,6.37643597276802,11.262999070322,11.7862403877691,21.4491214267934,25,6.4
3.5604971253313,5.98877385525617,6.37408433109984,11.2973927747541,11.8519908232153,21.9769225588482,25,6.6
3.31424586060387,5.98630169573734,6.38054596209214,11.3390088090637,11.8746050278199,21.6285459211647,25,6.8
3.26541906501375,5.99667436171123,6.38690027714817,11.3809953032223,11.9121186397272,21.5882847635415,25,7
3.82595934724096,6.00358139936679,6.38315353399006,11.4023621930146,11.9598675503557,21.9158548626122,25,7.2
3.93691895549444,5.99198873611399,6.38509755942515,11.4355289706902,11.9896376105172,22.1693740510989,25,7.4
3.38223946229002,5.98515753765649,6.38246830607155,11.4678598775369,12.0241706803967,22.027564428786,25,7.6
3.52060657002824,6.00654153699918,6.40603371341953,11.4900370005474,12.0408737659073,22.0162497245527,25,7.8
3.64477274925456,6.00727388814437,6.39684211626498,11.5027412837399,12.0490338857065,22.2355587142214,25,8
4.26323246505814,6.02580641170047,6.39087474662827,11.5289359518976,12.0883445491571,22.1265199752358,25,8.2
4.01644947384222,6.01572372316548,6.39814877225937,11.5466673082558,12.1067295889276,22.3182422110245,25,8.4
3.32222212459246,6.02075993509531,6.40351453210999,11.5503171835937,12.1324280706017,22.3286327921328,25,8.6
3.79666577737379,6.00452982277799,6.40013698944699,11.5628599956359,12.1506271836278,21.8276782841931,25,8.8
2.80781049421628,6.01060094205883,6.38770686995916,11.5916607016459,12.17918491623,22.7929489905712,25,9
3.73760052139636,5.99839410118558,6.39305780772955,11.5980204253516,12.195264572118,22.2441682712636,25,9.2
4.1377476421377,6.0093373581941,6.38191849264171,11.6063274339464,12.2074159446555,22.7544054472864,25,9.4
3.95343802432185,6.01117074667291,6.39724580493133,11.6343423121496,12.2274999998416,21.7795793919409,25,9.6
3.88857299339368,6.00793876265455,6.38833440017109,11.644830611136,12.2408943179272,22.531874829048,25,9.8
3.63578451851616,6.022955706628,6.39631671841867,11.6414756822719,12.2644827406599,22.0536295891561,25,10
-1.47954600470885,-0.606093097249571,-0.512840579818772,0.511636721898842,0.615675381014894,1.29328708709185,26,0
-1.59133546150111,0.337209047419616,0.480923549398392,2.05450299566432,2.22882368587336,5.07374861785466,26,0.2
-3.10228993344795,1.09901299028959,1.28500391692399,3.44254026893029,3.67697554319754,9.2429189476116,26,0.4
-2.01395203705205,1.76926758201777,1.99633328267015,4.59344869720411,4.87275311227561,12.8168457220554,26,0.6
-1.45192100204652,2.3842757727622,2.63662534109917,5.53276470141639,5.84984879153188,15.3003960878771,26,0.8
0.16733477500766,2.9236829088026,3.20647040123461,6.32607822779078,6.67083801935197,17.2383096752976,26,1
1.03126350504687,3.44777539578509,3.75095251145862,6.99419498108538,7.3448833606219,18.8427807539503,26,1.2
1.21799511021629,3.91177344743947,4.20574381130311,7.57948102255073,7.95655528985265,20.6772080508408,26,1.4
1.91783041572031,4.30556984169047,4.62475641526829,8.08601007863087,8.46785201867438,21.4904945980745,26,1.6
1.98392924823728,4.68719049650649,5.00453226622893,8.53131922433026,8.90870464323057,22.3324481464887,26,1.8
1.76348131779046,4.99521067884174,5.31863681029717,8.92264868200284,9.35565185071923,22.7206098799067,26,2
2.54150900338857,5.25936551315301,5.5990652202168,9.26667207547359,9.69626795520779,23.7259490272799,26,2.2
2.6892552400087,5.50049733430884,5.83419146318247,9.57552088946051,10.0197718802618,24.0497198515795,26,2.4
3.24282566997344,5.70440917148937,6.02076331862743,9.86408024161091,10.3006179392126,24.3897534502274,26,2.6
3.09445242495616,5.87868423726809,6.20855284980948,10.1152295837588,10.5737885698933,25.0488078650524,26,2.8
3.16117214277398,6.02203559169535,6.34790658206289,10.3404488176284,10.8162134971659,24.838459412291,26,3
3.53927079022444,6.11485595377096,6.47294889535063,10.545286659619,11.0296124696561,25.0312075605947,26,3.2
4.17149895950831,6.22526586535367,6.587281436107,10.7351864664877,11.226543097669,25.5427118005393,26,3.4
3.99799003520551,6.30208930683805,6.65593559167932,10.9071319140714,11.4033948077416,25.3720324868456,26,3.6
3.72773850292032,6.38560749223292,6.74163716639688,11.0735440510676,11.5965707826556,25.6404326848134,26,3.8
3.8374936969178,6.42913784975735,6.80105166442133,11.2224994516924,11.7358948828994,26.1047118460731,26,4
4.03314596712854,6.48452304782759,6.84473539898145,11.3411776772992,11.8692298316129,25.7311513457916,26,4.2
4.07933110198568,6.5077596064193,6.88504042248942,11.4817409442963,12.0014504928742,26.2309869745588,26,4.4
4.15669164463812,6.53145626342526,6.91277130409327,11.5867294568025,12.1438369007283,26.3317865789499,26,4.6
4.41576995244022,6.57354808747437,6.95009404773926,11.6999698707299,12.2426111866455,26.4270645561817,26,4.8
4.14332415170202,6.57973990606394,6.96709862283726,11.7933876048397,12.3621817883508,26.4894023236284,26,5
4.03039307357674,6.60780094926662,6.98817906735545,11.8725363060512,12.4562450057073,26.5581279497294,26,5.2
3.86212599355491,6.61151530628538,7.00211582179623,11.9557841681604,12.5511967684293,26.9796660321328,26,5.4
3.88299571411597,6.63518764003457,7.02314498640632,12.0311842843541,12.6174648513791,27.3037836579123,26,5.6
3.7693969046584,6.63095939687603,7.03102840761415,12.1048965682416,12.6937494721793,27.3326362745114,26,5.8
4.06539318870135,6.64242583218091,7.04110561050306,12.1547528669547,12.7703234370703,27.7249956904134,26,6
4.27767067317937,6.64729658652391,7.04871567547509,12.2092851233867,12.8199124427334,27.2267079220819,26,6.2
4.06432578802372,6.64311886530152,7.06133800489671,12.2662449172692,12.8984430764667,27.5669854870039,26,6.4
4.10648679807172,6.6357891462462,7.06025849149419,12.3112308751419,12.9380298000341,27.8521831717211,26,6.6
4.34363124781407,6.65881321518214,7.05600374334804,12.3681561964084,12.9742221275563,28.0311097700128,26,6.8
4.29961430613273,6.66995920823974,7.0682990069202,12.3948865454848,13.0573860881281,28.4403721870644,26,7
3.49126549473852,6.66690524247926,7.08404623333342,12.4322840830223,13.073691434274,28.4031721006456,26,7.2
4.0874755519863,6.65739378969723,7.08828773624295,12.4831698626866,13.1273867088511,28.3341895313394,26,7.4
4.27371168487892,6.66366990271838,7.07949660494189,12.5049589925219,13.1570045533752,28.6373566199601,26,7.6
4.16660337406233,6.66936088882563,7.07686149690442,12.5349999963369,13.1615835598292,28.9700138409644,26,7.8
4.46635598646293,6.67537327056352,7.08566341231365,12.5537985852784,13.2186415941407,28.9264238723513,26,8
4.2156064883553,6.67902283468401,7.07946092194089,12.5994660518195,13.2489389104036,28.8975456427755,26,8.2
4.11302089000723,6.69156970540021,7.11285673410554,12.6040919390962,13.2955878078532,29.2602447019821,26,8.4
4.22264500189892,6.685533566778,7.09206665056175,12.6422105847712,13.316324908517,29.20031574631,26,8.6
4.16200052867414,6.68392309610803,7.08803561485602,12.6564267238583,13.3297905201271,29.2241736558716,26,8.8
3.91376601388574,6.67446946250719,7.10203467916573,12.6611207336434,13.3594678718174,29.3028728841149,26,9
3.77594703957923,6.69414689450691,7.09224757943944,12.6853208214191,13.3699559864718,29.357638694254,26,9.2
4.22724553130295,6.68355761937325,7.09401726790607,12.7145343672401,13.3943920444629,29.238098517939,26,9.4
4.42917023381931,6.66998406851921,7.09733254381032,12.7162978448207,13.4034481691644,29.6357384772814,26,9.6
4.55966933010622,6.67077779490752,7.094698281551,12.7328982690072,13.4268088982113,29.2646657856828,26,9.8
4.15600098940413,6.65472950192173,7.09556173381586,12.7500907640736,13.4471706514507,28.823774770904,26,10
-1.4497228108782,-0.615690171917789,-0.511931009580358,0.513789594016153,0.612845185044589,1.25033006907882,27,0
-0.424661017140395,0.806373951872814,0.96976985225707,2.75901677785607,2.95647898455474,4.45037365246106,27,0.2
0.512599986185472,1.9185977713678,2.13434722181857,4.77500651945792,5.06845320875171,7.41500024436429,27,0.4
0.98573063812984,2.89620839888911,3.17701475494914,6.45222896053742,6.81647862772493,9.47334777851315,27,0.6
1.6151106814944,3.8026547497135,4.12354523219632,7.83620985100842,8.2357855068479,11.1576130852145,27,0.8
2.41351940170632,4.6310221805589,4.98206730004852,9.00561975062843,9.41713449506549,12.811344235733,27,1
3.24864862968849,5.36406186622554,5.74991323889065,10.0033553252085,10.4462563667677,14.0089836770558,27,1.2
3.80447648255336,6.04427313698587,6.45027814579313,10.856630075981,11.3246255787728,15.0583579605418,27,1.4
4.36631424669317,6.67505483274455,7.07852985671918,11.6345655794573,12.1208990500413,16.8324100119688,27,1.6
4.74045837786358,7.19815746758652,7.61069837267836,12.2968703199053,12.7572001095033,17.2858692986805,27,1.8
5.18750935825951,7.69744208096584,8.11458426913977,12.9024493468862,13.4142650265195,18.2779776396191,27,2
5.44821459377485,8.1119673394835,8.52094122738805,13.4026054127205,13.9645023033737,18.4842837518123,27,2.2
5.83758130791034,8.45961620244678,8.88426221591241,13.8858105396806,14.454955373823,19.6071561645555,27,2.4
5.99260179852203,8.75179697843131,9.19141262717924,14.3266543828396,14.9008462959568,22.5274178902261,27,2.6
6.34927678628773,8.99619093250951,9.43011759931867,14.7213043349912,15.3103590106526,22.1205948341531,27,2.8
6.45449401863042,9.20005908582545,9.64224240963892,15.0942335628486,15.7054242250788,22.8957724133409,27,3
7.0697103386587,9.37303665402207,9.8174964806904,15.4151118966347,16.0593487689052,22.8700757002952,27,3.2
6.88176659098008,9.50869806043578,9.97225655105039,15.7123632039319,16.3443890210494,23.8113638036612,27,3.4
7.17027635201061,9.6257006437292,10.1033970442865,15.9723334213626,16.6567750343838,24.8010889795988,27,3.6
7.11871246076797,9.70919747119808,10.2093999424038,16.2254057967674,16.9428430640534,25.2252416392137,27,3.8
7.11613986901667,9.78369495178042,10.2784075731653,16.4538994864286,17.1495939265485,25.6170400117794,27,4
6.80534683060504,9.85205030170974,10.3613052104888,16.6617341113299,17.383611909443,26.3596307149629,27,4.2
7.14308817388695,9.89077488499958,10.4139066501456,16.8643660054644,17.5942537636229,27.0308535758469,27,4.4
6.72284474181971,9.93798691328352,10.4630075163075,17.0366306176531,17.8125153832331,27.6421608480718,27,4.6
6.95858406038014,9.9770839607976,10.5101560042234,17.2031850567846,17.9555534842879,27.6888488059927,27,4.8
7.1589841607435,10.0096664419173,10.5339661270717,17.3691186536299,18.1712154354243,27.8998243928136,27,5
7.13136751934399,10.0300128591049,10.5775760530722,17.5128511487226,18.2859330923165,28.6289348360842,27,5.2
7.34038000264686,10.0443020529717,10.5989290245962,17.6333038213213,18.462079630591,29.0061615073725,27,5.4
6.99672423430133,10.0629168206993,10.6123274269252,17.7537921477321,18.5657653290881,28.9196755510324,27,5.6
7.11652687376619,10.078954128093,10.6399808751597,17.8724444835484,18.6974597566811,29.3747626984088,27,5.8
6.72688118089191,10.078907900968,10.6640941405515,17.996631915203,18.8175338467431,29.2292510142373,27,6
7.05523823696106,10.1039312109929,10.6655397157557,18.0668514755292,18.9136152289503,29.2734062186595,27,6.2
7.20294285004443,10.0903477470967,10.6797127928166,18.1626651788511,19.0411862375534,30.1425967765972,27,6.4
7.29346569430148,10.102998640244,10.686660924266,18.2281909862732,19.1340779806791,29.7680204582625,27,6.6
7.66236507933143,10.101758013732,10.7170093516378,18.3164830872532,19.2214326916025,29.7567594339407,27,6.8
7.23718267198637,10.1369748773786,10.7197746507619,18.4074019237485,19.2830702484123,30.5454861743847,27,7
7.15011804122023,10.1090167331553,10.7142538950814,18.4357024248868,19.3645541141936,30.5174444513483,27,7.2
7.40282510059245,10.13252924018,10.7059806998146,18.5210377413507,19.4432719084082,30.4616640790983,27,7.4
7.52523910663492,10.1414891999753,10.7245457416828,18.5838304446513,19.478756313111,31.2550108231315,27,7.6
7.00268153784787,10.1206465455373,10.7315983867696,18.631630679277,19.5282916912329,31.4288913364236,27,7.8
7.23560315683242,10.1151409465651,10.7331098425088,18.679272464004,19.5858255964705,31.8517640829196,27,8
7.03296497795064,10.1275300694425,10.7281059642934,18.7437822170823,19.6647233845453,31.7696755999902,27,8.2
7.09028443696743,10.1439188621258,10.7356215288859,18.7760122887842,19.7151461422031,32.3110188626492,27,8.4
7.39310457699284,10.1393649273746,10.7250143103247,18.798329126266,19.7487502459525,32.0005977318203,27,8.6
7.24245244280598,10.1350543121131,10.7322738780283,18.8361491457369,19.8149084246041,31.7448129702773,27,8.8
6.91170313769536,10.1390335105644,10.7408502815406,18.8508490863442,19.8226539586163,31.7505086430644,27,9
7.37161921206891,10.1390167698481,10.7363617796723,18.9179657807218,19.8576761276865,31.5826550351635,27,9.2
6.99181923862866,10.132071543764,10.7323710361996,18.943387155347,19.9046873997055,32.1178540056589,27,9.4
7.24324426301767,10.136157534238,10.7331441538984,18.9559619096057,19.9558453305491,31.8142837401997,27,9.6
7.07576346680772,10.1465932648052,10.7341456971075,18.97293773692,19.9710234653729,31.918662599846,27,9.8
7.15129903687268,10.1594294935902,10.7276245605345,18.9951272649313,19.9748926385265,32.3950663475998,27,10
-1.40906955284319,-0.614342289419569,-0.514021079111796,0.51472113192258,0.617919303098802,1.27867333378467,28,0
-1.21432178793356,-0.091215628468569,0.0391745903634681,1.39695130095438,1.53900474184198,4.64770173222,28,0.2
-0.984872638891298,0.362589883434568,0.528530713760771,2.28478670070751,2.481262312773,7.83823614393625,28,0.4
-1.14029952494537,0.790087101952643,0.979292168153263,3.1029374880425,3.36878295882506,10.3726750834735,28,0.6
-1.21137234939058,1.17917940681807,1.39909464346301,3.87887109160534,4.17023658461029,12.6622047019376,28,0.8
-1.00604848856285,1.56123677190387,1.80616041337046,4.57023427734562,4.89328790329126,14.7037919026325,28,1
-0.590532135112585,1.93240267483875,2.19245774569471,5.21994979457039,5.56221135447366,16.3529071430374,28,1.2
-0.539694639849329,2.26871839144298,2.56188053480498,5.83298320813169,6.19363563184742,17.3741958270424,28,1.4
0.032463245562217,2.61978811714802,2.92894733366684,6.37739640300478,6.7738649298951,17.7089882372375,28,1.6
-0.208522408122679,2.94275418649217,3.26186660824322,6.87303443207197,7.27644077177113,18.2300537791552,28,1.8
0.0501136396344206,3.24195217968339,3.58819348455433,7.34417309050965,7.77453145205501,19.7467062596963,28,2
0.363103425892116,3.54659466571383,3.90279556434376,7.77865540286319,8.18596338697447,20.4277057124068,28,2.2
0.663536447774704,3.82209987872027,4.19944717852064,8.18627906037768,8.62158062779377,21.4746295969421,28,2.4
0.163907633861762,4.08592394048714,4.48494987333197,8.56937565295924,9.01444068689103,22.4154629992952,28,2.6
0.402341053127409,4.37327576147841,4.75570095770134,8.93178195899189,9.37035259715173,23.2357802734878,28,2.8
1.33731272314132,4.61518307428656,5.02752883425344,9.24294542855733,9.70921651741736,24.2624001744682,28,3
1.40686455181517,4.87005784102359,5.27057922573104,9.55073203711664,10.0169017413097,24.4237854782186,28,3.2
1.35734076114098,5.11487789457199,5.51466791659009,9.83089572785848,10.2992801707021,25.4733621361397,28,3.4
1.60365921337698,5.33115034786035,5.74863937965744,10.1154436211591,10.5952809340777,25.8961390877576,28,3.6
1.63603699550298,5.52792899237438,5.95048420940004,10.3718047313811,10.8678796484775,26.484058802698,28,3.8
1.67555490149564,5.75855592292324,6.15404765607532,10.6085399716183,11.1322231913045,27.4097229836229,28,4
1.52271773959733,5.9389179900052,6.35645940144569,10.8443840851418,11.3421288589899,28.0439183133312,28,4.2
1.11795079983803,6.11487479752133,6.52922083285251,11.0562018716879,11.5812112536371,28.7720760458071,28,4.4
1.62199511117547,6.29430516785772,6.71576201046825,11.2828435203746,11.8018200977617,29.760603931427,28,4.6
1.77850769518877,6.45269934627829,6.86285794726638,11.4740569291495,12.0101042478091,29.3444143387812,28,4.8
1.77231432058988,6.61152302199744,7.02363048942387,11.6670443311898,12.1945719238761,29.6235261123168,28,5
2.57991866540004,6.75932591730133,7.17509377888427,11.8551608264131,12.3991762300141,30.1488344599718,28,5.2
1.91077285875315,6.89710027734547,7.31408083029346,12.019880674174,12.5474003565319,29.7852291824454,28,5.4
2.32856901742953,6.98312272416904,7.4351084707112,12.1987567485727,12.7518630604491,30.3432912378594,28,5.6
2.45549772290154,7.12611701070601,7.54695887005948,12.3378821219659,12.8902496163597,31.0684823503434,28,5.8
2.09921489346328,7.21146204982788,7.66388683975217,12.4843167332261,13.0237372365196,31.4327701040517,28,6
2.26018461406471,7.35699698206384,7.77407274370424,12.6322496665913,13.2034148490482,31.4380628821589,28,6.2
2.78131439211469,7.42932617907421,7.84428543042786,12.7569309037688,13.32258093422,31.4053681661562,28,6.4
2.307445200824,7.52794949182338,7.96249810046378,12.8753727219043,13.4364139041601,31.9547051247715,28,6.6
2.26076952647088,7.60322901879023,8.02473228960176,13.0134777450413,13.5994818339472,32.0012116096313,28,6.8
2.46360588684829,7.68677147927245,8.11134608442677,13.1254218352615,13.7350519656242,31.3450290746589,28,7
3.04399192097015,7.74249796761613,8.17120975544373,13.2581002302007,13.8610436675252,32.8486156452835,28,7.2
3.08837935821618,7.79996015134148,8.23698651660706,13.3699091874324,13.9567693249895,32.3120265518268,28,7.4
3.25001717933601,7.87827354219355,8.30739187245991,13.469845376954,14.0843520495366,31.8863357332817,28,7.6
3.35980537833419,7.92685792706559,8.3684437090413,13.5889932804956,14.1999907849498,31.6757504983437,28,7.8
3.45226943777114,7.97237145024472,8.42385376692898,13.6859903410931,14.2923166800762,31.9054720051258,28,8
2.93518519156995,8.00909358302324,8.46065529118945,13.7782367879439,14.4260219588888,32.7643832864444,28,8.2
3.40805903677547,8.07131081975449,8.52733425257918,13.8770013870094,14.5153782143683,32.1499678680463,28,8.4
3.03962798079996,8.10950639875734,8.56282633630643,13.9563449006189,14.6296609305392,32.7476683777155,28,8.6
3.33198060770662,8.13477670532272,8.59072858011069,14.0676229914223,14.713441217834,32.7475230671493,28,8.8
3.83793262441306,8.16058106590485,8.62669927007835,14.1150724872714,14.8229208001405,33.338043126945,28,9
3.41755285014276,8.19317848445274,8.64481167872643,14.2199402981183,14.897474523157,33.5396101910053,28,9.2
2.74401963110247,8.20390716801672,8.68415914659609,14.2758053016446,14.9882040252256,34.2070755275587,28,9.4
3.75995411523538,8.23782315774694,8.71016251315931,14.3494572996948,15.0532539965957,34.0864179880905,28,9.6
3.65649770551103,8.26819997396644,8.74661136913521,14.4289361493523,15.1222158888091,33.0902999185984,28,9.8
4.00421676759395,8.29428156549844,8.77284598976246,14.510801172057,15.2116927957459,33.951694033241,28,10
-1.48930100872546,-0.606813864634879,-0.509002748868026,0.510088603475761,0.612373358559032,1.23268549351032,29,0
-1.54520566876716,0.182468077752009,0.32817684380683,1.85190953293899,2.02450551213002,4.00164641635625,29,0.2
-1.06982322891749,0.84107939515668,1.02323094324235,3.10297196034901,3.34016569687311,7.15577440251064,29,0.4
-0.437889944491382,1.4241673300369,1.65006038994751,4.15533544898461,4.43809131882341,10.1970147628943,29,0.6
-0.847775381368993,1.97541423976258,2.22460125726439,5.07735227422702,5.39536497685816,11.7662638435152,29,0.8
0.348101735509314,2.46173640807192,2.74291864613544,5.8411190805866,6.18260832336746,13.1034172840454,29,1
0.502662445698502,2.93124799587169,3.23042030390501,6.51858810472443,6.87145311227813,14.7760616305932,29,1.2
0.894648187994772,3.35321541233332,3.66915688759809,7.09392325719107,7.44837848043375,14.7619638143356,29,1.4
1.47329889012483,3.75271364907476,4.07977013930001,7.6127037470034,7.99869190220506,16.6438053480046,29,1.6
1.22537150182431,4.10850397310237,4.45168265145713,8.05579176611962,8.4331759809589,17.0451798209645,29,1.8
1.57715698767574,4.44493300311556,4.77752611542584,8.46761379594165,8.85944693434989,18.0535824621722,29,2
1.59173401336574,4.74538030785899,5.0903228439892,8.82034095067154,9.24111109713673,18.3689414266547,29,2.2
1.58246404815956,5.0124224372602,5.35746499376412,9.15390372367365,9.56409251882338,18.0510198068768,29,2.4
2.8212316285795,5.26319698955019,5.60529295497485,9.44662269924997,9.87765552720918,18.7074590813352,29,2.6
2.02520650065987,5.47461195744512,5.81652048149973,9.71012355482939,10.1523417359187,18.3961289853259,29,2.8
2.99203165340097,5.66187701418034,6.02185498160932,9.95234570816805,10.4115954248374,19.0390173085367,29,3
2.7985100443645,5.82660633315487,6.18417552957842,10.1830118557301,10.6369691563107,18.9507707706916,29,3.2
3.03708402528016,5.95641535186559,6.30967546917392,10.3918268882324,10.8498811141,18.5494324620594,29,3.4
3.71753614167704,6.08924108550049,6.43947895920913,10.5779561349552,11.0495367906961,19.2070412065079,29,3.6
3.72389949624633,6.20335524626074,6.55881872743844,10.7412348278088,11.2369824936411,19.4042036356911,29,3.8
3.34851551139599,6.30146906624634,6.64663680910976,10.9210619049504,11.412221768402,19.2172778674369,29,4
3.41448857420682,6.36141913994061,6.72611935125005,11.0537037537102,11.5494063980114,19.2187095108039,29,4.2
3.83334826985526,6.44132488421345,6.79592260697489,11.2025533089091,11.6990408561168,19.673402393323,29,4.4
3.48691399423262,6.47554844786949,6.86663423344543,11.319718029384,11.845946622435,19.3241661505258,29,4.6
3.42327968269449,6.53879753862632,6.91484776590055,11.4386453489434,11.9503030603735,19.8189848398798,29,4.8
3.53143826236808,6.56845338256301,6.9609230544587,11.5401679438591,12.0717911550149,19.1279507343756,29,5
3.88720227508194,6.60598089574397,6.98714720650034,11.6725558084694,12.1908647660292,19.5192904697339,29,5.2
4.30249892133608,6.64745429741463,7.02772405491961,11.7668503802858,12.2970782771613,19.2132432543996,29,5.4
4.17457667440592,6.65938069864185,7.05119548088912,11.8481684639529,12.4054131472404,19.6014230765626,29,5.6
4.20794985690546,6.69473718154774,7.08558964248903,11.9450316934136,12.4938450736603,19.5356249498458,29,5.8
4.08201787550018,6.70268787101506,7.09382833460497,11.9939378926899,12.5542166679541,19.7843117396567,29,6
4.00886192825478,6.72165621006314,7.11966724681558,12.0704258215381,12.6467464663316,20.3445097688935,29,6.2
4.2789459952122,6.73792929724312,7.13963964970734,12.1407125883756,12.7203872307705,19.6904972120955,29,6.4
4.21863074469597,6.75306371497106,7.15200600334514,12.2149476967455,12.780385177175,20.4920339697094,29,6.6
3.90861199035965,6.76659628968968,7.1573302273509,12.2742075265106,12.8264972065643,20.3891170241849,29,6.8
4.43710540903625,6.77983742342501,7.1639168440119,12.3070757076237,12.8958807856485,20.561169801344,29,7
3.71383079294963,6.78374447366174,7.17629072686609,12.361170210866,12.9817709721239,20.0932412090744,29,7.2
3.94800396121539,6.795521141378,7.18669983402385,12.4056248705623,13.0140971551198,19.9561013149922,29,7.4
4.54099839853063,6.8055716374371,7.20412052073815,12.4581679204461,13.0676093178735,20.2505552699931,29,7.6
2.84538158267388,6.8007696507304,7.2078327486664,12.5037188714873,13.0917443773761,20.0427695119756,29,7.8
3.72912649006428,6.77950106439833,7.21242772443624,12.5397052847286,13.1514528555216,19.2480359837241,29,8
3.87598099272723,6.80933679100203,7.2151375918437,12.580371334526,13.2092239241392,20.2228470291358,29,8.2
4.07353552700055,6.82048736790652,7.22296784403662,12.6357416994719,13.2396306737457,20.3704427414795,29,8.4
4.14752755621187,6.80620019624358,7.21980617863876,12.6526176441653,13.297684916129,19.7604803909332,29,8.6
4.25507110333455,6.82633416837296,7.2280225524745,12.6758833648097,13.3230528725574,20.193135204807,29,8.8
4.22814881742648,6.82196470905478,7.22483637814544,12.7159459762282,13.3649877121954,20.1685227538643,29,9
3.52230206707343,6.80350980111457,7.22901609204013,12.7449152257294,13.3950219729077,19.7022047608521,29,9.2
3.98233810504956,6.81815778769497,7.23648638651516,12.7585406516865,13.4208310282319,19.7448592613294,29,9.4
3.24979296815254,6.83084585200141,7.23316948805593,12.781940745774,13.4551721288298,19.6551712235118,29,9.6
3.79356852099384,6.81015089838407,7.23401845309109,12.8101722254138,13.4720175673473,19.4515256909652,29,9.8
2.25037707632329,6.8129030404135,7.22852844258608,12.8262160134323,13.4803034917931,20.0907161790217,29,10
-1.48417343445673,-0.609283470357899,-0.510029546836084,0.518809698280486,0.613206364272404,1.22718691592477,30,0
-0.131086224502988,1.44540709294409,1.634137687748,4.0251749141661,4.33366681387415,6.49333534476009,30,0.2
1.28737970942616,3.01422896996343,3.29882635036864,6.89935208826241,7.30260611538253,10.3802615902653,30,0.4
2.12376311016588,4.4050689018819,4.76962563237309,9.05990249819915,9.55643645668741,12.9638789729643,30,0.6
2.42051752617503,5.64148648518265,6.05982827465766,10.7474844450549,11.2765140845268,14.5084602076735,30,0.8
3.90875690690304,6.72132289912491,7.17586861551905,12.1386275332539,12.681904879834,16.4148618313046,30,1
4.12878023300813,7.66558149197693,8.13973042526587,13.2208405917041,13.7712106476005,17.6323750963592,30,1.2
5.62280856887594,8.48464374668423,8.94747933236686,14.1678414796314,14.7353715975932,19.4646752849004,30,1.4
6.39691687341474,9.14649026550505,9.6355165397485,14.9623830879323,15.5485980124474,20.089907323578,30,1.6
6.49648289383629,9.70423440335925,10.2033183673245,15.6297132161156,16.2750808325129,21.06130916242,30,1.8
7.04971433709251,10.1385173680291,10.6347450153014,16.2541742825024,16.8960864286468,21.7498551632186,30,2
7.68102597326817,10.4810979321027,10.9723902550899,16.7551203951643,17.4535862376668,23.0204285186589,30,2.2
7.94071059019481,10.7258497585138,11.2461787694299,17.2146992135981,17.8979074205426,23.941376710101,30,2.4
7.90122208113484,10.9128876635791,11.450335351415,17.6168497140388,18.3061465522762,24.4148284068074,30,2.6
7.81685793525875,11.0610168441494,11.5995422512977,18.0021146061134,18.6893238350321,24.9053394540545,30,2.8
7.81617333494653,11.1634716121339,11.7303978088589,18.3178981387045,19.0334803813039,25.666056975593,30,3
7.93563821740459,11.2438975714993,11.8165189340971,18.5964594075746,19.355155305887,26.3333876836553,30,3.2
7.83621943636665,11.2911721038678,11.8741369677122,18.8728826197773,19.602008626598,26.3820897831612,30,3.4
8.12993745823476,11.3339545255722,11.9272919791502,19.1039198605033,19.8809994240217,27.1232439154194,30,3.6
7.92268580721101,11.355930009806,11.9814266273792,19.3025404956091,20.1149032248391,27.4222716393874,30,3.8
8.02247481249278,11.399975141684,12.0176270572255,19.509696524064,20.3004407913973,27.8450702657991,30,4
8.1826468485654,11.4126808152903,12.0445321034664,19.6808588802262,20.5032407349794,28.5483703394075,30,4.2
8.22317122942177,11.4644214406391,12.0512392087005,19.8119431270518,20.6720146718811,28.3330915356255,30,4.4
7.97929119750147,11.4511032829386,12.0682106093847,19.9660862864815,20.8412412842911,29.0735487764139,30,4.6
8.02397625262314,11.4549647991771,12.0864634014376,20.0974623941039,20.9642877089312,29.1108726811637,30,4.8
8.12065245779937,11.4503970347275,12.0868825852068,20.2065766617517,21.0879846869331,29.1567617136487,30,5
8.03209536294937,11.4754361648522,12.0943706703156,20.3006990699789,21.2031454090804,29.5601817300766,30,5.2
8.24137571764618,11.4866079849838,12.1118440865448,20.3756143313432,21.3246599955077,29.6512470708615,30,5.4
8.18723850637005,11.4619456731945,12.1138038451125,20.4687853177197,21.3891030609817,29.6021055281875,30,5.6
7.9268359271428,11.4678658557094,12.1038638337835,20.5277194740339,21.5114187670436,29.1617332068978,30,5.8
7.75966548138182,11.5043484720066,12.1227981847673,20.609442276431,21.5863580297878,29.2620318901513,30,6
8.31311298654322,11.4680223344779,12.1316817357244,20.6838798854112,21.6275449323613,29.4624797496525,30,6.2
7.77845261955928,11.4896598031335,12.1324531480456,20.7198946370624,21.7166698995504,30.5554121778462,30,6.4
8.12068963717324,11.4942550452069,12.1308695730615,20.7475805882612,21.7670992678139,30.8249473160915,30,6.6
7.97656225471402,11.4956168188402,12.1411312890223,20.83144110388,21.8427514424293,30.6619159139397,30,6.8
7.90870854983124,11.5209403609383,12.1304867755363,20.8713598508957,21.8758168960649,31.4311608160381,30,7
8.15682107487736,11.5061818774521,12.1247724762842,20.8925101971352,21.9254992868042,32.2795846113297,30,7.2
8.28455623673058,11.489771435726,12.1237099509636,20.924218530462,21.9551638367838,32.6584983307686,30,7.4
8.39739478358437,11.4911582240791,12.1481791573126,20.9570657973432,21.9802731255354,33.6242058283296,30,7.6
7.90332035373072,11.4798148049424,12.1458452180673,20.9944388640411,22.0356172837837,34.3541404832951,30,7.8
8.09097562542875,11.5052679066815,12.1410576771054,21.0211216371691,22.0356890237006,33.7277266874398,30,8
8.13755895803511,11.4928688076108,12.1415212508941,21.0598879630634,22.0772031020057,33.4749326153971,30,8.2
7.94086176020363,11.4892409157065,12.1555598200619,21.0651450155313,22.1093167871227,33.8411554035942,30,8.4
8.11233194407326,11.4918388691,12.1546796118101,21.0942563819336,22.1405849779985,33.7838030651438,30,8.6
8.37960560603066,11.4866869895993,12.1435714738874,21.0897202730872,22.1513324949751,34.0627822621875,30,8.8
8.04990394482159,11.5082836774778,12.1537249523069,21.1085976081797,22.1626419886607,34.7106828845512,30,9
7.96543074220431,11.5099253215816,12.1497429562543,21.1306835528107,22.1717230730037,35.484586925387,30,9.2
8.06593461494776,11.4961082774294,12.1423681498252,21.1525999422098,22.2073280409611,35.6362350942042,30,9.4
7.76774152077956,11.4986036767531,12.1348510296821,21.1537974131383,22.254470848899,36.07420319796,30,9.6
8.19434364396164,11.4840849516955,12.1353448914275,21.1437875515786,22.2392539932998,35.890123467323,30,9.8
8.11039640446825,11.491663618236,12.1391235325804,21.1492637875308,22.2465341114868,36.7140175377928,30,10
-1.57376322414733,-0.618018108082382,-0.51663885057528,0.508228209300613,0.609829678704214,1.34178957611243,31,0
-2.27872428518569,-0.067558507352179,0.0694949097404469,1.48049149156715,1.63052252873403,4.39271148568479,31,0.2
-2.0327515520402,0.414754654187202,0.58215994255319,2.44698763231308,2.6595318778792,8.0817009012601,31,0.4
-1.14524424720581,0.85725465642463,1.06273826512431,3.34056487964534,3.61570415867748,10.8880206081003,31,0.6
-1.25444696102383,1.27374485664076,1.51638188729277,4.17756842128578,4.4887598709456,12.5275287071486,31,0.8
-1.93506219715202,1.68385114634751,1.94980027985779,4.95594109172116,5.30372201820032,14.6988963324854,31,1
-2.09540620683625,2.07014044376641,2.35806038075831,5.66606942576716,6.04234956959379,16.3819612248544,31,1.2
-2.81422070486369,2.4460055639291,2.76869171921777,6.33557632094203,6.72948797808296,18.0503013711644,31,1.4
-4.00570542142871,2.82275594882983,3.15145494537447,6.93605789039902,7.35268320667345,19.1534130029855,31,1.6
-2.87141424210512,3.16676386542219,3.51224584271233,7.49418589824111,7.91337705369275,20.5313488658414,31,1.8
-2.01933237499549,3.49018904372816,3.86690088278776,8.00322742146522,8.4244413059084,21.3355639783935,31,2
-2.5416565129049,3.79674600227175,4.20255942780784,8.4846329169773,8.92205867946902,22.0706410443248,31,2.2
-1.52994147393478,4.13209198556383,4.52541868536808,8.90573974567847,9.35038141792241,22.6605887895678,31,2.4
-1.97762888090361,4.40643895805355,4.83085082501297,9.31566999786508,9.79789963569249,23.5357507827719,31,2.6
-1.93406168828114,4.71007678185047,5.13700678237469,9.71295769516068,10.1938380150853,23.9826517339539,31,2.8
-2.77209767060133,4.97506980672946,5.41408677265661,10.0826475336016,10.597842950491,24.4291969688557,31,3
-2.27292639137991,5.24924856116399,5.69447501976379,10.4219852460183,10.9385945126443,25.6949145551943,31,3.2
-1.89954669437015,5.5206760595765,5.96251829584524,10.7333555910841,11.2456683284418,25.7428843986014,31,3.4
-0.85262584886726,5.7632271146672,6.19714386478377,11.0403707099111,11.588753729029,25.9966117043767,31,3.6
-0.866180384118425,5.99145138988148,6.44514901626326,11.3265932356679,11.8863513985721,25.8196879446784,31,3.8
-0.113978976487072,6.22743543677064,6.68061736124957,11.6138500573183,12.150788286332,26.1221250949054,31,4
-0.11648470835123,6.43154590035034,6.88502588915473,11.8564965810498,12.4158542863252,25.8408777940923,31,4.2
-0.0849907024275888,6.62691486573414,7.10738040596225,12.0989920697663,12.6751270458324,26.5504735046781,31,4.4
0.748173157623657,6.81502551825709,7.28337454746979,12.3322788574088,12.9375398016931,26.9977010858671,31,4.6
0.78589197615534,6.99678391402384,7.45816939663201,12.5543687807743,13.1577857522752,26.53208694583,31,4.8
0.0525854740452076,7.18025326791325,7.64212090891403,12.7582775940378,13.3650951718837,27.2101290231738,31,5
0.916886684950911,7.36332381353187,7.81840367743955,12.9625225488195,13.5785964354534,27.4730969138627,31,5.2
1.77258645708068,7.50810592821889,7.95650562512555,13.1456885244316,13.7624142054658,27.431302106726,31,5.4
2.6661165874108,7.64583737231926,8.10877387320476,13.3516823031684,13.9749008315042,26.7827231626203,31,5.6
2.67622632917599,7.79522917269718,8.25420904339965,13.5067740879233,14.1291052617795,27.312340983676,31,5.8
3.10982281908927,7.90550242460724,8.37390948873023,13.6837242479774,14.3214930396676,27.1353702313144,31,6
2.61802415009162,8.0257186324843,8.48214137399657,13.8613177091367,14.4716669320472,26.8432844530384,31,6.2
3.30362011767954,8.12849278829466,8.61711189491986,13.9981885514598,14.6276331222377,27.0625906318997,31,6.4
2.72939850891202,8.22078118014427,8.69793022095423,14.1536560048099,14.7740944834632,27.0062845326999,31,6.6
3.22666061882625,8.31554831865894,8.81177518253806,14.2909534483539,14.9443088901957,27.5411361769547,31,6.8
4.15712144165097,8.42002754405114,8.91734291513345,14.4161992718605,15.0892663513279,27.8399076727778,31,7
4.59172723863389,8.47422291917871,8.98322008680957,14.575175383688,15.2119621790775,28.0185863994967,31,7.2
4.5508840518455,8.55781571385586,9.04595207084783,14.7001510753852,15.3636474028767,27.1340300839614,31,7.4
4.537463639597,8.64068656928137,9.12232676256258,14.8192016660912,15.4858624317668,27.8004191131044,31,7.6
5.15325376837957,8.72312773022814,9.18633206743404,14.9281892731044,15.6021519533983,27.5262228837154,31,7.8
5.15593455222782,8.77476684608502,9.24954446908191,15.0386089449763,15.715424705289,26.6691544304067,31,8
5.46865975999801,8.81313967802068,9.30114013048018,15.1526615518399,15.8451855637496,27.0916484240672,31,8.2
5.86944460254933,8.87535953556316,9.35146794627233,15.24103882324,15.9358903049327,27.6282821119157,31,8.4
5.33411815741848,8.94215711324455,9.41123291906845,15.3389336398562,16.0647614026072,27.7625839897673,31,8.6
5.17404586583253,8.97469458463954,9.46398080298217,15.4563471780021,16.162529993753,27.5421016967295,31,8.8
5.08247499011429,9.02713105804103,9.51627927865078,15.5519017788313,16.245334849763,27.130151316966,31,9
4.87620357200413,9.06045511918493,9.55708036527757,15.6297712908371,16.3410862428018,27.6552271562507,31,9.2
4.69442997815369,9.07973695628433,9.59115727213719,15.7269465968841,16.4260032800955,27.7271692602122,31,9.4
4.8287146440929,9.13154401247281,9.62465848255739,15.7922812389455,16.5154466389015,27.5513372109235,31,9.6
5.48595704956962,9.15165954131627,9.66074495964509,15.8863592418661,16.6051942664438,27.2708449365763,31,9.8
5.83243108819743,9.14449245885397,9.68958259385976,15.9826268995916,16.6880064874662,27.4274313757496,31,10
-1.53152890224201,-0.608329414091954,-0.514504851959945,0.518193813849955,0.617814626086808,1.34289078803131,32,0
-2.28502179366928,-0.446461354575646,-0.312991659379585,1.02008499937371,1.16313180448239,2.8506230419158,32,0.2
-2.05086775593699,-0.272053021989668,-0.104032335974606,1.49294250754231,1.67529117538769,3.40218805367894,32,0.4
-2.13673602196909,-0.116677117014839,0.0841050367113112,1.94047621948421,2.16121203190363,4.69014463743041,32,0.6
-4.20073179125983,0.0754545448363858,0.290610812156435,2.35813145621797,2.60810731606805,5.71995386026346,32,0.8
-4.08791125398548,0.245154567276449,0.473937830110943,2.73842903814875,3.02533931684902,6.53694841830137,32,1
-4.24009915081503,0.393974898610231,0.662499176274913,3.11707558247352,3.40992970310354,6.84830651713373,32,1.2
-3.46743853926175,0.573271806455541,0.852616254758602,3.44373711323124,3.76964840349818,8.20861873179835,32,1.4
-3.24724543472956,0.741392109189814,1.02564220217491,3.77024801763947,4.10246604588923,8.3277338308146,32,1.6
-3.70407646458184,0.8961000389316,1.19147141285734,4.05818674341495,4.40922741078967,9.67455961552297,32,1.8
-2.77003839254337,1.04744407624711,1.35245076644812,4.33496775581346,4.68617354033925,9.4380017229446,32,2
-1.99129313347524,1.19589217777905,1.52381096038699,4.59552895928646,4.97655093339409,10.0090511583977,32,2.2
-2.87317506928279,1.33088301675419,1.69243041943254,4.84829520939772,5.23272236604562,9.08972779910189,32,2.4
-2.24752676013782,1.49304904127277,1.83437465327865,5.06830997687279,5.45576244968612,9.89781209849467,32,2.6
-2.31133796541709,1.61543456214108,1.96582396376142,5.29711073822091,5.70187639143496,9.234899215269,32,2.8
-2.16340330438692,1.74851435758995,2.10990025413917,5.50316542765867,5.90812836489687,9.13723607252497,32,3
-2.18120632972016,1.89622852961292,2.2507474767923,5.70067723556902,6.10562178010801,10.2709515900753,32,3.2
-2.80481214031177,2.03790814719788,2.40901872125388,5.88365780614155,6.31038649298876,10.3079264090621,32,3.4
-1.95909563525706,2.1636647449704,2.5336756025713,6.06345275034854,6.48548232888378,10.6772281645829,32,3.6
-1.76900749552022,2.28262116001296,2.66198106472172,6.24462320908609,6.68523622994425,11.8681090840095,32,3.8
-1.68718603234506,2.3983476470675,2.77832982057352,6.40640776946667,6.82822096004471,11.0020029791065,32,4
-1.82253297376613,2.49079344176575,2.89650484226143,6.55873285079373,6.97532498581406,10.7636232732402,32,4.2
-1.73051287817112,2.61180525707759,3.01134096120536,6.69031938263292,7.122989617958,10.9719176446252,32,4.4
-2.04435458192636,2.72653093060006,3.12317229032623,6.85021615300353,7.27790106181039,12.0031461665107,32,4.6
-1.90406502042953,2.82985354847279,3.22479150801591,6.96490437279421,7.3994127026383,12.1889731033797,32,4.8
-1.51432293647362,2.93062813216804,3.33258301741368,7.09929024399739,7.54644054501385,11.7496309205572,32,5
-1.26034895993934,3.0370726310225,3.44158689420028,7.23149408919356,7.66003495173977,12.4583642499352,32,5.2
-1.78436296908295,3.11316838513844,3.53136176864221,7.33075849891412,7.76757878615681,12.1516197028471,32,5.4
-1.36960058900491,3.2006972905244,3.62034930902377,7.44723514944493,7.89829926940415,12.8950021529326,32,5.6
-1.49557563079727,3.28110743871964,3.69082627364181,7.54579583725523,7.99848247912045,12.6334717040802,32,5.8
-2.25200266994628,3.35903916503194,3.76188807961223,7.64105714879203,8.109023135654,12.4907214324695,32,6
-1.09858054910599,3.43340339038573,3.8434539670786,7.74572564146872,8.21379722955514,12.0016392980662,32,6.2
-0.973956929392311,3.50296472662673,3.92340901752598,7.82973185581251,8.29119192290835,12.7181082223265,32,6.4
-1.25182668219497,3.57785130677874,3.99227219824283,7.92314116923859,8.41220786216331,13.2110241095914,32,6.6
-0.764191509504491,3.64181635194863,4.07530554875145,8.02701666145764,8.50009022765263,13.9599048809917,32,6.8
-1.18521332487459,3.71647233043715,4.12917661814595,8.09766419676382,8.56003755412648,13.5740407052239,32,7
-1.96056568177015,3.78316466660619,4.20547528973863,8.17383956501447,8.63803506959688,14.6990503780305,32,7.2
-1.26600401549333,3.83670199224566,4.26434895777892,8.24953498584277,8.72075643658944,13.7859898354558,32,7.4
-2.49841454600862,3.89631217022528,4.31767501784969,8.31697739351441,8.79397660692436,13.3313386796145,32,7.6
-2.58705221852464,3.96761045973419,4.38699275991533,8.408475487292,8.87405535477379,13.6146356149274,32,7.8
-2.22695138376799,4.01594520842315,4.42135676317035,8.47105875691095,8.96843725584593,13.8470394911091,32,8
-2.08587542888268,4.0723035749222,4.4862256412395,8.53172858518336,9.00778393748494,14.2689614045623,32,8.2
-1.68174139665202,4.12479026582668,4.54058843113268,8.60855846172857,9.09312214414813,14.9630061061426,32,8.4
-1.3625278575568,4.18665860589457,4.59150258196871,8.67218485030081,9.16098202554575,15.3560672246778,32,8.6
-1.41302627589419,4.23103703486972,4.62385943202362,8.74547760155619,9.22783440797978,14.8015239760976,32,8.8
-0.0599331168356964,4.26395695362386,4.67131950719943,8.79785685856486,9.27244964633223,14.847629416407,32,9
-0.332501945268421,4.30532392214962,4.70577952530465,8.84870857186673,9.3287308611859,15.2077891938422,32,9.2
0.317124721197662,4.33442315029224,4.74863862578969,8.91827780184475,9.4090374394736,14.5642546272818,32,9.4
-0.021358513319223,4.36230671334069,4.76968143264421,8.96363061879829,9.46535056242168,15.2750343125361,32,9.6
0.211366355140993,4.40961002650502,4.80976432616322,9.01758134654782,9.52703403003219,14.8074515451031,32,9.8
0.0741509553177445,4.40916644665497,4.83931904108048,9.06005517152233,9.57370465518306,15.0426821711784,32,10
-1.34252990195311,-0.604049178466329,-0.508832809465423,0.514871808434192,0.615833342528923,1.55122673324345,33,0
-1.56019956057416,-0.0315359818982949,0.110183848574549,1.59315066209342,1.74740668532138,3.31356737450044,33,0.2
-1.24370058262998,0.476031573718107,0.660193717073762,2.61299803349798,2.82576571884779,5.78942839310226,33,0.4
-1.11885057816137,0.945008003961388,1.1609432649338,3.53724702815842,3.80172297356108,8.22404186536202,33,0.6
-0.84055565031107,1.37522160655775,1.62621096138488,4.36235959789492,4.65943628762783,9.45025019987082,33,0.8
-0.901236366865379,1.79626609047592,2.07826347864737,5.10896797048272,5.43197192233954,10.5321881236041,33,1
-0.555922224805039,2.17164304013618,2.48597113998631,5.7664492639006,6.13561292010712,11.9315141883068,33,1.2
-0.321116980394166,2.56296115348679,2.88085001810183,6.34214688689227,6.73077535165769,13.4888762000259,33,1.4
0.413128989648266,2.93249830937774,3.26795867511181,6.87230552435158,7.25482254391549,15.1279633746029,33,1.6
-0.00887835201776344,3.25933484683888,3.60866490994361,7.35990625962736,7.75601646595544,15.5256377752705,33,1.8
0.0971061404239115,3.57918934610383,3.95215592804139,7.79315377716018,8.1897170651413,15.8533120968319,33,2
0.647551141333166,3.89401862949581,4.27395446997192,8.18996395265582,8.58780394028679,16.427220962447,33,2.2
0.784444942345187,4.17786543884108,4.5671449678201,8.53247706173697,8.96641166823975,17.3547789290835,33,2.4
0.998045143827443,4.4351792151588,4.84117122174665,8.88488246366498,9.29532279092783,17.2176959743597,33,2.6
1.42607588263774,4.71847082645465,5.10151895224339,9.18819373097597,9.61484732975141,18.0156871880331,33,2.8
1.40793009968539,4.94503918509397,5.33851178513389,9.47120440042898,9.9124702666581,19.1331087014343,33,3
1.27643553031335,5.15677196024029,5.56108649189872,9.71645935372261,10.1732905269806,19.4570067159064,33,3.2
1.08508968776965,5.36751263659882,5.76566976068564,9.96619837181734,10.4267000476995,19.1361777924557,33,3.4
1.28668876213137,5.54589001102682,5.95032848933426,10.2098464300386,10.6616039668628,18.9525175686634,33,3.6
1.57868747281853,5.74257383360819,6.12213766602264,10.4238008199758,10.9049141871315,19.1627970427052,33,3.8
1.68306903451623,5.89332509944128,6.29719750260724,10.6031066754117,11.0858167634835,19.7926706335222,33,4
1.81179305616546,6.03921214456158,6.42933045324115,10.8039863600323,11.2766515057258,19.9812987710071,33,4.2
1.90410950317789,6.18187469888565,6.58134593300449,10.9908891855968,11.4805831634471,19.348297246931,33,4.4
1.30642728507286,6.30615811865787,6.68992685048471,11.1480979911162,11.6432231387523,18.9962343417909,33,4.6
1.08556343490417,6.40679403695679,6.7973017846907,11.3075857479405,11.8328025975685,19.0093228909568,33,4.8
0.180571379710955,6.48933778749544,6.89296585074695,11.4467955196388,11.9677741230259,19.1002245525299,33,5
0.434430604599998,6.56838376668544,6.99637980992524,11.5976570863163,12.094143112925,18.6604290768028,33,5.2
1.51921849249305,6.6718184920259,7.07446017952053,11.7157363650708,12.2522423321184,19.7448934175623,33,5.4
1.62452226548736,6.72847601937905,7.14097286981016,11.8583417945076,12.4002847614728,20.326120305046,33,5.6
1.97935774965668,6.8067599900244,7.22658101710316,11.9740751297517,12.5259530162348,20.063133979576,33,5.8
2.34771424333596,6.85009060480599,7.28197555093091,12.0870354593557,12.6434919550932,20.6717701748845,33,6
3.12657290603405,6.90726257058224,7.33288322645506,12.201548484006,12.7564820221585,19.6734929934516,33,6.2
1.96833416406678,6.949208125885,7.39262962612406,12.2877195268048,12.9044619541646,20.8732489487681,33,6.4
2.80248114679527,6.98869321794674,7.42879688084994,12.404950122863,12.9546614519645,20.6155519428754,33,6.6
3.63980535932085,7.03641194266612,7.4773349849338,12.500236028722,13.0719297085973,20.4969736458929,33,6.8
3.52605539318075,7.06762277867689,7.50120066805734,12.5823874671349,13.1727533706112,20.4305681106167,33,7
1.62383872319127,7.13711300457991,7.54454054848796,12.6635872334333,13.2538648315983,20.4220366900909,33,7.2
2.56112155326928,7.14098321641175,7.57412096729259,12.7468419954774,13.3550564941709,20.7326912319507,33,7.4
2.56568480282723,7.17181868957986,7.60516583257139,12.8257455098332,13.4235684025822,21.0720607734924,33,7.6
1.75781433904733,7.17812666212942,7.62564504308859,12.8859357690435,13.5024463758286,20.6891329230123,33,7.8
1.2838120316717,7.21220278300816,7.65409960104949,12.9577598304549,13.580092276873,20.1893387086088,33,8
2.64595812955277,7.21597968037012,7.6769665184161,13.0156369814198,13.6518539318424,20.0474487877202,33,8.2
3.72282728011165,7.23466905922646,7.68480704744304,13.0839438095729,13.7106486509016,20.4331503909243,33,8.4
4.31879174001027,7.26606028672549,7.7117128617421,13.1353611020175,13.7762501645917,20.4910883590225,33,8.6
4.54383556757329,7.25654500045921,7.71515626058832,13.1817912097407,13.8389108456703,20.1275107074114,33,8.8
4.27244494881837,7.27343962237651,7.74007838709817,13.2411556873841,13.8859676051385,19.9497205151419,33,9
4.7409462421541,7.28908391220209,7.74242483707483,13.2919528818084,13.9734238074435,20.8274394814358,33,9.2
4.38207428096286,7.29012307217721,7.76116959976301,13.3468742226046,14.0370182533941,20.046253737553,33,9.4
4.68166303245265,7.30130448201846,7.76106026488093,13.4027786583382,14.0839324615911,20.3289600635071,33,9.6
3.54229491690042,7.31781265996502,7.7646354063797,13.4435755356232,14.1052105498911,20.5640541823221,33,9.8
3.9685873951618,7.33091857698481,7.78178771404146,13.4760761411171,14.1493479926279,20.4198767876612,33,10
-1.36334267806424,-0.618968487574174,-0.512564339515295,0.516034315222808,0.619156371932825,1.33787590511859,34,0
-1.63515406272516,-0.0435392377625811,0.0953593800289229,1.53512245486253,1.68284832866855,2.86243551392812,34,0.2
-1.25026033366497,0.446691620686572,0.621770482119653,2.48005859562349,2.67829305617031,4.65152835752794,34,0.4
-1.68738740081245,0.918372760470625,1.11663787749515,3.32141588369358,3.56408632052922,6.62650362622297,34,0.6
-1.72739267218602,1.33243238732439,1.55957204150146,4.075593956463,4.34515544137499,7.68041737010397,34,0.8
-0.481228289723463,1.72120476999529,1.98082924476023,4.72735621532224,5.0203305078394,8.89693879498612,34,1
-0.273984327191909,2.08119231198104,2.35255310859393,5.30331693631073,5.62495277673749,9.50861955011131,34,1.2
0.00974315600255515,2.43233666906048,2.73042753610178,5.81478824482166,6.13765796290007,10.5621759676569,34,1.4
0.41394379036894,2.74895817135386,3.07067638172796,6.24687414951675,6.59259501058716,10.9585326436152,34,1.6
0.378381883882875,3.05871659364969,3.37684054629383,6.66917003520476,7.010208138253,11.6085339577621,34,1.8
0.462113548493049,3.34697274253332,3.6675776566808,7.01917513351385,7.37925072683333,11.62201873944,34,2
0.447091154893155,3.60381570766857,3.9450852344666,7.36307369308059,7.71849918226978,12.3630409630495,34,2.2
0.886251569044395,3.8502175897132,4.19321512758448,7.66244715739732,8.02469224761574,12.4821471376335,34,2.4
1.1803909461736,4.09357918120113,4.42549953362052,7.94917770830719,8.31136413096454,13.3203957439708,34,2.6
0.615158518662164,4.2944975567703,4.62794214819081,8.18945459452576,8.57608136210072,12.9450845444387,34,2.8
-0.0809389390057315,4.48111915880788,4.82870613787019,8.4212329831636,8.81723164249597,13.3200988217379,34,3
0.692728859068644,4.65289182242978,5.00464531682937,8.64368175439901,9.04190615925257,14.020113574501,34,3.2
0.997378136173342,4.81734793263749,5.15684449793046,8.85702117169894,9.25107458909292,13.8544931139125,34,3.4
1.04657316656734,4.95612809936868,5.3108409119688,9.03048578637932,9.47080095241316,14.4794651291162,34,3.6
1.67667023378371,5.08964875980372,5.43167834102488,9.20818833019474,9.63016702479316,14.4661385295724,34,3.8
0.756110344179624,5.20985555705532,5.54462153373251,9.36969128593817,9.79144347988688,14.7252704101089,34,4
-1.84164563602265,5.31228743337436,5.6495356567849,9.51872905983219,9.9459969069888,14.5221706392822,34,4.2
-2.46444346939159,5.41853754940573,5.75760281292914,9.64732585618731,10.0906764717358,14.5696213930383,34,4.4
-0.108958850555823,5.48480669726224,5.83714082990811,9.78392409827137,10.22243100762,14.5099373323617,34,4.6
-0.152355077796457,5.5446187825068,5.90221670640026,9.916204468912,10.3668082660755,14.8518306409533,34,4.8
1.90760281027734,5.61454778086842,5.96653320553983,10.0218669182154,10.4815375124152,15.3923780082692,34,5
2.74747767288327,5.67322130279172,6.02081178531082,10.137285694406,10.5810398230328,14.9646835020577,34,5.2
2.74743383084538,5.73300335100653,6.07800907625244,10.2393624650485,10.6939565621512,14.6242452347695,34,5.4
3.26594411099048,5.77451144157543,6.12897760943469,10.3444874362408,10.817995640678,15.1445797084547,34,5.6
2.72552601971809,5.81323355758987,6.17223016082732,10.4349577455609,10.9097236163491,14.8397085656503,34,5.8
2.27168774754959,5.82734499477318,6.19859997843492,10.5112344796165,11.0029924568863,15.6440749895134,34,6
3.15239691378282,5.86166803120616,6.23018047248946,10.5956412995049,11.0836360807968,14.9694933842884,34,6.2
2.48332179272606,5.88855469571714,6.26477057780887,10.6700188007227,11.1610850164716,15.6159859276948,34,6.4
2.6632633695467,5.90982743994133,6.29383380813032,10.7555418193883,11.2468118901229,16.3225527324426,34,6.6
2.84689023482716,5.93189522341051,6.32190558392899,10.8081912944052,11.3286348911763,15.8375603371194,34,6.8
3.30374814242882,5.94077346392835,6.33363645271384,10.8696926682706,11.3952462261654,16.1870789136947,34,7
3.0915243050667,5.9567680137559,6.35555021115822,10.9280923746134,11.4626721807282,15.6898207647177,34,7.2
3.52514237060118,5.99347670558833,6.36753238047412,10.981704871111,11.531321886605,15.6557673663985,34,7.4
3.38802442825863,6.02376670915392,6.39221712899475,11.030652266816,11.5772010206633,15.4840011900043,34,7.6
3.69922544047684,6.01611110636632,6.39626865109262,11.1028674912938,11.6399870734965,15.2259890553523,34,7.8
3.54774683359231,6.01300947103665,6.40449244089393,11.1408121296222,11.6893248541356,16.7946410213773,34,8
3.65201926160063,6.01762241787443,6.40740236212678,11.2046589516739,11.7564724062329,17.498540131438,34,8.2
3.6189082999025,6.01882243905045,6.41617327642419,11.2262685320696,11.7875162921508,17.9948134919655,34,8.4
3.3227071382884,6.04445886595067,6.42823846661289,11.2798672312078,11.8415434990598,17.9989105299615,34,8.6
2.31663460118617,6.03350422655476,6.4387582129583,11.3210554378275,11.8780918263476,17.6618036101406,34,8.8
2.69729394953476,6.04240518147141,6.43210773686574,11.3482853117319,11.9214262793831,16.9088569790017,34,9
3.22708329139088,6.0491611865813,6.43585066425378,11.384309597632,11.9533541862476,15.9053937473799,34,9.2
3.20100543521101,6.03650481111304,6.45702062577756,11.4184414317295,11.9947170869548,16.1454481768933,34,9.4
3.49908680528043,6.05916658610099,6.45664782662673,11.4577467603974,12.0508010386407,16.495118538625,34,9.6
3.44092870956985,6.03996258222904,6.4601152752258,11.4807122636807,12.0699219084291,16.6651342057772,34,9.8
3.07705837874861,6.0849104124981,6.45483852148812,11.5101748895691,12.1168867793242,17.370916597156,34,10
-1.31225619351464,-0.61661935172767,-0.518347473942175,0.512529752769514,0.614701837823566,1.38034818281257,35,0
0.422201426702511,1.8941867998035,2.12280346694774,5.59703885640428,6.13505374721787,9.66229891779603,35,0.2
1.55677949857669,3.83071966477023,4.2127763752098,9.64292115291035,10.5014856218947,15.7525437899077,35,0.4
2.50672762136696,5.57396663653203,6.0630560765188,12.7623168345533,13.678336806671,20.7553332611702,35,0.6
3.66893799383672,7.1443472628623,7.74514225169206,15.1834114239277,16.0893286212102,24.5120549208099,35,0.8
4.69224407365931,8.58463529077824,9.23886524712043,17.1560625895227,18.0218412420865,26.9148415442572,35,1
5.79744157869183,9.8265049002754,10.5547725038061,18.7677106646624,19.6460361683525,28.521584587925,35,1.2
5.98387725830837,10.9229235185362,11.6617002723123,20.1376259654333,21.0433462873539,30.2618820699225,35,1.4
6.93486132017833,11.861989138394,12.5424423239927,21.2654274675575,22.3103336867064,32.5159004764242,35,1.6
8.3851128390093,12.5306739604483,13.2293027623454,22.296162564023,23.4657725368377,34.4008201837075,35,1.8
8.73947092702952,13.078690033769,13.7715087727781,23.2017023677824,24.3893206072542,34.9242884510152,35,2
9.85836007237263,13.4928622836344,14.2449668610464,24.050310916918,25.1820414556071,37.1720818025625,35,2.2
9.82982591315965,13.7600214488753,14.632755553173,24.7847973464365,25.9196570256397,39.9189863344662,35,2.4
9.61229117622304,13.9425690696537,14.9542459067357,25.3957145993114,26.6239467726299,42.292796356134,35,2.6
9.73584704174966,14.0474630277543,15.1535064415993,25.9482158911014,27.3041279118081,44.8855376871199,35,2.8
9.92920896843281,14.1748367944677,15.2721084925377,26.4916432166401,27.8886843252095,47.0661865007047,35,3
9.55821992991485,14.2220303393111,15.3742075693566,27.0033495962798,28.3977903510843,49.3065114024029,35,3.2
9.92720874246289,14.2781810222989,15.4312368580978,27.4365241982696,28.9072492559912,51.000287808745,35,3.4
9.69905289301214,14.3438812197337,15.4799433586563,27.8558533920995,29.3539748451365,53.1070126931389,35,3.6
9.91361113692569,14.3548558032292,15.504308038331,28.2338244322048,29.8142050901074,54.7351015153251,35,3.8
9.65311126645718,14.389801331518,15.5304410619041,28.5723468759247,30.196706131956,57.3006775317819,35,4
9.89360628474147,14.425885969548,15.5603311976038,28.8894063763014,30.5722191702451,58.5657466680193,35,4.2
9.58075681860164,14.4017212385439,15.5673012959158,29.2055950443358,30.875837143281,60.5269030874151,35,4.4
10.0454544373851,14.3824918248385,15.5638874215673,29.455213246199,31.2041011184538,62.6036924550683,35,4.6
10.119131991491,14.4187576029599,15.5982689952546,29.697493307979,31.4937528241905,64.198140654368,35,4.8
9.9031636875855,14.4100859388926,15.5918224091908,29.9358387136563,31.7126935893706,66.3384337651196,35,5
9.69354045696127,14.4152753080292,15.5945402304737,30.175645204874,31.9555564169436,66.8071587812998,35,5.2
9.54398737901121,14.415477068074,15.593966488599,30.3574745091011,32.1357961494246,68.7300543495688,35,5.4
9.76368426249818,14.4139528250919,15.5965353418755,30.5281445151261,32.3366439587369,70.3864803370659,35,5.6
9.79600068071773,14.4014126803235,15.6191760880926,30.6874018621591,32.5418310594006,71.3084518342097,35,5.8
9.89717518337444,14.4099436051197,15.6074550740564,30.8890413323139,32.6789102095517,73.1461747847648,35,6
10.0212941212576,14.4153384192114,15.6097926130646,31.0131414897192,32.8263812134159,74.656338361144,35,6.2
9.41829520363702,14.415316214035,15.6158800452033,31.1216818237265,32.9116957748954,75.4586285207806,35,6.4
9.92161403382898,14.4218385526288,15.6222521797039,31.243078784323,33.0526462554206,77.1248310621202,35,6.6
9.89569752379623,14.4726060441298,15.6184282937444,31.3613615275611,33.232738556657,77.5302758819604,35,6.8
9.70264687771571,14.4364823366288,15.6156304591442,31.4419090427487,33.3187200080507,78.7935522656068,35,7
9.86666640607553,14.4013950749319,15.6125783631916,31.5288666888409,33.4386496112191,80.1375152905782,35,7.2
9.95508421070969,14.4484059323489,15.6502828665877,31.6162818293416,33.4831267980641,81.3689206243839,35,7.4
9.84937068477348,14.4385586044858,15.6281066095816,31.6940636072687,33.5985441926635,82.1999392874189,35,7.6
9.8841838305666,14.3910340066043,15.6308514624285,31.7705565347394,33.7107625688072,82.9327988813845,35,7.8
9.79477500345838,14.4325102409102,15.612271846769,31.8513330710807,33.7932362302478,83.9550736890983,35,8
9.77708546833142,14.4602901806501,15.6214370438819,31.9094189209514,33.8335614029874,84.7062644381513,35,8.2
9.82920034095835,14.4190265034774,15.6396101427312,31.9756730539763,33.9139091842738,85.7137579752593,35,8.4
9.5668507685957,14.4092404993603,15.6398332859382,32.0059464794169,33.9816178110332,86.5649589854449,35,8.6
9.90615933771433,14.4210921411929,15.6303766221521,32.0548918924494,34.0466278542007,87.1928501908577,35,8.8
9.95542519510125,14.4433457177829,15.6268407644659,32.0940606562371,34.0975039145848,88.1094763310163,35,9
9.33541494696933,14.4250507115136,15.6165858233947,32.1403786268395,34.133664287987,88.2062113686894,35,9.2
9.9547328316361,14.4111201349978,15.6279706352867,32.1870010656689,34.1767965564862,89.3587560502288,35,9.4
9.83868342706663,14.4000300571245,15.6383559424074,32.2131538448268,34.2086499236411,90.2204808437876,35,9.6
9.60149864716572,14.4195535815056,15.6185683475448,32.2470941452064,34.2215968064136,90.9561154918775,35,9.8
9.7917257051082,14.4327625824974,15.6307868572705,32.2673884238412,34.2638130563139,91.599672663646,35,10
-1.27644923667763,-0.609964103880199,-0.509630346594288,0.515289987618844,0.614686177177439,1.36116938165685,36,0
-0.97477961613909,-0.088846097002992,0.037517732498111,1.34748561974761,1.46966705951512,3.12164290558099,36,0.2
-0.758344356572586,0.362353374151935,0.509268879306774,2.16441638102362,2.35184062601152,5.28025906749905,36,0.4
-0.449849829992074,0.777905676258781,0.953732969165335,2.9269687030856,3.15120505207388,7.5023417861477,36,0.6
-0.608897704374935,1.14246981617549,1.35309641878712,3.6070083989267,3.86161951069125,8.85245534208031,36,0.8
-0.271646574077102,1.50805098171126,1.74037880531923,4.22186191789234,4.49729547289337,10.1643135800498,36,1
0.0239460104261308,1.8622005098624,2.09632237229414,4.78228305835621,5.08400198245903,11.715976243223,36,1.2
-0.530342907474976,2.17710511094574,2.44143202561991,5.31480588516755,5.62807658824669,12.7673363620045,36,1.4
0.126415808969197,2.48545125345542,2.76300398697244,5.78169381649658,6.11137679520728,14.5523748778612,36,1.6
-0.230702924133418,2.78674572841416,3.07569697297564,6.20432847952448,6.54212178951174,16.052023036292,36,1.8
0.171506443204591,3.04899170201876,3.36073216250627,6.59676850196336,6.95252162670999,16.298558747395,36,2
0.338620724366742,3.33798219269515,3.63531482242226,6.96187839679349,7.32058686346428,16.7411936592679,36,2.2
0.667036792915765,3.59497949382085,3.89993541057962,7.30838117823922,7.65034148457666,18.4710889344733,36,2.4
1.00181603843831,3.83416110139941,4.15557747289241,7.61177032633545,7.96662873115395,19.0013730585707,36,2.6
1.64263715096378,4.06367336784108,4.38307538772976,7.88890675201823,8.27192261277437,19.4232372733519,36,2.8
1.6855819323798,4.2812930853744,4.61527251724289,8.15803707042315,8.53584829437079,20.5279158862383,36,3
1.45158288647665,4.48713886254284,4.81626483690291,8.40252502516906,8.78578077652053,21.3237695075163,36,3.2
1.30460816122721,4.67872368739763,5.00159287727276,8.63926294917358,9.03343422207832,21.4979615106076,36,3.4
1.11871715245038,4.85175573367725,5.18541793371168,8.85626624435468,9.22804333608342,22.7617938880166,36,3.6
1.73997436370903,5.018958878806,5.34345461445345,9.05148887536113,9.45690774968909,22.3340640761408,36,3.8
1.60899860156556,5.14125249101901,5.47963687404019,9.24184126694586,9.63113468462149,22.9371287686478,36,4
2.04143856589095,5.28175912047489,5.61717459691464,9.4202096795718,9.81444053989191,23.2567772617438,36,4.2
2.58464029780739,5.43319873055936,5.76587582706575,9.58733688884212,10.0133722592156,23.6442743644896,36,4.4
2.72483406961967,5.54439290699501,5.87374069010635,9.74623175981796,10.1666721912282,23.4474734705596,36,4.6
2.49085549849628,5.66016519469436,5.9960252718363,9.90255601242198,10.3191821226333,23.3168708755171,36,4.8
3.03701531279239,5.76517646872547,6.08427564415556,10.0358341927177,10.4798922100643,23.5063187077368,36,5
2.87007786987277,5.84713126055859,6.17943732473591,10.1771603370885,10.62112057285,23.386805795781,36,5.2
3.29529041499161,5.93176855966601,6.25913659851198,10.2983575805583,10.7414827701267,24.3042294494083,36,5.4
3.4731722043413,6.01543761930047,6.33827191579658,10.4147327643218,10.8687600247138,24.5235969709004,36,5.6
3.31534811741076,6.07005067021419,6.42038919227396,10.5342775614902,10.996390244672,24.3403223028123,36,5.8
2.99374247953301,6.12540510008366,6.4717578846664,10.6385324233222,11.120489869172,24.5586176520777,36,6
3.20049136707866,6.17031251184482,6.52757557341669,10.7438146623035,11.2185126145752,24.337074407694,36,6.2
2.21938797280872,6.23280995506169,6.5811492273773,10.8389681004196,11.3003613879121,24.3084246977475,36,6.4
2.53606628234818,6.28323674222216,6.62475561773654,10.9405342283891,11.4147005165571,23.9956900287208,36,6.6
3.52208770798357,6.31775995576425,6.66581421676136,11.0238397044825,11.4892108053995,23.6668720744247,36,6.8
3.23664588501951,6.35065663735164,6.70463303539557,11.1094575602835,11.612722082108,24.1145583209723,36,7
3.09359656211418,6.38358884441096,6.73781638409715,11.1987687607215,11.6732685478815,24.4886765464842,36,7.2
3.59932219232524,6.39184219308542,6.75100977591688,11.2766104403018,11.7499861379724,24.8065815662828,36,7.4
3.47673222377905,6.42646940068768,6.79572427072378,11.346258850175,11.845090392328,24.9534582115511,36,7.6
3.30918891778211,6.45794604143074,6.83169405982219,11.4155394220262,11.9213668796655,24.351158502425,36,7.8
3.44528293481515,6.47236223937456,6.83864076697696,11.4644932665882,11.9908758819143,25.3901065149999,36,8
3.48784537505496,6.49372890532955,6.87099114045251,11.5505929952087,12.056145272886,24.8678906820625,36,8.2
3.78342001059778,6.49945887775511,6.88068195484107,11.6204208893165,12.1386782992219,25.3299368937959,36,8.4
3.65596707870006,6.53267291874615,6.89339383221678,11.6868222141919,12.2177405802432,25.0773310776862,36,8.6
4.04493446622421,6.53473277402856,6.92107653587245,11.7360157574082,12.2714667260229,25.1090507585297,36,8.8
3.74424822144656,6.52541188420977,6.9408849632149,11.7874635694282,12.3236293400865,25.7828064722175,36,9
4.08925473229769,6.54144874929078,6.95196817875946,11.839885903476,12.3631337498558,25.4140270550373,36,9.2
3.9909117538653,6.54746865426587,6.96561430968435,11.8925917116696,12.4147711920424,25.3824681012337,36,9.4
3.79605113789148,6.57712473420367,6.97381404304881,11.9472964786571,12.4911927631583,25.3678276300922,36,9.6
4.30065970160798,6.58614618123963,6.98267700795947,11.9651013672648,12.5101425041122,25.0509310667584,36,9.8
3.80652503056382,6.58582982527087,7.00005750132093,12.0376462001525,12.5795317896746,24.9310577692534,36,10
-1.27261153979241,-0.612230735080362,-0.512970802127801,0.514097749315241,0.610179183264132,1.42492983367702,37,0
-1.74816930381022,-0.199159579896075,-0.0593332879234262,1.29859339279798,1.44149415332993,4.83910954244544,37,0.2
-1.88381103079675,0.162805124676468,0.331875503504062,2.048315227329,2.24649545899881,8.44942036873914,37,0.4
-1.65604781621092,0.506509116282468,0.706604072813852,2.73617906706293,2.97895564051156,10.8341614191494,37,0.6
-2.43580662897717,0.827358604863556,1.05271076834952,3.37971805746632,3.65984393356616,13.0667651726032,37,0.8
-3.14325190992714,1.1439492591061,1.39569172948451,3.94586993931249,4.23150335037334,14.5441555201531,37,1
-2.36623837221928,1.41715172969034,1.69982536010889,4.46382651023279,4.78451652446845,16.0688707614935,37,1.2
-1.45518614911525,1.7231936753684,2.01646368784793,4.9597071626453,5.29315918352215,16.9933897827168,37,1.4
-2.34341648213167,2.01419085154071,2.30258625816088,5.38204007684099,5.74697666229332,18.0521095497798,37,1.6
-1.54711505443507,2.26922290681332,2.57542655932309,5.77867849245624,6.14222056054171,18.7493622882115,37,1.8
-1.04038387695022,2.50133607108931,2.84261531541226,6.1482713400891,6.51304048350241,19.4038962385278,37,2
-1.33321965954281,2.74818404566061,3.08881249984945,6.47122662812584,6.85344491836566,20.64493646056,37,2.2
-1.09774055130199,2.98041283321306,3.31987420795558,6.79362000575657,7.1647355701372,20.1830395835919,37,2.4
-1.19509810111137,3.19424943942025,3.55125003668141,7.0686859405937,7.48295434557947,20.921260238348,37,2.6
-0.402423710348221,3.40620961495593,3.76455624703352,7.3449998029617,7.76507374887664,20.8990848035808,37,2.8
-0.268481734013904,3.60170068729827,3.97008839746725,7.59802527323798,8.02637197754825,21.3341606088548,37,3
-0.884095726079997,3.78430601272682,4.15963619834761,7.80592047369599,8.25951332770385,21.3494245332651,37,3.2
0.222587797904269,3.96774370759685,4.34919047210964,8.04154294862253,8.47597020706627,21.8929808366117,37,3.4
0.435433984367838,4.13483074262067,4.51047458039466,8.24587320233383,8.68837725115148,23.0150261608628,37,3.6
0.0776574811901118,4.27966853685318,4.66982704790135,8.43643020836867,8.88210950776759,23.4670275914315,37,3.8
0.628288385192495,4.45602302402088,4.81151939371628,8.63036325982174,9.08633733138709,23.5363085123135,37,4
0.314340407686087,4.5701309066042,4.95486496392042,8.79865625754774,9.23865528694301,24.148242072604,37,4.2
0.639223530858084,4.70533014026144,5.08727822222625,8.95715797078713,9.41688426120646,25.4543016230423,37,4.4
0.603325857945769,4.83570182234254,5.22076000858384,9.09217539817266,9.55252248356888,25.2256471317264,37,4.6
-1.11507495985282,4.95985960113385,5.33652451946667,9.25125045302037,9.69752112708216,25.6475540798576,37,4.8
-1.87686000349911,5.06807506064867,5.43236092571923,9.38342451821761,9.8414159637672,26.2099422386819,37,5
-1.7727799495844,5.16514491816948,5.52484802974751,9.51049492212683,9.96242587923278,26.510680135197,37,5.2
-0.228228752135731,5.23729973152777,5.6122762739959,9.63651827677991,10.0815266399897,26.9900295075378,37,5.4
-0.0445308972008996,5.32221620168599,5.69406008170108,9.75477995601448,10.219955355492,27.3042927885122,37,5.6
-0.374608348797777,5.4226247211067,5.78562699720608,9.85691350186981,10.3298764939115,28.0592636226805,37,5.8
1.27466461735179,5.49523295123664,5.85694669061493,9.95404635993818,10.4383101902964,27.332923985606,37,6
1.68215430990628,5.55492980343173,5.90933823045531,10.0484123646634,10.5487804526087,27.862932847519,37,6.2
2.07059556528094,5.60136366485363,5.97158458666296,10.1393780707861,10.6485594314819,27.9269911558341,37,6.4
1.57309832594454,5.66596667207173,6.03180877556603,10.2449685332754,10.7471573550718,28.5755598177819,37,6.6
1.71019380866595,5.69173948305536,6.08388771568335,10.332616676464,10.8528117788413,28.4195032582015,37,6.8
1.57596175606851,5.75411981151625,6.13261033434129,10.4125313266576,10.9300387286009,28.8450503975972,37,7
1.94317341569227,5.80122497789971,6.17771876603286,10.4982854908607,11.0109620827943,29.4097848354843,37,7.2
2.04934008921681,5.84085163873806,6.21221402724012,10.5767178031206,11.07962793928,29.7542121387368,37,7.4
1.52076841349142,5.86480687849986,6.24297726533186,10.6358220673474,11.1741209004205,29.7943235350927,37,7.6
2.62797037456245,5.92113685957876,6.29688718238505,10.7193386073322,11.2501594933966,30.3667615013256,37,7.8
1.97285723556075,5.90801224271194,6.31162046598204,10.7898467433085,11.3063358078066,30.072776611214,37,8
1.09887853307565,5.96361369734805,6.33484623055366,10.8620477960432,11.404024252168,30.6325229322147,37,8.2
1.42886014507594,5.97166462819858,6.36914377558767,10.9287150062322,11.4698381269833,30.0835612000635,37,8.4
1.73058336393706,5.98417197174175,6.38344151784755,10.9845458276625,11.5173681105752,30.661548131205,37,8.6
1.8910165996558,5.9990155543433,6.41949351820276,11.0558786512832,11.5924177232378,30.3550553426644,37,8.8
0.907811891364333,6.03299362699245,6.42699231512172,11.0961968161271,11.6456333658109,30.4224649830282,37,9
0.837067488831029,6.05381968269713,6.44911547038372,11.1593541657792,11.7104556388768,30.6797571663608,37,9.2
0.674376991885134,6.04997071227649,6.44525966661363,11.2155378667783,11.7416372148578,30.9696625193755,37,9.4
1.58442552104271,6.05538174406047,6.4745421189349,11.2471200309386,11.8100485304879,31.127822866827,37,9.6
0.668180449732389,6.07636613348524,6.48257471885683,11.3023731616034,11.8898612986115,30.7229129246542,37,9.8
1.07511154928406,6.08155364259398,6.48978281404091,11.3374884236845,11.9233319868598,31.1098362238734,37,10
-1.24488375287786,-0.616794201891703,-0.516110066281459,0.509643616621046,0.60932618882531,1.31524830012271,38,0
-1.64193437216728,0.0852034730562854,0.225149513711403,1.72587038684797,1.87834947924764,3.74267875180323,38,0.2
-1.12506217194359,0.649427625915972,0.840896086207888,2.800984902484,3.0169355984666,5.11140183669786,38,0.4
-1.76039029022051,1.17352043900526,1.39934019078442,3.69765474262032,3.94677064612192,6.26046207883274,38,0.6
-1.16321364203668,1.63976367133522,1.88572740345818,4.46015438637521,4.72416855267983,7.26148751664019,38,0.8
-0.329123679988456,2.07055721704159,2.33996767372395,5.08020254170486,5.37386459792174,7.91632626395571,38,1
-0.778491999658383,2.46144997034881,2.74205753904395,5.61374193736751,5.92851113857391,8.90336671234019,38,1.2
-0.246485272603746,2.8107425490512,3.09743430891211,6.09376806960955,6.40675826203092,9.27471748347169,38,1.4
0.223692325473833,3.13309787379531,3.44093475923828,6.47738888470167,6.79737826500889,9.41099062378425,38,1.6
0.861927524680436,3.41620333085443,3.73671112120866,6.83482079090183,7.1641834654955,9.99973699867679,38,1.8
0.621507717004875,3.68556214539229,3.99516165635641,7.13918189991033,7.47547536949269,10.6778933936433,38,2
0.131548261991586,3.91235532654221,4.2283735656271,7.40641452248398,7.74776553091023,10.9325251867751,38,2.2
1.03655855780678,4.12266861496296,4.41799687810756,7.66581945578641,8.00248475381951,10.6198783020744,38,2.4
1.27872316143068,4.27856601324214,4.58451532975745,7.88818090513247,8.23405972062722,10.5268927777885,38,2.6
0.745962667549046,4.42919810734084,4.73078979014102,8.07832765287125,8.44212875495259,12.4410016424775,38,2.8
1.18876877321007,4.5656117470038,4.86544013986736,8.26776462581362,8.63434664581027,12.2399324042395,38,3
1.89467000857871,4.66314391366265,4.96669044077549,8.42315072373683,8.78448575699096,12.3520700676337,38,3.2
1.66252655789894,4.72683937100426,5.04947779845516,8.56057523313226,8.94378365132116,12.1548585707355,38,3.4
1.23287335875924,4.83360236343547,5.14283704858986,8.71476916835725,9.0939114385646,13.3943683312573,38,3.6
1.10074763751649,4.8821953054468,5.19839416711865,8.83685995817152,9.22906578877202,13.8458815703224,38,3.8
1.55889785952756,4.93199664022379,5.24655634718348,8.9450760370829,9.35213968047135,14.2693439572917,38,4
1.18753312536523,4.98363727317104,5.29881087013234,9.04143177930446,9.44821679805598,13.3695108629271,38,4.2
1.94261232217342,5.01387941386752,5.34355366130609,9.13912751771239,9.54993716085758,13.5844869935483,38,4.4
2.22046447182691,5.05584185625322,5.38420810593598,9.23883200460238,9.6590718982913,13.6153469363686,38,4.6
2.20336908362943,5.07678245920214,5.4159358329824,9.31498634347377,9.74093937948173,12.7698580305097,38,4.8
2.55888089936862,5.10179108093157,5.43897596579536,9.39324375373794,9.8235683221226,13.4249048196364,38,5
2.58494031677537,5.11090331908041,5.4595516762396,9.46186257036244,9.91009922599595,13.2771431794187,38,5.2
1.29782116842772,5.14789164026708,5.48048472335095,9.51517195580625,9.9665681100189,14.565846704378,38,5.4
1.53320601786771,5.15320182017904,5.48930584017392,9.58852110073749,10.0337476458972,15.4502982755861,38,5.6
1.62059430834502,5.16705507386179,5.50770226567931,9.63126786105061,10.1068878077804,16.905041370518,38,5.8
1.41862764768877,5.16342130420659,5.51574852758756,9.7081849381351,10.1836885080589,17.1851366798597,38,6
1.73444122238378,5.17696019004068,5.52317191242307,9.73399669566133,10.1937229366524,17.0418119761163,38,6.2
2.57526554170548,5.1961924645119,5.54696856379197,9.76607754262013,10.2660661868739,16.2269536679607,38,6.4
1.89031088401968,5.18962858561641,5.54142441257284,9.81272704341503,10.2960590944539,15.1115565048825,38,6.6
2.66929367132467,5.18528364363449,5.54533672045942,9.84004658425608,10.3370886855412,14.4909855090343,38,6.8
2.63023576519099,5.21218695513761,5.56037950395675,9.88610098457348,10.3696409875077,14.0502021832884,38,7
2.35057680246209,5.20910826535847,5.55190559062653,9.9340833409752,10.4342581515133,14.6955222481904,38,7.2
2.24483180703837,5.22151862845358,5.55952518002121,9.95628786811751,10.4541671046701,14.3224958513344,38,7.4
2.64492186443705,5.21171754647869,5.56697116607746,9.96332823704009,10.4782747006986,14.8929995068448,38,7.6
2.5055829516951,5.20641916596095,5.5656370254581,10.013702491294,10.5104541629631,15.0373212159275,38,7.8
2.42197062087365,5.19556918256991,5.57316347588737,10.0287587096925,10.523760972028,14.5678715526797,38,8
2.60980655671232,5.19976521229341,5.55650654646301,10.0501863464824,10.5671717882355,14.4972978070639,38,8.2
2.19757193479958,5.20697509142783,5.57199234670042,10.0712510955857,10.6119597219388,14.8757621204826,38,8.4
2.59587888308988,5.21502772944736,5.56147597350479,10.0868196837546,10.6275455998825,15.0953154797162,38,8.6
2.25578994375712,5.20566926420315,5.56783712514645,10.1174436524429,10.6465205565342,15.2509484916051,38,8.8
1.43803148423091,5.20854615257464,5.57222161407353,10.1223895811196,10.6722020632809,14.7448737206143,38,9
2.0185251661602,5.22686222171109,5.58713814117927,10.1498573186323,10.6736083760602,14.9555016684546,38,9.2
0.867444204496137,5.21862382748827,5.58453796962086,10.1678903783231,10.7086628953522,15.2635772978762,38,9.4
1.86573629002814,5.21230707168104,5.58225234789579,10.1697715804461,10.7215467401633,15.1745880035464,38,9.6
2.46317058843595,5.19866801485136,5.58129722810426,10.2003425907602,10.7294534419768,15.5705520540504,38,9.8
2.39201486793321,5.23142510351047,5.57404024641168,10.2009537711122,10.7357507276565,16.1175163413657,38,10
-1.4143703933816,-0.617362124870732,-0.518399014493906,0.514113577146022,0.615965514943071,1.2582123415361,39,0
-1.21353651170687,-0.138917317813912,-0.0128282085781304,1.29504862696871,1.44503216417,4.88667996639115,39,0.2
-0.968462900913443,0.261568846036994,0.413476033326281,2.0460411005369,2.2334478068315,7.76098732241444,39,0.4
-0.877442344765225,0.629959538748358,0.808091339184842,2.73023472241332,2.95642487121199,9.99928074803,39,0.6
-0.816340649290336,0.987878480880897,1.18449556356439,3.35049929266549,3.60386055353463,11.8858394209222,39,0.8
-0.546777725415844,1.31591469437806,1.52851211174296,3.90722536067688,4.17766749454068,14.3519023153267,39,1
-0.694537622165774,1.63467031617232,1.86762897346221,4.41333874956665,4.71158936561309,16.0972738705817,39,1.2
-0.684218346603977,1.91705651254328,2.16650913655613,4.85280025355047,5.19294091535123,17.0238096445963,39,1.4
0.311787130049452,2.18552916885223,2.45210708878834,5.28224585995675,5.60866683095765,18.6708053791965,39,1.6
0.459274189742827,2.44298411439278,2.7206637637143,5.64148076931494,5.99362246160013,19.8259974142787,39,1.8
0.562374141089778,2.69192044675452,2.97182999251296,5.97672225277235,6.32959651491152,20.7101450477216,39,2
0.658760418742869,2.93486832422458,3.22865278774618,6.27795076374331,6.64489235361548,21.1393402004619,39,2.2
0.767924752904968,3.15725082042508,3.44915117087931,6.56312716228552,6.95405040437528,22.2872956941332,39,2.4
1.20754752282661,3.34427835768521,3.66181851580638,6.83076850867407,7.22222999045841,23.8263176358464,39,2.6
0.970388897550439,3.54243690265928,3.8594503630417,7.08152907030642,7.47290759334401,23.4419181746433,39,2.8
1.16750045694109,3.73719184360434,4.04446287493223,7.31643240410047,7.71960653977644,24.1171371917979,39,3
1.38107520288675,3.90148256693186,4.21175546015289,7.5282836333057,7.92731532827151,23.8803354504047,39,3.2
1.88498798004271,4.05403552833722,4.36731931777546,7.71970285160969,8.13790690848603,24.6231566027104,39,3.4
1.3480761453554,4.2224925145714,4.53308255001109,7.89790890859339,8.32010610325504,24.7023313059138,39,3.6
2.07520952904103,4.36595320585754,4.67349457714065,8.0835930410774,8.49276044341766,25.0594899800226,39,3.8
1.00428930362163,4.49400597964297,4.79345508209312,8.24357174274138,8.69719109393097,25.3308750585445,39,4
0.0746225206832867,4.60533916342575,4.91309681518075,8.39149617478413,8.842273089484,25.3094066149954,39,4.2
0.865043016695384,4.71873591530682,5.02492689188916,8.52952364754079,8.97752805775667,25.8272469622597,39,4.4
1.70050068537857,4.80595232005079,5.11066146469587,8.68712719701156,9.1373345092375,26.1022487318507,39,4.6
1.95642334352127,4.88671124896641,5.20328657907762,8.79909392999782,9.24740169146346,25.6249594733717,39,4.8
2.83173125131704,4.96710045804417,5.2872870912509,8.91192109884602,9.39211275316596,25.6011473480079,39,5
2.08760929808148,5.04797153791835,5.35810299272657,9.03616817975644,9.51778946550293,26.0726960087059,39,5.2
2.51190672746094,5.08964124519472,5.41049005871385,9.14453395745039,9.61995254575728,25.9299277028879,39,5.4
2.66890483495248,5.16227144715019,5.47894443055673,9.25484073838075,9.73490432549781,26.0961710889818,39,5.6
2.47727452560341,5.22133515594407,5.53314275440957,9.35025961731123,9.83068206682972,25.3852560809483,39,5.8
1.98236452287502,5.25242769429376,5.58492634660236,9.44249816624616,9.93871507286359,26.0656084268553,39,6
2.29490310682574,5.29934393447819,5.6268981385337,9.525427229279,10.039733401839,26.026512697571,39,6.2
2.10886833277635,5.34240752628325,5.67163441543875,9.60012389264651,10.112259514436,26.5342989227001,39,6.4
2.12521567613187,5.38213060453517,5.68958925438855,9.68886755907089,10.1810662501158,26.2879990046153,39,6.6
2.6043892181847,5.38970870740071,5.72764959524056,9.76986486480446,10.2776186029925,26.6079265050623,39,6.8
2.90798526397504,5.40770937047345,5.7536754238396,9.83901295940329,10.3484126876465,26.1656707472964,39,7
2.92405240398529,5.43950003443052,5.77734021193657,9.89259389213466,10.4251696124978,25.7625803648814,39,7.2
3.28737490504482,5.45423752538083,5.80732266097102,9.96629809087783,10.5069273701498,26.2914491323941,39,7.4
3.23200641950873,5.49017938802655,5.82743835436761,10.0280168783566,10.5615200205596,26.2221724379174,39,7.6
3.34360186805486,5.49573222080933,5.84449816175831,10.0877008018617,10.6445685070361,26.0920983238803,39,7.8
3.18454744515003,5.50264745822926,5.85309672939101,10.1507575827033,10.705740579287,26.2387875425478,39,8
2.27282462939112,5.52088268021963,5.88107005280937,10.2113002674428,10.7470402302964,26.3915359859293,39,8.2
1.69378601072411,5.54787605192321,5.9092839132503,10.2705969357691,10.8073739505883,26.3670006249823,39,8.4
2.51156240695114,5.56161237809272,5.91209249432732,10.296175279521,10.8587590132803,26.7419461549118,39,8.6
2.90994442937945,5.57559231464879,5.92543219651254,10.3528737839729,10.9177605762426,26.6905819013776,39,8.8
2.46606122863438,5.56803384090422,5.92746923345838,10.3921132519199,10.944878095794,26.4840200172323,39,9
3.0758872396041,5.57885920822979,5.94294841597144,10.4344848573016,11.005155888966,26.4343402563435,39,9.2
3.33412925058661,5.60443571040876,5.93961974479276,10.4824389804973,11.0413291761374,26.8196450647342,39,9.4
3.29923500386188,5.61703073470553,5.98240767781139,10.5212775536382,11.114199705911,26.7024543158562,39,9.6
3.63896521296149,5.60476483137786,5.95789274886554,10.553227909754,11.1313988814329,27.1194591258588,39,9.8
3.57405806801155,5.60329328908937,5.98764145357368,10.5834379176622,11.1877309455824,26.7653112357897,39,10
-1.23649230897882,-0.612631210342121,-0.512738105539098,0.51072230952828,0.612605697557278,1.64486830934256,40,0
-0.786303843370769,0.0123909870024164,0.144178463017196,1.48580127431339,1.62120310318277,2.58464167372224,40,0.2
-0.699160172667962,0.539264649277339,0.687609049443703,2.42059816678036,2.60590898512142,3.91066601276111,40,0.4
-1.06998145442895,1.00230219268132,1.18788145383463,3.27780892031498,3.50328536061669,5.27157139718191,40,0.6
-0.435937491826669,1.44247591459342,1.66155977851843,4.02017567006605,4.27273066578126,6.50638172975363,40,0.8
-0.245859671548863,1.85301288806529,2.08130934992735,4.70549944272932,4.98088763609154,7.60021270695077,40,1
-0.103755902003374,2.2324872421162,2.47620223644016,5.29938899829292,5.60403007451017,8.58019513887517,40,1.2
-0.164749101503231,2.59258002633983,2.85760006453004,5.83087623898244,6.14101830177388,10.0916972156673,40,1.4
0.0763490178424217,2.93584537374165,3.2115010418382,6.28905857027376,6.6201862744203,10.5344819391639,40,1.6
0.709895085591584,3.24939980364613,3.5397717956252,6.73348632842029,7.08249086828461,11.4419139541189,40,1.8
0.448469489012431,3.55230061798579,3.86033211321151,7.1190054794053,7.47623323425913,11.2847027106424,40,2
1.32255896852055,3.82507748315377,4.13600739070023,7.4673172220353,7.8242091086881,12.555420841109,40,2.2
1.20452436516713,4.08781395878767,4.40952220478077,7.80297450243094,8.15396958527286,12.4552335725648,40,2.4
0.868882712143796,4.33743559913388,4.65709334677145,8.09619831723251,8.4612043779443,13.4927081355911,40,2.6
1.09264247544308,4.55559818068424,4.87851834790818,8.37725169549194,8.74014477633167,13.1277794339283,40,2.8
1.91839445179449,4.75236351030859,5.09395723284383,8.62843581827378,9.00406890244334,13.1641069137552,40,3
2.21078473063444,4.9477183108355,5.27951306707979,8.87436640874526,9.25613386495494,14.0894600056605,40,3.2
2.18350714816463,5.1511171286835,5.46650760459407,9.10073744344845,9.48287800838234,14.2317166090674,40,3.4
2.58343728841847,5.27735636423215,5.6123678075026,9.31001985322153,9.70293381356507,14.1249864218241,40,3.6
2.70991775129414,5.43362871124646,5.76993817514916,9.48934902029818,9.88439585492617,14.4199479774829,40,3.8
3.05599036532917,5.55851841073989,5.89164580362145,9.67587455542137,10.0622525085772,15.0563515151177,40,4
3.22641610470353,5.66953827028762,6.00369302335059,9.8445572575839,10.2443369857987,14.4954437223308,40,4.2
3.09679749804987,5.77825140416802,6.10616829659489,10.0110574867452,10.4145320619235,15.2168120308942,40,4.4
3.46758018022213,5.87164019065839,6.2058941763618,10.1387207536963,10.5657789042512,15.0364418160291,40,4.6
3.45644529006889,5.93043566202631,6.27719865834191,10.2756348790246,10.7028151237957,15.5736066359348,40,4.8
3.28143900546056,5.99927429594042,6.36138908988101,10.4090740635799,10.8417563392975,15.3316480641942,40,5
3.68184522500932,6.09004469657573,6.41804319588325,10.5248952986529,10.9721322458858,15.6346548446989,40,5.2
3.41750898976763,6.13663746625934,6.48368355861304,10.6392009270627,11.0899420776926,15.5229578826181,40,5.4
3.519345904812,6.20110428307983,6.53685027150818,10.7569240372465,11.2049619066295,15.5598839513889,40,5.6
3.55307287879087,6.24090634771389,6.581827588882,10.8665270056577,11.3244894137444,16.0324912215016,40,5.8
3.81299086808944,6.26022142814263,6.61788036559335,10.9681964491868,11.4316098605545,15.7726964688001,40,6
3.92034326748046,6.30860590460689,6.65579819461019,11.0545480707648,11.5209495027706,15.8060684264978,40,6.2
3.67078920442317,6.33746628369132,6.69152944446389,11.1357757031598,11.6223741493053,16.1998495635576,40,6.4
4.02724313452787,6.34003790345139,6.71023365293602,11.2221295110329,11.7140697803454,15.4776557685408,40,6.6
3.34600032390119,6.37791708908138,6.73836693551529,11.3090876997995,11.80235865858,16.0543720441662,40,6.8
3.65874064569313,6.40018935622145,6.75735265799298,11.3828213831408,11.890377921982,16.418403923921,40,7
4.00045218718818,6.42721845813789,6.79844778640302,11.4543531051326,11.9448161637052,15.909943963982,40,7.2
3.99040456235554,6.43837782181109,6.81116614402735,11.5244561418261,12.0409455077216,16.1685097709686,40,7.4
4.11479576433462,6.46230320096234,6.83447096291778,11.5846160774832,12.0880846069399,16.1945722209513,40,7.6
3.96727915435003,6.45768820098142,6.84309980137834,11.6466767045957,12.1799566547017,15.9150455781913,40,7.8
4.18666295124895,6.49398699458165,6.85675992812098,11.7204865383321,12.2594083616282,16.391002009118,40,8
3.72253037942492,6.49363481044886,6.8846992496524,11.7591605799997,12.2885833339795,16.4022985733632,40,8.2
4.30892444650384,6.49754005033892,6.88687577840134,11.8208373426114,12.3706431666088,16.6516797886249,40,8.4
4.05837773881206,6.51675718719785,6.90177524892545,11.8644802910778,12.4101115397011,17.1694039008485,40,8.6
3.57227104758619,6.50686354477085,6.89893097362536,11.9085799235509,12.4824811292169,17.9154561021987,40,8.8
3.50040084569032,6.51917741477381,6.89940776425405,11.9572349381934,12.5137021866075,16.6322632860434,40,9
3.98566041769067,6.53732914701548,6.92816892194029,11.9987082491546,12.5863991870135,17.0545217874413,40,9.2
4.36310910234281,6.51861677016641,6.93145759302053,12.0264143369959,12.5991172661246,17.0821968639667,40,9.4
4.19923617063623,6.53908234334895,6.92671569182203,12.0629559734648,12.6439432177449,17.7078998489265,40,9.6
4.03363663585935,6.53617893695314,6.92585682407712,12.1064042196286,12.7091823931626,17.4272864106094,40,9.8
4.02097656353625,6.54071032644019,6.94266434885827,12.1486283432531,12.7274622882776,17.9111379603995,40,10
