mu1,mu2,mu3,mu4,tau1,tau2,tau3,tau4
-0.583819234376479,-3.38985557018169,0.379251758119676,-0.0305715763107316,0.983366457832308,0.39016972569568,1.45079779810758,1.90208869191146
-0.561816708144174,-3.32186135253457,0.359100630038229,0.0112591279306356,3.5293085950826,1.01953692832945,5.45976007881625,7.11283673397629
-0.675400273141987,-3.34841597097206,0.296307837624083,-0.0455404248149209,5.8906128020517,1.39424323135847,8.02563889802628,7.26020436493375
-0.698413447881576,-3.3121859263195,0.324988353334046,-0.11064347307929,7.59160696319873,1.67967221473869,8.69092205514128,9.44928971983421
-0.730632870401173,-2.99951826743599,0.295500284469083,-0.0853703997202282,7.88256028298701,2.73364102609439,10.4376245692129,10.4184028898819
-0.687940511508513,-3.04946974405008,0.281787868890379,-0.0306390017983216,5.22088559491688,4.29132587563618,11.3450274894511,8.1747456985999
-0.738146698066403,-2.91002357735642,0.297361317757199,-0.183982543834086,5.92711823998869,3.6777262968226,13.0184736488072,9.63939921308229
-0.658059355199374,-3.00011703632834,0.295035386159975,-0.133964890159872,6.00604948208548,3.3470126113547,12.4465514517204,9.51248969152003
-0.761607394240107,-2.97439990888715,0.289882803870378,-0.176058556677808,5.8375351756413,3.18828003951872,14.4391606291397,7.17493644557299
-0.710474819880723,-3.07785104176998,0.318004940843343,-0.0666324629448941,10.0137229050378,3.42915352752062,13.2050719941839,8.06451143754597
-0.664821432151468,-3.00009066452337,0.36381054602382,-0.0421005286481902,11.2241208330187,3.12774137936966,12.1370063461823,8.3129396415661
-0.657426308995313,-3.20866074461527,0.313240283340289,-0.105224037049859,12.9177875618271,3.6621658366165,13.5521812942098,7.20115805000062
-0.679512056826952,-3.08000107794542,0.308646702375291,-0.177113228244191,10.3803907091136,3.48933512940967,14.3657316003209,7.77603659744894
-0.652407522538299,-3.09483059260315,0.322307660448548,-0.203374174745922,8.9910553667849,3.48365526774322,11.6432712605644,8.3583866262867
-0.717614861129643,-3.02733618265185,0.298421361899288,-0.0843124752216569,10.8739486710011,3.83829385516317,14.2736932225703,8.36244876436443
-0.653915835439523,-3.05289601698394,0.3112514921641,-0.138064120161796,12.6859013678975,4.14875358766694,17.2023881376262,7.6487627496365
-0.722740500273525,-3.13639929660587,0.358982917553477,-0.136050996379748,12.8333377467102,3.89626422677728,26.8272313869669,6.71069859018107
-0.713516008976454,-3.12437179632266,0.34816617716411,-0.158155611470518,11.3094632043838,3.48460901846776,19.9073658642784,7.19573967141638
-0.775172240964157,-3.02456677326649,0.317104858722077,-0.193650720893787,7.55015253001419,3.91017777390068,15.2516164455373,7.17099033521731
-0.709069426043898,-2.92844193388691,0.342094688677375,-0.161361846526514,11.0476042878924,3.11630473438543,16.1171484344684,8.14902087584872
-0.787054640285443,-2.91328141294888,0.343711707140283,-0.164938662713191,8.25524957998598,4.26836666268151,23.6063848730704,11.2081875548977
-0.729076695348408,-2.8707909573845,0.333050701392405,-0.115498996678851,8.58775696934355,3.45866787466651,20.8752519301743,10.0893289356895
-0.780563287453381,-2.94410085954481,0.334493644086694,-0.215946035486599,8.30476333727886,3.18887672445897,17.9854273150935,8.44986654494043
-0.731255090383978,-2.93306909197703,0.331318336275639,-0.200379172064731,8.68018943486508,2.56173385637268,15.3943382001933,7.28688082748714
-0.789794641486885,-3.03558989895303,0.336496724848254,-0.202429902423681,11.0568151444121,2.92834703230758,13.9418465166857,7.23425388937858
-0.743765486419476,-3.18920146911481,0.292425292541493,-0.181064577881203,10.2233210821461,3.67134061476882,15.3836500472466,8.06525592681972
-0.752077164169102,-3.16146573480319,0.307835029545958,-0.167134769445885,8.50926857846648,3.93102088215902,11.7676394459246,7.79797015683068
-0.772765954975979,-3.06045069795343,0.385977476640831,-0.130068489414637,9.32290676636461,3.16341219784866,11.7407363906308,8.00391530618653
-0.769244206690853,-3.10252423643364,0.317832338533964,-0.140672640540316,6.32228502178941,2.86547610867304,17.7253415540407,6.04951319823013
-0.77358667713234,-3.28822179405707,0.31365106385657,-0.171661659252255,8.01265889510793,3.22630090271299,13.7944346638024,9.10623951175952
-0.787994986590192,-3.22178399388335,0.306969024396302,-0.15466330223152,7.58661750884692,3.49197743479472,14.9996333995608,6.15090228396954
-0.729544373484252,-3.30527786873701,0.351541783191921,-0.165190116199807,8.39943739710697,3.40924666227495,11.2916124911011,7.34599425566644
-0.754149749065949,-3.04513187086582,0.332924534271847,-0.104265687434705,7.88348761516586,4.11560591991101,11.9314074958952,8.05406285749824
-0.760999317372431,-3.14719654316326,0.284075930024292,-0.119733475010215,8.12671852974686,3.54814035142984,13.5057423683105,7.68090375096955
-0.802422697282443,-3.0704273941755,0.336969619692513,-0.132285256372348,6.70758949932449,3.25965614334223,14.4131949228466,6.0690044819728
-0.734657332482729,-3.11771321167497,0.318568810584527,-0.0906537094373896,8.96046615201416,3.05408040414181,14.4719246006976,6.58653642452657
-0.822316124318608,-2.93387968502957,0.299626792506666,-0.143398769074338,8.35945003648863,3.58841177142297,16.7704371988949,8.79464343272187
-0.807276498104384,-3.03169494802169,0.361097120403899,-0.0550590787915468,8.50845415707616,4.12954698879776,14.0176377259659,7.22976017005853
-0.773138277570503,-3.02667407663991,0.342398574531677,-0.117047198652531,8.87361091664033,4.24793160328786,14.474964956524,5.31302421611312
-0.742045248359843,-3.07449478258682,0.339764116264704,-0.124394267776318,8.62700439160681,5.12585463574581,15.6169713288018,5.56026515787501
-0.787812422210106,-3.01884523229753,0.297384750689631,-0.104914529436215,12.62675477066,7.53435889964958,13.1707607692168,5.42565195455861
-0.806460491470911,-3.02649910257076,0.325897417448448,-0.155672415160864,9.9644418654494,6.47415123938844,12.744571786258,8.29924356109989
-0.818372709003854,-3.04070369786593,0.372932687827488,-0.190906358973313,10.673344006842,7.80354545661606,12.0488443701049,8.40293917208968
-0.7389960789427,-3.01496944834074,0.402104613629637,-0.209999073943846,9.18452403538871,7.8697350652989,15.0603374671484,7.33028728560758
-0.822079810150108,-3.00079807355191,0.292762017071773,-0.227811570690652,7.38330151632213,7.2446344524357,13.0240023781737,9.4814412951138
-0.853113561172874,-3.06665005630608,0.330504989769052,-0.222226764357354,8.14739725635448,6.63486084553355,13.173715384289,7.89770641626006
-0.844329737734034,-3.10261010786511,0.340240902781838,-0.25091273150541,9.07656606824411,7.81902219933831,13.4591503348007,8.13963206980511
-0.797960581460242,-3.03970436364416,0.345568336066428,-0.211353835804012,7.27212053403085,8.46539488005023,16.5872057233115,5.99738898827133
-0.825355280728735,-3.1284352594422,0.343216455191238,-0.226490502662489,7.52178419286896,7.89248771377086,12.7817058671962,7.31350221796938
-0.826450559000449,-3.1548671148311,0.343612905304841,-0.227826963480429,11.0519689103969,8.25030735011111,12.734140069834,7.30510644877738
-0.778894525903968,-3.06682015518156,0.386321909665209,-0.246609040996268,9.06865425719559,8.68191154349361,15.445538777523,8.14354454774869
-0.75185654378848,-3.08004799606244,0.341504535056435,-0.306795514192274,7.85817051675447,11.3194796347607,14.9424625996546,6.76831198488452
-0.810694732746199,-3.06710838357141,0.333307550250919,-0.236417205000128,5.32394249756329,9.87507661071133,13.9486917530082,8.80811711249564
-0.793234120050467,-3.08815466768917,0.289008303926968,-0.221219969589148,6.94277265501812,11.5928195762576,16.9908139422748,7.77020682596126
-0.707942279318424,-3.12141720942445,0.301151835936123,-0.160720081360087,7.11326173618918,10.8252279471916,10.8301139621797,6.43479015388305
-0.667173920772425,-3.06592624450198,0.323729004003176,-0.213520038516042,6.09117952229251,9.19601744202215,16.0333481851128,7.97082553756026
-0.729782200902843,-3.08600727164907,0.347775363035841,-0.21752241993086,6.72662961649245,11.4958643475231,11.069215921025,7.46822980379727
-0.724380971424967,-3.09286750326815,0.303296746047959,-0.215365930962844,6.54975391926132,11.4016361782637,14.8123944528284,8.3010339395965
-0.771790677503248,-3.11477951703468,0.344485034039918,-0.218459816490733,6.78974555100441,9.05289203378086,17.4647984443174,8.49945931415145
-0.705648494708371,-3.07272025094678,0.352427620734518,-0.184382219264013,5.66038946826284,9.20663076059078,19.862750522249,7.01020040674803
-0.738212192187668,-3.10361938196078,0.320077489958549,-0.217346614658443,6.19467621710924,8.17382168652431,19.4191845841719,9.14184265068221
-0.781218759423852,-3.12953444875719,0.326791636998242,-0.200888597120222,6.06607954010487,10.8687743074999,21.8069539232358,7.70068334162548
-0.728516969622583,-3.21288891310114,0.366359045559114,-0.194485564443702,5.9894031199152,8.48751728035508,18.2411266505313,7.05301032845488
-0.77856483590867,-3.2404820106472,0.396216738673029,-0.0659152743021711,6.78505239046709,8.92217061724163,19.7744283053643,7.06376403538783
-0.723219763068646,-3.26861292991762,0.388670221603474,-0.184856921178537,7.31043529587484,5.35096273150332,18.0168826662141,6.24210689588962
-0.770459123446186,-3.18833692374941,0.327054037990482,-0.19540919338279,7.97106917646252,3.56978926085525,17.2663847251292,8.21404674036874
-0.748155138059101,-3.12970620073825,0.376838848079692,-0.214345773650399,7.86091181721922,5.06981674360663,15.8994968269243,8.22150423648096
-0.685321735019592,-3.16470869483433,0.351594984206181,-0.253975389712048,9.38983335429032,6.76986831022103,15.0521970629996,7.33565191631627
-0.738723202510448,-3.10941269729538,0.358097122826165,-0.206407892957914,9.65574151972603,6.92550735609645,13.3533402992222,9.44285987908606
-0.679908365000754,-3.12764857358541,0.372345356237243,-0.130462644691166,8.36604848618552,6.05849153174788,15.5186654050147,5.66931680252851
-0.706545350178905,-3.16674333675502,0.405507701612052,-0.175400280838453,9.30298999744241,5.80241441987312,15.1855846044592,8.38188069139392
-0.754957044584845,-3.24088823012359,0.326409233227379,-0.100156481079524,9.85718562356228,5.30955960850226,16.1518756832423,9.43673959536831
-0.77377120509248,-3.13191086018868,0.395531290558734,-0.140554125764591,8.3578252961351,6.12562864923923,12.203936616845,5.91781817589058
-0.790109993454853,-3.0919958846147,0.33557453397096,-0.170889931789915,8.62010030616222,5.61485734560575,13.2567826582484,6.59587455624082
-0.730443625630587,-3.02181924080019,0.326815337088693,-0.17349288130264,10.3207732201742,5.92052579437667,13.5297541864684,9.09994651505767
-0.844500497408107,-3.05586771515304,0.329054902934937,-0.25181902517236,8.08119062600923,6.2762481470834,10.3322715110091,9.60334999002638
-0.782780862576917,-3.06354564257055,0.35891646891587,-0.198179785192953,7.74410020484953,6.65999683506824,11.4506917395183,8.84897981854633
-0.796346551962888,-3.11011290365659,0.289408477274829,-0.266188344631607,7.20467279120533,6.08401169474098,11.3482790616335,7.70057669298355
-0.833066297798325,-3.06829724759474,0.273873813120627,-0.225222568695805,6.54396852408779,4.51341383320521,11.8575104742423,8.70028457356789
-0.777370665222926,-3.14800788717451,0.288177758071643,-0.260264609247475,7.60307536602949,6.40540293820634,10.2036803699962,7.32795477569478
-0.836273471624611,-3.15385012990909,0.247285331102165,-0.26166250810106,5.58482083678871,6.77371077980771,10.0700342083491,6.37140834001205
-0.75084119883392,-3.18599323762437,0.307405219021335,-0.178407991739298,5.60683111364406,7.1143525990656,8.40901889202908,7.82753950247213
-0.772536143983918,-3.14759752125105,0.330616581603127,-0.244053706751415,6.9618141574332,5.49564640190283,12.3214736988965,7.25040035871844
-0.80535281828002,-3.14157419591323,0.325861381145957,-0.234578121439539,7.66142209940856,6.11817010016192,11.7995488674284,7.22790914254335
-0.751601309057764,-3.15072920867482,0.3167491473412,-0.204604861497045,8.75446004539706,4.96647793963738,16.1820282011276,9.0983269949741
-0.748199633950423,-3.19509790902256,0.292510046108679,-0.230165115920487,9.07065256416358,6.36981803605778,15.9279613825486,8.1950815427363
-0.829383625175363,-3.23400918846849,0.289809217320947,-0.1914454723926,5.96457872604344,6.46693922222519,12.6596611885406,6.84335139204123
-0.800413005694303,-3.22886557597663,0.30870236880401,-0.234520478749764,7.23652213534355,4.09992610394986,12.3832712497022,7.56259530871002
-0.756974938993245,-3.28275335152636,0.292132673663952,-0.229930893272317,8.46849026400996,4.02388689185353,16.868395685667,5.54321990713452
-0.76775924787523,-3.27024148321701,0.274887293830456,-0.1743462292082,6.09668023617033,5.06872290278194,21.1246528369595,5.66527372744108
-0.788072416114955,-3.22386078186738,0.308780490055323,-0.192702401879367,6.98600168375964,8.03364684671089,23.0622582699715,6.72145242069601
-0.786606544394207,-3.20202997486084,0.281760542061642,-0.173809871700052,6.71366977875108,8.39945519744227,20.6882730063958,8.54563203638139
-0.815396600270548,-3.24374254549326,0.298748183896546,-0.219659130842085,7.11090405921709,8.15526833860145,22.0176929594125,7.08886003496718
-0.868614758095893,-3.29842048975143,0.273109870089622,-0.281466190133529,7.4692754083895,5.11254605188772,16.7261470820497,6.85843333149798
-0.741699402060014,-3.24394927798618,0.301455457208423,-0.18718025916858,7.05534292401525,6.33419173475073,13.7623492099421,5.25956882613963
-0.802809084168804,-3.22942221424939,0.332707717311991,-0.277358439229778,9.11011161366593,6.11242598961886,15.0451348764647,4.89188876092359
-0.81658690920718,-3.1900622319391,0.315193486486929,-0.249480171878731,7.4005912590949,7.85150162858244,12.753141592287,8.10211556420212
-0.81230560493852,-3.14715973635236,0.252134683899031,-0.332461407702296,7.32921432402332,7.1468141406479,15.5119617484255,7.21320989756525
-0.766512808303482,-3.0983288312392,0.230665387563897,-0.212570357624146,8.17642336260918,10.4180497966298,13.7592411319064,5.75191557513449
-0.801396843374153,-3.15927606297319,0.22906591188257,-0.254813885541428,7.19870566472044,10.8940921044814,15.4450695738968,6.21906122305282
-0.766974930299243,-3.15187054574026,0.227984032486898,-0.212580985086322,8.26921176453921,11.2294001825891,14.2900828441947,5.2528597979295
-0.787908071341802,-3.22367262623811,0.300300312107858,-0.253247750925464,6.16454785837792,7.00072733763892,13.3054076429555,7.88928197819501
-0.688364676703903,-3.15141325016067,0.262005492514255,-0.231787737284059,7.0574614073801,6.12466470540873,15.7500140284912,7.50297986210381
-0.82923305352095,-3.15810874466424,0.245151772793961,-0.190837747953051,7.95216895701392,6.13639445120421,17.0863702200575,6.59491065853675
-0.734125163858635,-3.16301832623573,0.23358886494752,-0.269391908804619,5.1258823822624,6.37400707489616,16.0239611884808,7.65121652715864
-0.746102344865855,-3.24063617108258,0.237816912445443,-0.250690255932323,5.61763423620104,6.53443560887197,16.3383029803393,6.19960281501675
-0.794817434722672,-3.16017729659111,0.26273841201735,-0.225952023578338,5.86356669421771,6.14017855725689,12.4207400827516,7.3813949438999
-0.804544380709203,-3.14111362292601,0.261186286526896,-0.258595167250356,7.67948169103876,5.03000654525425,15.8429010621324,7.4806111834339
-0.856201122824424,-3.12071330485843,0.259452422473021,-0.246704571749337,7.07367147594101,4.29037845911719,15.732818178834,7.23437967545948
-0.795346923936838,-3.04312990209383,0.242545523318069,-0.253197507109087,9.37089501742525,4.37246460007196,15.7824000779395,7.74928015710745
-0.782765616861177,-3.02954509846325,0.245892938901039,-0.285476583326587,8.01450229758925,5.53495293444062,13.1802840586742,7.67886732049708
-0.838453623603156,-3.10839674651257,0.202805412215365,-0.332394200089787,7.18425653411881,5.67139400072303,15.6620179038066,9.36278190508514
-0.847473770188239,-3.13451985960076,0.184253210922288,-0.276893158734737,9.04338820118388,5.01977313076368,17.0199285204742,5.80515608166166
-0.803798273778465,-3.17801654391556,0.186436171204137,-0.376776713009824,7.12985605350716,3.90241316870824,15.9338717166633,7.44409768161831
-0.821873169810586,-3.05477277751902,0.215907912068236,-0.310767879929517,7.64881159557433,3.17494456454218,17.6435895239671,6.42763575202596
-0.835416703481457,-3.24668111694127,0.181727180297514,-0.301538724402166,8.22125689373644,3.60592291178622,14.8726856418039,6.75588045026224
-0.79906169248776,-3.24358829905718,0.198265510211341,-0.348453673265768,7.6581249445981,3.5540755029786,18.6780185433495,6.99465579554606
-0.912271458151515,-3.21642916020069,0.208787164828186,-0.294805562963771,8.41748851526424,5.66899614856499,17.4847220385017,8.18772147393348
-0.876893183038295,-3.27444391263354,0.161043673930367,-0.298850500560027,7.3676571941221,4.54891492200589,16.4892270915725,6.99247302164347
-0.878462043237233,-3.27800287974295,0.16620516292356,-0.255595841464995,6.03753331592011,5.05043900908194,10.9226978913539,8.65515302308608
-0.880962397213279,-3.41254685665464,0.233532732026066,-0.32859316453443,8.08486692833924,4.53788469191005,11.7148799057921,7.42519994211627
-0.851266926830187,-3.32164780469112,0.188247483715564,-0.340867528433678,8.75626699407182,5.17953590277397,13.0445163719524,6.39542473273759
-0.881871951094289,-3.29402643268857,0.220460728451736,-0.362400436920619,8.51566680457722,6.93666353224173,11.6713569283416,7.3956727861261
-0.867074677309955,-3.23710568752518,0.226190894715472,-0.307340072497945,7.71062574484793,6.86616936307745,11.7378674797617,6.60893333495656
-0.826010586637265,-3.2863266198934,0.23141818111782,-0.276780664472108,6.63084259366286,5.92673578799801,10.4494965912702,6.97334071197148
-0.842964286550236,-3.26459784063533,0.171560265696959,-0.290807533425403,8.83993170920391,6.55366804050015,13.8884411956312,8.3556717758206
-0.801832069967592,-3.20467912102388,0.208565318206055,-0.237752596351563,7.67802406204851,7.99632862841711,18.8805110154918,7.08998448161861
-0.861157147892206,-3.2334465441332,0.199794756783081,-0.301883599445954,8.982057896252,6.37156285351304,12.2409982530262,7.98619900677513
-0.81726473683177,-3.24971727188777,0.205062544131343,-0.270880058257853,6.91409597927202,7.32400685566703,14.066815148801,9.82337126459278
-0.875906975167715,-3.23011351811931,0.117560042303497,-0.26822111290437,9.59528551620742,6.85472622439164,12.3617776690486,7.68293150004042
-0.819667505175746,-3.20203604296516,0.202911818497194,-0.294523502475969,9.36822138382593,6.53885069371162,17.5328623277382,8.03508257395603
-0.856638494477459,-3.12493729316051,0.187599230858241,-0.285070514990511,11.8991511584526,5.87815072589441,17.1483758925018,10.3706244268168
-0.844813610219852,-3.17552623964194,0.181445191490294,-0.240934062946473,9.83144117702162,4.74146301082483,12.3423302220445,11.3799639302425
-0.886752270182589,-3.09362310370823,0.266871010161377,-0.252123882662584,10.9722951590902,6.09590395606088,10.7864879741181,9.40609519447473
-0.819301484569254,-3.15758728686584,0.249261336187382,-0.253661107293489,8.79529942197226,6.76347302474886,11.9581057347725,8.55676791375097
-0.854036263548641,-3.15646264793689,0.227992503973617,-0.22097433238111,8.92151873745842,7.22042817755481,13.7807345624693,9.73414026036921
-0.810769061113588,-3.29877426341416,0.336151835851192,-0.282735728398651,12.3250003235189,6.40914585402703,15.7821807870497,8.78263920921435
-0.839626827762888,-3.20827074998768,0.230311673874725,-0.189585525018607,9.95972217491716,7.48771138079983,15.0077121445175,8.74428634485172
-0.782263633885907,-3.23490060076935,0.273155377112968,-0.267362611606261,9.3228824202525,7.05579352557117,20.9347909966307,8.34904241998579
-0.748604473464283,-3.17077581262227,0.256353217967668,-0.247752774801274,8.93112611705067,6.960504892565,16.1735634140402,8.52068582483705
-0.793347586254773,-3.18534500248778,0.250717911732543,-0.321912150809932,6.72947707850223,9.70376235528592,15.8084502994934,9.18532792832098
-0.718120262829536,-3.18602203024654,0.301503402044934,-0.285914680654121,7.1642536387433,8.60903864910256,10.5176062817822,7.41970334764808
-0.765136030867564,-3.12178650879616,0.309448350375903,-0.325694921888883,8.27080344649131,9.94926751331057,13.0981803963527,9.50164914844315
-0.753399643369939,-3.04616214201866,0.252807926963216,-0.262710595117329,10.2317127656094,8.3128177739235,11.9717232786341,7.19626551937713
-0.743994968407316,-3.07247106103973,0.309913223535147,-0.261372911619353,9.04453411403994,7.77194847133268,13.9778804893823,8.07625096439756
-0.742208174868044,-3.04897539582,0.348406223037811,-0.247158673425973,11.6549049609682,8.51504687234978,12.8535774613713,7.04724339525032
-0.718367083421955,-3.14654721602557,0.348380272472586,-0.315663789126283,11.002497251569,7.48697227171823,10.9374370446324,10.4189255735447
-0.766020210250685,-3.04789667864982,0.340105672709148,-0.32770611076271,8.75225376013371,7.18117438530382,13.0989417506721,7.442074712254
-0.725855179605913,-3.11108968427798,0.356828018936886,-0.317209409609095,12.4542276245588,6.39899352073239,12.1584389413587,5.80699418483791
-0.664071987021528,-3.14681913845107,0.370900944866111,-0.308429366927691,13.8389607872439,4.96813239982583,10.1254696159898,6.2754679970471
-0.666128302394369,-3.1939482186139,0.407409186678163,-0.238259031652111,15.2508893334503,4.92452428658789,13.0946003903202,6.80618871288091
-0.648514991175298,-3.20710079900176,0.378837350640219,-0.209647631674344,11.0028133685988,5.19877150311273,13.241671006401,6.80554688764157
-0.647081862426725,-3.14367176247637,0.365903933472227,-0.260350927549966,10.2044281978539,6.48559181266671,13.3057134961644,5.76727488044982
-0.745365515217883,-3.20937237637848,0.383612255911132,-0.24253076297491,14.2086099131639,10.4407259572132,11.1453643713562,8.00477915518761
-0.748127376760543,-3.2292003332247,0.405034446635407,-0.210013506412807,16.7530735934735,8.08289528202702,8.64219345724941,6.61717909566276
-0.749684459540469,-3.13528220874101,0.395042430452839,-0.248435352401795,11.0894794082358,6.91719478804302,12.0376895974161,7.52067136520374
-0.744121998766549,-3.13536366138126,0.360876853528093,-0.267224806869562,14.2530798213957,7.05108010464931,11.9888813598095,5.64088134104621
-0.686904615448061,-3.06972600581534,0.368827710563722,-0.316220023906232,12.5708114743978,5.65375794222488,15.3002296042301,7.25231325975346
-0.719985204003994,-3.07768246803013,0.352189302334441,-0.239848793422417,13.5046932268731,8.52749708976605,11.553983957055,6.84893519468297
-0.72212742263384,-3.08114255110091,0.333238200687271,-0.258578108212708,14.3196388234841,8.80193898549496,14.2610390218546,5.95193197737607
-0.738681228446684,-3.10580712920202,0.371090154027357,-0.289883078978837,15.4549657673773,10.6246829026486,14.207985788577,6.77300119826088
-0.705952712874908,-3.14241667657356,0.315788671966533,-0.281818127710109,12.2657388477387,9.14932781679165,10.4458890876949,4.99150406229173
-0.763114033751076,-3.15124904102938,0.311088923793664,-0.24531340477017,9.99178779438905,8.53004864546239,15.1537243102711,7.22278641315063
-0.767681863511313,-3.15580526849139,0.306084821304733,-0.229932197795548,11.08331729032,9.58016921396792,12.5306826034132,6.17555735352767
-0.73991560863791,-3.170619939423,0.355572362456654,-0.219548638613363,14.1231355066819,11.3026129019679,12.0851977764135,6.97639197200902
-0.777801575000704,-3.11272202360593,0.365983124054966,-0.160167209173168,10.2130463459185,9.81455233884724,11.3510010147671,6.77809750844533
-0.708116535625626,-3.21512318319078,0.356414973364442,-0.248903831926972,9.83457133396732,10.5827512312455,9.43515728746472,6.42847816389814
-0.776596017808644,-3.11500434335202,0.327127904961906,-0.286629521502579,10.4787525447952,9.90501434894588,11.7212853099208,6.92619683147875
-0.812149711047206,-3.09936465784348,0.346062872393943,-0.276537492128654,11.9625378612392,13.8813556798091,10.4152473460851,5.8296094059566
-0.748909079263977,-3.12064131836142,0.378457840407101,-0.252097610808046,9.71805308098942,16.2610856120262,12.4526252961298,6.33906797187255
-0.822201210029348,-3.09046849216997,0.329244725574224,-0.20416655131011,9.57086598708865,15.743178387417,10.4433506841087,7.88985284831975
-0.780669588566615,-3.07553898392394,0.292917002935707,-0.286972172671187,7.07086040022221,12.7217464337031,11.26308272438,6.64685021994319
-0.823541823817091,-3.08645237879877,0.269968604953015,-0.256249837737349,6.64981863225525,13.228878834651,10.6350746804821,7.03264416814991
-0.819378662525274,-3.07148441775403,0.355214512012509,-0.150264663755704,7.19099386013868,13.3480504717943,10.6783117983066,6.20206314737706
-0.812037082364063,-3.11427411153581,0.369802222166979,-0.224347719107558,9.93580163569438,13.1409273857448,12.0534859578792,6.42055836020748
-0.77883393691025,-3.1293489201397,0.400393008160549,-0.240263857175395,8.11796816423278,16.9042664313338,9.28237855147192,6.40850552804134
-0.784656903992119,-3.13707254280445,0.353121859323086,-0.235403337090943,6.65881707738405,17.3138672895781,11.4910534252979,8.1855968699143
-0.751751908801695,-3.1143917310656,0.291673990395873,-0.246298346112495,8.12393575390526,16.9062579263964,6.97066652276921,7.24268757492254
-0.828421974920062,-3.10729601408934,0.249984697964567,-0.189995288898867,6.35289463499155,18.0123122892822,8.63286382264947,8.45961987444909
-0.894003173554071,-3.15922410799269,0.272393055298561,-0.261779010000269,5.85681807969388,23.7028596763536,9.8205002957152,10.4092165576224
-0.828749538987955,-3.13234886811612,0.24621825015523,-0.276681550499634,7.04189362725493,21.1562212951989,14.9015898512722,9.47853903224946
-0.862361400429111,-3.09055205282877,0.342799264574912,-0.21340545254602,8.83039481796621,20.3723041120268,11.6177283913539,9.69025469389178
-0.835003683178211,-3.10708780610436,0.327359732786905,-0.265214380213912,9.73293518995143,16.7190495747896,12.3455860866611,10.2361759247012
-0.890254759760171,-3.05918608263176,0.29070682303644,-0.23860157522767,8.56543972090815,14.5560708849984,15.2005036169497,8.11434057826104
-0.840919149987293,-3.04446145011032,0.304596138970491,-0.265183910544189,8.85222294839346,15.1803653969538,10.211006225884,9.45913561308732
-0.877987297780154,-3.04188094549994,0.341213006075249,-0.192360086079278,10.3596829372329,13.8402031894442,9.02698091654611,8.76218597511462
-0.858462731993734,-3.09917854832722,0.378038120373888,-0.236355905428048,10.0018074606821,11.8697766203265,8.10562364874076,10.5766969341096
-0.812445770080236,-3.06851768624976,0.35860948067032,-0.222946114862389,10.588485527792,10.8849675528647,10.4621843236874,10.6201222614803
-0.834890190784464,-3.17635921482207,0.337181601685348,-0.171335738962873,11.1526110476885,17.0438425546398,10.5676544520357,10.2017607230582
-0.848020186400393,-3.16255883124485,0.297772185546193,-0.183934035571526,12.5051875043234,18.1503999683612,11.2374926046458,7.89689276680907
-0.811630606545297,-3.17323422492583,0.260848558666109,-0.22226191974669,12.7484721183646,16.6244947657789,11.0893536961417,8.35746211348061
-0.841205099817173,-3.21394567360448,0.251586704193255,-0.169449023696334,10.1894037541661,12.5337333978883,11.4746305038368,6.93431150550852
-0.921934804275197,-3.23940962744989,0.286923279026018,-0.203869265131102,9.74171007125406,11.946074308149,17.677961351517,6.8093839549612
-0.793592509860784,-3.18343707639177,0.306685322357101,-0.223479647705108,10.7274729726085,10.9709757970315,11.4650548313441,8.4653288765261
-0.850733718718667,-3.15137140421448,0.253399442528306,-0.180994392474921,10.4778952076135,10.002001968055,15.5659993901672,8.67344653376316
-0.867181023884755,-3.17519690774273,0.205435658899032,-0.286952391041357,10.6012100610893,9.2423327003554,11.9727784712491,6.34130491130235
-0.887072570704613,-3.08331848363522,0.195038467660187,-0.283111994453222,10.0072752788652,12.0932868784052,10.1477136158694,7.6174170224448
-0.834664902038913,-3.12291024895701,0.232792934348705,-0.216215718604978,14.3828905910296,10.0707044085781,13.7266074434482,7.48938099749548
-0.870122177451297,-3.06381279522425,0.219873160297608,-0.306497298850686,11.5432255699999,17.8518193937037,14.8613639859116,7.06481320633939
-0.920244251629466,-3.07494354386762,0.206818846644043,-0.25464032876229,9.06119023373295,17.4546661497588,12.6158654868221,5.63232514239393
-0.888558479855352,-3.06977084807203,0.225664052481784,-0.278699252312373,8.71162362442891,13.157939163938,14.5575253238864,8.00583413748074
-0.873704310983081,-3.05661533252557,0.213803167061612,-0.326025940561043,12.4144812564383,12.5169056218496,13.5033953331136,6.34637870114934
-0.865559244909375,-3.08762387959321,0.277740911771581,-0.23009017513508,8.38132452808854,12.332576296301,19.3821582054464,7.7211882155955
-0.837183022971793,-3.09424563124198,0.236116085618814,-0.335300981619182,11.844131413856,14.3056337359792,18.8730372961196,8.03651361763159
-0.861911687761821,-3.08143262037533,0.266286663315733,-0.266473360964066,10.3423472201835,16.354955701925,18.4662057611311,10.6500164776259
-0.838308922196124,-3.06172409968548,0.263880169985395,-0.261359061176807,11.1139299417182,13.3324819872694,15.8473483798133,12.2068915524141
-0.814574199339348,-3.0781271645711,0.281445468124976,-0.221252520308699,11.8107879185428,17.7830466118138,18.1380513010325,9.51353227883979
-0.798385134929374,-3.07734966791025,0.282781090283862,-0.265532131504117,12.3183415556111,12.5823220729267,16.3757724031357,7.03647804889733
-0.790957602219528,-3.09164590128155,0.35328994378851,-0.176756046250858,11.0975119130745,12.7035543429574,14.9678986967428,8.54978853621736
-0.714981770397193,-3.04076884885128,0.364508807144798,-0.22953060093227,9.10324761211373,15.0875913490805,14.4848349367709,7.54560905171539
-0.761372766215947,-3.08549849259451,0.34921128758963,-0.24598571170474,10.4384495031628,15.5655325221828,14.5452241057504,5.92674136585184
-0.776871331488898,-3.02545879594838,0.290718586037659,-0.254907248333637,11.4137541435226,13.5350306714752,19.9835040990347,6.17183370581811
-0.763784857165183,-3.01572585688313,0.247507796173584,-0.345532596337897,14.3574277630142,18.3449991292146,16.2994624811136,5.5284239628714
-0.803354247668299,-2.99439034877165,0.28607482129036,-0.30908585356363,12.531625110004,8.0702913056557,14.3024913671502,5.66044230748869
-0.790249567905503,-3.02116475397248,0.239451013576225,-0.291171272529563,14.0111257160541,12.0099333753677,11.8713080857431,7.80859618812913
-0.843781623839925,-3.008182167024,0.239589983599878,-0.347349353373741,16.5396306677371,11.1640167675784,14.2412999172378,8.42998411622348
-0.837871092723161,-3.10123586054163,0.249456679359826,-0.276196340130455,13.8030741573095,9.85907163804728,18.7664061172468,7.25436664552462
-0.818459108647776,-3.11733949548738,0.221780736572674,-0.329862581292168,15.1808240017148,8.25321462548349,17.4972427407992,7.60690488999878
-0.751195572338332,-3.15858369342451,0.30127019504373,-0.271940092540205,10.9243139175896,8.89465501101879,16.5363837489024,7.40766490876192
-0.832978327220765,-3.14692993928327,0.263003653342869,-0.239942795625532,10.4721574402201,10.7100882212548,19.0057092174924,6.89568004460692
-0.860039821005946,-3.14156446911398,0.230787415488234,-0.342132285954842,10.9213278392519,16.7880507194757,17.626920848942,8.50055061344229
-0.789201121642165,-3.1445324508212,0.332391205181362,-0.312272594529943,9.75111434844331,13.0347346552631,12.397781523738,6.31075839709133
-0.786114017140045,-3.12251746501944,0.272681261359641,-0.209891905595938,13.6602591288789,13.3781277026963,14.0899841713452,7.05171571715474
-0.772604503451818,-3.1117451248082,0.310966807685042,-0.200908442831658,11.7610044255244,16.4489689247752,15.6141744536678,8.44870163880209
-0.791433949460616,-3.16445495698895,0.335896816017231,-0.197421119280479,12.6619704378544,13.845744246187,13.0189053039851,7.18625153201477
-0.726274803455089,-3.15238467834906,0.290377518617464,-0.231371706441032,12.7131967841725,15.1623399169986,12.238909910063,7.71452361019789
-0.702946643191247,-3.12965637692796,0.311727959778205,-0.224651558558481,12.548646970554,16.5156825613419,14.9154616653272,8.27481217010357
-0.737513623973095,-3.12070065826163,0.300552762371065,-0.214344477003964,11.991031137883,15.9634873468205,9.95468162764642,7.6955319863675
-0.745443127157857,-3.15837290138979,0.228238813894039,-0.18921217780511,13.0974457736208,11.9344329173127,11.0434278288026,8.30702440510948
-0.777876056936338,-3.16960431741717,0.244303184231306,-0.243955137385354,10.9459176650501,17.7703984005703,10.7316268815106,7.9534296930631
-0.783058024044396,-3.16132894564409,0.211706135799525,-0.165547028311523,12.9133280711953,16.0116030438792,12.7330285567056,9.78701109867584
-0.773078465968871,-3.15441263790455,0.242574185996259,-0.210447182423732,13.6121390297111,15.6846923770681,13.2912386136027,9.80969347730242
-0.734051620311601,-3.18818057948682,0.263705722455602,-0.162952657178184,16.3516634890684,15.6625274379324,13.7366247855086,7.77096403565552
-0.719458898513133,-3.15954968987599,0.180450293902597,-0.196686614453236,13.9498515467019,14.2832794501263,11.5615767885351,5.52902933486085
-0.722357618113131,-3.13227428523601,0.245669703305059,-0.177611245174597,14.8390441703248,16.1917103553319,11.2680178352943,7.36488060043238
-0.696886727551753,-3.17499413515734,0.261227276813915,-0.190712730093221,17.6524683596267,12.308402997646,10.296076749953,7.71186891583216
-0.763406357786556,-3.15780543796461,0.24272619368959,-0.21255047495955,17.5485631449671,14.1649714174276,13.5434745204924,7.28820138027588
-0.664597208576,-3.14652950165829,0.236699512783906,-0.130056517361207,13.8537650968887,21.1173850051505,12.1788911256473,6.16123380535794
-0.694831490767157,-3.18352719493536,0.255173133114122,-0.225368909700073,16.1346978011712,26.9849816845069,15.78018143638,8.01690326663399
-0.723791224988765,-3.16043208190166,0.241443150083155,-0.241066313415872,9.10681586735166,17.9168227548246,13.5677078168444,9.33627260200811
-0.782036714390417,-3.13359752011411,0.215897625932062,-0.169581706239406,13.4101800828635,19.0650973515107,9.6629234175961,7.62681576110556
-0.726655260178622,-3.10461216750348,0.228067233122526,-0.198235284505056,12.3182404639478,18.2675460662566,10.7175192219579,6.81698915807842
-0.720214316701238,-3.18926604761746,0.170477193255128,-0.203932062645886,15.0129570956455,19.8294689747065,15.4877609013904,10.6774705856998
-0.742924648769226,-3.23310187990232,0.179245430161764,-0.24181202153089,11.9146557479765,13.5022392716021,11.4911731202321,12.2260405318494
-0.718475504707272,-3.20619574956328,0.296708714784992,-0.212178096097601,13.6263269544852,13.8503620465431,12.6381040636522,11.3047188003257
-0.747806734167163,-3.21831108842531,0.297180391588526,-0.301607530136589,13.6944146786257,19.0873401681794,15.272318731658,9.77313339827756
-0.770758720339475,-3.19113813936023,0.244291402283286,-0.260106237806315,12.6471176219155,16.1526625136128,11.8837416693437,8.27161370404168
-0.800439041880489,-3.18703315462025,0.247012916653928,-0.237674567344905,9.30289861835225,17.6341250443224,12.1122564402172,10.1445152577136
-0.762320156909589,-3.1811377224377,0.228399630659491,-0.314168947156999,10.4634419309244,17.4160310243163,12.1413470533881,8.09823518117132
-0.762551474678852,-3.20240404172665,0.264660340274369,-0.296713831582501,9.24830168603539,20.083498072126,14.3281897956284,10.1263687766178
-0.784864274061163,-3.20007846703538,0.263668985912325,-0.325999705628499,5.92758645301395,20.9213443076895,12.1229868435505,7.17739773219777
-0.771484401271992,-3.16925581304882,0.232535718461211,-0.251062702504778,7.97431872449857,19.2445073536975,12.6258204863899,9.64095035343092
-0.77356563168322,-3.19464400353263,0.19453810383653,-0.279745264205745,6.292312317487,14.9108211174408,14.2513741577985,7.64886640687142
-0.834834802116101,-3.21063579578618,0.244565261949128,-0.281130830339421,9.83251513693455,17.3087401666563,14.9758883454224,8.71839347339677
-0.68655327035633,-3.13710237435345,0.254382548311695,-0.231467697776779,7.25640875606316,14.0526114101935,12.479027289762,8.20224379152945
-0.764255471472338,-3.15351223024018,0.256232626289547,-0.232995660310673,10.1278657091762,27.9407386602596,13.9753345500913,9.70278564797565
-0.734057987418865,-3.14372748538863,0.18548505131885,-0.28664108960548,7.95873475871613,20.1798061992999,14.2899716343242,8.11718390689721
-0.790283123247016,-3.13128878610674,0.289750975865441,-0.265630610351976,8.1709330661513,16.2656587808054,14.1186079841259,7.26483830615272
-0.828361397789067,-3.17863653558666,0.242622373784167,-0.263725094037051,8.21040826555742,19.1210540211227,13.9094144914515,7.56941606940792
-0.790542659025844,-3.17727496148089,0.2786055308832,-0.253623010879305,9.42343924764737,17.7210550416876,11.9948305617595,8.84324779585208
-0.805517756263133,-3.16735230364008,0.283147412422649,-0.317663605252118,9.07126514067921,21.7778120105745,13.9537462023141,8.28443513340643
-0.842980747158989,-3.18131529620692,0.284298046243916,-0.236412065135599,7.69043843551623,12.9252082083757,10.7817401588234,8.59174971255753
-0.786986849265662,-3.19857081347465,0.327915129582218,-0.248846108479391,9.64376971441429,16.3878266814369,9.39834005017556,7.93573083872609
-0.828623160486525,-3.21737090850983,0.241202021592602,-0.26669383850021,8.98914578854992,17.135849047528,12.0458564579405,10.1079121883641
-0.780508574864413,-3.19136594586727,0.274010939450529,-0.292880887182882,8.75131825034784,17.1507898697559,13.4865603061266,11.6871470931316
-0.808039200057077,-3.10660093835898,0.269250003009806,-0.213425634813056,9.58472136691715,15.1251436061668,13.1577475070181,7.55595680869405
-0.790368723351493,-3.11769243320783,0.324140397975282,-0.284432665957506,10.2705831944397,15.5366302411073,8.95160788474074,10.4579673858285
-0.779200460923454,-3.14749597289908,0.322195269866229,-0.207009008723528,9.4705232398528,19.0218747106889,17.6463422891687,10.1380143621856
-0.726266208605988,-3.14431038243302,0.30969232029576,-0.230943529569508,8.98571463288742,13.1922057392731,14.002116543808,10.1632748364381
-0.766362595008786,-3.13817777810208,0.333019087434498,-0.251277760433186,8.54577709091613,18.713894724701,15.0928304074913,9.35621490481342
-0.690871649426839,-3.14290550439065,0.384804580869276,-0.183894609144556,10.0109189786829,18.1559501008463,13.5782768028468,7.08768318514778
-0.671569066260073,-3.12880285777074,0.368652257229699,-0.197283965560646,9.82712748806239,16.5657919063045,13.9074598977002,8.85404115634548
-0.675286342246055,-3.12794600353252,0.360901907500193,-0.287726186106198,10.2615180572381,14.7509747491702,13.2089250888179,9.18903213216713
-0.639600622548753,-3.11281838969674,0.3539307174625,-0.231557044358527,10.2372387028674,14.1248263991962,10.7872715047213,8.72601264810947
-0.699085713769498,-3.17464464037224,0.356463577914341,-0.245457579630493,9.64048247148846,12.3768344909074,10.5088732464556,10.3712773851476
-0.697386970184668,-3.13650240463226,0.358049417409551,-0.214480667763128,10.1185451553072,12.8376949766656,11.1288394107557,10.6668117580756
-0.685611693985722,-3.25833201257611,0.446786817907702,-0.172456118614909,14.3591408908763,10.8200275721539,8.29286009940775,11.676142611791
-0.688515144482317,-3.24129880805893,0.399987651238831,-0.176626913271528,8.03154066361685,11.8746999181968,9.80965602079803,11.7566667560968
-0.64752442069697,-3.16801725238628,0.43169927475468,-0.164812509885111,11.6312673997119,15.6071979210963,10.7196333548476,9.41076779644568
-0.640748591607184,-3.19630998692342,0.402182674106411,-0.210371649516464,13.679872318782,12.325353310786,11.3162236109954,8.66860482518592
-0.698809411013652,-3.22406789519565,0.365697850337433,-0.176545183617923,13.6516554083283,13.2328325201058,11.9373130522579,8.53216739193476
-0.702527615706229,-3.19954672895053,0.399735273084722,-0.174550006740881,15.9889609647231,10.4324946514441,15.2438232640356,8.30151701264568
-0.712088440989145,-3.16341605501994,0.350645970490085,-0.181852830946969,11.5225461499962,11.3532983089884,13.9687332657239,5.61979079333478
-0.681931806033638,-3.2334344050293,0.395965757301803,-0.18732719829569,11.764774537217,13.725302880743,20.4457171701307,9.40138493975987
-0.71638820717073,-3.17991186482329,0.35231536124312,-0.244327620289139,14.0427135535526,12.2587532431707,15.3935665679283,7.17105661229179
-0.745133273554794,-3.25359557717289,0.35742921214476,-0.242411487086892,13.5050662081746,9.88033725554069,12.7642173362686,7.93429551516853
-0.792683982846463,-3.25921712965586,0.318406259705147,-0.220443031944803,10.6582176125313,9.02072143848225,14.5269031345343,5.29814904147227
-0.754863950819691,-3.14625207819322,0.402501741010635,-0.246728086098992,14.4897848587593,10.4316428077711,15.3475943811229,6.82565291644134
-0.721715408740953,-3.11371209667836,0.32613745238211,-0.188321832488744,9.75565398586266,9.99589116794095,14.8944945546627,8.24065003926128
-0.72497369211811,-3.1328836780923,0.40146285686124,-0.181133686476363,10.9732748035496,12.7417318758321,12.671787823867,7.8462252465377
-0.734490914240374,-3.18794377344123,0.39070661519128,-0.212177013291738,10.9768345013888,10.1897965027086,14.3454263925664,11.2611300230287
-0.654560470619658,-3.17446571856412,0.362804455329431,-0.182171648032816,9.55101435728025,11.1201754905491,11.8726655225536,5.45871515922053
-0.659875147251855,-3.12348749325256,0.373490677791939,-0.211927839855009,8.16411872935674,9.38393329092328,13.8713427033744,7.92269058379889
-0.715132660955622,-3.13145995463898,0.374921630595656,-0.24885446826322,8.75335837535163,8.05416570928173,14.5530758542779,6.19239380757119
-0.65745004773452,-3.09880002683839,0.378800629400108,-0.215788361977382,9.15284004032365,9.95406227118592,16.6123345585605,6.93832736350972
-0.726527848415933,-3.13007678877113,0.369029074592087,-0.163077911682054,9.0269026790581,10.78883555012,16.2655150250485,6.14136603584281
-0.753979201961099,-3.18827883156824,0.39175607055465,-0.26076683328073,7.68215350728882,8.9298509607168,15.3967191731221,4.98004344232208
-0.687873509851745,-3.19100263548242,0.432172861478222,-0.258397882133151,10.3221840980207,8.53571733529891,18.7656927909718,6.11978220495747
-0.704817649244849,-3.14232272347469,0.414831719795267,-0.16906480728651,9.84671092430433,10.0666386004552,16.8742834360735,7.05961972439032
-0.658295272891123,-3.09284297639176,0.410630766846569,-0.238954195987104,13.5768187792812,10.1989551889255,17.7546965066252,5.94177076499786
-0.660034208310301,-3.1271609759295,0.417957360554055,-0.212499917918823,9.00284751282539,9.86807077306693,15.2448728742968,6.52374719394886
-0.715464997262122,-3.1690767221949,0.348996153539465,-0.246283589327951,7.83701460530059,9.37701964769543,13.7202361778288,6.03141027960523
-0.761032814416013,-3.17987801643846,0.400709607976526,-0.204466825070425,7.41004792525032,7.41798092740316,10.9825376046717,7.76212492664076
-0.741686838923543,-3.16053642874961,0.416597833055789,-0.220652331583478,7.92545946814912,6.04833797190553,9.57630015611183,6.99912930252643
-0.7344386366129,-3.20953464088257,0.367577970067199,-0.290160179382618,7.03312793804953,7.98369114901549,8.21922901481249,7.91916073294514
-0.783434002218978,-3.20046928802495,0.338907733836242,-0.205914493906424,10.8340753296567,8.72313135559332,7.47302842875535,8.64132563636984
-0.753774266964847,-3.21093973777019,0.326072797133337,-0.226398507149141,13.6515030291494,6.84578933592785,12.2764026178805,8.79610867376615
-0.697391000127197,-3.15970665620726,0.372576420555525,-0.165540677790863,14.7369388598229,6.41620269023337,10.1905083476241,6.45670221447446
-0.738894732302102,-3.1439867223288,0.388162620514637,-0.217893654126188,13.3287107931414,8.45967228454559,10.6718656545804,6.69932989729009
-0.809754198514994,-3.19165418925846,0.42870080207434,-0.199206166496828,13.4566505559477,9.48363173446916,11.5481621266805,8.6383764736892
-0.790153660091919,-3.2066244710364,0.400901790932799,-0.0668676971508117,10.6826444600672,5.83744554372428,12.0650955170062,6.11825569796558
-0.728922263120765,-3.10367101526841,0.400984765674111,-0.196307351924327,8.79485490582665,9.92742039883573,11.7735242087286,7.35509172789699
-0.767026957832644,-3.23348712201788,0.409251173462827,-0.181895444467895,9.6540237823417,8.67124972305179,11.8625723365761,8.87267936835159
-0.711767556536878,-3.09710323296896,0.403387136046746,-0.199105369725308,9.94774973274376,9.39308795624344,14.4884878762084,8.21624141377188
-0.769528398758982,-3.10712731274818,0.403973670030041,-0.16575999910511,9.07426822468577,7.92564061426626,12.4158591977088,6.33613192775881
-0.735532379370034,-3.1413427127835,0.401272318724641,-0.142298509340085,10.151261092431,7.12315488956213,14.8436592522581,7.5185184956312
-0.735097171264992,-3.17858904278241,0.388623501174435,-0.127437763328384,11.1193718833197,6.97061823126568,11.2343551953844,6.15790885425476
-0.762102943894524,-3.21362330824871,0.362567079444235,-0.173030665956733,8.46367409102837,6.06990584049132,13.2628466996427,5.6783973799284
-0.799064371835541,-3.20150836474253,0.416300220152285,-0.13097832569386,10.2525872494246,5.88887811814305,14.1761700599533,7.15541384887409
-0.807932694733764,-3.22973628998403,0.418631204141,-0.174585086225794,10.055594869326,4.84978973178653,16.3502918310239,8.49141728363724
-0.770235729414997,-3.2209658566046,0.40126758558888,-0.180135876920554,10.5927938796931,5.64393289974354,17.6500040565616,7.35987453963124
-0.783448498411643,-3.22559865798345,0.419112324891055,-0.161607587893209,7.01401775571015,5.68725997371622,15.715964797718,8.50440779724881
-0.739861739705966,-3.25547272275591,0.422016934746667,-0.179069106398792,8.54557898630105,5.09916677619066,13.3812331646947,7.7608507588002
-0.729027326710438,-3.19177706640321,0.396101975388643,-0.199143864604549,9.44315704739694,5.12420182633981,14.0245530215263,8.77787023494119
-0.724992595729692,-3.14660033184302,0.387715070388019,-0.181622302847647,10.0463919552837,6.11827252002267,14.4618369342922,7.08775357351096
-0.713055432234432,-3.17761502660757,0.406428536215892,-0.183983738798215,7.8727690904487,6.33241698562776,13.0268678780006,7.77703980305653
-0.692650951589428,-3.13888713735744,0.417846690121499,-0.10481861811575,8.77329382918414,5.77496663718904,16.6085054636421,8.30637649169147
-0.654261743707581,-3.19599796999957,0.419581326653469,-0.187467558225588,9.40221588518387,4.83250232764975,15.8906566214777,6.43433766986851
-0.695905323219295,-3.25718019376382,0.422423972461751,-0.18745758058759,11.0236751641175,6.38821455935705,15.344979222542,6.64549577425048
-0.730630649258576,-3.33288215367886,0.400662947980078,-0.162655547774859,10.4797498952552,6.4000250112613,15.8257304755448,6.6355598919537
-0.758590778858004,-3.35612603683799,0.412093983334341,-0.183075248716432,13.0451744520427,6.60639607196524,17.7939014252873,7.70795035284483
-0.725646092717698,-3.29264131415927,0.409954934898927,-0.204097766892676,13.7351515184449,7.70637183534248,15.5202744239951,7.29990255007494
-0.734163223763,-3.3083503340437,0.396791425742057,-0.180168161134102,8.59684394074899,9.97415632727306,18.7847510248285,7.3915128567953
-0.747054480609876,-3.26211264888903,0.368943588227771,-0.17377347933023,11.8607646369761,11.8826178173629,13.9662574519345,7.31137616879517
-0.742426113283096,-3.31103405025206,0.407793957305037,-0.112109930221718,12.4759132945205,7.58968562564074,10.7073834170784,5.3553010223619
-0.764309265771708,-3.2284963324755,0.344003038680847,-0.173547166235921,8.87366481583504,7.54395633901741,10.7917865095921,8.31447926769583
-0.760041684286237,-3.18135078046828,0.356574338150386,-0.110615920578484,10.6460056171793,9.10809430766897,10.3329938253229,6.12904664051911
-0.757598164002559,-3.20216106404202,0.357626199737325,-0.114771779834368,8.63508982204262,9.8358121662643,9.74526548272256,6.80321366647443
-0.83529655354316,-3.20526679002791,0.421761749094264,-0.124311522441926,9.77072253647162,10.5395058258177,10.9633985099862,6.73290404902096
-0.734067312839757,-3.08208292474017,0.379730032017967,-0.15010509054344,9.79821206249348,9.69144235463769,9.98122816903055,6.76121603910391
-0.781927272477103,-3.10559179353493,0.352112964727285,-0.151022148486915,10.8141666393536,6.53686362151002,12.692017708689,6.67953696348078
-0.758433219114009,-3.08839098739006,0.323141176103723,-0.203669123513856,12.505150276027,6.8118694454218,12.4867729068831,5.62087148857676
-0.785909521961152,-3.17950603291902,0.326065214385228,-0.177243521575209,10.2893321043129,6.53432532560435,8.76677691091958,5.99393229771213
-0.785175381680244,-3.21260911324677,0.29437776392831,-0.184731751268353,10.2655298628363,7.38291858537596,10.5869173782113,7.43369383235167
-0.824904662867138,-3.25755408645386,0.296082567298882,-0.191404842251156,13.9915350198494,6.31868881032431,8.05466385030095,6.0664443854141
-0.798940571128995,-3.18781911905627,0.352082110346929,-0.235017429255516,9.48682479290193,5.8961575458793,12.7134557126557,6.8492710997375
-0.812298853452839,-3.11797184853318,0.367214460941556,-0.194447215195422,9.88515164676658,5.24525278290067,12.1281708747905,7.8688088049523
-0.740880847018014,-3.11439121624787,0.465619008907393,-0.169146474374904,7.42457456008496,5.21378551755884,14.7821105426988,7.4395721014876
-0.748363191852228,-3.1548606285603,0.438574270481451,-0.166352949727213,7.00061539782922,6.79387726152995,10.9082204090724,8.66355131310921
-0.703732573900334,-3.09205244793119,0.439957760611296,-0.126419769001655,6.94135068588891,6.50216015423958,12.5602328318635,6.98830494790806
-0.757240588135627,-3.10659465665996,0.426312175608213,-0.209276078475164,8.29008107120008,6.05580568659581,12.1448519976864,8.79494244907613
-0.700819084111739,-3.06403387856511,0.415174615796572,-0.188276456593158,8.92195828447438,5.12883206375911,12.3906643864777,9.07906060338488
-0.750997292129754,-3.04946617531498,0.403785838276498,-0.138601967934446,8.1442126210976,5.10031499294325,13.7981165999136,7.68935106087729
-0.791905167626715,-3.13069296593104,0.412706508096794,-0.190926236640474,12.3550642559916,6.08146362174807,15.3816600671574,8.50128752461573
-0.757804578123333,-3.02952121214548,0.428765466922747,-0.164909472254575,7.91668788603623,5.19785865189362,12.640691571386,8.97400050911468
-0.730349331869155,-3.01617183719954,0.475635541917326,-0.157000617080263,8.86142611262265,6.94783588840946,15.9924114594632,8.63377954712357
-0.682231296829732,-3.11571671066042,0.415660803339054,-0.0960195394522516,9.39556845020601,7.97427950573752,12.7635001760672,5.78869499797558
-0.713432455020786,-3.14883884377022,0.461860482565947,-0.104764070580768,10.4046887671775,6.1376541532784,19.9353634544142,6.59504688209057
-0.644159962740756,-3.16465846266919,0.412567867095179,-0.169700219652426,8.4396898332111,5.23072517667614,14.0971937859547,6.94796648849589
-0.711282203776437,-3.17266529490731,0.468097572760131,-0.12034682138863,12.0790370440436,4.8340413869721,18.0009495558557,8.80107169668607
-0.739934574086138,-3.13706323515118,0.451394484851742,-0.209230791498032,8.65245162612623,5.45333248802029,20.2545458715931,7.28770533557055
-0.774390468407719,-3.1434494140264,0.434272059832784,-0.152150034225164,7.46812900558109,5.26838221712247,20.2135548352048,8.33270775239752
-0.780735369357137,-3.11630287910881,0.372572955378641,-0.0754814808297012,5.33649152180972,5.19356288109843,22.8145001002075,8.33314710494735
-0.870170031405466,-3.0968484460324,0.35587557749742,-0.145948201864982,4.70259541931703,5.08748317711801,17.4932469922694,10.2462728448526
-0.870147361453097,-3.0024866173321,0.427223698813831,-0.102564395128455,7.91001985154941,4.53758937815501,18.0952833875271,9.723885398915
-0.776193188695976,-3.14251411383452,0.426951460324548,-0.0975177372869475,6.43136672887282,4.28434636173,16.5187277638196,9.14407078383997
-0.758225373021178,-3.08335830889599,0.421317708034609,-0.103791355493042,8.84268097096587,4.79640145283093,13.9748549517209,8.43510556531043
-0.837897110113341,-3.14344751590546,0.392969549225435,-0.153584733259146,10.5563429088332,7.21224872578602,16.0398639430159,8.08938553780496
-0.776979354499957,-3.09179159960222,0.400056054107966,-0.15723950076448,9.91290920315127,6.85416209865511,18.0562609222447,8.09771241510852
-0.801510090847306,-3.13300515790077,0.351358555023883,-0.203572088852757,6.35075929311812,6.28232878328818,13.7533790679618,5.2470691180119
-0.753294741533813,-3.19690561685995,0.34292537596435,-0.257181300758311,7.26923453010474,8.1728153363571,17.9770196588704,7.95434249842797
-0.770535911653129,-3.16034500105115,0.319104415639164,-0.190044330265221,6.90102608852667,6.30225276788156,14.745189245233,8.92550018181205
-0.826451133348514,-3.12657756320586,0.32534095162873,-0.181117605325174,9.68069034691148,4.37188829302779,19.188661412733,9.09552108999969
-0.777207212615971,-3.13041500392374,0.344350593892679,-0.186111153996862,6.81908030624239,4.11205917305761,19.0414396723524,11.3166537667458
-0.786573337755399,-3.13881779097998,0.320748437244928,-0.153387125912729,8.09047743793817,3.06261177074301,16.2123878897966,8.81101626402163
-0.81583982049147,-3.10904978463048,0.341187041148951,-0.155471810817139,7.1894739222115,4.19634902315175,13.9513055735119,8.75887780008565
-0.762073326417774,-3.16043724887527,0.305289919049087,-0.20397587875176,6.2440239552559,5.46742119559615,16.6693851949103,8.69651303099924
-0.87198820634636,-3.17882633652392,0.307357160816388,-0.121900400756342,8.55436399650942,5.2907311020247,14.6031881328066,8.70683056539938
-0.776843556858833,-3.25492032613605,0.300353323277186,-0.205005438730266,8.82173091545899,4.86218248261413,16.7510318255687,7.83125913080011
-0.761738285172173,-3.14281474074675,0.296150935496337,-0.115907492517394,12.5850858855194,5.27041827955008,16.2949805794434,8.09021851669964
-0.797726415396361,-3.22735138173174,0.340591053472563,-0.217375966381557,10.2429793858699,4.48283526786695,15.1620125683585,10.7066370651548
-0.807568654789885,-3.21755179816329,0.327746566909036,-0.142907489996181,13.693835343329,4.22058814596108,18.462904185779,8.6229607721048
-0.836816633392659,-3.10376418654303,0.325391866173901,-0.18126106187313,10.1724240348547,5.53761555119593,19.6923330305057,8.47690786982611
-0.774532037833433,-3.20536392795277,0.357114132157363,-0.228821265298071,9.79171503524897,4.85688197617504,17.0672850356716,7.59656813882616
-0.789410028428466,-3.13882770182686,0.380955382775015,-0.251340954808447,8.9266211956666,4.84988634553508,11.2421051567626,8.79057374682922
-0.732823956114327,-3.08039988674281,0.352056447859811,-0.175707476026798,10.2083831871356,4.82650967458746,13.9367603469579,7.34989640242846
-0.715882836069267,-3.01344063641639,0.380502782702949,-0.161222436505006,6.90895623805747,5.10125903704899,18.9391761798538,6.88586949888791
-0.725527607598522,-3.03488245246745,0.321910219028819,-0.20424884028092,6.93701006877715,7.3949141733887,19.869841584021,6.09810805916683
-0.794778655378806,-3.08214999037646,0.348156191588151,-0.194705629170204,7.95286640434861,7.28863108961145,23.6198647273108,6.77936942584472
-0.776239207545381,-3.02468694884742,0.411299023089094,-0.183737385965811,7.32771637411141,6.69031740372809,22.8233985621287,7.56357566478712
-0.817162450212857,-3.00900994192182,0.395755315402733,-0.204972817268735,7.49916485100064,6.49322068306973,15.6122045040187,7.95679911305514
-0.798446934760006,-3.08657276358784,0.37526464264301,-0.229870145119397,5.71421158085619,7.28640250273515,16.0664928702454,8.31160816673891
-0.738360662164878,-2.98036480555565,0.390340852521604,-0.232780701278524,6.86510062867213,6.69908505440689,16.889261503426,5.77350620572337
-0.820856207975706,-3.02369171314694,0.359346423707615,-0.30356203798576,8.37813126481312,9.30122609210654,17.0121883039911,6.39026052350762
-0.797356777542344,-3.01997695189589,0.45204414950366,-0.280706378080994,7.87393424438919,10.0203299115797,12.9483092874889,7.90282471670472
-0.764294267221499,-3.03701164612881,0.379588190546696,-0.314008908061854,5.27012079466983,8.85522335313724,11.6847098821986,8.09938976263956
-0.847424764972189,-3.03246416825764,0.376719286093596,-0.250501416945977,7.46933387272385,8.60152740811683,11.2713995272706,9.03843292053945
-0.809366089583262,-2.99471688844124,0.375749527142047,-0.303148467213992,6.2007802139195,8.28893143724767,13.9976162686964,10.9733227697833
-0.771276473828101,-2.98703268196985,0.340143111266096,-0.309034696778354,5.62032897649648,9.43125187668914,16.6920376609312,10.2763508942294
-0.742239511537425,-2.95500962862463,0.406038794998262,-0.314259999477623,4.81103657135233,11.1840690729584,16.1994393699401,11.2192954146692
-0.762002120250951,-2.91582453293453,0.346898549099316,-0.299416704548912,6.39100429964027,10.7553490883069,14.9771823536529,10.0595671359931
-0.731316076960016,-2.8587687891404,0.318203599357034,-0.291606387374551,6.01162081931512,9.49728364294893,15.6801989435931,7.85563557293969
-0.797490394886634,-2.86808593847702,0.325207098663693,-0.270336424043632,6.02533021352353,7.04600048035449,16.9348840119095,12.0524647738105
-0.841786389453522,-2.96290058627838,0.374411881896004,-0.30285142384097,5.88189069063552,9.35163758768931,13.2413450229552,9.11855931369615
-0.727057085381916,-2.97150597978901,0.398280346344878,-0.273444325807722,6.16218205163889,6.35829383492901,15.4270042652739,10.4364853160604
-0.918782293897043,-2.95975448443042,0.339240651733216,-0.290658881843131,6.06901519370354,6.90305171018383,16.7176375983325,10.5186600478814
-0.927306152662224,-3.02340161227859,0.312340347161486,-0.268883582196509,6.06817585884156,5.25724118300968,11.9599968001287,11.4345130924441
-0.836020404541754,-2.9282110191072,0.377889340564593,-0.250922355675265,6.36433780999875,5.02014474785449,12.4243012089689,9.26844091645498
-0.849804330331202,-2.94987083899463,0.406533590659907,-0.341379527093674,6.1333411343213,4.05830129335254,13.3797827346936,8.93815957307976
-0.858843806582503,-2.96566998372523,0.375035293035992,-0.345440107005711,7.28876700224136,3.37503632182487,13.6506760547398,8.02226502233282
-0.843436782260518,-2.96002718919095,0.371882104029671,-0.290989497656319,6.44597270217314,3.8897737572094,13.3107347608224,7.64069841461467
-0.838260884291674,-3.12191078641498,0.364150654284375,-0.366204598847358,6.63542988113695,4.77173645738561,12.0828142845476,8.19878746159881
-0.825932148588734,-3.10911751409901,0.359064437017603,-0.359581075255323,6.65788306324754,5.38053179860926,13.5030194469756,7.17201496499192
-0.855499114985983,-3.05337540115091,0.337558318034251,-0.274050269211612,6.74152571727898,5.41174018824695,12.9107433790173,11.3809839149697
-0.832607362644863,-3.11091543040988,0.358395655369474,-0.347472903166592,7.67634725145531,8.34928235319533,16.3456760099326,12.5415531926883
-0.818941755866692,-3.00813773149353,0.406861031548526,-0.325582605140485,11.1823447895177,6.84101216480748,13.672415929719,7.20181279502632
-0.825682056207885,-3.11858875536403,0.361663259124586,-0.301890551335906,8.33837563479245,6.61395355447121,13.68921541373,9.35863806958045
-0.889590644010391,-3.04139834272701,0.354015812873516,-0.317678972011389,11.2562082835673,7.69807864991282,8.39761377055256,6.7798978011019
-0.86786186521717,-3.06255302332883,0.361660755369317,-0.331313085056598,11.013087593615,7.8694286941389,9.18802871234843,9.82706574285481
-0.894032756117858,-3.08492589712246,0.337152420254782,-0.346682899134687,10.4246520342446,10.7119589964039,11.3277909671424,8.11960702123381
-0.876692422328723,-3.07196286793013,0.380583380086945,-0.355693291848623,11.2820223093095,7.72454343774924,10.8121781403291,7.09651095715154
-0.829017961324578,-3.11568568355846,0.423372317881162,-0.35264916322172,12.1811069969137,7.84944348146801,12.6914480305492,9.00350352956429
-0.850849851521696,-3.15592983737816,0.395457179615441,-0.349973625627909,11.4240648681678,9.91590975580068,16.8042319085326,4.97008810644019
-0.790569460446996,-3.19552741195465,0.442770956414592,-0.30739517852937,12.8736891664235,15.8865382192873,13.7683771766136,8.90688666516114
-0.822533036773765,-3.12223221999392,0.421569766063666,-0.341806389272339,12.609055930658,13.635166375181,12.4927641736684,8.19010935182081
-0.829675445701556,-3.15843873497364,0.395414417222589,-0.303228510981303,12.3686169050165,12.5106409571437,15.3231485881584,7.3698358621869
-0.798396242179725,-3.17849820523715,0.431712303327946,-0.268274273473057,8.81575547641591,10.5017014317482,13.0925647766495,8.35027095251582
-0.780210500994682,-3.26033633674054,0.463399912265636,-0.266850723706357,7.52845974732389,11.4251448996978,15.2922704232871,8.7031719186006
-0.747796274080436,-3.23877790573222,0.457052726144039,-0.329833196334608,9.17577271143238,13.8249521968085,13.8259966174043,7.0385755285907
-0.754845805475498,-3.21400610098875,0.436968558523069,-0.276037916390474,8.40743608953886,12.5898705871626,18.3377243181125,6.71666845713438
-0.800015247100501,-3.19764873820153,0.487577884429909,-0.29763173835241,8.75192742473014,12.3123078748483,13.4393431390213,7.1648786075312
-0.743838453394909,-3.17465594075116,0.4606347057516,-0.380313370084834,9.50008952807274,9.06687498464489,15.8016096659096,6.55850461848638
-0.786821426865407,-3.12358376488702,0.412058071741294,-0.339868116185981,9.95365544683757,8.6745365929972,11.5555222568962,8.80989134623604
-0.775138140780699,-3.16624482538845,0.425068387870621,-0.263607353956126,9.70439243491086,6.61495372039316,16.1422173691591,7.96299669682338
-0.797528159093527,-3.11618429916067,0.373346274552388,-0.266426247060089,8.20311114074767,7.43979989543342,13.3758086910278,8.12739383455089
-0.796336292675236,-3.16986792649966,0.346918532064922,-0.339759573722226,7.93933550910147,9.28918371990023,12.6771430169753,7.59515128618721
-0.776341110078547,-3.16850082510656,0.398538013956213,-0.334801928144699,7.5430018243152,7.15637036581797,14.5421121444331,6.7670659032288
-0.78761110792492,-3.15938671013508,0.396593605405285,-0.349423006555234,6.91371156516683,8.75756259497395,14.879549919377,8.06176442426964
-0.842793916139637,-3.10608392925307,0.401901318861253,-0.306750502551237,7.59837927407295,8.81287625378889,12.6182208285178,6.03513967155039
-0.760267632469199,-3.14467182616045,0.462501788924231,-0.291761390278235,12.2002128013875,8.61464930368011,11.4389669193559,8.56947826806766
-0.845062299687097,-3.10717145161757,0.441258189755325,-0.274545756137518,9.61389097703898,6.3393346208056,13.0398689957092,8.8780563038103
-0.797230767538504,-3.10965745417596,0.496030844300846,-0.314526037770825,11.6659891919739,5.45470948013355,11.4395007968523,9.62303774481316
-0.840283593080645,-3.14889163031893,0.450413830553481,-0.19938814255023,11.3975557277981,5.45589849645194,10.3998989199231,6.99257950022125
-0.822425794397836,-3.16031860071335,0.450978564531342,-0.254892491839851,10.7219297746434,6.12105601847192,10.7920498868169,7.13344569627492
-0.796629791661686,-3.15951747958312,0.504007233191831,-0.246614646400918,6.97340836035072,5.77094193644551,15.5082333310679,5.24849151629975
-0.767003424382936,-3.19239011761122,0.533191454989784,-0.325165426678219,7.35828318617577,7.36661415332917,13.9189453248036,6.62677057794811
-0.708375556485222,-3.25336242683413,0.592161011821404,-0.181486439003019,6.5118637376304,8.355240056467,11.179745611078,10.0150090688035
-0.706684009821385,-3.29334012177497,0.574271633021132,-0.258719613439301,7.51978639324756,6.84565907279581,14.0893468241864,7.73153840592223
-0.590728510651857,-3.27881628219381,0.586405144609378,-0.213976249301413,5.71971675073544,7.0123034178212,12.3271161996481,7.64652119589627
-0.650152223315687,-3.33966354366783,0.547111172581682,-0.272829909454018,7.42677478545555,6.06485682736576,9.54254911132001,9.80556330930833
-0.635250724482347,-3.27324321376846,0.558295225950178,-0.203907451255272,7.65326036507526,7.21594717049331,10.9872317812997,8.64878557904595
-0.69890404250777,-3.34060144261363,0.542445412490066,-0.220564089683882,9.06058950168961,8.80993673564516,11.9277457052183,8.07866530180453
-0.669613264949971,-3.33923168600523,0.579647269900221,-0.308572133215621,7.84749285565919,6.9763553639596,9.28469915362476,8.28149928430456
-0.744489949049999,-3.33773986199099,0.562540085875412,-0.26138428535776,7.32156844007246,8.54074171332872,10.8206910830743,8.08525127195916
-0.722192084748375,-3.33640125593844,0.519278636079053,-0.259680479560797,7.57072807226245,7.91047757930155,10.5535048645026,6.6555277382145
-0.783562824113066,-3.24649028099501,0.507512134986323,-0.242300785076391,9.53142913097416,7.77471950156057,12.1008694831478,7.7476875178148
-0.802645978648288,-3.34147317550094,0.585263841480006,-0.273976096302379,7.81739391747969,6.24443834400389,10.7566760752142,8.51619107957264
-0.808646541270777,-3.30145350010379,0.55729454936111,-0.295123116102004,9.77584383893963,9.87496854823173,13.5698106552194,8.30166193459097
-0.823397130195571,-3.23447324222942,0.585317255497341,-0.299656905596474,8.97289914971737,7.26672901127666,9.87021887263717,9.03909544908882
-0.822808175515818,-3.25404417768675,0.531428555925444,-0.296349795432851,10.0988835987234,7.81956183539174,9.18161007547043,8.755898585523
-0.796965515939737,-3.22796570010016,0.585752486106198,-0.27306809633569,7.86127510792184,5.97779686968448,12.2105081349221,9.45104426363205
-0.722723053298889,-3.28037672578779,0.579781869898546,-0.350238404732457,8.13302329316437,7.99969486082725,11.4806606466569,8.22734104618294
-0.760388262158522,-3.26340753210299,0.59251808707887,-0.364902603538893,9.92695595703236,6.38995243875127,9.54136395552989,7.01453690367644
-0.759403247930234,-3.36239697379845,0.596558620152507,-0.305943437357652,9.14250655411442,5.74366364942095,12.5505183486055,6.24822414714591
-0.794261798684868,-3.29866426925369,0.555253493483827,-0.35038239253885,9.0434257072062,6.44186374233457,13.7776572056335,8.33405730141024
-0.723706673723981,-3.20768262565163,0.55515871841229,-0.384938326327133,8.99250711005539,7.13749720125672,10.3874442058714,6.34555753484518
-0.785961923300862,-3.1950850608651,0.553775752150615,-0.40767231779251,10.7616911433312,5.75447442317523,12.431563660696,8.38561294924847
-0.834555897786957,-3.09026821082394,0.522755950961183,-0.339830453592933,11.2058555358406,8.4471677144886,12.9826566513253,9.62920982980142
-0.785449785198521,-3.19641860622701,0.555011781262459,-0.328603369843396,10.793258277632,7.67515418643445,12.0240121201665,6.02825869911014
-0.747214474038592,-3.09649542463869,0.543826608640567,-0.330991260425065,7.2776158089083,8.69906044996804,12.9494429754762,7.6907663932228
-0.748340790832613,-3.09495685334748,0.576516506826257,-0.294816623999092,8.08422034239988,8.12272645244584,13.196176613307,6.03763988921504
-0.72486611358957,-3.08517520577365,0.513885731056281,-0.337068374341587,9.53041399350267,11.5099296400039,11.9955265453809,6.97148419888945
-0.785948521228032,-3.07750405524159,0.56982841828038,-0.296907965063432,9.60514413424752,13.5579250623121,13.8960954563201,5.66032257275116
-0.749434740409082,-3.0511383887789,0.575026714344226,-0.325495139213313,7.86077743949123,9.15993230094284,14.5254999498304,6.29626130477594
-0.708457863465118,-3.08217069603413,0.610838184718404,-0.346153274892563,10.0222467466918,8.19943755588781,14.106084282084,5.35834115601362
-0.810692990769771,-3.08320888002783,0.590797172594247,-0.340652866984751,11.0701520676904,10.6584710007134,12.8587605507435,6.42696552600741
-0.703142648532125,-3.15243794545207,0.541771867950609,-0.321006864023969,8.36562077474078,7.59461822852003,13.2023012441114,6.65175761771422
-0.818951969104374,-3.12657044728919,0.547225320202028,-0.277180329412655,9.8132699293911,6.73044733286297,14.099980625876,5.87669105487706
-0.834208992330145,-3.13821193283508,0.551305950776346,-0.308234122648256,7.31388309928253,7.13209143321459,11.0611293958248,6.43667570737808
-0.766406020904567,-3.11978593825662,0.574199369867406,-0.290099370921145,8.19380001074656,5.90969163230692,12.1199979500685,8.05497635704577
-0.716327702459226,-3.03974118441376,0.535341978224414,-0.166727102006052,7.47695158116009,4.98475011797368,13.9162591138573,5.62788693772076
-0.761268229893693,-3.14333504535295,0.591362242990298,-0.27427696327305,7.9046616465774,5.50858363364586,9.3410576736457,5.06992838265984
-0.760354948014894,-3.23599727808579,0.566195633398917,-0.268555898503114,6.77893329986423,6.60242679723273,10.7404345332703,6.11263496104788
-0.736672393067251,-3.21118611394006,0.550209895774226,-0.164270571239897,7.58835415170787,5.43103494054488,12.481152141691,6.11755395195215
-0.754015660984085,-3.11131773223542,0.591170220486117,-0.279514222293349,8.62255688558342,6.05239892126249,11.0101183446541,6.50734557517331
-0.729433166940755,-3.13176864666068,0.606416063521528,-0.217425079499994,8.84769063612325,4.6051328439901,9.07775106793393,6.33294416097899
-0.711301885138955,-3.14458306196229,0.68499460703146,-0.27384834725488,9.10174030840651,5.70862467038495,7.12498022400152,7.53489965888981
-0.745294256228692,-3.10825113318136,0.622443172571807,-0.268877681807959,9.44657111352636,5.52650983427702,7.58552115707063,8.02831589578299
-0.819145564633729,-3.09429665287543,0.569956161562804,-0.193727358588721,9.95249124807151,6.6626483742264,8.00754958759212,8.36818266791241
-0.794913118935153,-3.12735895759989,0.612087090004456,-0.231658780344315,6.50954272372844,5.87351808703589,8.89334516571803,6.16720466026948
-0.736499318078216,-3.17796459430805,0.646405268782124,-0.222481895277362,7.8569455989147,5.78859691686694,9.34126552545333,6.7954729508635
-0.77778122981025,-3.03741072614372,0.566628005655592,-0.232782117453941,10.5115457168494,4.97045985855007,12.320165783241,5.6371687547275
-0.744874255826686,-3.04154955684022,0.684645698147151,-0.185947548467919,10.4617538121318,5.38030242136377,13.5092461872692,4.56466566582527
-0.684073046988046,-3.00924919846699,0.703556374846188,-0.200277610010392,8.36830117129196,7.71637946706401,12.0109153539097,7.59061933714078
-0.687454252479741,-3.01339925933648,0.662514481742065,-0.254491182604331,10.7777096019316,8.67662897357285,9.77632954435481,5.64473658315695
-0.679152916281549,-3.04448779096442,0.610524293201895,-0.192804515915832,12.4945750136616,7.96398362001485,9.86803969413629,7.88943071823951
-0.697321619915337,-3.08110441251074,0.727926746721249,-0.174747603621436,11.8426987199591,8.50380237229317,14.1764637491358,9.40599186987861
-0.69492086056418,-3.10274843607165,0.650943360755085,-0.230598410860425,11.6334346420859,7.37514294345046,10.8064949755199,8.17385919431995
-0.758943509244766,-3.09614448278347,0.629894666986195,-0.225769489751434,6.83996712268905,7.87849146144575,12.271639388684,8.65327315585252
-0.733146974361978,-3.05728122333796,0.644172377367156,-0.246422985723441,8.22127834640648,6.70211567342499,11.8193551476154,9.39657649898438
-0.821154004083873,-3.02068770501215,0.652778643683879,-0.232655786516172,8.03565063216735,7.35698830316417,16.4982098209545,7.79484534480357
-0.763851194392853,-3.02095022234023,0.595236367040876,-0.249202457537805,12.9115953032547,7.80588942886871,11.0712846577646,9.04577143719703
-0.71433841196532,-3.0252305181156,0.623305285376655,-0.279532476693794,8.26664105724326,7.74367865193673,10.7318821331507,8.90497410924435
-0.788366619654502,-3.06683852738322,0.611595119439228,-0.314317330775198,11.0961285692217,5.78707138198654,12.7375379594069,8.79403070360977
-0.754058475842255,-3.10289664877465,0.662777512216162,-0.218473726111955,9.88888726115819,8.52679085410763,14.516637237787,8.7798129628788
-0.754110348983424,-3.08261441691612,0.638071759114762,-0.243517820744621,18.1656245906957,6.84570918413849,14.4876924753301,7.61672301547453
-0.679342445232022,-3.08682784821066,0.68452670171878,-0.291086317288579,13.828420359782,7.31951324977986,12.6079627188811,7.80320353619428
-0.725530947221624,-3.07113910897546,0.652290848586668,-0.326744469164237,13.172023460427,7.20311534888311,13.4669681691898,8.14866470289554
-0.754819680875903,-3.07618152749449,0.701977963420649,-0.255184465346553,11.7892600746029,6.11488196573044,12.1172521692767,7.49791350307022
-0.751273466493562,-3.04309494407221,0.69673182159689,-0.309901377326677,10.3932230647761,6.20720641104307,15.7479045074261,7.62540775160077
-0.68939961564391,-3.07011540572205,0.636077255640804,-0.227477857845373,11.6514062469741,6.14977006387971,15.4495747915284,10.295619854237
-0.72820396124343,-3.13949645113592,0.65322674453919,-0.31779595231549,10.2367013784193,5.66297204855814,13.3880283680735,8.92581736609337
-0.756445174692793,-3.0436888081356,0.669247791211018,-0.228205900902763,9.6399415521235,7.18390597556694,20.2366771955775,7.57473356870788
-0.79975596042456,-3.04692691528359,0.643910503764524,-0.241946857316288,11.1152546954407,9.64335989059019,13.7877383046564,8.64975963938605
-0.781083568712958,-3.01523266168872,0.670705007400348,-0.170009256061033,12.1924479743052,8.5745901119971,15.6802526095625,9.54447922433011
-0.762436260898287,-3.01399585508341,0.622799258627732,-0.214478116310195,10.6740441707031,9.39165206027026,18.17076154961,5.67262402605909
-0.762487573433608,-2.92965678464234,0.639650496972491,-0.176313044558342,9.72495988630981,8.33660530281959,18.7293622916248,10.3276063206564
-0.75116346026237,-2.9243670878619,0.630265577893827,-0.252991448545616,10.0091414675039,11.7242740759987,18.3796958174699,8.51422628953848
-0.721928054448682,-2.98265042435086,0.670946427926515,-0.233405626239441,9.8164130331159,8.1146561427041,17.1414787824137,7.07038431385358
-0.812049913377041,-2.91027004828455,0.638343751687453,-0.226650724789812,10.4359066304601,7.17625011014012,12.504126058666,6.56656449406722
-0.789046748142408,-2.96532859076233,0.537808018357196,-0.208551852604971,10.6089531145491,5.2296689464582,14.2118232195931,8.09941709719805
-0.731258279054514,-2.95638120509758,0.549833356265074,-0.251543343366255,14.0507227112587,4.88179627543435,11.4365261348908,8.99593507764269
-0.794835093415893,-3.01160049884043,0.549637214077656,-0.180775011149012,9.19830979667564,5.79510894415987,11.1729131578783,8.90513392155192
-0.814122812264232,-3.08723285189738,0.548107044918991,-0.119565337627028,11.5645845044381,6.47160482579607,9.17285047008818,7.89220238308376
-0.784868677950258,-3.0731774642715,0.563619017800701,-0.241596352071226,11.0846347242839,7.49041488939264,12.9185623803758,7.00099679409753
-0.772224127950577,-3.0491263211877,0.513865829596415,-0.170415473564617,8.29527017600013,6.39551965790938,10.0531346663872,8.16667460439207
-0.768693182855455,-3.1097483685566,0.519209956180602,-0.217736119393929,7.88417727511025,9.51139921340931,12.820335524533,8.33607362898047
-0.749782193672774,-3.05555897617051,0.500225111606709,-0.184211269198077,8.75933669770198,10.0343539042646,13.3005564809023,8.81119856068354
-0.771395110514668,-3.09818873306973,0.500578826803543,-0.175526315884527,8.69469576714551,9.9052469188708,17.8501459664244,7.06107990580798
-0.787682563976729,-3.05814735284141,0.431898712491887,-0.190984707755948,8.38629769205832,6.90646914866155,11.8009659223051,9.40943444055838
-0.711619505788373,-3.02362689917129,0.416470323296629,-0.255233374569968,8.9263548893616,6.97751072490518,9.37093181967706,8.22272694585857
-0.744872576022339,-3.04704950828611,0.480318055246252,-0.249508972898598,8.7389689836001,14.568078171171,17.6506245194997,10.1950614293337
-0.721127451794965,-3.03795997423204,0.434407592866648,-0.224826835825148,8.76346226035166,9.56981319746538,14.8920981558252,10.262858985025
-0.754296789492561,-3.09568688362122,0.437449566671866,-0.24096169734872,10.753214948246,7.78239553189507,16.7218402147813,8.16460561994003
-0.853844318511603,-3.05424414495434,0.412927716242636,-0.179272762913367,9.0037829215832,9.59570754611494,19.9252009111514,7.54990718104977
-0.781366152273088,-3.05333659127028,0.403465263538422,-0.24274548294464,12.6472997159008,9.24158650677864,19.4595495701164,7.71451813936705
-0.778834243813653,-3.05916354142112,0.406534649724145,-0.253878717477962,11.3036236661201,6.05590674445908,19.0082321274314,8.73382105597033
-0.7842283535864,-3.00420095861852,0.449498892425755,-0.173288384088063,12.2003294431947,6.61793670589,22.089585449906,5.18722798985995
-0.697588814378071,-3.07030279755909,0.481814872221867,-0.246880657554357,10.9655353088087,7.47865697452946,14.4291603190866,5.07279482111595
-0.711909028622938,-3.05847038315149,0.492648184603964,-0.242556609944916,9.98312644504917,8.6154135100054,18.084291314917,9.39680295720822
-0.666669100158989,-3.08737889967506,0.445828198471964,-0.267786245350935,12.3774586880468,7.44211438851598,16.1376213455621,10.0933881406376
-0.678024789742631,-3.0850343078564,0.406939947691602,-0.335959669036174,8.30609197917975,8.64596770492885,17.9813739601689,7.78062261618049
-0.716278884345071,-3.16491535481729,0.434457736357902,-0.302216622230679,9.11416290443912,7.62006079498022,18.2119921229328,8.97046188494441
-0.712703578852441,-3.15441584000139,0.489098055890854,-0.239162777594192,13.5351843071281,6.68252349346924,34.6243091041632,8.98174115552494
-0.745754664486109,-3.11620562231326,0.481634429807906,-0.236581760680782,10.1205411860935,6.82740372857894,24.2632411064858,9.32329449082431
-0.681892737383371,-3.12935187145369,0.452838251920299,-0.22606405672883,13.4155892303646,8.01822566938556,20.9964297968172,9.05503343584192
-0.690372398565195,-3.06417823439698,0.426537127035736,-0.230021130858115,11.3118072228923,8.17324686931143,20.1878055033591,7.52303195103775
-0.696085634035336,-3.07188154744404,0.440520193424112,-0.212947529418919,9.54953941676762,8.07495170464246,22.9710719746121,8.73694110440533
-0.719293516920657,-2.99000226740082,0.445966363259101,-0.152068451859283,9.29377916682093,7.65657841456806,16.4512593782479,7.25946740175771
-0.744218513405423,-3.06699370341902,0.447377170183421,-0.0997949581443746,9.49847066035092,8.56432834594135,19.4600226895661,8.0075084634831
-0.633393242047047,-2.98907865076206,0.439284609224125,-0.194381494234884,10.2994036761056,9.14699872482784,21.3902864539405,8.87787910247996
-0.731340907032373,-3.04270636998537,0.439843758914389,-0.187442133873216,9.08175176404297,10.2774639034944,21.0484843765957,9.32969023966889
-0.697536373093384,-3.08722184234224,0.462133326450441,-0.274636843683188,10.2152170388587,6.28970250591643,12.0935031427178,8.74938936654145
-0.736048108666699,-3.08709926246874,0.447792677659316,-0.255446396391865,8.83988442642884,8.8606248066006,21.7505787260114,10.8122312588241
-0.700467632486777,-3.02520832123632,0.477357876411355,-0.240332132017225,12.7569034029169,8.36602025947536,17.4589404961005,8.68464700902233
-0.701877086774075,-3.09694091198191,0.546563918459293,-0.212594918961235,13.8962296048729,8.78762108441046,14.5999183534063,9.56625087223891
-0.675010799191381,-3.09611309797311,0.479340518456475,-0.21121366053479,14.0160227596811,8.1480205854222,15.2148048331432,6.83687211044963
-0.739667052924188,-3.05833397578889,0.489429890649777,-0.181029354934891,14.5509451846256,9.28746998617692,14.1822640360285,8.38599528795495
-0.705272475161335,-3.05930091434489,0.495692809017481,-0.213705751612298,14.1523457627319,10.3037604190618,14.9639594175322,7.95259306594986
-0.687082292757333,-3.13875300513684,0.542199905622427,-0.224229021725241,13.5816404149517,8.68963701351577,12.1680867004385,8.53547415653456
-0.708073802223707,-3.14671608531397,0.430961147073785,-0.267875304589948,16.1251472767691,13.0323202993861,12.7981811575656,9.71352197511409
-0.717003930164459,-3.08993223364538,0.505147402649806,-0.262433895649937,12.8768478545671,10.1315369961022,13.5686359157699,8.28317195296624
-0.718666014388509,-3.12035459795427,0.488985860955305,-0.216193947818078,14.1785126103636,8.43287440255869,14.5219931788333,6.82786372900876
-0.681598040455857,-3.07997239250791,0.532182492711635,-0.206099624190664,9.44022080165638,13.2845899156114,12.7160319712442,8.52772348053592
-0.674946096759569,-3.09953352670691,0.538383569642904,-0.25715712374035,13.9066546061974,12.6123946963305,12.816155032512,8.12812873830379
-0.690379671289386,-3.046930049532,0.510038326799639,-0.273150353643098,10.4608824351966,11.4658287479179,13.3399729070895,9.43984873810691
-0.641925288930336,-3.04376129777508,0.494287216121681,-0.24554474837653,10.7232032819786,11.543803834983,13.7690671179072,7.68993646909812
-0.737346464617363,-3.04122350881287,0.52491738343675,-0.266917693468148,10.7319568616582,11.9878733043565,16.4902341763736,6.59469817755546
-0.725041225899711,-3.07091775609629,0.503725249664328,-0.237141647924548,9.62966210110002,9.91697253322449,15.987497779299,6.90591343804463
-0.758539413599707,-3.09523569375944,0.522348091819294,-0.199965284742043,10.235764832872,8.33869408817922,15.5435626741937,7.11448117132071
-0.74973139081835,-3.00962367726737,0.491047598041988,-0.196218637248716,13.3895233170526,11.5662566680841,14.269447886123,8.6587870845877
-0.699745610709308,-3.03300655902981,0.501747943494517,-0.215421354936939,11.0474273851646,13.4536486554522,11.9807581839137,9.64826238459897
-0.736656504448508,-3.05604338207221,0.520391194680268,-0.244090396784491,9.73738166766231,11.1369810472294,15.2757918300915,11.7355853224287
-0.779329159516058,-3.04569678000052,0.490887452240318,-0.165045302486257,8.45024017634637,10.0447463640942,17.8251729560799,9.7728253662661
-0.746443461203409,-2.99373412185598,0.49975106081778,-0.171937748080565,9.13679454341616,12.8882777555577,17.9730361776094,7.95112187646879
-0.711565405613997,-3.01185838932699,0.471760138841293,-0.266305054974464,10.4484054918513,14.6198568649302,16.4552708537799,9.15823315678966
-0.729993704238654,-3.00791938121591,0.447320563107556,-0.241510904596141,9.4329049696248,12.6499923561076,22.4552595627723,7.37706977254051
-0.723608461280609,-3.05117186235276,0.515401996677873,-0.258994984395476,7.76514742608176,12.0080198819361,20.4142779977884,8.35287320856841
-0.761994780783124,-3.07107648658342,0.506715813906355,-0.289155413947188,7.41729616030716,14.8182892236616,22.1153354063399,10.0670776144801
-0.765490003384631,-3.03654597441017,0.436300462458264,-0.266086706195205,13.8826705042217,18.0434272484093,21.1420729565943,8.03985681610261
-0.814262504277081,-2.99042492893796,0.484650099612577,-0.356137062174714,11.61085797647,17.6833062276236,22.9831547914109,8.91016048466287
-0.848568450826651,-3.00414981392748,0.508552008062986,-0.256737895805981,10.2179622165202,10.5757400018527,14.6312036543007,10.5570743493922
-0.799235274847364,-3.05428825277667,0.499263141606109,-0.231230117330637,11.0145890947415,10.86388127123,14.2273345301448,7.4387285577271
-0.84690352526789,-3.00596944114418,0.528281266240411,-0.254060934679749,14.3588843223833,14.2810411740875,18.1903398470406,10.4925092600407
-0.770819333338181,-3.00907405730663,0.52107532180593,-0.349890308144904,14.1288957225771,14.3110311737807,14.1671454564338,6.37641543804503
-0.79145754534487,-2.97091280850734,0.547435583598295,-0.237927297682559,15.7427499332142,8.54170896000556,13.9576200517938,7.64740874299133
-0.783160635519128,-2.99358065132361,0.516729465465884,-0.245199653824755,16.1269107295678,6.95810359291676,16.6255534003221,7.88477928497982
-0.805913266531592,-2.99685431910399,0.546010223529391,-0.259831228620565,13.0365148422738,9.49483250173495,12.7989098908727,9.90182395767794
-0.812582776534908,-2.99512225631179,0.548269384206925,-0.219172992884603,14.5191839516587,9.68894029910792,11.4274503756575,8.3990878729256
-0.779765666530918,-3.01912192756062,0.52728829705378,-0.227283414311396,16.3266533617487,12.3043467886489,17.7263869677068,9.47944651380985
-0.81171341576886,-3.01428928571574,0.546175796342387,-0.178117821251474,17.1089303734529,11.2791487212803,17.3329526248421,7.70889033049925
-0.750609292408896,-3.05806810889015,0.561853052519351,-0.255257346093082,15.7137437059082,8.95570911425244,19.0678837706688,8.23641856899057
-0.766481941856038,-3.00640145703993,0.517635981105587,-0.212228059872431,15.6648466813879,9.40770799956596,13.5562603469255,10.8245343701061
-0.736987615782602,-3.02770964083561,0.553276949919798,-0.165729784776311,12.3713706153686,9.18027927329841,14.5957046951822,8.3971021730113
-0.728884631657711,-3.03767533353667,0.564775106861617,-0.228911964942506,17.5707525256704,8.26209573824041,18.5386647210951,8.42182371559451
-0.713055273594045,-3.07282919722215,0.50912445308215,-0.254453649771082,17.1552623880538,7.88238623243213,19.7867721314922,7.61676317084608
-0.746587102136886,-3.07564153808816,0.522268891123412,-0.184914664827584,16.8497058905907,7.40249183631863,16.5520016140937,8.53206781357032
-0.77032757245576,-3.07922791908013,0.528681714242155,-0.18007106723545,15.7882715597926,8.46233463881106,14.8447054717884,9.04679754856677
-0.761263770184943,-3.17551218799011,0.494081812509018,-0.118776658807772,15.5482175823746,9.21946308242724,17.8821866224941,10.3277901859338
-0.762878840434383,-3.05892998831407,0.542800789350487,-0.186250509517225,15.9638779414913,8.69273973116345,14.2468278484341,9.17201284490696
-0.81701359717297,-3.05422724756375,0.521396729534805,-0.114740992719427,17.8535200283354,9.64049471931297,15.9246515713684,7.47289272601425
-0.77938464454422,-3.16009705879931,0.509563916837819,-0.18636999527776,15.9243642269796,8.41107660816983,21.6183677853305,9.8163744695369
-0.801437185243948,-3.03755947051264,0.545419852010237,-0.256114889480427,13.034357438149,6.35239768336637,18.964766550305,9.69305654564644
-0.748270765113921,-2.95954328162741,0.59604974852833,-0.183438153039383,11.3777666226142,8.04205776915025,15.0472054059569,8.65189570745456
-0.762058132345917,-3.00927492214021,0.579504197833095,-0.209509128565096,14.4405617740233,6.428348888814,17.1293808650395,9.86292924005823
-0.74079506431997,-3.06130451269832,0.582959963450125,-0.259620918194969,12.6822841911393,6.62997050673287,17.3133854823723,10.4398535889714
-0.770801588213402,-3.0250275240151,0.56187498426615,-0.139574852928113,12.7510476707763,7.53318314629582,15.980619008671,8.34491198375277
-0.756468572423238,-3.01446029600914,0.557905862292177,-0.206917481572408,9.33599108055649,10.4334060503053,11.8878706211382,9.82090901784461
-0.718036155385607,-2.96481960847837,0.54906597488509,-0.210293330424506,8.0187731655045,9.18691879974876,11.9447699246735,9.76154182134435
-0.70568939935889,-3.03329521945129,0.577575784215538,-0.264857921134599,7.59817611314597,5.73319887634822,18.2474149377823,8.64141653595957
-0.671946180636252,-2.96271735886712,0.61305502408361,-0.228487239794116,8.16434567845769,6.03250996254783,16.4813024236601,11.5067462959108
-0.700885906650983,-3.00140887419367,0.56950490048283,-0.214523935061428,7.36839078911197,7.10175629367688,15.9330686870713,8.30715690042446
-0.690258684200482,-2.9565985003599,0.568748743869648,-0.231253714854972,7.29989332311443,9.89313438130755,14.5226962908763,10.134867009159
-0.632978124690591,-2.8952150150808,0.502913271699825,-0.205060108749423,7.79912204277256,8.37175941046639,16.0556804240355,10.0041479985953
-0.732703390852313,-2.88732463177194,0.578183205210751,-0.211015686313281,7.3293879216763,7.81755082015843,16.3209251333528,7.20114100361229
-0.681728413842016,-2.98699022750432,0.541539338605653,-0.310191146376873,10.1243263829329,5.55458094352997,15.3846883011754,9.25355764070049
-0.703383327086567,-2.95915014880681,0.538447708526127,-0.284942047073426,12.0041238240545,8.33005974940578,14.8228636697352,6.87883036903993
-0.73275523681309,-3.03837007965316,0.508604067888669,-0.321081013114461,11.7907696689513,5.70510327166959,14.4374523971573,8.76045381727556
-0.727013094643076,-2.9502294109755,0.512296483559982,-0.27733282728297,10.9941809016148,4.92637248367611,14.3178861624715,9.25482249161761
-0.756826351538637,-3.08675906630847,0.567590949476135,-0.252426487453,11.0336075272642,5.19482652121864,18.1621253697496,10.0120461324841
-0.710045735768996,-3.06291882441284,0.540687900710215,-0.299827449090103,11.7729550455038,5.10191243714609,15.1548832329922,9.09443202097355
-0.76634467757323,-3.09992254035242,0.574786593058685,-0.249585554941801,11.1709312440778,4.65668857613721,14.8154689545533,9.40053815591129
-0.76963439129593,-3.1156209156033,0.537766177289457,-0.251926369289348,9.0869769954912,4.76461686571039,16.989385167088,9.26554107514752
-0.76792457513267,-3.11708464762712,0.545893844535536,-0.231212648075944,8.15716228616111,5.43628078306761,18.3596826170873,8.96073178488263
-0.821061688343605,-3.07324593742151,0.507888597949215,-0.29118635520199,8.56182373460261,7.69384656906021,14.895594804213,7.87003775379016
-0.839361728139158,-3.0470919527326,0.508140132652309,-0.238089641765305,10.3019921454052,7.97971163008462,15.7630255504528,10.2302235075977
-0.792815527997714,-3.05931833081323,0.492804751584266,-0.291869405037168,9.78873027324826,5.95311124683127,12.4615157919885,8.43731243756936
-0.770203031997934,-3.1527681278949,0.549380183960478,-0.222097507443765,10.815214008648,6.72469838057434,11.4003836711649,9.87489698507915
-0.804607483016699,-3.07286289344828,0.480864477577979,-0.155947417575953,8.88907557021574,5.03783865598534,11.2095261593293,8.59848270465522
-0.702400949504867,-3.10942189972617,0.531282395771449,-0.205653042468136,7.05021428148261,4.86440621358794,10.8975733697868,10.0142521346883
-0.819903873747829,-3.10389089527344,0.519180146656918,-0.22063328963752,8.3942929945237,6.52056768162506,12.4028871093404,9.99217224382805
-0.784085949874508,-3.1622586748029,0.496029693427344,-0.251224189946842,9.02622827759689,4.06861202774447,9.43735609059876,12.4227997807779
-0.711886692367347,-3.12251014052095,0.494033176514492,-0.227765731531288,8.88760879536303,4.1364491191843,8.14897338369498,10.7392769626252
-0.784497398121719,-3.19083301517864,0.512164057485367,-0.188579719557741,11.021745158863,3.83742552350955,7.92844703375388,7.64250994383847
-0.795621352339358,-3.09962041392728,0.51083982771288,-0.181996176779947,8.54088937612898,2.88549066318003,12.6659466438849,5.62801251054833
-0.74633740113679,-3.13518903348975,0.438020373152304,-0.303344242429528,11.1078574028531,4.40565157437351,12.6278603524278,5.55341883762167
-0.766036269081401,-3.20879330321892,0.476456122157424,-0.153322098037066,11.4777363824922,3.16739777028845,14.8226436248865,8.54658995166437
-0.761216949589759,-3.26081067062964,0.477945169370297,-0.240436957472099,11.5946937597956,3.37744418081841,17.2455622787845,6.61336339630829
-0.7685961420584,-3.15193910700138,0.511333199474977,-0.201280201955966,9.67717733658141,3.83619419551649,12.3069805774053,7.38715854998423
-0.748354783310546,-3.13186370164966,0.450213295052888,-0.189643165502445,8.57934365963476,4.05208225963176,13.5080850959906,9.55290448517295
-0.765715566251233,-3.18328133250835,0.489545479602484,-0.24810642022278,9.1464657621126,3.64845129097026,11.6484502717242,8.15812717283403
-0.76985209402932,-3.16907397659196,0.512323585212362,-0.183940516356169,9.64121618213798,4.42384226469369,11.9214089095319,8.00774666775331
-0.754813383005849,-3.10466713981501,0.448383468610252,-0.177556359007508,9.30054495216697,4.56070570143666,9.76430618210557,5.96870828755325
-0.750373558398569,-3.1229204894133,0.442420840427855,-0.186077577741441,7.86004308487812,6.1439734763909,9.58421371829167,8.95143329400682
-0.77378879650513,-3.10652100799789,0.475904359494779,-0.207385782733367,9.28894640987022,8.37096936363946,8.87712801738673,7.36778461654357
-0.806916933886681,-3.16469644486562,0.510799314559718,-0.18017802892804,6.97651639937396,7.48839768270909,9.01798374546495,8.6825818065119
-0.852350383438302,-3.09567986868735,0.532840845445156,-0.159648093641626,6.44164667223994,8.99939911472304,10.2133074321569,8.36330627623633
-0.781322655846278,-3.09383918753734,0.518907417786249,-0.137425185578695,9.9303793431813,6.60961049201088,10.7872164751208,8.76979383456181
-0.872435274771865,-3.06821501328303,0.508366719898273,-0.18471943845831,10.0667413276762,6.65884732357476,9.83058199893713,10.6801065731762
-0.777368963204391,-3.15463363026314,0.530717718623617,-0.164239788644925,7.39573154070077,5.84460849146879,8.80684988924366,8.26643373562732
-0.797691165272364,-3.04656867019302,0.525084086403518,-0.102384960345018,10.0014353428202,6.32742158029543,12.3944929142159,10.084505614907
-0.767952982546202,-3.06179242910266,0.554254883612642,-0.142470360732837,8.677994499518,6.74053799986046,13.0271812289006,9.6504989970305
-0.774739579058345,-3.02798204668627,0.509773203460724,-0.164105880311686,9.2919254259114,11.0927770520151,13.7621366148851,7.91949572346466
-0.716061869321975,-3.04740023910518,0.525172057647567,-0.141792963682781,11.972644343325,9.48001406680458,12.3661164383114,8.55793490836681
-0.724024074473393,-2.97236991621863,0.552797476596783,-0.131718461818655,11.8257318576844,8.35009906828238,13.0942514384836,12.1081264912144
-0.67940199962482,-2.94604494475845,0.575013784497113,-0.0934857239358054,12.3278910544833,9.34495566145275,11.2836318979478,13.5862579307798
-0.716996516260422,-2.91063588971066,0.518291037360955,-0.138681221234114,12.0711042105878,5.5125525972448,12.437910821414,12.9803803201892
-0.712149617119961,-2.86243462688898,0.556172772029625,-0.182020282556417,12.4715069118738,5.25076157252902,8.60273540633531,8.20295351705247
-0.794958040266544,-3.015824105791,0.533785641592009,-0.149670697180041,11.4966164433704,4.30252362474701,10.0679206840936,8.51674884048021
-0.689426987873896,-3.10248270388441,0.569076868992025,-0.179948779765272,13.2936347951113,5.05447981991371,13.3113642047859,7.57620269993679
-0.702122804447943,-2.99001191101301,0.559698606443196,-0.230225157774017,10.9224571894533,8.48648426324777,13.1561816346887,7.03386816980952
-0.703402564636469,-3.02193595771527,0.555282896292938,-0.0852971375311198,10.7732697556603,6.09394085323946,10.3396114930853,7.21636732336246
-0.719116817520075,-3.02789432222711,0.504178143947488,-0.0902616389813471,13.0482171396584,6.15518500494877,13.1565316072105,7.37260314224502
-0.73372485322501,-3.00711945860375,0.464232054219492,-0.150327367879305,11.9471948600279,7.20254160817288,15.4807032449181,4.60291204221692
-0.791455000703773,-3.03935041706406,0.490159021308371,-0.0908629482284611,12.9969640857666,4.98242885403778,12.069126045942,6.47504593283169
-0.722299840045959,-3.09327344245445,0.458033738833635,-0.06314372815639,10.7607501036043,4.92227726342814,16.2015290520642,6.21231564475053
-0.716555852055995,-3.08381634964002,0.482019814218798,-0.106096098946655,8.96853221967419,5.21529022010878,16.3749013076037,6.90443467918138
-0.740045403568489,-2.94831300301019,0.516601341994869,-0.152138637630386,11.570647710078,4.4932474400741,20.964284275582,6.36404621122113
-0.726867945906697,-3.08740516745378,0.534891505281656,-0.189559389847768,11.9382577283634,6.22181589481012,22.8862851387769,6.7335646075967
-0.67440086484822,-3.07882241893639,0.510200508695381,-0.209619149884562,8.82315647021855,7.3672859802754,18.0643441255804,7.04702196217954
-0.699851462272826,-3.06722966432075,0.513931111041766,-0.150307353907739,8.52047858318325,9.4992257388702,13.7077478054254,5.37987562136213
-0.705260292101359,-3.09624220401257,0.545247523825509,-0.132236347416323,10.275329702469,12.4363149526803,13.7312831573459,6.55828221324528
-0.727088443696848,-3.1304591033308,0.55726733202592,-0.160345809977032,9.15821669214882,8.49132022061586,10.6853447311922,6.75371493068419
-0.727923319552351,-3.17002452704293,0.520497510986727,-0.165183168944766,9.48608671790368,9.73439065508206,8.36296761551052,6.56069454266687
-0.707323109429286,-3.15654713922046,0.477250755231405,-0.211392620420452,10.2396042345245,8.38608402937968,11.3570640247593,8.01065812501436
-0.697514601369076,-3.13740445653959,0.459144059153299,-0.218628746589423,8.53583176320346,11.0749404062942,15.5625017320921,7.28000274958606
-0.74174283628922,-3.14226009324722,0.45791368868098,-0.144464369179595,9.43877759755632,12.1279528700881,13.29070954235,6.98206634356049
-0.693156461233976,-3.14957711538998,0.437153734803777,-0.194117312814873,10.9038598912636,13.6548400763134,14.761135997074,8.12074184128185
-0.700525686822978,-3.12688639034248,0.521355773782234,-0.193594566746798,7.8943059387534,15.4251415973772,13.7452980632448,6.07045277367134
-0.72929210358002,-3.12075566635769,0.46981391419953,-0.160848491889735,8.30595351856596,8.16572310484722,17.812770985065,6.22820842535223
-0.691262696085539,-3.13774561475778,0.471733258214768,-0.166125250267724,13.0875069153148,8.01188039193883,18.6436210950679,8.40832912662582
-0.710174048047676,-3.17518137854166,0.455236558371558,-0.189714851479558,8.65479258316493,8.40752146376667,17.5921066347668,7.46603944439844
-0.754763696306917,-3.11596619656829,0.466346496481853,-0.158813419555572,7.21945336827416,8.49630248578174,16.738248869183,7.72027291307085
-0.693151972240703,-3.11910001348946,0.400660650548059,-0.26604205166608,6.48873948321201,7.18893273352569,13.0073960619709,5.7123786672571
-0.815335609394731,-3.09972094981823,0.37479376648558,-0.3022741059099,7.4867712648501,8.99998500362566,17.7581552418141,9.07211362472447
-0.769124118730198,-3.12499990944935,0.39202744381468,-0.201004100009708,12.0659959021848,11.5156991451064,16.0228608251535,7.58116171019594
-0.677543989502738,-3.10890963971932,0.40410347287349,-0.204895069060603,11.0027023550413,6.96810716133284,17.4957887568841,8.48678699395472
-0.656463333682027,-3.14028214457025,0.381409290915769,-0.231464078768618,12.8869059198854,7.10761027583847,13.4753189234776,10.5180328812865
-0.711105280835926,-3.1723726590842,0.409812981205722,-0.226213966429281,10.4341942166552,7.3546160747603,14.5231282848371,7.33691712597054
-0.682352317227575,-3.09040221262806,0.41046567000599,-0.23354952805506,14.2670177553766,5.190433413838,12.3946028723729,6.61639300616893
-0.752694665425827,-3.15730019455448,0.413025273422118,-0.195782483246476,14.8951210499537,8.59165551080921,13.8269697281386,7.29133171685459
-0.738163023973716,-3.13074902645821,0.349039723812555,-0.213747831417446,13.3946672617979,9.45268269544937,12.4461586532265,8.2243026263062
-0.767945598958158,-3.06977598129798,0.369976045979418,-0.24571191128602,10.2467169303171,9.62781803937349,15.1450220556058,7.90974000985396
-0.692261889779317,-3.02113404963962,0.446532934787439,-0.255430579787731,8.28372494392556,8.57258895080942,16.1286763962757,6.60192611772259
-0.732281052007913,-3.04785356657073,0.41431581287857,-0.255465910866047,8.80123865345295,6.63813046505125,10.5036149602283,10.4573903147733
-0.71913614419998,-3.08968858164851,0.398186193065444,-0.189741452710175,9.15001318576466,6.88744514564779,14.4823355773929,8.81136746860328
-0.721539108679871,-3.04581381787274,0.363657955268975,-0.237532378072795,10.203319708468,6.5941398193535,14.814387279139,9.16909751676015
-0.731196319173415,-3.06316363898643,0.373430689753251,-0.22856186929627,15.9906796565126,4.67481073933026,13.5819766653073,8.36305230168576
-0.74916328657762,-3.08342019334939,0.405322621446881,-0.220426911149967,12.3753219318991,4.42997659533625,12.00734847128,10.5537651223425
-0.760807309193175,-3.06851621148832,0.324720864225047,-0.205495573840966,8.19263102185853,4.87722814144035,11.9031964258903,7.01461467077374
-0.778825101185918,-3.05210872935248,0.349206216340149,-0.261192723425742,10.5882150903839,7.43729825485153,12.0623424018068,8.55249996926945
-0.756042590133568,-3.09014900602168,0.230171890106366,-0.267886166471692,9.56655962730926,5.6497435545931,11.4903687023523,7.15139605312107
-0.780590892907107,-3.13294096517217,0.330080363046994,-0.292968752676062,11.2814105672073,5.06592434801056,11.8912668183428,10.2119264267769
-0.79545868190605,-3.07729882187586,0.320673415759512,-0.18621000587949,9.37845887216617,4.49438843403866,14.7005134083789,11.6057915527115
-0.777959603077489,-3.14921706185104,0.353291409352025,-0.180524194412549,11.4760693064963,4.86951895859959,15.6652049572789,8.32204396531529
-0.814317825466273,-3.1559023392648,0.313218442221862,-0.230512361987619,10.5254793579197,4.27177368373158,12.5939731007675,9.30686214613377
-0.790331133551236,-3.09879331705,0.336954350110688,-0.168419799234887,10.1325052787408,4.68119899326734,14.9978293953179,7.82886309876524
-0.808484606802365,-3.08107640624339,0.363136872846669,-0.205852475475648,8.15181516901383,4.52659276023789,12.3075425825022,7.78407194748053
-0.826665580500337,-3.1095097304312,0.334599133658657,-0.21979646472095,10.0573410589215,5.15874803629322,12.0713036531718,5.2555125368595
-0.815406257429308,-3.12593525618822,0.367566369118069,-0.18003410763664,11.5499215787684,4.48111337449723,11.9563693182948,7.34704659459994
-0.841800959915594,-3.07473735827651,0.408765594182942,-0.253787458946967,13.8031940960642,5.27385590911571,9.43892675670533,8.03489515679251
-0.81116265664918,-3.10374125817026,0.282460100603826,-0.224962905754254,11.8655912433209,6.00227461878232,10.934709554139,8.20812873852134
-0.785769241582429,-3.06183190415934,0.340596768774016,-0.229205110662967,12.0310032649979,5.64679875567424,12.2561435684701,6.7852951349315
-0.82815444273,-3.11330425160102,0.346157810038318,-0.258335969879796,9.12482020040042,6.06419181049696,12.9356537679764,6.84997948947118
-0.859751383019336,-3.1299325638571,0.37162698031848,-0.166522728451377,9.32549185059202,5.53057536114651,11.0847718756151,7.2632635663079
-0.762417332883075,-3.16188114858259,0.341538183840378,-0.20383889207894,12.8711001112088,6.54297221036838,9.84290187694054,6.78198028694851
-0.843233905248127,-3.17636210563253,0.442297787942773,-0.205108207415735,13.1123187610641,5.98712733376506,10.266977873582,8.06466509841124
-0.810334421977214,-3.16394058042101,0.349616985005386,-0.197551538468506,11.2481162964407,6.1714945990032,8.8660864024805,8.35635762631481
-0.74968131213568,-3.1784422711506,0.32950901551648,-0.170727205923365,9.5616707607591,6.23554792270878,11.8514807850992,8.85969563474439
-0.822630351549519,-3.23906425042505,0.321218573009505,-0.240695253170173,11.7977204886484,5.23484165039729,16.3358892536458,7.94712652548983
-0.839788875901292,-3.18735383815804,0.329560971720113,-0.223857825266537,9.18875177135869,7.1913045383606,10.9782132804917,11.0393424932002
-0.809039206564484,-3.15088065003546,0.345642469251445,-0.162808831314906,9.10705344917097,7.79989980731005,12.8486271435839,8.58005047624766
-0.799526397860288,-3.10367888170518,0.307072071006422,-0.188140602167062,11.5409686430305,7.57374783573721,15.7092599139352,9.44401727546491
-0.856374984805536,-3.18386038930427,0.299318858813204,-0.257098557421416,10.5505382344514,6.66800662441276,18.7069267006103,9.52180876061789
-0.796050050370838,-3.12059600350627,0.332311004794495,-0.275732436328619,13.3297676375449,9.51234815724933,15.6670725491599,6.98775149904532
-0.819077984230532,-3.1401133956239,0.246554952902384,-0.203919348360469,17.1705422566466,7.25368656308075,14.7873413897354,10.012618071589
-0.844146947984024,-3.08707876851163,0.29241362597921,-0.224916833306037,14.002986985005,6.75027408782939,13.1400339059208,9.14878760992745
-0.808757339407362,-3.10199540722892,0.323290185240379,-0.184909505350623,12.5777678740466,6.55372101208612,13.0693580833932,9.6568648196754
-0.809647912738393,-3.1098122517651,0.288341154187879,-0.175442185539637,9.71572179155968,4.46138686284124,13.5039997492081,8.54598097581608
-0.885628545544231,-3.08096362085618,0.341198835500704,-0.208052261614951,12.046151804643,6.24974459001848,9.9578426423179,8.71336504386103
-0.861541706506595,-3.11254140016405,0.34011867193563,-0.252829132720443,13.4947134349918,4.62285659076216,10.974141127829,8.49094100250191
-0.798682678313311,-3.20508494786759,0.355992092852844,-0.264050117513947,17.6257834735434,4.92628702651163,15.5197790648159,7.24782234078779
-0.791218062252457,-3.14742399177066,0.347132306129733,-0.224020132299537,12.7814635019403,4.3622322657817,19.5480537424254,6.45548640247213
-0.850574259636373,-3.20039470893687,0.35710294147709,-0.182433206499674,11.3599489638434,4.52111717149146,21.1498496731819,8.38015074231283
-0.794245058832734,-3.1743904279937,0.352460281718263,-0.211839127058797,12.2600105064934,5.42118677122029,19.7778127913551,6.58099182556237
-0.875120054281161,-3.16935224923515,0.346056401788974,-0.223311965082163,8.67819476288933,4.73667930745644,19.8185014088711,6.08159356058228
-0.787658016875713,-3.19360283338593,0.356874648417486,-0.233216009150615,9.68289499685122,6.20198041102876,12.7004361638396,7.01661595285172
-0.783011937138985,-3.21392659632884,0.362340364562687,-0.265203313375004,10.7660575689315,4.22218507976352,14.0606231525347,10.2541304016796
-0.764623213501729,-3.02180570269326,0.36841845496927,-0.289061586755698,8.69857533977334,3.49535440558078,17.2783893262276,8.36234033851066
-0.800260153632496,-3.17260519760972,0.391714903325939,-0.236881762650078,7.71747720368384,2.95150794961413,21.5971587952421,5.83963612206982
-0.745773500823896,-3.15084607003337,0.358168099224138,-0.213936589560595,8.70290636206949,3.6262338945984,14.848126883749,7.0672300598328
-0.803639567982554,-3.14927114563169,0.357145890847446,-0.306937990878362,7.70406212594887,4.59910555419373,17.7149909380898,7.16065770497151
-0.773948502177669,-3.08832849583645,0.370948331073175,-0.281441640126074,11.3480957273778,5.26548765785947,21.880855289465,7.74149447802437
-0.762355312835043,-3.08524262825475,0.329145503301987,-0.301348619284027,10.340268587354,4.80295978397068,13.3632451378613,7.59101771355811
-0.789897852206931,-2.99072679710215,0.391012165185019,-0.242717301145272,12.6158956666707,3.39809033401799,16.9237360134906,8.05709137503325
-0.769021437926193,-3.1100816627084,0.390132493615138,-0.276201193947351,8.07380629126189,4.29006913960231,16.2231459978358,12.4433460969342
-0.804106845311954,-3.09155805041789,0.324274845551282,-0.202151805939254,8.93302204814371,4.2648188878541,14.581799795604,11.4410595323452
-0.85689210269349,-3.13141602299171,0.316097107329936,-0.280896270895225,10.0628661404079,3.58435444527213,15.5828053591736,12.4233983337653
-0.798736612339325,-3.2127974752853,0.302415015338917,-0.202147327956819,12.4661126372374,3.70312079761136,11.8604717503442,10.5593073521376
-0.810431159595609,-3.21106153837425,0.386184454485872,-0.24091108117956,12.8057114407445,3.46490905318104,14.3944754617745,9.62151362282632
-0.781789788134457,-3.04965022297081,0.368519318784585,-0.2203769321667,13.0069366787849,3.39315951922561,15.861179588615,8.7147591556765
-0.76528408194865,-3.18124770216697,0.388939237254417,-0.202390147919421,10.819956929646,3.87356774913222,14.8359805735168,8.5140847560888
-0.756489559552718,-3.19965974938015,0.356779692495919,-0.133780131797858,9.20401848301848,2.53454779089286,19.2554445603861,7.39412375922689
-0.784838943638661,-3.0967058032706,0.393147749762226,-0.203525537431013,9.46180480635953,2.70677778063104,18.6458460576151,7.12690774442362
-0.75547806933417,-2.99944814769342,0.444694781958747,-0.214724820434047,7.88690927050274,2.12219638522267,12.4081832524591,6.15397538163087
-0.74790324536728,-3.06765785440952,0.415156588062676,-0.252849541580101,9.62371347812166,3.44587798050868,9.85599722964033,8.12932447385452
-0.769022526057399,-3.12455034464263,0.387260942688234,-0.258734190786248,7.57333547645974,2.88542503804551,10.8665219154691,4.99884914868031
-0.815671451306554,-3.07362431146942,0.366072013698662,-0.243808086676058,11.3990139123085,3.46491453974309,8.97932228861014,5.81888558908222
-0.787436350953299,-3.15729465531777,0.391305800016675,-0.179381913934335,8.31763019436981,3.04917494186005,10.7835075297102,8.32603460369628
-0.705654204919473,-3.17202011660474,0.453059606476236,-0.2417685594424,11.4077518895969,2.79505627992886,11.061043916927,9.68305408646143
-0.773986812982185,-3.26696924654596,0.379841795345548,-0.202745658579571,10.5853841131731,3.47331293379864,11.4689314503842,8.06127849157019
-0.735831356536097,-3.3202870511245,0.399887908363483,-0.172349910318358,9.08098598022164,3.71682217470403,13.605818354515,8.19864842503672
-0.769876483770286,-3.37171528672236,0.371362124586006,-0.175837184289785,10.7139130390767,2.3359508465009,12.5375640206268,7.12921697817485
-0.765768205864337,-3.2040549201876,0.422869754038619,-0.188056588454037,8.33188711081732,2.86007124909645,14.3151700386028,10.2363737088789
-0.774940176016671,-3.11373863525835,0.413527891585813,-0.285648295834419,8.74353571168187,4.4650907186761,12.1668514135637,7.99573617418186
-0.715967835268442,-3.09895156787732,0.390464043974323,-0.206215170995944,7.85188097956109,3.62857261347977,10.6508925719676,10.2266521262329
-0.818794319279933,-3.11741493737046,0.391304342362126,-0.280665391292269,8.16523197513794,3.13292115749981,13.1798108423134,9.96938642445471
-0.803003802685548,-3.06502731003318,0.376256949186486,-0.257871975537217,8.81349059654086,4.18231124929598,12.3543973734979,9.42377508418002
-0.723610037207057,-3.07051047111992,0.318967933255161,-0.279761673189107,10.0841614117636,3.26898060329761,9.75121371319198,12.0658802323777
-0.77650721343883,-3.22968263388557,0.415149109264662,-0.243908459732423,9.97406104301858,2.66788182760692,8.81432206091661,6.58875834608915
-0.743573790070431,-3.16648920592159,0.363738240298093,-0.223826272132841,10.3958522081613,3.13064068723799,6.49131083247354,9.86972285236858
-0.723450322644466,-3.27491078708562,0.299518313929645,-0.260938457635581,10.4845420212651,3.50579787828504,7.90505418414567,9.73433544763819
-0.669512790563466,-3.25481775349672,0.372155142779979,-0.257943720523989,9.79930250751319,3.01512939571119,10.9768412042847,8.8643222676676
-0.662388039749566,-3.28950198381513,0.41927773637038,-0.292388620720646,10.6415716447335,2.72108148787576,11.0737223042741,9.94592409582606
-0.672909533696268,-3.1428420741788,0.429271516466539,-0.229714738234677,10.3150366113054,4.37034087799174,11.9608242796192,8.14335980357048
-0.691676285534934,-3.17141370760138,0.415331065582336,-0.228307408423959,7.41462235177534,3.14662659865162,11.5587674507924,5.86588266732188
-0.818670478101635,-3.19243517462619,0.372826965938095,-0.304642554091429,9.91991116426372,2.44415501830023,15.7247323286984,7.46199760469025
-0.80895069787115,-3.11230287547992,0.381550412978468,-0.229417917360712,9.75516935405943,2.93914451596527,12.8829109460263,5.99458233024283
-0.769540370470857,-3.21514047042752,0.364629925634875,-0.347772712719834,8.15529013413035,2.5857781501947,13.3737703792452,6.70131821061247
-0.804716906532921,-3.19938727206701,0.382924557092169,-0.284295652133126,10.2155256547541,2.44830913441797,12.3526929820522,7.9695266084615
-0.812515021075157,-3.24105337150414,0.367752290527081,-0.219517189414808,9.93448852393855,3.69272275770739,13.0063349467934,7.83950600128736
-0.813248693084635,-3.17695416230831,0.429404182753582,-0.29417951961233,10.7097548450108,3.29429016312746,9.80110785181815,7.41670679839098
-0.776043152173178,-3.13974376819428,0.41586854060229,-0.272733762778525,10.8917909463403,2.73116837726853,7.31020373823177,6.55294785981294
-0.734026913765652,-2.99882867972566,0.391353017732156,-0.226570329321788,8.4617091706589,2.39104824261276,9.51059244804079,7.71348850185314
-0.764340479992256,-2.98796745611548,0.41132826054879,-0.214998783641156,7.91804810245034,3.12650167724562,10.1354535621173,6.28531165858205
-0.785551252441687,-3.01102861063518,0.394331908399121,-0.144830359813001,7.25172236689885,4.40276910406562,10.5638961179851,5.75393897275463
-0.781714600761019,-3.04179782713155,0.473167456568442,-0.237883061585653,6.76714366750597,3.99095605387726,12.536895174279,6.35159177069505
-0.792315416441175,-3.02328578148406,0.411085488541978,-0.244806214199019,9.28479904600922,3.83467943106485,12.2555217135208,7.66903503446772
-0.774371005920039,-2.92909959254314,0.429442382478226,-0.191947722838709,8.49324224325916,3.65698940671048,17.522814198337,11.4571717922153
-0.752025914905686,-3.08159240616646,0.500212558092629,-0.139511922919994,7.67886674591954,3.8802922530451,12.654677369669,10.9801341476468
-0.713212825057647,-3.01252620982217,0.600613116300737,-0.188628359327271,10.0692138554547,3.78853897812222,11.50541114703,8.90172708056753
-0.6997656816971,-3.14239773004434,0.582958709786896,-0.0734173704586651,7.9588340290773,5.09418527256008,13.9422047132833,13.3050581382527
-0.731643396758641,-3.06259266147952,0.48916250100609,-0.124349486267153,7.48438631254431,5.67063410395718,11.4455409331799,8.8547511084006
-0.740846994076368,-3.14667669386213,0.506058762515081,-0.0569730388703506,7.48602554493288,4.08236842953349,11.7826639191998,7.00391049413832
-0.677563939983404,-3.11251289911331,0.502045426888575,-0.122407125445838,7.15887357352696,5.66641805063223,14.1592918282752,7.10554354714965
-0.772149888183827,-3.03774724604932,0.466942434435927,-0.128439242462269,8.67838252764272,3.32360612963572,15.2008301203456,7.16862580731125
-0.702598371972156,-3.14695134053788,0.481581314426084,-0.0346924463698874,7.48834433676976,3.38377698483165,13.3488874133681,11.0714447873182
-0.748454055151059,-2.99996981627819,0.597791233956188,-0.125996009782718,7.21962670122653,2.76449068743946,14.2641728096897,9.67361837210712
-0.735202404955711,-2.97711135478742,0.543481606285744,-0.102188375817328,9.20012561664201,3.64587488944598,14.8283415349095,6.51272960041008
-0.768495281722139,-3.04155041535611,0.563901435514738,-0.169614889288635,7.48641672692272,3.64358141537217,13.8519400400872,6.0141157996199
-0.779259932411252,-2.91853118133705,0.584987487883593,-0.18216341012329,9.85786854436029,3.6474660601242,13.2594080493133,9.69251178902034
-0.775163776756693,-3.08280672217789,0.608102438759321,-0.208393537258554,9.29965640836962,3.8962636573908,12.1576688188497,7.32149113629523
-0.785261430564702,-3.09469306064313,0.583816716658227,-0.157033391698275,11.9565506276263,4.01894409688814,16.942721097096,10.1202771560963
-0.773275246792479,-3.08926524199838,0.536080313100453,-0.183768514060858,12.5222972384737,4.35414141790901,12.4534150701497,6.76962580910011
-0.761646821419246,-3.09079836451472,0.548699906823008,-0.252840083117561,12.7216574561729,6.10381635861957,16.4158113122766,8.16311227306916
-0.857960116636554,-3.11298919602189,0.580572214455895,-0.24937928174955,12.3061245383744,5.40793893304161,14.670646293922,5.90069137687054
-0.806021442326035,-2.99864175960774,0.639578356426392,-0.257068708954512,12.824658039984,4.27604698708292,14.5760708558583,9.23104064510967
-0.831171615491494,-3.15348439946063,0.621387502149598,-0.218794691631397,9.04700656427903,4.07110155702864,13.1382591790759,9.03919214026431
-0.825679878602309,-3.11323562347339,0.679491139706161,-0.314459018031773,10.8233920839508,3.76943081557425,13.3166883288195,8.86426018768973
-0.765686459017922,-3.11916449428689,0.645890691757744,-0.274621706418603,9.42747229133338,4.19120588789546,11.182817127845,8.00294510887053
-0.759213210693011,-3.16170861560902,0.598872627032696,-0.311710274453395,11.870241334158,4.19317548051202,11.3275555926268,9.05017982306379
-0.752268839560304,-3.23705002461731,0.596616574141597,-0.281150877635166,10.6242599248213,3.98531067097854,8.86745110570517,9.04740450921205
-0.8045055429863,-3.05785139481553,0.646275106893086,-0.242458028009981,9.80805902582031,5.64140153694888,9.26183142915878,8.19574416005358
-0.806575129206823,-2.97157601973644,0.605845355424759,-0.320966917525315,12.2179028126652,5.70034737901334,8.88748599191353,8.75380080289767
-0.777550037920473,-3.11978280081669,0.680615483721776,-0.243418920219173,15.5097259095437,4.82340034292454,11.5631198992176,10.777142961599
-0.787268767745416,-3.04681225403882,0.604789446275207,-0.239747974683511,12.6948934575362,4.9013350749598,7.81210275471324,8.13776918619503
-0.865606559062864,-3.00771810804938,0.654887767764763,-0.202465145704917,11.8204155438449,5.52174591967282,7.13829663741053,7.55177143394047
-0.892034192865782,-3.03604341776905,0.642271653616815,-0.245267655935537,11.7258783338776,4.59356817789927,7.71858594547827,6.6401173254338
-0.811349342048694,-3.10355901850448,0.646529554393242,-0.276019215360229,13.7549928023044,5.52393772888352,11.477921593713,10.2853596213464
-0.776260538515673,-3.08416542801781,0.651416676344224,-0.229059480859062,8.08609168279937,7.17797340395169,9.21392510444344,8.21518112771238
-0.774833465124514,-3.13737494645269,0.60992554090986,-0.221769142178996,9.7269698882217,8.93596999886155,9.88362497872369,9.12383383380374
-0.741600637941664,-3.17722059236148,0.614992154686137,-0.193680101566756,9.78040390743628,6.98080915129602,11.5818131990935,7.47421360940623
-0.823372724502417,-3.15271408937614,0.656527410183984,-0.23373156108214,11.3613846642578,7.76875284342376,12.8380720344514,7.39078674700123
-0.804268194921217,-3.25164721499639,0.580095602324585,-0.215691052276201,9.29628244066466,5.3945791081004,13.801715219323,6.82293742632709
-0.758168191820459,-3.28370332024596,0.646344292744696,-0.308214498010544,9.07425715549486,6.19839630213256,12.0640185724563,8.06132670040425
-0.731670817690177,-3.31454751240422,0.645172129428174,-0.233226171995169,9.80918488295752,5.3594607279452,11.3690407399348,8.50802133534841
-0.763264457658709,-3.26593018619116,0.671355712686925,-0.302068731428484,10.3885907349024,4.97703462659479,8.01162587840191,8.68540054018744
-0.809292804424131,-3.20294048489516,0.701835127285334,-0.227850758648634,9.6728721028306,6.7261893563952,10.8713507881868,7.85084426840691
-0.768917543509854,-3.23219714379326,0.69952305650199,-0.278001073085964,10.4190871594391,6.07847750430043,9.71066680406133,7.77078200096368
-0.777289915150487,-3.23752776547937,0.724419922232811,-0.268479046646176,11.4819497637394,5.77162481771052,11.3855387794099,6.89076630168548
-0.756399947632856,-3.22338648790439,0.65254700440285,-0.316975773662125,9.61477832598191,5.75568785459944,13.0430962098929,6.86410397681881
-0.784808491319534,-3.17860068925688,0.664696981959166,-0.270190046330242,9.94276796061734,5.34601273468441,16.401061710519,6.29605518229347
-0.811851121127639,-3.1480307457355,0.617839762768925,-0.367273257517798,10.8345678051334,6.80282432819625,18.2492453840616,8.81729868988871
-0.753726784519599,-3.17487400289654,0.630837293527646,-0.323814348743837,7.6737618770587,6.63855278019394,17.5881658270421,8.74928005264966
-0.816053434182625,-3.13692621631345,0.691759404642969,-0.310175877532262,7.41713911539766,5.68019806942088,12.7864352174964,9.01250124495853
-0.752780878875183,-3.1310185576204,0.679965090972469,-0.261032010360624,10.6534208958347,5.57082727589727,10.0596115991391,9.08780613337466
-0.760474092130269,-3.1797330573762,0.673581285287303,-0.298126726584414,10.7949698467287,7.058668186556,17.4584551999569,13.8547564216522
-0.761857556570223,-3.13777862776751,0.691926375228011,-0.350131636093047,8.54879926314214,7.07363798682614,16.6949437150447,8.05601022058771
-0.745990920144983,-3.16054775336868,0.655011589048329,-0.321310349371937,10.9140693314471,7.40313288088962,14.4169823621319,9.29137691459439
-0.737791388516121,-3.19238577832357,0.677028921366852,-0.29475467508354,11.4356694998222,7.05234485162257,13.3768659451178,9.66033137285442
-0.741334436700213,-3.17876261407646,0.638605708507721,-0.252521241866512,14.5218896103039,6.53029740068463,14.2166529949988,7.21045175513877
-0.784383242659748,-3.13564025561954,0.634565231904016,-0.274247388309248,16.0997972250939,7.35098546234481,15.0466544535392,6.61943474953189
-0.768420108111616,-3.15843665587615,0.588450768140397,-0.294847280459476,14.0575905563984,7.5904543897334,12.5964770091957,6.50433758607945
-0.73747581786276,-3.15533177972229,0.651956622636474,-0.245647656689083,13.933790307394,7.69749583519537,12.4922243009935,8.8468012768188
-0.659641802478913,-3.04832362016282,0.684941161238196,-0.216288130672389,9.03141066994807,10.3054647620709,13.20406694325,5.82813364088713
-0.713915963369048,-3.1107345181305,0.650091896974649,-0.214263739237948,11.3671930937174,9.52205732538685,10.7979785207499,8.3115998144371
-0.741847303329009,-3.11059359016818,0.728643831887946,-0.206368932940431,13.3671748901089,7.9132166681853,8.87426202592497,6.82410429490702
-0.762764144008033,-3.12166032400763,0.712389869021874,-0.244472114989837,11.7652521081499,7.18317354707197,12.4503379130474,6.85079460021524
-0.731377515122011,-3.13083840780816,0.709437618789994,-0.216239848834757,13.7005225216072,9.12281579123699,14.5291384185959,8.18236065722392
-0.755992561224938,-3.08692280695933,0.704022360271724,-0.193908272656357,10.3535791345142,7.10074864927102,12.5195543184457,6.18292367675626
-0.811686213652017,-3.05466779013777,0.756850691092612,-0.232825111775398,8.84154756362982,5.83026653189865,11.7732915213945,8.63050141349194
-0.786611240201236,-3.03414531002246,0.763620581405979,-0.207105266967453,10.2328075445415,4.84198830477005,14.3289522983746,7.17176202161348
-0.816768683435282,-3.01912337409988,0.712081784104754,-0.178250429063138,7.91682692573471,6.29576027914738,10.6557042328251,8.27299510310145
-0.748616025980443,-2.94353743609989,0.768606153603431,-0.185932893209693,7.47839153353531,5.80355877203983,14.5127724850425,8.70031894662863
-0.725291313701633,-2.92861062660098,0.771443151167688,-0.19870621620215,8.60006020339642,4.73474964133251,13.6900134365549,5.94837443731785
-0.754065832850591,-3.13801363719803,0.782593597898922,-0.152929935680444,6.35933607377759,4.09731284978217,16.5223407374959,6.32542972538219
-0.731881790289563,-3.03185694655673,0.769083560966266,-0.114580244488021,7.22645249579508,5.51525527450669,16.7739450916582,7.2643819065674
-0.750456616039785,-2.9228908942075,0.784034196352562,-0.142925024200394,5.43371173989663,5.79700262922667,23.0178891466387,8.08286607979596
-0.631355687922824,-2.90604876555352,0.748617400220725,-0.100346831861008,8.33234095673427,4.73010413767941,22.4249029877447,7.36582676517846
-0.742133249046997,-2.9444125297279,0.750976062883391,-0.177343211030188,7.90775383970792,4.47990811921488,15.7075178860972,8.24794481417568
-0.737529228140309,-3.03564529022591,0.723774749354536,-0.196333773762324,6.61701264879153,6.6232134500801,24.753535218796,7.78079888234793
-0.761922739606924,-3.02550901046791,0.750665057166948,-0.040620342590151,5.99070008634349,6.16217303815804,22.7886245064292,6.26376435344391
-0.713212599465681,-3.02519032945751,0.746973965359597,-0.138697133783295,7.76244142736751,7.14865175363114,20.8356290523884,8.38445747903029
-0.737173205673169,-2.94219041434075,0.737293994744261,-0.126678335275039,8.3008046482738,7.31463484435366,20.1593963913383,8.37949635374731
-0.769211599995934,-2.98543354236033,0.752667039472103,-0.1516884283458,12.5235080695268,6.97081102027067,27.0612654955436,7.93042095426693
-0.763389234897025,-2.90244420523136,0.693885961822003,-0.149630602747319,11.0961338489474,6.4023335389954,25.2324676085694,7.95061843902739
-0.736937737521326,-2.99589726865956,0.716220171000143,-0.161543110749855,11.9103251233671,6.91022844767371,23.3339788482751,9.37469358856364
-0.781989573704783,-2.99117015052046,0.704584523407065,-0.200420315974207,13.1410175344424,7.47401215001594,15.9191807693522,9.70505738834254
-0.791733174031356,-2.99483044584628,0.733998010587565,-0.145525046505048,11.2708991918905,7.61723533471754,11.5267389616843,7.64676019232232
-0.723815338313651,-2.96424158026696,0.726951807774864,-0.213384192817871,11.9172016951983,7.44773684507837,9.97515650394627,9.21284157982742
-0.761356121090997,-2.98714941753925,0.752897398082637,-0.227362236812963,17.5705942886215,4.39463346779822,7.15319536375253,10.0272801064177
-0.766780573038817,-2.92392011521797,0.696415055743727,-0.204397173269187,16.9278563123712,6.12390065552631,10.3845157984081,9.16712044954947
-0.738420650285271,-3.01260757451282,0.737058470829723,-0.223045961423068,16.3482266726743,6.63389017210303,11.869579243456,9.12752132878209
-0.721018109620134,-2.96132161661863,0.73736637624906,-0.192974655522415,11.2797849897238,7.9865033623559,9.77833917737499,6.35272654652816
-0.749844015655213,-3.04321670308615,0.781986191963341,-0.21046833062558,9.32725737350321,6.75300386920591,9.84570204094388,6.90023052273125
-0.75717740203711,-3.06793791633254,0.699122305302174,-0.162414455642521,8.15594465615387,7.50498422858916,14.0529875482938,6.7551932678738
-0.726739729475346,-3.02486205436162,0.769658228109427,-0.233206344871115,10.2106229548677,6.71818254095378,13.5597993305778,7.48419216918531
-0.731485909814233,-3.03506346876211,0.829062380181819,-0.247424437799568,9.87642658617431,4.89996560979772,8.71494682153856,6.46638543557003
-0.696355454766101,-3.06753942759798,0.714977347186004,-0.165341941114087,9.28402821854688,5.77023694285606,9.99745623233854,11.5270691730487
-0.72949446647553,-3.01687988648615,0.781364146478508,-0.18636885344737,10.5610175826486,4.44552495160335,12.569201973523,8.88988165601611
-0.750074418924137,-3.08736364665827,0.775954982665846,-0.230302162855919,9.18353464028668,5.06990155004523,16.1540097489915,6.47826930056078
-0.792003319817592,-3.05970280621328,0.692536518568588,-0.179682388082906,10.7004112149532,4.21616184810082,11.7602562869761,7.50848389459251
-0.716694416239435,-2.98790169093686,0.72921711150677,-0.183818474932832,10.0141672285301,5.25310161924423,16.3224480171633,8.59552001321107
-0.739929437102155,-3.02323954109678,0.727879589002436,-0.261117589741614,5.46925171860887,4.50560748287809,20.3361017281666,8.91349912916448
-0.731655923648714,-2.99203066361368,0.716707378300967,-0.219299098256988,5.27512824454969,4.39261037438298,19.9861054946319,7.40034217281051
-0.699962525778673,-2.97779262705805,0.718506201849799,-0.152266115740682,4.76312435275951,4.47754836135516,15.5445047628219,8.15210579091809
-0.74577402933254,-3.05579182724005,0.715647502323743,-0.158791324686224,8.78619531903084,4.70057119381444,16.8653755106988,7.75245599766928
-0.7690274063853,-3.04839116978288,0.720901130986308,-0.135568383058821,6.52764264435326,6.68589707604776,14.3473368084109,7.46485292969285
-0.775151976701385,-3.08784894162258,0.713378885971651,-0.224675769314385,7.29507711583781,5.49872805321796,16.7868212639738,7.91549826570012
-0.807196170935769,-3.00926504208563,0.724618872378859,-0.134279336949652,8.10591702685756,6.50048731052206,16.0961101643186,8.87457167016404
-0.807493735639333,-2.96616068259908,0.717852864955646,-0.161296206760966,9.24027159778146,4.93033179103035,16.9536942354742,8.33685097362457
-0.792710093052351,-3.0653173504045,0.769841723092375,-0.186018384910246,8.02465363575247,5.41039361997765,17.5110285648319,9.00761498572639
-0.851607216013506,-3.08285954307874,0.784944497081382,-0.159133016727036,9.16320735543479,4.1679643013684,13.2716738658623,9.74745628280619
-0.772914090237775,-2.99923489855029,0.760100327058871,-0.166398843500404,9.22085197287695,4.0150192539113,16.0778483256676,7.78147060696386
-0.731393122799986,-2.99831097874741,0.697833807940845,-0.232266206125401,9.32279380555808,4.03651831424491,18.0197781214638,8.46272239705778
-0.763324219979499,-3.01996699430866,0.77383972839022,-0.221967196197364,9.40965128800899,3.41337433809684,13.998498452936,8.01936910103585
-0.713290203704412,-3.06283550575854,0.7924733452811,-0.136629127474247,8.46333233164706,2.76469937212738,14.2032285197972,7.22389689798975
-0.694848271617648,-3.13790776393246,0.762122023774657,-0.156628860897013,10.1916915817413,3.40280753829227,15.4620049052783,8.62380349975219
-0.724538598421117,-3.21326461418207,0.763541654309858,-0.122753813355066,9.27755353968904,3.0516541111011,15.9088610105433,8.05500663513608
-0.712465513970193,-3.23150588160482,0.742939588389236,-0.13974822772511,9.64385738974881,3.60385803829328,12.4965680562164,6.69550956940045
-0.721804123471674,-3.20597116546346,0.795102005028442,-0.0781548629749153,8.76731064426527,3.35119922352414,12.9750976829887,7.41182902642047
-0.687722468093436,-3.19513952622915,0.827283879915431,-0.107157068796185,11.1832994726641,3.73163083995895,10.6862847032437,7.35626247145865
-0.751142386403574,-3.24007438319053,0.763708749497451,-0.160943880996243,11.5674743378829,3.26932536545445,16.5763278140131,5.12809899889863
-0.675812876648683,-3.13810127646835,0.753187861053465,-0.162966765377857,11.1994034012728,3.69841873176993,21.5445526957458,6.61651444392974
-0.743094972338963,-3.08910831804178,0.762620013257266,-0.142208217225337,12.1424755480485,3.84939694998838,21.9125285778901,5.79553263002163
-0.749065234912814,-3.07894600367146,0.741580645167309,-0.163180057449155,7.40046692934708,4.08976754197265,15.3647406876713,6.3196589417112
-0.769568482711775,-3.07808349343724,0.761630488621285,-0.197641000323348,6.88228455145571,4.90528342629257,13.290551700926,5.48049990552303
-0.680658626472852,-3.03322696589693,0.790429963015552,-0.15947599728969,8.12755512151293,6.00313664282257,17.7344611789836,8.11619072704681
-0.788920799701537,-3.00914469931359,0.768843117823111,-0.149142817582962,10.8905692441743,4.01614508231928,16.1921329850717,9.04444698326216
-0.67477989429436,-3.08026532065962,0.738099510341833,-0.225862773646271,11.0064649639349,5.16148107500744,14.5153646311392,9.56663652033341
-0.633854775132757,-3.15478808980746,0.766387151080159,-0.165850585488571,13.2486387354316,5.84510721804089,11.240660602863,8.54411277713279
-0.649461799629313,-3.11481108587833,0.770846346549553,-0.148489239508838,9.42573496806974,7.51196384908369,18.3892084734887,10.6769576585069
-0.702388962709988,-3.06960947013383,0.754260299949833,-0.208753676256678,11.0279505338606,8.61119050662047,16.3822805888114,8.34679625942077
-0.699635738987591,-3.06634773348811,0.757999980886464,-0.183810395539345,8.23949429957736,8.59808539026209,13.5952187160209,10.1739125362644
-0.690551319211858,-3.04731658962588,0.673197213900263,-0.178704996799399,8.10759614723949,7.57629783512991,17.2230904426729,10.7766498675535
-0.741374417662735,-3.07324453050537,0.691252604232297,-0.185538147476237,8.74237280048535,7.1966675726031,17.0989231686472,9.27382520391353
-0.729656695240122,-3.01013732839834,0.669544938768232,-0.151195099775989,12.0422543117298,6.98343534973597,21.2416003534673,8.47083135040605
-0.708047638920147,-3.00823556650018,0.658459689989589,-0.206760260324004,6.88968178160648,10.3679154518776,18.7545766182887,11.1500998154202
-0.765355164525306,-2.98639820481875,0.63958300081943,-0.190733637182071,5.84763925387501,9.12026467392298,18.3582155689511,10.0125709956369
-0.771454230631144,-3.01749792574179,0.652076968466466,-0.194103287716004,7.75665335133238,9.23633743716339,19.2612983967131,7.92362817642511
-0.757087494209943,-3.06384824790756,0.623704191652867,-0.175315030229458,8.25726220225695,8.89297792478246,22.4200348952769,10.5017236591714
-0.828384718156197,-3.02030057672261,0.625245397869635,-0.233864357747569,9.15843817768057,11.0444915787247,17.921406047655,9.1323453307841
-0.843538024314731,-3.00759623030352,0.666806034596561,-0.183439403756516,6.99694870640921,9.24086398405923,17.8652375707114,7.70740365916253
-0.786969933080518,-3.04775935831326,0.681114468916867,-0.196625511380344,10.5135361528553,8.02578811429622,18.4539671565687,6.26250441905071
-0.81860131966875,-3.00783490400492,0.641122296471646,-0.244439935128712,9.05971764640572,7.49544388622341,16.2223058710675,8.08495859310204
-0.760693444568628,-2.99033463573323,0.661973463954715,-0.263195385677719,6.87586463424996,10.2231950448444,15.7500676692726,7.70557295413838
-0.722236317428045,-3.05021785381362,0.704194699229683,-0.136253501229211,8.42654629089426,9.54394268693201,18.9184243180473,7.34794248327366
-0.695632198129295,-3.01753170855291,0.658486605116628,-0.152118293338188,9.06500671099094,9.55877061927319,18.6637882696594,8.83002134090142
-0.755559666809398,-3.01973296166918,0.662535855505378,-0.165288082218493,6.68938657845954,8.55927758831702,17.5129751929734,10.7015276396756
-0.652417757998795,-2.95211898954028,0.659221619830284,-0.187904107085795,10.4462348764697,7.10011905633353,21.9531302668623,9.58407290936955
-0.753297928361204,-3.02555564419854,0.66433892282228,-0.174902494125717,7.26108657795598,9.88813357218961,23.8820746169595,9.61961941270169
-0.663575737178513,-3.01052335340306,0.655119375212589,-0.138879668943576,9.07925821754788,7.87721310137113,20.4396963665152,8.51544208491752
-0.712159317877025,-2.99610033229455,0.679633276830837,-0.204959979267106,10.0648518676054,7.55516199299332,25.4321662079136,6.91593934980886
-0.722208361943385,-3.07314432924641,0.654933593027261,-0.110666665632592,9.29579445470501,6.91428871061307,22.1135089370755,7.91919912881229
-0.695989764876457,-3.00726594889095,0.683091812224576,-0.117625820206245,8.4771529596439,7.01241026243382,20.9343425126934,6.89139975705885
-0.695242430690674,-3.04920157117481,0.694901708491738,-0.201836424984159,8.46224170583513,8.37899669808385,18.9877026138357,7.73759870381774
-0.715553506283046,-3.13601761265076,0.693152976519795,-0.147580471716298,8.6709863476547,8.66697311070096,14.2456652622071,8.04526084728551
-0.73571263300716,-3.07423951723868,0.640808202240287,-0.109548215601445,9.99064829110659,8.19184202194786,13.9084275792816,8.9630093453604
-0.784580120188627,-3.08805995619895,0.673072897010382,-0.151861754332977,6.22220087371782,9.41589672354809,13.4583073882039,7.47406392500462
-0.783828937482254,-3.10770482022277,0.620083601987843,-0.090617392451907,6.44045264327174,9.91534115309766,15.4697220937683,7.67044933142047
-0.708100603840669,-3.15072812045207,0.643148398125423,-0.194338306429681,5.539493165832,8.16379627840048,15.219062111457,8.84176377522483
-0.743393874920477,-3.09543448295857,0.630741217523119,-0.115617898563979,11.3211205579434,8.7030139345705,16.9299296390319,6.14615997629957
-0.717652061341396,-3.07741182627023,0.659357043907015,-0.157375592422976,9.44442941393853,7.66631644486455,18.9202024830996,7.34131639854032
-0.728420220285524,-3.09442433766737,0.641679246647684,-0.173467533811637,9.85393030292288,7.27101920832217,19.5856913390426,9.99253537374972
-0.695416485365624,-3.06699081684967,0.598604656287779,-0.0952018320579261,11.149679996211,8.73303983758411,16.6871010507446,6.7876668634236
-0.730017317301635,-2.98541826464617,0.664852562568317,-0.176596373641798,10.8000367045062,7.00403261015293,19.3763645674436,7.39623484231295
-0.757958298636007,-2.96296549831413,0.606190805556592,-0.155420992560864,10.4334732388032,9.50321858080804,24.4000821648513,6.09246829934247
-0.845473717038396,-2.96651403428112,0.688701720988216,-0.17390747990106,9.32662829274487,7.7326826585563,19.6867125537403,6.37702353586552
-0.803901919702801,-2.96643428730939,0.611634813027762,-0.15886983570947,7.29404717271196,8.37345337187659,19.4973473406638,6.93049922727545
-0.857569348557339,-2.96346695604047,0.597292305878487,-0.198954100950228,7.5680715481203,5.90552963215907,19.501105740349,7.74058937472188
-0.927991104038277,-2.95461151328715,0.530656610638514,-0.227180989994932,7.37019061222804,7.7051964272583,16.7522729044286,5.0100109153736
-0.838961473198217,-2.97053742869702,0.575175295759841,-0.205264394515353,12.6921897252729,8.37577477963496,16.5752902466659,6.22312989659961
-0.74801285542534,-2.95670652538506,0.544319551969304,-0.20275759038154,10.7707714476659,5.20188480292601,14.9382301448148,7.75766643382853
-0.760363362851601,-3.07911313586221,0.540584035658553,-0.22874882128427,8.09582646979272,4.81725313714761,15.6991108451088,5.67464870818731
-0.810780739525612,-3.14766247979446,0.579254100989958,-0.206368506687734,9.29195545814954,4.27636072047139,24.2811529905679,5.29639567323154
-0.753999740131685,-3.13520413010482,0.505988091561853,-0.163217287481423,7.94908456750414,3.98052824407733,22.416076222472,5.78167067009361
-0.837289245170406,-3.00759825610963,0.541289646581753,-0.188381951297044,6.51097281601164,5.69753713069211,16.9614250843347,8.4935390187955
-0.828291552235126,-3.06000714873693,0.571291457389498,-0.130223923615273,8.94693890574755,6.15940485374692,14.3866702930767,8.35128020262158
-0.802188694523779,-3.10531114364312,0.573336129354368,-0.199119136607227,11.4123103189725,7.00216240212886,11.917212681405,10.4347180059201
-0.834784839487363,-3.0529423828012,0.511283671930113,-0.141471852457088,9.02063437408817,7.29708087911779,16.8124230167957,10.7583959663428
-0.827884357747941,-3.04509284378786,0.533964365370053,-0.215440693409842,9.09258005257035,4.61425492821788,16.9338460721281,9.36780755319223
-0.774090270511177,-3.02795834294944,0.571535453512486,-0.172698343300113,6.83104562044168,5.90732062122053,13.6203961105846,7.92016121421735
-0.889332565592238,-3.08142800683879,0.568717270461492,-0.155938153596319,9.43076822892516,5.88735317185047,16.3100429021058,8.83151155989834
-0.86150649896206,-3.09102931610043,0.54033946334331,-0.266576375399099,6.88707766359264,7.08820420867105,12.6405023704251,7.12906034461895
-0.771809294644103,-3.05132058945994,0.520084076219632,-0.183397955225029,6.89473383057943,8.50182944860788,16.7568206481789,9.87934134501501
-0.773311566127526,-2.98140221514576,0.531075802822454,-0.194611744047884,8.74250566658898,9.89234309234014,13.7244656130487,6.8544264536907
-0.789720229286819,-2.99972788347558,0.515209529537547,-0.223306716239777,9.37834778799969,13.4217768585166,17.849153739417,9.13833779098019
-0.824287170474353,-3.01525002870128,0.499274551092532,-0.19198576381256,7.68864567628896,13.1423230532533,16.1702180758703,7.45493564822151
-0.770780941828668,-3.0042447548579,0.498749725498162,-0.136155039605508,6.68719951665489,11.7974380781638,19.1932970296737,10.0676312649614
-0.787595694382053,-3.04126927862469,0.503578888146033,-0.151426619780936,7.01271763599617,20.3258286743057,20.4075432096036,8.95292057718803
-0.791400882148065,-3.03045530190025,0.525316287293888,-0.180679702552395,9.13387919297145,12.4653031615877,16.621271601553,9.47019847057077
-0.780631245313758,-3.05163991754538,0.494005003171159,-0.191627823576424,6.7571577978842,16.0195894708562,10.8870632727273,9.44020857763047
-0.830244596444224,-3.09228248823969,0.535546006193942,-0.143964301954875,8.77595597583766,12.204149290048,18.9497361557407,9.43962163132796
-0.860418585964605,-3.05456384788627,0.550244407520774,-0.127700540315609,8.44006913077131,10.9428819840561,17.5140433416395,8.3253997054759
-0.795048505285096,-3.1468905369996,0.558617385191214,-0.13137860309529,8.04575615725887,8.89648547019129,17.1232344924617,8.71536520589413
-0.791816682698008,-3.09126002314161,0.587520197185646,-0.200491751025187,8.00967302029009,8.94999237233648,11.6732161910096,8.12493090126076
-0.733576591425138,-3.10735548567158,0.503042821826788,-0.0622729471902225,7.76938205400812,10.7062557910498,12.0778293496795,5.97108072715958
-0.735988411536399,-3.10481072388213,0.599227863306325,-0.144818202366769,10.0536177068115,12.2376186062773,12.3492129968868,6.24311207568736
-0.72334914790211,-3.14677614961753,0.618193263227799,-0.157125436514126,9.11812579241399,12.6458921068072,11.4100150420029,6.61647007058455
-0.69961103197064,-3.11975869233158,0.664789185793793,-0.172758083490249,7.15030809728075,11.5387937586398,10.987905347309,7.51764263793716
-0.701167678002893,-3.19934462474074,0.60753580509487,-0.185399918595122,6.32823791566339,12.2642811067666,15.9417533828814,6.60478917669545
-0.701319375021579,-3.12819577329992,0.592309818451832,-0.188486469465929,6.93503148805506,11.1294287333853,12.2173875551293,8.68818076043683
-0.742483678451898,-3.09917019975826,0.65901719324217,-0.12363971607799,7.70885836491374,10.2332008967382,13.0653297022261,6.10191346137998
-0.741956705315406,-3.10603883921078,0.621873856202471,-0.160052025325539,11.4470951414705,9.8963116151859,12.2656815871774,7.43846178454442
-0.70505206426778,-3.13097314093549,0.628551372612863,-0.150569802155365,11.6813688568752,14.3316240310432,14.3771960311235,7.93948950126181
-0.74879926084412,-3.15573776584058,0.59866294652047,-0.261465706523115,9.25407934339147,10.5963855540404,14.4904536901453,7.09863842015656
-0.735665865377214,-3.12654192525046,0.621424755687991,-0.158436477490399,8.69783210863494,10.9809478005944,14.1948503661699,6.51389281323041
-0.73340624193993,-3.22862227357339,0.563368546157755,-0.145840534567305,10.1885502128181,9.69024778591708,18.9387057232518,6.64364459695493
-0.687560434721255,-3.24938963583997,0.548325066567118,-0.169741196750362,8.86052036421948,10.8838277250526,15.6144600021438,6.14834799313587
-0.699328162578099,-3.19409597324077,0.565874235881267,-0.186281934088318,10.8586619928538,12.1927555206542,14.3426328151881,6.9453556021557
-0.710555294114701,-3.21492682311792,0.618130906739918,-0.146492397893335,12.8905075113398,11.6272198100655,14.015371458174,7.06523378733637
-0.666736837489672,-3.23820277325446,0.597669386656338,-0.19020502329179,8.58509517158079,9.27849949525743,12.8877467516059,6.95547621878922
-0.670864815995639,-3.20925076838013,0.569041782964709,-0.136978468362893,10.8761582476942,6.86270635149833,16.7490135738748,7.4469697803991
-0.676438422915822,-3.13207689560897,0.513877595819787,-0.220423948966124,11.0173037884025,7.90873657313877,15.2567001812445,7.16314381531781
-0.659019632095875,-3.1411142390635,0.561371722354377,-0.223041902550652,10.2985695300034,7.08065016270702,17.4715239583502,5.56935736974232
-0.668984352625982,-3.15540689053464,0.572706551011078,-0.175223714566684,8.72760428814061,7.05599796939747,20.440009662125,7.71620752450038
-0.627672315311447,-3.11662277304254,0.552659091127098,-0.199533978454522,7.05890235822695,7.50169715490455,17.2557138881996,7.18486220947411
-0.632232353926429,-3.21761784684003,0.571246625623075,-0.163533598305832,7.6190089035529,5.34839009028128,22.152461350553,6.85247898473181
-0.647339906063848,-3.24611078757219,0.504603701636749,-0.239209309189563,5.97619812793517,7.59167489487375,24.4291929222571,6.82833293634805
-0.733743727598496,-3.14383468295481,0.487410937249596,-0.23990006302858,7.52224768319575,5.64743864977825,19.8821437779874,8.51594526338467
