c1,c2,c3,c4
-2.08277390369323,-6.87200237865065,0.626304505644889,-0.645500880667071
-1.07944885864471,-5.26395181138336,0.609768347654852,-0.347511737492075
-1.35700715634006,-10.6833936517804,1.26373707979674,0.478369210902695
-1.20623624665076,-3.60008547580317,0.196239172090509,-1.10084721596688
-2.00111801850237,-7.23864580720468,0.525276205339865,1.1849609745232
-0.226518264691012,-4.88227561272863,3.51379619250806,-1.5726962977798
-1.62118881054076,-3.51142885191211,1.24800459982462,-1.18730112597584
-0.0200336714954173,-3.04652053440128,-0.540023309930754,0.0953047224159387
-0.890609051534711,-5.84958302333586,-0.0294327040944926,-0.531221534173085
-1.13516890847082,-5.91326116651471,1.19819668143717,-1.49104902911143
-0.263428693581195,-7.67431390860144,-0.616692611459349,-0.610808042593464
2.1086039916563,-3.7157704776547,1.38399391220275,0.319978047295491
-3.36616526927922,-1.82948450632419,-1.19120586514492,0.0914137727385367
-1.50341351062317,-5.50929404459941,0.447036703581902,0.834254400978348
-0.476628300394462,-8.88872340124543,1.27980183262825,-1.21529028686538
-1.3406531427407,-7.48922608088807,0.317220152520087,-0.113312659522438
-1.37306005427365,-8.23215670186097,-0.424007487981626,1.11806085647183
-0.646811186797093,-3.20865992047739,0.554688643957969,-1.41888351057645
-0.400536704431386,-4.64675421728357,0.977256150489262,-0.474223005800256
-3.11193651304534,-1.93578243491116,0.901658353277035,-1.24234325085168
-1.21914318831065,-4.03779963843985,3.2649947354929,0.038471715345486
-0.537461356293377,-7.15017234105569,-0.393645898440942,1.54482332548596
-0.733763099627061,-5.50627616956117,0.585100691475441,-1.36655826661052
-3.13791141682646,-4.68588667841684,2.19332377146365,-1.25508217618267
-2.73429466539306,-4.8959024314401,0.473213767235625,0.918468787714401
0.859300785255837,-3.93961139363986,-0.0645931069349468,-0.0970905382105411
-1.22973868606212,-2.05026079869582,-1.17229979834499,-0.015605511985737
-0.326007068071536,-6.16615522796865,0.339717700624595,0.599283372305687
-1.0935969873947,-1.43977172530942,0.4398472038317,-1.93644803667868
2.03449381259102,-4.45231872167533,1.66728185955423,-3.13737621777247
-0.0981356706210845,-6.03835732806314,-0.494163941575257,-1.87230150386001
-2.75861452581476,-5.25662493049926,0.274485189005962,0.8953890724016
-2.57993169657832,-0.434587548370058,-0.476512050399006,2.69954892470345
-3.12448659049063,-6.75504899858517,0.585661069031912,-2.11291965317721
-2.30603031148017,-3.7900160213195,-0.303704460747646,-0.197538340444799
-2.14132739003909,-4.21207358866158,1.90816031667457,-0.0429631690854663
-0.30475821912045,-5.79815660288599,0.883562785804127,-0.245492088869672
-3.05614401021579,-3.87239845072921,0.664420459304476,0.251625828790659
-1.26104354202957,-1.28552262676943,0.911655741619245,-0.690149041611408
0.305276745356141,-4.22970259165449,-0.572421838748499,-1.28365788209766
0.452836360704253,-8.60896346606549,-0.962012901050841,-0.169828095874085
-0.779300426897451,-3.85919151057475,2.76539174171913,-0.23569552526232
-0.876527858819972,-5.19850904806762,0.477261212939809,0.632029997123802
-0.413653985077313,-6.33901009893448,-0.472709700021687,-0.489972929469183
-1.56513535137276,-2.28800809458523,-1.43123760257001,-0.194629352114153
1.25619763119073,-5.03720438858415,-0.663582597293211,0.151627584682627
-0.271950654183206,-8.04120841121908,2.70156686227225,-1.01054084231302
-0.79310971036425,-6.04940352893937,1.83026315085616,0.423021364961531
-1.40616378482498,-7.05589415678798,-1.65999504992253,-0.162251543024576
-1.15109260086964,-6.86577622469099,-1.60537924352985,0.500528851730707
-2.46677067810212,-5.07738185079679,-1.12146734872822,0.236746317478462
0.929195197444276,-2.06218615861365,-1.41467857008369,0.487482962555982
-1.12766718783602,-4.6676287693989,0.878658707504854,0.401992940169339
-1.07396009288739,-2.51628375994599,-0.538588908976041,1.16849203705754
-1.52629139183146,-10.7487223715216,-0.0189395361781778,-0.00360709223914813
0.43002318393343,-5.63256694527416,-0.0589577956409776,0.560468971829762
-3.25434484878235,-4.21967476242244,0.57372262776177,0.414992425840599
-1.75222778264231,-5.34329175044727,0.273238609218747,0.254827112495434
-2.12802378451147,-7.3544726743547,2.08635443262279,-0.303764438151655
-0.0760282354920437,-2.2834319351057,0.166375993347235,0.0212631940401294
-2.17872789387095,-10.3229513697939,1.33791317172239,-0.936557970600612
-0.198998651899267,-4.183602753839,4.19892979445963,-1.06351208571285
-0.766328950605119,-5.81576933462371,1.87650929441552,0.673682032905897
-0.915061758877958,-1.69088331923846,2.03309288519027,-0.495339496181717
-1.10220318542375,-3.48272165753182,-0.938008198485342,0.194021430270148
-4.41848681031426,-6.23604576191262,1.2541101039754,-0.96474057929311
-2.78426120753183,-3.221643670885,1.47312872522024,-1.19343260233876
-0.887429493260053,-7.6946145325543,1.23000139955341,-1.83375852380917
-2.5210985364851,-4.40741487966713,0.324545038767567,-1.80299241987003
-0.324279584950116,-5.41050013724371,0.198231439085479,0.857257933300588
-1.04069656870744,-6.80067135243478,1.59017097758414,1.03041388957852
1.07094058121055,-3.32291145001022,1.87507982762412,0.698005264188257
0.0270437235360239,-4.85242629768085,2.00012201357799,-1.16952550274061
0.270971431755427,-5.98437018050688,2.62627292439287,-0.291701313778686
-0.730899202967546,-1.85281943312699,-0.0590933322769353,-1.50825649513136
-0.364722193244275,-6.66243879740307,1.90231955647591,-0.0970198335842028
-0.99095709696191,-3.56498885621832,-1.16471105508609,1.07520732812675
0.61499121317713,-5.26055609896019,1.04282668111948,0.976288767201434
-0.561396345145463,-3.02646014887684,0.519329319083583,1.99622976292869
-0.798750477069392,-7.95490253590327,2.73055527591091,-1.06013907076131
-2.65524310054566,-2.61780924295951,-0.430668145488956,0.059225002072788
-0.0649754062744669,-1.8298826120396,6.22455022826652,-1.16141256901378
-1.08704073181416,-9.56920659380418,0.337076520242919,-0.803930668482982
-0.389557688299458,-7.12191712294733,1.3698443480957,0.65826756468394
-3.59695138770172,-0.861530332551212,1.07222958946471,-1.01197215629683
-0.207339763150872,-5.87089808128992,-0.339103922281294,-0.344301023467032
-2.30582394494344,-8.24489738443473,-1.54178026914594,0.290849818763759
-0.898287832444832,-5.59878328743832,-0.112328907596784,-1.06311740118974
-1.33805031626316,-4.77836397694051,1.15660054748346,-0.929275845449944
-1.54949787128018,-6.17318688779432,1.17399135720743,0.273622481401268
-2.50343232491116,-4.03185234714777,0.243133591549199,-0.903919599567188
-1.62698842833963,-10.1223358689498,0.827951291096462,-1.68170031070034
-0.855316637753885,-7.8167792191691,-0.730154062681172,-0.237066970636887
-1.47038235081559,-4.50489731201318,-0.408882349836185,-0.185247750691356
-2.08051522677769,-0.521193809977908,1.0615301110188,-0.983242641164766
-0.310253854688237,-6.08271356924116,0.950040796262445,-0.0767926298150835
0.278104110694553,-3.1793265183518,-0.0818985440579303,1.59942684437279
-0.13798629755549,-2.39543812211788,0.177940673305467,-2.20352255443514
0.237554461522723,-5.39563190941226,0.580849685341665,-0.433042612171612
-3.39467888155484,-0.662326678149,-0.124387349761306,0.428828937753747
-1.3644602733293,-8.64906300086111,1.52981475384435,-1.97922162293638
-0.297760179611863,-4.06063059605967,-0.222670650854408,0.42771083761188
-0.663387589879057,-2.39410443798704,0.396554064084957,0.868339529039683
-3.21734514698632,-8.76039617596301,0.864043406983738,1.20624453388233
0.0488153760474848,-5.17692670290953,-1.14063202322468,0.892574924072372
-1.17400356972507,-3.80478318943857,-1.45189828603365,0.268534406782354
-0.545110130147421,-6.82212444524832,0.403470854238611,0.681504188062042
-0.473431503358204,-7.84043645170835,-0.284662846366654,0.919005067693555
-1.19786717209124,-3.00794268292653,1.64061306816812,-1.53808037669431
-0.817480453577719,-5.41636845307263,0.637355036206829,1.25552532265772
-1.64834425862934,-5.40402921403116,-0.900850006312776,-0.383042200588889
-2.62723700163572,-8.78423997061398,1.25830771109331,0.082502236004408
0.143081435675179,-3.63382958866368,0.485502262947624,1.33007346369517
-1.58081860536319,-4.35028517228351,1.13406169266931,1.20928636011615
-2.79781592375783,-4.02935348200224,0.728426753927651,0.940420053668992
0.166183182818855,-5.4318001820297,1.94130042445046,0.469480501472309
-1.35235827624343,-4.25142892786755,3.13966777636346,-0.391763080267288
-0.684627039929439,-3.77500002601776,-0.552493941868596,-1.08388792352736
-2.05333868448618,-5.5208783186657,-0.925747788418362,1.03443771789877
-1.20502909201523,-1.73147372580622,-0.332766199764269,3.45179275376198
0.68720507337113,-5.3247346675454,0.0266065260741025,1.23991147554351
-2.53491710689874,-0.106028460628002,0.643749668624269,0.536859125608482
0.246363148070516,-0.987576533467227,-0.212823200600642,0.13572671326844
-1.02565092559238,-5.06902175561608,1.23246094694695,1.41855627162172
-0.750041784912995,-6.25922020888315,0.950813292678489,0.300321202878375
-0.623167186448539,-5.63605787284903,1.39915679111483,-0.401235808946063
-1.46226388248708,-2.22903806955142,0.130536408295506,1.55335870671436
-2.97005758304851,-6.14648788496473,0.0230071814039429,-0.810849672191808
-0.881333293918928,-5.80091486984055,1.02816419462036,0.745358067128016
-1.50113768803684,-6.09130438786864,1.14876125121417,-1.16499666921564
-1.62759797676223,-5.35203700387896,0.685539611207602,0.458066825645705
-0.560771014764351,-3.0742521262943,2.54719214878787,0.637063295409569
-2.17431432235471,-6.65911166233947,-0.076020202534746,0.898061757193691
-1.0383193385038,-1.65500219057133,1.13332002323626,0.00354171744179554
-0.0530304065722166,-11.3992561194244,0.4539607571907,1.60242113674685
0.243060852470473,-5.49022661287587,-0.526178721501896,0.512102262753106
1.09726298934179,-2.95476598948135,-0.217950921644303,2.3407551843125
0.0998668221599334,-1.61689483794018,-0.264884370476596,-0.0624633155548394
-0.16921803601755,-2.90293811817281,-0.136608507582462,-0.32006520014681
-1.92021620290897,-5.44021372931569,-1.36211772964024,0.992778963824225
-1.41556591489968,-1.27971910546934,-0.893169655347454,-1.2283678895752
-2.47655298671282,-7.84365042974693,-1.14617114216495,0.659961394744643
-1.97201651923027,-4.79842588838653,1.27448935413718,-0.224395953651487
-0.346851283339201,-7.55056327217761,-0.267871443928483,0.0239700290157826
-2.67042340523307,-7.16571980040186,0.383780731021721,-1.21454528386075
-2.7372711193253,-3.7820042884143,3.0796086627704,-1.21423515092246
-1.58698992631172,-6.20209536607313,-1.8269120028041,-2.29218076695955
-1.21905856957747,-4.59829704053108,2.70339576857041,0.882110141171847
-1.80608598400169,-6.1366259266208,1.03020154752105,1.04188144375579
-0.443207248603038,-5.76498823794297,1.88614281703364,1.74113778460073
-1.44062329947245,-5.36954900982261,2.07429329573418,0.452755936838931
0.0421871068357423,-6.94389344595031,1.26395750180038,2.16595364492166
-0.569285470166325,-7.1247103052102,0.583532950842241,-0.165824152517017
0.105721339717703,-2.58025777565611,-1.45252477836246,0.126190960520287
1.04487163007826,-4.26555384536627,-1.55395234539459,-1.84629824163726
-0.792981694547657,-7.17484037682077,-1.51063521450775,-0.736691875261204
-0.3283256114293,-4.73657820644229,1.01580263471592,0.806520506846308
0.158988755013074,-4.88827874202883,0.570356166347546,-1.39643273455937
0.862810978648439,-3.27677459193156,0.406416211311945,2.4542374136671
-1.53948153015916,-7.05348930918836,2.93152863197415,-2.31043072241711
-0.796600801708114,-5.20715150216788,1.99350638736629,-1.69645946573033
0.948099790933155,-5.25143605761492,-0.348423998978505,-1.84206440995762
-5.79063953512385,-0.805111795831201,-0.759899010426009,-1.84564180372208
-2.57881055602405,-3.08363085850917,1.4228572092107,-1.41910557010927
-3.00539488497522,-4.83691232918074,2.5133145345048,1.31762421238596
-2.68813024396932,-8.67890366195823,0.356670595231902,0.780525504538223
0.532326897841561,-7.97687385594923,1.6851484770276,1.80321139885773
-1.78752144365573,-4.90999259613379,1.69061334449142,-0.402238762111815
0.600389415546358,-5.49748405128969,1.34011082986036,0.36689956694686
-3.45048057367314,-4.80298227544151,-3.15620345894867,0.873685442011411
0.0799216723895954,-4.25059968907006,-2.03441569652428,1.86966503073572
-2.83355133636722,-6.12151269789902,0.701835441915653,-1.28746174591412
-0.200086781387236,-6.37368927267461,0.881865332354175,0.873366698196775
0.385662306242032,-4.24051450185307,1.75780074336765,-0.0675618963904218
-0.0844637071173067,-4.64840232056773,1.3027076397733,-0.354231869601401
-1.9784475767655,-3.61991936728885,4.39960666253245,1.44521756271164
0.73230555952154,-3.27289715830294,-0.237777601748951,1.36188990739782
0.808633253270251,-8.45037885424637,-1.22921922464327,-1.79022960321615
-0.621226987103207,-2.15765022882429,-0.400012168144297,0.3505311585549
-2.2398774031893,-2.47794218116747,-2.39522384999708,-0.694838429431724
-1.10876831062061,-7.66404532875687,0.732213193292994,0.973734253998385
0.542395116303291,-4.64074180892874,-0.085186026070371,-2.63908740499334
-1.85791874321146,-6.05601505037217,-0.473527314141364,-1.70456970817397
-1.81295380698711,-5.45314466143753,1.06837846276715,1.5904125688579
-2.10160136468101,-5.15063733767391,0.0909040800681628,0.330362391820193
-1.84022280381622,-5.38691729241922,1.07840198523844,-1.89542437585911
-0.530036470329548,-6.92050334874505,2.627693166902,-1.42474229888343
0.0191399158042416,-6.60533525633611,-0.553864034752719,2.4577279343721
-0.0615104982207648,-3.65598924522709,2.31461202128227,0.935574179941121
-2.47550530262685,-5.69307096449848,1.34996110473647,-0.400372871668319
-1.68636076869206,-3.6179069293507,0.394372438986294,-1.92416614383738
-0.822945268779156,0.0840328706660721,1.23918151695907,-2.45391989286502
-2.43157997973524,-8.58395224113468,-0.413518177237807,1.80081441360417
1.92238455379381,-6.59272758025746,1.9594237870503,-0.0773663238073323
-0.456821251147461,-7.07950520998418,-0.143756662048503,-1.11089173838479
0.565829334067889,-4.94642095319231,0.649071151623783,1.02410926718507
0.190853523759917,-5.13992999008271,1.08782615553075,0.0310277974469977
0.0767935676242765,-6.58328511480683,-0.630798643446139,-2.26023049590498
-0.487335637270262,-7.39820125346353,0.457826909568256,0.372684120733712
-1.37119376772386,-1.44802335443969,1.49968703928641,-0.20886339281301
-0.621420149692796,-2.50887517659078,-0.613752751687379,-0.587935741648903
-2.92142858772976,-2.63007201741461,-0.407672897222239,0.726633679973233
-1.97743596236904,-7.13338236991342,0.875957251221901,0.924036924685202
-2.19590265549907,-4.02196196836017,0.310853372558389,0.835793098713945
-2.22496351708684,-1.0952010064704,0.907201836669284,-1.88002384666179
-1.92474254233641,0.402137487199867,1.303857050733,-2.12433359105262
-3.08380225543626,-2.76793397331091,-0.542395977244695,-0.281213317385558
-0.0310504144277404,-3.08996799496273,-0.0811605605724525,-3.81949688473097
-3.62790946529103,-6.9552297307113,-0.0932597725678901,0.130831039984022
-1.72397767174398,-5.03355214301022,-1.42014086122776,0.130458986833974
-1.19517515953464,-6.28551938400985,0.715331451548647,-0.1493951617459
-1.97521675263248,-3.36515799145187,-0.808013541568666,1.12458008362042
-1.27123098832285,-8.46830300143879,2.23588765981196,1.66637812917048
0.866990009501129,-3.00410399401717,1.00905742428231,0.0909274866106707
-3.377664959204,-7.01317105323466,1.93667244864225,-0.893660795246671
-1.22376891731306,-3.87696930775885,0.155556969484203,0.298739227985031
-3.05841485652206,-4.69104774637953,-1.17307928987677,1.30803127502895
0.499154411947482,-7.37810836087133,1.02173154263747,-1.36047661111156
1.3041089146426,-3.34174126898404,-1.31787844385017,1.152885438572
-0.60461322489882,-6.53821933274411,-0.5017003864391,-0.0553097108062448
0.0919310119672926,-3.9623781859333,0.255386954007212,-0.54335641090274
-2.0956976893624,-9.6076203964661,2.46953455283158,-0.595796146220381
2.18790014975976,-3.10954977777737,-0.0658321254408967,-1.23289950015136
-2.2348013349502,-3.53440623830882,0.719709554320855,-0.403054099862215
-1.18741242959936,-2.77435618323429,2.17043655514935,-0.670038935590987
-2.35809005335819,-4.53646291840489,0.143672634908751,0.882343392155104
1.242535639954,-6.84471094751638,-1.28495903418019,-0.94109637590709
-0.381362395027346,-1.68924668169402,0.698795727292155,0.357013381977704
-0.549222371439879,-3.69735217794366,1.11338292834024,0.446541534087802
0.212944961324321,-6.46299800147597,0.883821079103937,-2.83459900297202
1.4651948154593,-7.85887613498094,-0.803866538869659,-3.58185047995443
0.256718071209752,-2.5854119028188,0.41245127005585,0.802310245946608
0.820519089005464,-2.83414138697538,-0.830907985526239,-0.615989622562702
0.543606028576009,-6.10578950042412,1.80385488464413,0.491791572261303
-1.45593681104263,-1.76001305848212,1.33758930049905,0.736587184489261
-1.20750800189319,-2.81965725859034,-0.564647637773237,-0.659200292608747
-1.97293455292443,-3.17585781514269,-0.551099846664295,-1.4930808115557
-0.441682404090058,-9.05115002241446,0.917566924275955,-1.48323898662663
-1.00528654561087,-8.16800037237855,-0.854805721925409,0.430410555176856
0.798636374105047,-4.68287842645636,-1.74022315211045,-0.586738475432343
-0.069903955107538,-4.24597177982497,-0.168905099191429,-1.38714595606436
-2.23171630430919,-2.60694336927043,1.15033302176984,0.599979947309291
-1.05301879133073,-6.53976140004357,0.513737531921326,0.0267958113109535
-2.43710681751261,-2.8866947290169,1.00061991131052,-2.23732605628361
0.770751652345369,-3.66086034006069,1.76777731059092,-1.31849142656213
-0.70709544306597,-4.19998273439812,1.78299992417407,-0.476625707452404
0.904681827318483,-6.86173706138117,0.455267359947879,-0.409521669047826
-0.364372140318426,-4.5218399772582,-0.0123353834699998,-0.766404747140193
0.0584396694884386,-4.66665410503566,0.295256687311245,0.259079358016587
-3.1312111363885,-4.73564740263494,0.871391870926452,-0.301225494778895
-1.29391014766448,-6.56156932316845,1.12693939805198,-0.952617248172584
-1.00741613737476,-3.44637930069336,0.640702641840414,-0.586953406226254
-0.446151584672349,-4.27330098395961,-0.432866528544319,-0.606343579921957
-1.18472903346498,-4.46348597095091,1.55763097383157,-0.969569351100801
-0.394391599711656,-4.06756949278503,-0.885990052219596,-0.443282037110655
-0.370881001975534,-2.74567640024945,0.193449412703051,-0.336865448411473
0.526000027343221,-5.00074997287157,0.905756280440097,-2.56377689378513
-1.14293606678332,-2.22547653977656,-0.344081169153737,0.171996902945413
-0.632090132617304,-5.05564487700788,0.865577480743859,0.99375835929686
-1.67658399218719,-3.02670054891472,0.149859965699324,-0.227766810964907
1.74516943099001,-5.45248031009736,0.734567862942366,0.452601346195828
-0.666355091755236,-2.69174472410463,1.58917269120825,-0.397134741868924
-2.22205369302362,-5.04245488150429,-0.118196404944502,1.49941902857276
-0.713206855227222,-1.96703008240008,3.39696410952387,-0.178194299521696
-0.591923226551417,-2.65778394960581,1.77870858859468,-2.6934185515628
-0.345959366353793,0.601752845776772,-0.576438694272363,-0.235233235775742
-0.136540145969041,-5.56169122893379,0.498020160182743,-1.12037273410258
-2.5901037682524,-2.66544478085153,1.05382016342073,0.243616805951125
-0.471940223769042,-3.40558565796446,1.54209542969215,0.753659748953333
-1.68565591801432,-6.42729651957329,-0.200601586400036,-0.0941597448515225
-0.0294367638073235,-3.25125094418406,0.339026553368988,0.330094765080743
-2.7335036562136,-0.471966023824284,3.1015943204669,0.0445704938482736
-1.41992961330165,-3.83157202622148,1.51899793619183,0.26259003320546
0.529730799062256,-2.85452904469209,2.6479358864045,-0.241048061227648
-1.8073923324075,-7.56353207620409,1.36151719250138,-0.0288492602089456
-1.75399431558472,-6.65756147539554,0.398139573261915,-1.08585683059021
-1.12298361663688,-4.13521284931722,-0.311121120250065,-0.81565277755073
-0.18659045756846,-7.86669369501253,-1.09589191253417,1.49671289577367
-2.55578875471967,-3.89019281555852,0.796179233257297,-0.133336499276061
-0.883386207510915,-6.02897856048889,2.47931619561791,-0.0221705972745368
-1.43364852117332,-5.19496487900665,-0.457549955233098,-0.325929430865025
-1.3839371498221,-4.98536626178896,0.250776761546599,0.542429427086938
-0.164938563151644,-6.53195456229448,-0.238059403138178,-0.691040151020256
-1.61567281519423,-4.37951657990825,1.73068522101464,0.547833275993242
-0.804300963320984,-3.41258416261754,2.00673695292491,0.573097271067192
-0.735879444532238,-3.94919023414304,0.21913945312452,3.42853755692922
0.617655895733574,-5.97889079567147,0.884324469490205,-2.01128858414741
1.80479372810317,-3.34394914350832,0.952723805233213,-0.308696912899115
-1.02993676632487,-2.98453168272279,-1.35628503776777,-0.177034970254021
-2.10352038635659,-2.57485166666032,2.09003959440774,-0.359388458581859
-3.9733962154806,-5.05897357880846,2.09214163401692,-0.697864272335555
-0.599209542236972,-0.165931180148865,0.661594775254779,-1.52161991062018
-0.270724240605233,-6.28991391051551,1.3106597651393,-0.901138348657873
0.723176835604133,-5.9881856371898,0.951446328857657,0.923823617671293
-1.90098224824048,-6.32816864901337,-0.803237224331181,0.519152257127495
-3.92947501266024,-8.69096772545103,0.264456857465261,1.14330095639377
1.05989266426566,-3.99850374681332,0.00894182759320675,0.485546872286444
-0.645023184595281,-4.76442658366302,1.060918311518,0.781633051814552
-0.7735556866778,-7.69699463521743,0.374840217964485,-2.84255636697854
-0.453299201008478,-2.19662582370006,0.0164319125316874,-0.0611944653570459
-1.31921527295175,-5.25494491469519,1.16892602751614,-1.57267041699228
0.0664799416035591,-7.24187444114486,-0.825444074936115,1.21672107598871
-0.688657750887275,-5.37571713529052,-0.719335346127538,1.12589164602193
-1.90841298921133,-3.54380444935832,3.13637097574773,0.600439807301787
-0.761051261819166,-4.29563764230594,3.09713612218442,0.616957955487157
-2.09222976194337,-4.91994389141058,1.76843150901131,-0.764287290086041
-1.52156270209784,-5.65264285151448,1.09254651914635,-2.28268049122971
-2.84579169550778,-5.04312439055339,0.195448702840374,-0.102037204637098
-1.60198146393713,-3.04925963152359,1.24088204838599,-0.518819515081631
-1.53819481009308,-4.50763653956321,-0.300722458099125,-0.939871678968598
-0.392050591577289,-4.60622192791059,2.09280778506147,-0.540138602439382
-2.68870324427885,-1.80041154212649,1.53233029250227,-1.79898114996758
-1.72926176019071,-7.58021049985308,0.000327836571671236,-3.56876412705247
-1.92407447305848,-9.53597024685921,-0.812613015275569,0.206551211633329
-1.51332681041378,-2.90361326068703,-2.21464541384461,-0.252683883118948
-1.38370493644064,-3.75259855167584,1.42526475796439,0.355955537290836
-1.35514090115438,-7.41777972599124,-0.819552296575887,-0.248986401817968
-0.457340715454565,-4.87209361962956,-0.548563603817501,0.941916531292911
-1.790051972869,-4.20142230452632,0.501851283630022,-0.710977895567413
-1.493898876732,-6.40751680875975,2.10489504214133,1.14248444484193
-0.623096019003775,-6.26577928999086,0.301356684500234,-0.40509801100624
-1.42897360544573,-6.06564927939343,1.0690353045046,-0.692799963322745
-2.59524890463172,-4.6338771437854,2.34330576025083,0.343197565186633
-0.969928706450895,-4.34392765310759,-0.64637695159759,1.17478552999782
0.847046027242298,-9.17619291359299,0.274967294647832,-1.91139748532505
-2.33676295073749,-7.30270459826996,1.07818646800611,-1.15092595328464
0.199573565662344,-6.38125432913316,0.638708528730235,2.32791886187242
-0.861160666302404,-2.64548647519616,2.69588518340875,1.95746835028177
-0.50607364411599,-6.14433103780714,-0.143044290495202,-0.382021262130759
-0.27113313746374,-3.86310191953162,0.0754801228858459,-0.842804213863945
-0.945808659222524,-1.758240036759,-0.658235458081291,0.899094414430744
-1.99402638382025,-8.23809946769371,-0.673342290350782,0.463165827598689
0.567894998463574,-2.32086252461426,0.026273298079004,2.0691753117511
-0.0896905656576669,-3.01626842683419,-0.761480732531825,-0.264975544458128
0.461708837977647,-4.03417873009364,-3.13193340546232,2.75734337753852
-1.08388233657339,-5.598311776765,1.73660155860576,0.0403780091294772
-1.41869225807946,-5.25997353200141,0.703518180893056,-0.873444389011904
-1.42657847541242,-1.0442938977727,2.02530921220016,-0.3516632635849
-1.51318883977789,-6.99638770129893,1.69283657537043,0.661581886673037
1.08314616570279,-3.86755345331946,2.57266195653796,-0.461768130431192
-0.866519747710181,-5.23141572047574,0.971773764147326,-0.0792065156156893
-2.15914653207226,-1.23380946113261,-0.803659196925822,0.266552164149962
-2.12445623375165,-2.89748686567583,1.38903638818342,-2.02702620986458
1.74888767935882,-5.99314369086274,2.3306209530974,1.62287412535966
-1.67230911855666,-4.73407514645184,0.887771612987895,0.718838228993914
-2.75658829677496,-1.2207922509682,0.343546210501836,-0.390790966914756
-3.14449262799936,-3.89623450584181,-0.58235890030644,2.71102413446827
0.222601708878264,-6.87987563950584,1.72434429602662,0.314182350990443
-0.825134413841612,-1.51282909694228,0.950730124724784,0.554250251656598
-2.10853109105188,-6.93566535159773,1.02228412526305,-0.185698158928248
-0.0268095717846943,-6.82451760879052,1.04731471061224,2.19232657468714
-0.857415107936275,-7.9712069380351,1.01922204073583,-1.62825238984506
-2.31922042881064,-2.9620928157268,-2.508126832314,-0.283821681475242
-0.903602449000562,-7.12877970644873,1.01584748250343,0.262712966683308
-0.819995317826883,-4.57282686249948,0.0694406303412983,0.0999562527336565
-0.428150653281696,-5.23102290665625,0.00658754751872412,-1.00653206393007
-1.16450373395891,-7.10866460404695,0.146627595970569,-0.00214603118489026
-1.25502777213476,-5.37396024170681,0.90449906633722,-0.247481347238973
-2.55183515475057,-6.08092695163208,0.8254159436004,-1.11344298242499
-0.8812316168508,-4.9988762993243,2.16968712419293,-0.0804603172917574
-0.255794860190491,-8.64048368249959,5.12560129033255,0.0612436840351516
-1.3583941816696,-8.32521646813485,0.836931855941734,0.302858792294306
-2.68273712484928,-3.50226359518693,2.7800597649079,-0.236857092149779
0.273340512417138,-4.50885166408478,-2.40891762016802,1.12386636320857
-0.269503635057836,-4.85492246803683,-0.736012654496781,-1.41405922777561
-1.19984920926482,-3.4076964643953,-0.297750581897124,1.12749927427584
-0.774404682747826,-2.76514942256316,0.79164569316248,0.712442686638627
-1.6432518318006,-6.49205537486578,-1.07808035299545,-1.45152551436221
-0.963644036719626,-0.0769912017349992,0.466717665723121,0.210071335160453
-1.35853811547104,-5.75167792496467,0.472443483433005,1.26903659509358
-0.658901667962364,-6.7873698519366,-0.0714983780617709,-0.19033253012381
-2.06837398492808,-4.85041142096057,0.681003509697902,-0.988954891506042
-0.284879681406232,-3.85371553957494,-0.116540785297918,-0.822338716870599
-3.12992841143548,-4.83957906224713,0.0878452674088794,-2.68312742155165
-0.112895144918504,-5.18123100457084,0.408089670956835,1.43359023419487
-0.428616676692145,-7.74693217914417,-0.492635833223044,-0.828252595404959
0.603596042939835,-7.56118974475393,-1.65689152933061,1.04079576331514
-1.84524581683414,-3.99227635850487,0.479089490098113,-0.389598364703225
0.759745751971039,-7.71323468941933,0.120864010907916,-2.02604939599661
0.557805999797242,-2.01437205390357,0.328921980634892,-0.560927118762155
-3.7128355230056,-3.25762590444048,-0.0294793091809537,-0.194199342603983
-2.34438213742008,-6.94676437015256,0.481913057358563,0.408976448962416
0.384053279723362,-6.79695695096607,-0.408435845440629,0.692119980339478
-2.21463423226266,-3.84615639787815,0.937250591754607,-1.28017528093528
-0.592037461684905,-6.87915938923913,-0.18703936982288,-1.38324445534978
1.51506438477072,-4.32765123375186,2.57285761355566,-1.71397416872242
0.224441062787015,-4.03803208340408,-0.602318753592582,0.289177604439355
-2.05810618823106,-5.93720900860781,-0.0715249530134394,-1.03096327952478
-2.65642188811653,-5.98555621020193,0.641876169667887,1.25475600147396
-3.16078630798855,-5.79608590093723,1.11537071373667,0.5355472910164
0.624687928371292,-3.09803732465713,0.538033355501438,-1.13332844525923
-1.08949614513344,-6.05977740057665,-0.0378082277456252,0.943192068292877
0.559122602964296,-3.39078145845876,-0.684065639777466,-1.65115422371258
-3.21365939535381,-3.13329503316474,1.61333073700622,0.654288889253822
-0.0160738599857239,-5.27870191271528,-0.0592658677388032,-1.63688153217148
-1.24910925739448,-4.93280970500908,0.231107290492529,0.997999862608973
-0.472484660480309,-4.9549377375436,1.27101221476592,-1.25136407680189
-1.39303220076136,-6.73671190828826,0.91354206379252,-1.23209236754861
-0.521036612947765,-0.744907575450465,-2.01638574522713,-0.626493406412217
-1.22358262763449,-2.00927455688089,0.0323735517062208,1.18096524124571
-1.13738360418328,-7.92468500027934,1.58971299725861,0.15738474937588
2.00399998501331,-2.41861263824803,-0.325396314447336,-0.786799807146876
-1.07383495695944,-7.96604435682351,1.79865059444386,1.33010314757436
-0.104715911295816,-4.78550365847995,-1.1082370342221,-0.306879288900732
0.0787154956479863,-4.30746583480719,0.910053123536444,1.30341771818041
0.201689146755102,-4.73582136125739,0.636368127523247,0.200599395373447
0.773766307627277,-5.6567205613741,2.75246480586582,-0.538785758269339
0.235194373836802,-5.61030095269908,-0.224615420540433,0.543012847851355
-0.602008388685987,-3.55236446048363,-0.263632896617287,-2.02815395542341
-1.80724708368935,-5.48279195132051,0.177311260296669,-1.72547888738639
-2.51302990479616,-10.0367391161167,-1.9888809299596,-0.910786450232485
-1.51128929285437,-7.53082774339744,0.661157928478857,2.24138907706895
-0.271520997760478,-6.03441546611161,2.62015235511217,0.807647224459412
-1.06036502659406,-5.46422040193731,0.47967243127631,0.131517159288697
-1.25813391371895,-4.61677199936376,0.0786786849308065,1.10631969501025
1.6597417018742,-7.85995062900403,-0.174993448074963,0.783667484049252
-0.0884282483315362,-4.08546407474128,-0.372931999474406,-2.15406591231573
-0.409414316700225,-9.15539172306943,2.74619927025664,0.0752582809008573
-1.75392705610855,-8.40257824038224,-0.993512921981434,1.69985414587337
-1.89797074257132,-4.86943476101514,0.821087869883084,0.359893223309058
-3.2272024286715,-5.11821167650589,1.53782475501173,1.15838339979831
-0.219942193567558,-3.37987735315387,-1.22237132417483,0.795132419991723
-1.26676553310386,-6.03922150290832,-1.02039556905086,1.11668774168048
-0.616011360105992,-5.11537124139638,0.237552751145155,-0.269166531815523
-4.06032725199227,-5.22748682587345,3.60287116979711,-2.3980546337491
-2.99534063917839,-2.35417280364831,0.56278679473595,-0.553609164520896
-0.707642188811035,-4.5770746401359,-0.0785365929833033,0.304985860369462
-1.48369102199097,-5.86306335019013,-0.427242545240008,-0.464351174724164
-1.32876071297411,-3.44781669540413,-0.0270269268008246,-2.99048765710474
-2.48535746205189,-7.63061041191676,-0.542316286533158,0.926888306940582
-2.43264332100243,-7.90405443514862,0.187686547982449,-1.22230801085714
-2.39909213464425,-3.15965747705131,-0.292592134888464,0.345882788562745
-1.55100427136172,-7.64331857728435,2.13501867794418,-1.74632743329778
-0.971400423298684,-7.35998844594623,0.882482502982328,-0.278171697164921
-0.730295220814376,-4.0251678687482,1.39232487673487,0.0270401145499438
-1.26695931119686,-4.72387081014305,0.587072532181404,0.0952684624480236
-1.2926185956793,-4.32032100280514,0.0282523831684414,-0.0608756506039805
-1.47626253646965,-4.60079821726036,-0.0687623544816064,0.451494294560872
-1.62060428130451,-7.25731382983172,1.44494153263466,-1.44303093103169
-1.96982958914391,-2.53505593733856,1.61074645340135,-0.618549717523035
-0.530000858606793,-4.36893919026958,0.305596600328587,-0.37927129628657
-1.8027627734433,-7.48890166419164,2.94623815773191,0.0944053431202107
-1.23153580760062,-2.5189675408735,0.203456220127444,1.66640495936566
-0.397327779059312,0.35302341029965,-0.131344656020377,1.48456591741215
-0.152005621464173,-5.85216382560326,2.26733770549929,1.0950826305528
0.888933686713266,-1.19911994212203,0.627000646349344,2.67130185091547
-3.64062297271202,-7.87350407217021,-1.37352016691487,-1.24934319457121
-1.85524371621091,-6.74404126089568,2.54608457209315,-0.727118125785383
-1.63031415477616,-4.48907174333911,-0.164141222843773,0.373490503823602
-1.27376679985903,-8.18835416420636,-0.833944163867478,-1.77068572294928
-1.58039050203617,-5.58532248889487,-0.704355202732322,0.734927633992017
0.394214747746495,-3.97892243544907,0.334907497681403,-1.51373469173055
-1.64120493686595,-4.16403106300223,1.68871613507643,-1.79001542275206
-0.117592174995469,-3.92089101360806,1.19762381332564,1.09791607685912
1.04486686809502,-6.81779916722332,0.332669557378643,2.90228165040678
1.12417597655152,-2.55938066555032,0.617864841585497,0.385532568335674
-0.34336907292161,-4.96472113989347,-2.29106929250312,-1.23481745114268
-1.66869007038016,-7.89284361741238,-1.84370290824164,-0.222716260483423
-3.64206229878117,-6.8941230124212,1.97703834826855,0.346422976708558
-0.480879931563058,-7.85734991659554,0.390181335716239,-2.00553502091386
0.0394286188162032,-2.41385962284036,-2.26786077162145,-0.0123631435998105
-1.59694624886967,-5.9275303859247,0.0978424426683317,0.465893915923142
0.137707140149853,-4.9703810758192,0.455121044131943,3.3444744071038
-1.78901534346663,-5.33604404977452,-0.483762899756525,-0.331675442585547
-1.30070122753287,-8.13343892455027,1.42812035769446,2.1091278836508
-1.70363464589868,-6.88470439241735,0.297093334721028,-1.96540727898638
0.0876151120583428,-5.87832465404906,2.76995346989997,0.732745678132337
-2.68530711905959,-8.21436960889803,0.769714974883354,2.07922610744697
-0.83603916090036,-5.37480210811205,0.110668261965521,-0.63445979386889
-1.24330989407528,-6.06273057268257,-1.11802779013891,-1.30183945137025
-1.93120975527746,-2.25690841836575,-0.381671584529239,-1.14001059839447
0.522860743708129,-2.00724153653824,2.19424800587219,-2.57474164164289
-0.370960917038577,-4.61932857911226,0.69841080698563,-2.76673788890179
-0.0327526311344624,-5.59340451841042,0.336423310138429,1.7356113549559
-1.96007665376596,-4.7213579793257,2.89514889089758,-1.75282818592791
-1.08403823819361,-4.37648194353185,1.44072256026844,-1.52625056171417
-2.37458475347717,-2.57660180921507,-0.0831113470964225,-2.72980397879976
-1.31226201750876,-3.84706336004901,-1.3544660327086,-1.52757568249776
-0.135407033160787,-4.74862244095044,2.43665781708603,-0.99453153155794
1.01490738016048,-4.40830987019964,-0.408081377939686,0.474039139010472
-0.0503170681894456,-5.69273214564059,-2.62585590639398,-0.654829010016554
-0.720565326226812,-3.29390742353444,1.19827543295211,1.02919976880225
0.184581345930836,-9.73238010557511,0.927709141959671,-1.38926190946901
-0.871621521546233,-2.36046307639631,-0.478550158596189,-0.0508050606554835
-1.00818978739902,-3.41419859974412,0.157503554399035,0.354860794199899
-2.13712617616611,-2.25656045448768,-0.622215049542527,1.28677885202557
-2.16407442196346,-5.36797763884366,0.286432250533641,0.0355582143261273
-1.84481532119792,-5.73967828031564,0.616657715056155,-0.514497927270955
-0.608029673148049,-5.73990049094035,2.30511729228997,1.19675242072267
-0.823765328151441,-2.65327675154624,0.000709266422195265,-0.30645412207332
-0.256905493999876,-3.52199987060628,-2.05829040264979,-0.436325914261614
-2.52573617043673,-3.57754747952466,-0.228538140006966,0.241211374340792
-0.596466662297175,-6.71841163049596,3.35966882845445,0.427916151735193
-0.738415694369311,-8.5339013895468,0.551466658316851,-0.0345018280772676
0.120631305253863,-4.22020418988682,1.34511001530939,-0.886007741014488
0.590774098896157,-3.58794351932076,0.0667020843304655,-2.14810091127376
-1.96598740974862,-4.35431598955355,1.14708937608854,0.337982813997608
-0.581156492235991,-1.41083706765975,-2.44700653468832,-0.75989855879791
-2.18777871548396,-5.89216485347696,-0.187674654415078,0.416892824509181
-1.58822043499024,-8.05307193425725,0.537526665311922,3.37832669708986
-0.508961941791992,-7.67136650494272,0.91775477601558,-0.548700969791909
-1.12894625397937,-4.09402875886349,0.395750766312295,0.441164544453394
-4.37388649340264,-2.13629678300465,0.776552375637411,-1.25417443955702
-2.04522286749309,-4.49036025005647,-0.335931302337647,-0.465359917282779
1.30134944198658,-5.43400888083699,-0.0266405239325507,0.748831282136803
-1.90048615249354,-3.12260408957355,1.62556718751095,0.300718792660506
-1.56051541503304,-9.28954006462316,-0.736888606804952,0.616398521944017
0.00388706886507309,-3.78887167983887,-0.330759856954584,-0.495842679065771
0.290599868760821,-4.3009119030457,0.448645986763155,-2.83236574252897
-1.55300561609524,-5.39230108626304,0.258034327441612,-0.0117117958540501
-0.422628232276038,-5.77844767149964,0.399371286649927,0.944127276335642
-0.733727281607532,-2.7904016462991,0.644884628183938,-1.2436549338007
0.968719322779769,-5.11073480185406,-0.673532952121312,0.181310907598751
-1.33766563439817,-5.00921374444574,-0.0934185688720919,0.454065623297854
-0.129361521820272,-6.60940978386416,-2.31010116961348,1.3068796856911
-2.22444128829932,-4.49806038056194,1.01641745158413,1.68449388194601
-1.08295198504329,-5.70033797474645,-0.160523927218293,-0.606285020932363
-0.172425067459705,-4.2152697546747,0.678811106959094,2.04024949181054
-0.705686315312339,-6.5315467502583,1.24947821076364,-0.624986444032135
-0.366592116579607,-3.75755128664242,-0.246926404011174,0.244736477207503
1.22701814595678,-8.0678055150696,-0.201605894109433,1.10930360902126
-1.48072442474112,-3.38649337705184,1.30011335045299,1.20760545429872
-1.2417739055865,-1.52369934882671,-1.23862670467077,1.17743423357654
-0.966647344595945,-5.82120561693215,-0.0827243929007842,1.20788828775467
-0.868085771527245,-5.70226301997035,0.380341497913919,-0.157570788860692
-1.37494880608444,-6.2357800880877,-2.43701385620037,-1.76208926203001
-2.4530785343695,-4.21678018285503,0.0692853212514379,-1.24978484374361
-3.35261089726859,-5.29699137912232,2.06681323634441,-1.23256400099427
-1.95340241627836,-4.08299575501029,-0.239444621194273,1.38832848163354
-0.623624144467025,-2.02736726929291,0.689774864964797,-2.3355888337781
2.13982909353535,-7.02326373361855,-0.944068160650981,-0.853903364499787
-0.309469997946572,-1.0786629800006,0.709059089761737,-0.796743117525602
-0.627228484109839,-5.33600166727051,-0.264418394193501,-0.471579882869651
0.595447247331504,-0.644383622428997,0.119304389933123,-1.88682457595621
-0.523921420288702,-4.53739435129006,-0.911778091156446,1.28505687628297
-1.45967169412006,-2.52758986615087,0.737816177573566,0.739026266145112
0.301611364013131,-3.06223778015975,1.4983517221623,-0.0510921818307417
-1.07218036325588,-5.02340904550547,-0.520004421851853,-0.0515973040414203
-0.120776494379031,-3.9879467329849,0.229953729399262,1.5897055474183
-1.21219656961365,-7.69759464992876,0.836152343035462,-1.37980946486476
0.265465791682742,-2.68719610886574,2.25705143105143,-0.195990323932913
-2.80086450799734,-1.66814529688564,-2.00562386900972,0.194833690649436
2.28771667298059,-4.78353028978554,0.993936912313453,0.615695206724509
-0.354857449950833,-1.8410215547753,-0.672510268153983,-0.319586861174851
-2.03200605033777,-3.74241644169519,-0.82329973055474,-0.144285653474536
1.20542399538761,-2.24118908216103,-0.493231013084588,0.430794134657122
-0.352013537153476,-3.67186335391125,-0.901854710172038,1.25879348073197
0.301088146160925,-4.51340603256692,0.969087410943107,-0.626544150247927
-1.69084389490281,-8.01317494769184,0.720381732127273,-0.619685252677635
-3.39450188056378,-7.1589326495215,0.748229764140115,-0.217985508044194
0.900967233575608,-2.05218892242059,1.6138062664799,0.643063776844325
0.105855869426772,-2.08148995756029,0.827598007984084,-0.833881403973543
-1.28237997682155,-5.76982867244526,1.40706740369134,-3.64078852862213
0.910569943215804,-4.08964473561118,0.100494387898071,2.05380791522795
-1.20819473759663,-7.61292247901318,0.407884762204387,-0.611776447245626
-1.45131831507578,-5.94012162575614,0.570048277321547,0.300988323395643
0.479053600484115,-7.01987939467511,-0.308949815924086,-1.31321681713094
-0.497029180817782,-5.31768354838264,3.84749950257438,0.956814081312707
-2.3867345909205,-2.64135369011388,-0.438586704599107,-0.795304291382809
-2.42633883344567,-4.5562401992358,0.0629501074969078,-0.911950602951178
-0.845697408706379,-4.03295563187941,0.366995854477979,0.570385538209515
-2.23631550569018,-4.20545857615179,-0.868619113206237,-0.723909299376413
0.400133933973807,-8.58015680701403,1.91494328416054,0.71399507252031
-0.355427040558047,-6.79279167338854,-1.7374126204002,-0.588747927485623
0.459515914010301,-0.777194210731335,2.3792026623636,0.679462820240843
-2.67995662679777,-5.99976191271148,0.997262565175174,1.41376867604831
-1.33028337350732,-6.54034328979987,1.28522516051105,1.73884119614608
-2.83277235029902,-5.41222262263855,0.902031019668947,-0.0125214166960674
-1.85068512620002,-3.98902513064476,-1.78266846231716,-0.874002851273183
-1.94971532384566,-9.0556169842095,2.18477497939424,1.57503994820356
0.966071267937033,-4.21537708865467,1.76111188492894,0.0685510385472503
-4.46950283607184,-4.82875161859787,-0.968204048402343,-1.31700329055778
-0.947081009333573,-5.24260546970643,0.526861892996463,1.37204387800712
1.15149777665257,-3.83229047645565,-0.592768583337503,-2.46869345601865
-2.08057988420233,-3.95790321699871,1.56973888818678,0.0476970857021853
-0.250844333550695,-3.38089877396939,0.184984184795559,-2.52999117738447
1.26467442428376,-6.07035734347906,-0.0764638838626013,0.79548275088888
-0.905655645294124,-3.96182807950009,2.8914201694958,-0.180364252656898
-1.35427458481135,-4.99601620213194,-0.269992965020031,-0.270177749589484
0.167969481585626,-7.13352206327377,2.43887837334157,-1.67646370634976
-3.28338536152129,-6.61087819353093,-0.326481081503066,-0.68371621755384
-0.950849485763499,-6.03693799981246,2.17691486328259,-2.1525429184857
1.16489740911623,-5.78161930267971,-0.105641376240241,-1.44127778721158
-0.0908018530533484,-3.93399662974582,-0.158777623784727,-0.0169458451551595
0.689477221557043,-6.94021216437805,2.80917043475033,0.86829949821127
-1.58292919138497,-3.88230983351807,0.109135074639654,1.40266076246818
-0.752252864621058,-4.81057685275291,0.701888213889707,-0.387184920284967
-0.681092137066766,-7.97948249679914,-0.687907684595073,-1.01111176845773
-0.732217867085785,-7.41006616447166,2.27680623179971,2.62844505985442
-1.01340456754347,-1.62437190422135,-0.315849250431566,0.613230022444993
-2.61052341666719,-7.97641648362964,-0.805526683147009,2.16463147158167
-0.558708954593868,-4.91739650690537,0.867459992996142,0.114767417024002
-0.82308441068832,-2.22049793073352,1.68862057975454,0.12819205600826
-1.72879880362332,-5.10700905314331,-0.0517929211202233,0.235225562340077
-1.85420703022132,-5.14884366073991,2.14920902379684,-0.638828287466137
-0.811069629344171,-6.25753575326755,0.655172076459966,-0.489008434482698
0.0705097119771531,-8.98969766228766,-0.516020344201459,0.924186375552696
-2.94419788285425,-9.35155831403108,1.02984644625082,-0.892343848640281
-2.3056432034888,-4.34091387679299,1.55647780183881,-0.211905923770995
-1.64755208413201,-3.90597988925656,0.139884146225544,1.55573780566639
-0.113348283000477,-6.66461996701589,0.702024340439979,0.291404024320786
0.0909308996424019,-8.12649490620569,-0.0969413561188397,0.968105863657122
2.49420935060243,-8.15521228179814,0.614776887499604,-1.45042399355068
-1.00103244415188,-5.04915727795206,0.387474203760711,0.696722985565601
-0.937277150592362,-5.49013511811702,0.491148565197354,-1.11479219773701
-1.43065136606925,-3.72702684037419,0.257985742220975,-1.41641089519075
-2.63559256237674,-4.28812232667631,0.174206004734039,-1.46381665826207
0.0328038215899566,-6.03910683562081,1.40813595182613,-0.514281027005972
-2.61570240263442,-4.14128316232721,3.01986565718632,-0.911072905936998
-1.46526914097075,-6.73146874566932,1.01424151421103,2.10193802197012
0.789844452290538,1.20820903065532,0.493008539669979,-0.613140895332699
-1.53400536358523,-0.307163688609907,2.66595745622158,-0.902600433651071
-0.177189486097299,-5.52544965721439,-1.0063769152469,0.475551560101944
-1.85944653543848,-4.10602490461789,3.59479138334153,0.274876995544713
-3.54973901497475,-4.82603300644389,0.290400258776846,0.612669471246112
0.306246056459238,-3.02648691264138,1.21679197534323,0.119119510404365
0.341694429965829,-7.67527420918515,0.568928743338162,0.521297430518081
-0.823245252320019,-4.74971493685395,2.70923257329689,1.29122463853912
-3.51798044861061,-3.76649606109295,3.17716280671281,0.515016615962294
-1.42051586580836,-6.38674848633093,0.552102647397199,-0.640955834746545
-1.32324656979427,-3.90036725285807,-0.769971630984472,0.776856774187502
0.372209081532795,-2.23330269051896,-0.508213761018469,-0.899306148311289
1.12054380868627,-5.57542038860097,0.554029134855599,2.13292056766862
-0.951494668992296,-6.48027573191571,0.195981525469531,-0.867706007477305
-0.595530120343788,-4.68750502385562,0.816583557349247,0.98533029867211
0.00947853532882648,-5.8246004286167,1.87962489649134,1.98183885935406
-4.39229685917017,-7.83487035709157,-0.0105452297611798,-0.410616397686037
-1.26694010890837,-7.68587450353133,1.15702121459162,1.88729958669819
0.600845216216272,-4.48036734307301,0.112401236506441,-0.287744108107132
-1.11793599857149,-4.08222251429469,0.593869539992296,0.671065611534618
-0.618252341306904,-4.1809360141173,0.866904000077716,-0.607786689762201
-1.07750174047088,-3.7804357450193,1.34320339934054,0.842076491556279
-1.15142905400776,-3.800168066107,1.84824238482765,-0.406772525426616
-1.63706539662725,-6.42821675469844,0.276028073787878,-0.966635260870338
-2.80333049402205,-0.184476210156405,-0.273775813545008,-0.39566968607419
-1.78061740275294,-3.56009260220123,1.59492982977724,0.414014430128036
0.196748000694431,-8.52245410297436,-0.442627917750504,0.658031888880725
-2.8241542677186,-2.01188227924985,1.08122929052584,-0.77796865359819
-2.08780960960691,-6.4072727043733,0.91378442989714,0.584929685051385
-0.827510904317781,-6.17987160727577,-0.739987592771075,1.43160842715559
-0.0661154772711859,-5.47220503506625,2.53734823017125,0.115307676239385
-1.48489310943385,-8.13304413091299,-1.37631536930117,-0.211055604177621
-0.0716469538742653,-3.57473586336071,-0.272990194720589,0.689902061547473
-0.647839803995526,-5.59670829055067,2.24443436571406,-2.60940617764531
-1.06404078319066,-5.16012183416568,3.82676378675325,-0.405029390998732
-0.437998198228516,-2.98517231399875,1.4411625307814,0.902299410915655
-2.97099189149701,-4.83247058466287,-1.5185226360471,0.569337553856169
-1.67893078087981,-2.8076521718619,1.76762239858327,0.300800288752194
0.25970557023235,-6.8584635550038,0.43794727514689,0.853963202842061
1.24342477542047,-5.89512413455825,2.03992563457311,-1.35402904850093
-6.40504886136439,-11.6533096735079,-1.02618382288843,-2.45062953327161
-2.57026050175581,-4.48917618124146,0.726676121320696,1.35408680904999
-2.79734123426444,-6.82749990309534,-0.862201088350265,0.361592041890709
-0.930160269215536,-2.89293733429917,-0.910256826621511,1.24144638525342
-2.12349922177751,-6.94129921961215,-0.420873612991625,-0.528920286669389
-0.798046908670816,-5.47281378657676,1.46788643352143,0.314271047707365
-1.95026928563366,-4.56726438933601,-2.13420426370777,0.674804832670641
-0.164039066026691,-2.61666619913303,2.7636985493366,-0.902048511442425
-0.566529501272659,-1.4054241987349,-0.47289452804794,-0.87038620337426
-1.00119943961207,-6.51799590228821,0.273807134675383,-0.71224477325454
-1.62592552947079,-4.09853906534224,-0.875761923354387,-0.939873990673112
-0.53291796527083,-4.34873210262353,1.30353518363425,-0.291077737049411
0.0203888533310892,-3.81524916956628,0.301911195208724,-0.507816938244101
-2.66296633444329,-4.93914461890715,1.14969456553128,-1.1860418607629
0.711600031081446,-8.88439474799993,0.718512634628966,0.0369188234943886
-0.597787253412569,-4.73561900719563,0.758057604828819,-1.03147522043937
-1.52478668119412,-2.05538010021875,-0.536248784299199,-0.0363033837889241
0.0762547901476975,-5.97091465830378,0.171960389083701,-2.15696717713046
0.434086505893683,-6.17716953548029,-0.398334757813406,-1.17412029581622
-3.91482866913209,-2.41744129547924,-0.927337856403842,0.639000658973243
0.844346833065245,-3.53027314654011,-0.82015616571107,-1.56445659881106
-1.54988194447508,-1.55341158866272,-0.757464486644025,-0.191111077610085
0.7072051233748,-3.27109614568881,-0.137721877532592,-0.456747534408888
-0.80154686726252,-4.02253003551193,0.256164612637119,0.0110006725472791
1.05852625349243,-4.60088837976699,1.93662888967838,1.94913974534441
0.482634411271793,-4.36115869589643,0.465042835189993,-2.29970215136975
-0.0121829571491868,-4.63623916440832,0.448821195188021,0.245162849041387
-0.977193744729329,-6.47538061134675,0.596118219514878,2.18867717866905
-0.40598838867981,-5.09740461727035,2.11606493251901,0.796007412406937
-1.33403858120282,-4.83038562700023,1.23921077968382,0.38201210918593
0.00223601904134202,-6.35624254240568,0.66212103918574,0.634044641606937
-0.30467538179107,-3.8672274483758,1.10940596501298,-1.16455787188033
-1.33277021740279,-2.86638577041637,3.35167622141356,-1.47596835034526
-0.700750745051584,-6.05956305312412,1.24927461588945,1.17411350043364
-0.604335508381844,-4.73105447026346,1.84904525801646,3.97148064163201
-1.28397511303699,-3.55592971392357,1.11952669882764,0.364613254709508
-1.48128504864876,-3.91500915419276,1.51216885155332,0.767654350479488
-0.104084050230044,-5.4797303131838,0.246660288967908,-0.440703416893108
-0.817780596415417,-8.24223760998309,2.07330519065225,0.810117555632215
0.541050118131184,-5.03965733161758,-0.113352860769822,0.509262472978159
-0.621915717505734,-7.0958608603931,1.68202974306445,-0.840847975227386
-0.977419550177956,-6.70735195513796,-1.32818594049365,-1.91635068575133
-2.12235274620789,-4.49354879947285,1.68926501971559,1.774163786901
-0.323508388288707,-6.11824774529776,1.49605992735037,0.343107480060983
-1.03130553036177,-6.32609829613537,-0.813954175017701,-0.397531971832428
-0.0923430824273434,-6.44934488371124,1.6716376473301,-1.35845817682554
0.331795335864831,-2.93233005697067,2.13234645791312,-1.90674605619226
-1.50787786970216,-5.72392867557845,2.84175848658694,-0.342929692203045
-0.260915924592315,-6.5382646637173,0.306440307647561,0.127328941028823
-1.79722593771935,-5.06296178592483,0.561993141101173,1.55527013660371
-0.102244597277113,-3.53844826641651,-0.511407207436757,0.0180836472784734
-0.772212927684569,-2.02508786021682,1.90485648324932,0.902709420406212
-0.321170002744165,-3.32016052187225,1.41320265172291,0.184563931142201
-1.03184603914244,-1.81823111124031,0.57288878657179,0.825412247899006
-4.73446978651126,-2.38268918403501,2.28741270404165,1.26162949685204
-1.64960392336115,-8.52993717735392,0.679908000208132,-0.515009353099342
0.653842565038658,-2.80030890446347,1.10483936222758,1.74844004073136
0.0158054727246135,-3.49538135095996,0.622753260407541,0.901761236606518
0.0574248889608089,-2.69266386380649,0.742935208413211,-0.61749851136924
-1.47617682306091,-6.53494910498742,3.13593148415937,1.91420405641023
-0.959182602652823,-8.29035464043655,1.01953843703552,-0.533777826221241
-1.45230910933419,-4.25890469630311,0.261152691019862,-0.362154882508636
-1.68864386746112,-4.93323254634856,-0.386786581602464,1.19154945148544
-2.07364909817461,-3.54284465599237,1.6862915954102,-0.507894571008115
0.713327845442319,-2.74980616249361,-2.29190099955909,-0.235338675231777
-1.56818525809887,-3.44175040339942,-1.00063252432172,-1.03669476964329
-2.37421746559165,-6.49783458582984,1.91924472580936,-0.282983991442503
-0.157531322308147,-1.95742456252722,-0.754948167851027,0.218463315623658
-1.66497916562872,-2.82217064102636,-0.574132944678055,-1.17977866373249
-1.09636910251129,-1.86950994531012,-1.11120621522559,1.37065888622904
-2.45481759258126,-8.92558509469375,-1.90942315069563,0.101386698403383
0.45030544585037,-7.42643906856309,-1.18128091103025,0.615020140553731
-0.758576997978605,-5.16576617502628,-0.0202286401081916,0.725252132719514
0.430104926673265,-5.26277937004174,1.83215153307039,-1.13309998201639
0.740552340777053,-4.82598556845833,-0.697927778726476,0.590658650878032
1.19078921502633,-4.42979728901095,0.565916941385922,0.159936604193829
-1.93901008958265,-6.16921102159686,-1.62781137791248,0.254296228913213
-0.541156150598703,-5.70526035094389,0.751648005324922,0.347685159091806
-1.43903578102144,-8.94147589186931,-0.523008092606799,-0.0281564183195182
0.67730883398381,-7.00372913516603,0.351094976725663,-0.294407732440359
0.614374127206293,-5.15024073982797,0.0193328205754988,-1.166164853609
-0.675466570024913,-3.94462345342012,1.57671117570934,-0.293603893841093
-0.24264527841601,-6.44448534772937,0.149587165537984,-2.1040328155558
-5.05291117151954,-5.36292164762899,-0.30805556630925,2.5746494104374
-1.17320592109072,-2.14887002396306,0.94362901899112,0.370193592310064
-1.20466735730105,-5.74947400511798,0.658105689067053,0.888287396415896
-0.67125202934037,-7.77297233021419,-0.130911716404416,1.3188052061433
0.299258093079383,-6.639710576533,-0.481980276720727,-0.348053698658253
-1.3972887300114,-6.15960412139154,2.01869681281635,-0.458525907708002
-2.0026210333978,-6.19308232621179,1.29603316233783,-1.71051711752147
-0.970018160403037,-3.74632587312015,1.09927686906819,2.56085878189086
-3.04448512576474,-5.58008131061214,2.3702011734739,0.801877966402409
-0.108294747428562,-9.48838767162558,-0.591393044494001,-0.434629009524669
-2.88359577764991,-6.08859426185798,0.861379713296729,-0.684096155110898
-2.09741695942378,-4.21762291839335,-0.847899411275835,-0.589205771966054
-1.30844328384813,-1.49916583625297,0.301727702984667,0.01984568103372
-0.00444551829681705,-3.26042677237099,-0.0842097273031694,-0.517126457816323
-2.63639858721391,-3.43830210426058,2.57210038948861,-1.11346404970567
-1.38308949658321,-8.85452286871409,-0.223686309490754,0.799007003623867
-1.6107839690175,-6.16491103374026,-1.65553113539535,-1.10344422249827
-0.650391945713796,-5.18288514444291,-0.0592664323678136,-0.0566041421016277
-2.09388707761499,-2.8717877008132,-0.0182106116246463,1.33495546007469
-1.71679930726789,-6.1358327238544,-0.14318459343011,2.48373742271898
-0.792479427529893,-4.24263917318773,2.36041513972204,1.61948290277266
-2.57234523710333,-3.55419304762729,0.212326786133636,-0.53934022843408
-2.16985002463854,-2.82285605043949,-2.17574744003935,-0.592356262145218
-2.22259227559528,-2.66349447212889,1.03454842427439,1.19684958354968
-1.50769440980619,-5.64486379131726,0.704725637271981,-0.416823398090716
-1.78733484963573,-6.44854614134595,2.0840164265408,1.04874336272675
-2.01544375620697,-4.21449687619909,-0.132579772945071,0.506098170501272
-0.576323944635099,-5.0087374011838,1.68452025706048,-1.69710433803144
0.0887941387402616,-7.30573558795802,-1.13937026094812,0.147769822429682
-2.74796972869662,-9.42006866570767,-0.827367211069407,0.462447403881153
-2.56587903985299,-2.37871299508088,0.960580763865353,-0.16469791604331
-0.492885545686479,-9.6565475491503,0.181774962332428,-1.24867451201347
-1.50053662318687,-2.11291716755135,0.827771175178436,0.685216065868147
0.65234934745136,-6.85762265837223,0.283517901789834,0.597131647811043
-1.77158006792219,-7.13721305555163,0.229892969271628,-0.302461287433482
-3.95934547281431,-1.76881056043858,0.7869547934752,-0.656462569362771
0.0804725491049954,-6.801448532665,1.45299271329098,-0.48399972958086
0.114789200790596,-4.16417122280534,1.67224857633134,-0.646111368644
-0.018269921140655,-5.49225773466805,-0.0519624627457781,0.200417028065536
-2.84376553113597,-4.54913339050414,0.266036023050474,0.075734806691113
-3.12635635924478,-5.25512089750598,-0.302116840557113,-0.239669944408969
-0.329489570862193,-3.86615985134409,-0.498960130574661,3.04920222209783
-0.280479634591197,-6.65529109593611,1.19016582545453,1.78552500805865
-1.9821822548239,-5.54085033087224,2.01012508451072,0.818206066779781
-0.606414169239459,-5.7970366276562,1.35349265194094,-0.167592303729616
-1.03522069399615,-5.65130043978499,0.74118327733409,0.554421810314453
-1.55289690677983,-3.92930735550129,1.83883874676528,0.280671922908615
-1.95597895199133,-3.83550919583899,-0.476609235804198,0.0427701854606742
-3.1555827140104,-5.17851001324383,-0.347613989440614,-0.319606666632707
-0.712056522919015,-7.70225297279137,0.0923019001593945,0.459292210575769
-1.84433538082697,1.94870465776089,0.307587270462889,2.19539314704973
-0.918100995373243,-1.92977694325048,-1.17386195860794,-1.19481941563357
0.208518458277388,-0.610694194918497,-0.1270869059879,-0.863922339654784
-1.22171222401363,-1.44724525455503,-0.556380998212954,0.858242157772587
-0.908927069503275,-7.6498468864069,0.398467047505599,1.6927599721847
0.605536094631749,-7.70260106699952,1.64534899964779,-0.40367989663044
-2.10978686612468,-5.82868501007233,1.25478309110379,-0.890357666302841
-0.385826452039711,-9.81089186157163,-0.83068472196213,-1.09010435811851
-3.94319495151219,-6.51244367422734,-0.463824961841731,-0.411450245018533
-1.61801867904897,-3.93466861913226,0.887573018861786,-0.679021741674542
-0.358029684485154,-4.6368191839449,0.746669063041291,-1.37608718530414
0.291112748585925,-8.21132774023968,0.9364093457728,-1.48500108079536
-1.89842337829714,-3.34270226739615,-0.0519570028693173,0.188651745400863
-1.1569005390832,-6.46040525202649,-0.665541312566328,0.805460946435992
-2.75456086925109,-5.59032459843842,2.46787695817304,-1.78215176510328
-0.912177548911585,-3.0686290161088,0.605582044784859,-1.73285074926236
-2.26852819272951,-4.85119732108071,-0.148725151653757,-2.02341632845305
-0.917469521747829,-6.29688816594241,0.823321596789411,0.430668455548589
-2.2308160011092,-6.41702729011708,-1.2768932036904,-0.451669561722475
0.564224931597406,-2.99303577463817,-0.534405882706448,0.155593581179562
0.00152378390518604,-3.60739243656298,0.18860678751857,0.452813390320317
-0.418004933651896,-3.35260934150731,-0.222897599477363,-1.73170795036659
-3.21868472187975,-6.67926773083632,0.353011996623155,-1.83098497143879
-0.985029158645717,-5.00490474989088,1.68073220631435,-0.995082479889534
-1.19283657970488,-5.24816617057995,0.148389235896629,0.260989023194297
-0.727225901327164,-3.16831386769644,-1.40285177338781,1.19968120589718
-1.32774095697063,-5.46532611002949,0.840523965028397,-1.32301101257974
-1.97930115209673,-8.71271908989378,5.34502610537979,-1.1091826844285
-0.933204839418274,-7.3691821998771,0.972455316294519,0.309669927407252
-1.74733702445421,-10.5843758216003,-1.6976739934609,-0.18837282066997
-1.75554721323097,-6.62900032378999,1.70725116401895,-1.42574821546737
-0.486010981054535,-3.1234571850851,0.0434887364196175,0.519494331932802
-0.0299694521493847,-1.40529110121425,-0.106104322284589,-0.22041429665173
-3.96203847772935,-3.15817381792662,0.431491406018595,0.668137879768591
-0.812951504580872,-2.59344485846365,1.82226483245368,-0.498966612078662
-1.85693294047578,-7.35207066873953,-1.67774056671706,2.26286852000704
-0.801872207645565,-4.79310433233687,-0.0880414872979112,0.102106242017737
0.679437261166561,-4.01764287519048,1.35812990407893,1.94241970349975
-0.216856561155707,-5.56369891408201,0.168331219271554,-0.753187835044029
-0.228970779814933,-7.09212497186428,1.51645123420405,-1.94033614430302
1.48625379976879,-5.10765804392417,1.79722324548771,-0.549842133241942
-1.61025116561233,-8.60252658704138,-0.275598665833574,-2.34062793465611
-0.594283694477077,-0.475785946116185,2.62851981696797,-2.84876504597293
-0.186226224689605,-10.3273068314387,0.934082726649083,-3.00802224120397
-3.02061294788316,-7.86487041280103,0.719017383016967,-1.24406119501208
-1.69430267829087,-3.48495668762631,0.609914196227649,-1.25112841740251
-1.41311388494425,-0.925541726035086,-1.65535481547163,1.51442247412931
2.70796161394814,-4.94522468095013,0.354191345891643,2.82906493258094
-0.904552699805344,-6.934073458768,1.25379517279839,0.823347225839669
0.255094156534676,-4.82908103731078,-0.385163020143784,0.200077666164366
-0.682445273454526,-5.5487584653413,2.01648706041022,-1.49665781559309
-2.04078579537454,-3.3742503189436,-0.210531225364359,0.742643562253219
-1.15691432507708,-8.43371102033618,1.80835692378298,0.364373664039335
-1.44291766288873,-2.90293927025116,0.107155221524646,1.93692381014556
-1.10503961142117,-2.4859734146835,0.0800609652270647,-1.32868343748087
0.429531486295588,-4.33711337746146,-1.22427103995038,0.550246342515751
-3.81745772505624,-5.1763444442632,1.07114111710644,0.915742189695829
-0.0104994661023812,-5.8673330630469,-1.29140595143281,0.719051566178312
-0.228837233066549,-6.16952760332986,0.415178437827958,-0.492740306143195
-2.06873154906488,-4.61552001333832,0.63657635770334,-2.65016434799943
-2.19857069218913,-6.63202803302121,0.595521008190403,0.383682412576212
-1.35809794798408,-5.62146218515382,2.01799494885391,-1.61447337769845
-4.37018735413996,-10.498889017636,-0.31512963764999,1.49138899686621
-3.04153884514065,-4.98768559792591,1.58698237648154,-1.03526052290466
-0.423609038642203,-3.05645911567397,0.694668049585571,0.873005291536296
-0.972128253987172,-4.2185686499777,-0.881808581193089,0.0785455055365877
-1.25524766674616,-6.92203292033413,3.35975342991259,-1.85012233622548
-1.98877049377067,-3.83338642101636,1.78943201521756,-0.924828521773448
0.668609832420194,-6.40027984317094,0.764029767131411,0.581982840375656
-2.42223285691331,-4.98578965070493,0.500620273053999,-0.158386516128958
-3.76233557392485,-3.81042800708079,-0.202582466226751,-1.69439952238348
-1.53894997644216,-4.72656047325313,1.2195764707534,-0.733509296885862
-0.764158366744099,-5.49623401920773,-0.64205621584724,0.0204263457076362
-0.213874292348558,-5.90244744345449,-1.32435361707769,-1.58065386057651
-2.23820700829339,-7.01321194721695,0.85922884281378,0.920443125311957
-1.35847641266477,-6.77498003663981,-1.11712379029494,0.647209430035048
0.54416124147172,-4.6911136328484,0.119499285322146,-0.418244324389259
-1.40732734414744,-6.82210226009375,0.766257459936784,0.132403339905109
0.737587633447913,-4.59031395425285,0.665189074537634,-2.01773186031601
-1.95067620212351,-7.99270919960381,1.12774213069472,-0.368391413401599
1.20446354684691,-3.42419020596989,-1.79056067839636,1.63337912105325
1.74315003760937,-7.56511399505256,-0.774847262905207,-1.20042898581038
-0.939025231063211,-2.65364972454766,1.25024653497342,-0.88486644037542
-1.6553087017495,-1.9517574802083,0.12802561656361,-1.98689027550647
-0.532065672529079,-5.33384504059777,1.6901109829527,1.38575289725838
-1.34664809012387,-7.27871466043652,-1.03458638533291,0.996432621659462
-1.87292937383763,-6.09457456938759,0.221288320196743,0.393799263334278
-1.61366326209643,-2.8512579199645,0.917818419213926,0.81093586912914
-0.905066611882136,-4.20093444106602,1.68666017958288,-1.89491543018918
0.0112602883853314,-1.8675655396702,1.07187438593734,0.138073581796643
-1.88320181703537,-7.39671967112928,0.126993433484157,-0.0723754602704144
0.230510396848148,-5.53498833455298,-1.80291463300458,1.64061344135815
-0.923239193574959,-5.62627050236751,0.62344018637876,-1.95359778218478
-3.58601444495286,-6.88427736354881,1.76779701902799,1.17359914450678
-0.689238723016238,0.463400690274975,-0.391903747637996,-0.608691799942922
-1.86089572058815,-6.26754959263879,-1.36208156830274,0.820839421158071
-1.30438840482428,-4.27647692514501,2.06766929156504,1.07273648673764
-1.01557511780812,-5.02496454783949,-0.668434927702584,0.94342056436604
-1.37567021573378,-2.90260950951944,0.647264089757839,0.400605323425043
-2.74757320259773,-5.85432596196152,0.130733022907493,-0.960606753743029
0.117525342681266,-3.20639968291366,-0.377071715536805,0.133027538763264
-2.46063046572764,-6.01782371732855,0.0798440913684551,-1.71221762708893
-2.35131610026976,-3.17317576809175,1.61398211852626,2.9619870561895
-0.809637101480269,-4.87924125835034,-0.414795817385862,-0.444284974542933
-1.89078922977903,-4.36067761897798,0.970733661105661,-0.569665559020639
-3.10471994143056,-4.76629390962501,0.858667602128827,-0.458806703780456
-2.32893782430263,-7.67673066543679,1.18524107965843,-1.63536706915927
0.130709563217399,-8.61054119476019,-0.731658983186603,-1.07508250879544
-3.90503383451723,-6.19574551502962,1.21984146589097,0.167880170779671
1.19518434488166,-5.2729027585156,0.219100428490916,0.387825244330902
-0.59143905581598,-2.07365007912955,2.22698713998703,1.20478945869114
0.604390253768502,-3.50601379397339,1.20354587539754,0.134816258498345
-1.8249569819114,-9.59015401526758,-0.160935382678677,-0.372847018630839
-0.756777973939983,-4.22460674100268,0.0537931830018447,-0.978944508725595
0.399645073374395,-2.04625293204756,0.151426794234721,1.65659053142486
0.884056262713031,-7.15277220109493,-0.136769452923726,2.30917978819226
-0.604360763830491,-3.79330078563691,0.931122593011347,-0.0234071098329879
-2.24668759065009,-6.59290679393186,0.0698833070562771,1.42114907535207
-1.27972509057408,-2.7854168241063,0.579952509207365,0.229028057147194
-2.00746611611958,-6.27698685332569,-0.819657136303664,0.0583770957186324
-2.38055709434212,-6.80550708617588,0.662996876926322,1.22202874228942
-2.34478701452095,-3.98498385629214,0.193809136005564,2.36811232889257
-0.825966224045339,-3.67860268366235,-0.128497264059947,-1.44035048844593
-2.34320086985328,-3.52516822488976,-1.23362004761305,-3.05296570938505
-0.960850977878611,-4.44320723355252,1.10591013958636,0.559462516004978
0.797049471573679,-3.60822845210567,-0.193485824713634,-1.37156445822793
-0.192859179109308,-6.41063636378374,0.794013404782193,-0.766619082011979
1.27794548176443,-3.81632616709075,-0.352113564571792,0.178899757629726
-0.232674482445995,-7.27285203483957,-0.257907327714299,0.931305715754311
-2.6405954287744,-1.68080601598863,0.454400311192508,2.53868788303613
1.7257871233974,-7.12508502525848,0.0911633488831318,-0.962379356162254
-3.14463271327846,-4.18882703062047,-1.40116276755391,-0.0314969332035048
-1.87886330601572,-2.44237637751046,0.322508288798507,-1.42065931352159
-1.6185951825643,-3.13575837044795,-0.0698727281636171,-0.766355710999837
-0.138784918155143,-6.06295415442061,1.35977460526102,0.73496334817539
-2.0748134749481,1.30219147897258,0.538034547532566,-0.0410570104126393
0.388912019134823,-4.17008233765363,0.732481177521237,-0.893522853221236
-0.36942102470801,-5.40467848893654,0.648494984809484,0.864167650962986
-2.08081585326959,-4.52168939240154,2.10845009792203,-0.604452469681788
0.226748857902913,-6.34380832933265,1.44265749948806,0.525416891129612
-1.00700976531551,-2.99707789414309,-0.335155534985203,0.466238138722271
0.244394969476362,-2.99260602396686,-1.1765325851955,2.11101623470464
-2.50827528424032,-7.1718769580202,-3.23751666553535,0.298898429844216
-2.75773872612267,-6.99581718913762,-0.386560688606711,0.0814798719985291
-1.65767743147178,-2.80114272554291,-0.931618020023431,1.38375049600207
-1.90089481074281,-8.80625262268592,0.30707255978342,-0.040503416150437
-0.505231935770565,-4.5367395601986,0.444012749563393,-1.05042385828246
-3.41791596095343,-4.20158828269817,0.323836390050309,0.598259965605488
-1.23244530295842,-7.68755715507104,-1.87628480306304,-0.251345429776099
1.03192213271971,-4.73446999024911,0.699173633098259,0.037945434292466
0.28164305372194,-5.5275243552908,1.12428593595096,0.309622093026654
-0.770750545789653,-5.51250486951832,-0.473831278948721,0.524261929424718
-1.69641512812562,-4.30079619961207,0.875696715280051,-0.644112782220569
-2.11749207190428,-2.51189457951718,1.5317423682172,-0.491180917857088
-0.365889236402629,-6.81305356858965,2.21007210305763,1.15072028088514
-0.727883211893082,-2.78026703491502,0.104701653368922,1.20228794304542
1.84408998833584,-10.5864782934387,-0.499328086052735,1.67111842302368
-0.802184491838447,-4.01063053438157,1.32982091387726,1.89578312434652
-1.16994285973716,-6.87023617719036,1.03525953432232,-1.44129602379219
0.306133215944558,-5.70059649883691,3.2893108804103,-0.993197704935024
-0.830589355692795,-6.77384374477278,0.165430362343654,-1.26875923841855
-0.904324270772597,-6.0664609589915,0.607375602648223,0.589096187770082
-1.41188217660749,-4.50999893297493,0.742059520838232,-0.289782501795977
-1.66836172973023,-6.92613107054136,-1.08087783248358,-1.04147650870842
1.49967336925412,-4.21788945827014,1.31026952914336,0.408967045866299
-1.40247624692922,-3.87739196613751,0.325870938121738,-0.590179672621706
-0.569798124362124,-1.00734390005807,2.55476553317479,0.666807986433429
-2.43671477139274,-3.80200355058876,-0.803466969446065,0.0917520593689278
-1.28271747129808,-7.08861812550929,0.136748209946939,0.576606349052834
0.82067823355889,-6.37846423539972,1.32240000902395,-1.64326608206986
-1.52436185483181,-1.09741748699263,1.21126738081539,1.22046431761787
-2.56920388023102,-3.17616397814297,2.71271243958653,0.726448387189167
0.649976584638704,-6.73717043310125,-0.512386886031557,-1.01778181972983
-0.971688541571893,-3.35228575204516,1.18212072137532,0.710139140364254
0.520422128665623,-5.0748608547161,-0.778939365561951,2.89557320192658
0.860669338660774,-5.18249565045229,0.901622982983066,1.54578873929164
0.0248384136967943,-4.01203531701303,0.025490253486095,-0.904759271269109
-3.86005495705624,-2.84270122297743,-0.293287551001473,-0.929700758982526
-3.19276921614332,-5.57672813491364,-0.146927669474896,2.56980439293389
-1.6537654971272,-6.61725251280897,3.18549939798115,-0.485828999783966
-2.00611444712384,-7.91506156160983,1.3890468129512,-0.478068790173206
-1.64290486681741,-5.35035247430655,1.23525861502917,-1.18565853705255
-0.942464456623638,-8.90236784051232,1.36601661164369,1.25784920231299
-1.2548754246055,-4.54572204076278,1.31878017996018,-0.0716122779491515
-1.21973886730694,-4.61467460313909,0.422614371465457,0.252968922405573
0.0231054006785997,-6.55441901996236,0.147264849024417,1.08607352321519
-1.3622815531492,-7.04351812231458,-0.883483204878864,0.851798046948212
-0.820854159114466,-6.79814793855815,-0.160620436660543,1.4393910116272
-0.664414816052698,-5.678403300996,2.1401062033524,0.674342553268209
-0.816333414229248,-3.18236323829957,0.861936698942033,-1.25954579451821
-0.302898738095674,-2.64698438122587,0.573941787185393,2.0690675964117
-0.602936573741594,-9.5336566902722,-1.07678995301028,0.667552756413675
-1.26917176505979,-4.09713682827745,1.11718263736136,1.52660035498391
-0.709968532136084,-4.66845337869689,-0.393192909912129,-1.57282179807987
-2.09489428280969,-11.6332984093247,0.710039577051611,-0.741057598477658
-0.490953434079781,-6.03942981088744,2.59508264813031,1.75105540575011
-0.0678801285025907,-8.00006767098341,-0.117066974445011,0.765647306491122
-1.2249780222695,-8.86684995681829,-0.102013698903204,-0.0798953820495496
-3.20764391721472,-5.63216633814417,1.62454558871574,-0.176601381707152
-2.5195145610532,-3.56699843602949,-0.390650535963989,1.67615942991445
-1.22404234030164,-2.39065653676404,1.93388185903691,0.171896542402267
-2.52659973419706,-5.99097130310769,-2.27569714107725,1.19221622792374
0.808348431446766,-4.87514567643686,-0.825920880929451,0.339901901559321
-1.47260728120719,-9.63611212142451,1.24692127461648,-1.85972860672932
0.202525794309685,-4.20832469587294,0.290089716414544,-1.40679480259394
-0.0632895426926313,-5.31822045959437,-1.08904179035618,-0.324923360612301
-2.19820553909696,-2.5199550290982,-0.877715224800498,1.32451807939108
-1.13016492980243,-7.24200696737281,0.490785309866183,-1.46778306343361
1.42293801850457,-0.53955591177776,-0.649897504876642,-1.69988319480034
-0.892148923779634,-3.09634231208372,-0.513688937878135,-0.122573668691275
-1.76536391794313,-6.34612764419152,-0.136861937982703,2.21088499420715
-0.174711817152749,-0.745459860030109,0.252889722452777,-0.320335055554458
-0.511353583127291,-7.54876644374056,-1.09394270001874,-1.95736655301125
-0.740121580185553,-4.80803627712948,0.776143844050218,-0.577410817289847
-2.47217937605835,-6.35937423077799,0.690169466165016,-0.341298985137132
-1.21106002746543,-7.28409257320142,-0.533907547780535,-2.45618757246856
-0.38589322767847,-5.32334554277163,-0.442855251195342,-1.43154045495099
-1.5729261300845,-5.41511950726052,1.28292223164246,-2.11333951125648
0.24360791643116,-7.80196555891352,0.144685120200902,1.36763403775016
-0.1895998534933,-6.76009203234345,0.484291515360302,-0.537805374580244
-1.48659830766575,-7.2274122205456,1.30813759875173,-2.08252826147964
-0.576787567520178,-4.70207657503045,2.0956600471513,-0.79166646545969
-0.523091079882314,-6.83579256011857,1.3667986884846,1.48840917896613
-1.4627540792423,-8.90456774189536,-0.523997394896637,-2.07379762874056
-0.746945855897538,-8.51945984161575,-0.333284018204377,-1.37797437753269
-2.38380944573535,-6.80584499868512,3.27919132167297,-0.675928367127193
-1.14245298731366,-4.22573278508522,-0.347830591580871,1.45747704397389
-1.13815323507762,-2.37834712596146,0.80678478195296,-0.595654648769806
0.634993176924187,-5.37509952990515,1.44808440256234,-0.580340045860572
-1.36451277667047,-5.79337546974555,2.3806324351917,-2.29977182504964
0.0223129297882697,-5.62755933852162,-1.16916178843104,-0.840118281357118
-0.380467789146045,-2.29719793223934,2.32492258857973,-0.973579894938768
0.0975226653162589,-4.85066076207286,-0.583882103925545,-0.106591496595182
0.102906932763237,-3.7077152243925,0.835686547363892,-1.21404590078201
-2.41337760583811,-8.82914361822135,-0.244764872096688,-0.0291449459218653
-1.82773702672249,-4.53925301706068,1.19591168498138,0.712850797251155
-2.60904070683361,-4.46840818567162,1.26911842244713,0.545125535707573
-1.2346232520475,-9.09945771891756,1.08808540911548,-0.500597970388184
-3.10311918958049,-8.83750138855981,-0.19101387595732,0.874581353666355
-1.54007645023987,-4.84150929574158,-1.25553837145279,-0.710585514757302
-2.56305735936604,-3.85216788251776,1.60795224186431,1.321405189008
-0.0593757079353043,-7.29485575346172,0.933186512570166,-0.479040072214446
-1.11859713314112,-2.93563518176583,0.700330586507465,1.67944251571195
-1.18145776951327,-2.45087243408695,2.0754625218998,-0.363221180858574
-0.833302190677036,-5.92484354647777,-0.897965523931392,-1.2096651949548
0.315372669111335,-5.41103834841016,-0.262758531932161,-0.547357665959706
-0.303030600245269,-4.78232860460548,0.854127683802947,0.0689195787380027
0.667174116757119,-5.57128444992907,0.724251746787512,1.12619318252242
-1.95103062224575,-3.59846149138075,-0.918027763723851,1.05931114775954
-1.56132521255652,-4.67232659648902,0.441708652350187,1.43329515044359
-1.60339311417737,-6.69767978728903,2.03316651204003,0.624177469338924
-0.469075746595317,-1.82215633387382,0.162979282310051,0.896896866606926
-1.45302043555239,-4.07741975775884,2.66852613379717,0.132285802332533
-0.277183320554952,-1.09003094311502,-0.4760241807299,-1.76150187455922
-1.57278101422724,-4.74387920556371,0.363122429572103,0.92286637062394
-0.134196233126815,-3.97028296426502,0.674004021514168,-0.735635465553023
-0.928236988565209,-2.40914655086674,-1.12387553404275,0.766910279630892
-1.68760659529907,-5.82253627267146,2.20763790398688,-1.35564411394111
-0.271112059353741,-9.71737821454435,-1.1449376016036,1.22259990528264
-3.71246755354206,-6.68379923746466,2.8308882203448,-0.0277408797862616
-1.5323047184385,-4.11978918697722,0.799308234774184,-1.34023646153212
1.82832655504019,-6.4450317826143,1.64493625893486,0.38413383196595
-0.657963442424067,-2.32157222812739,0.417022327721818,0.774788693649104
-0.0551456632044174,-9.31461243143663,-0.0149110082273511,0.663524201903496
-2.68817077378021,-6.74611892500608,1.08657916833057,0.405615376485251
-0.861558513173835,-4.13467707039259,-0.260353174609034,-0.10143205741439
-0.139035555756623,-4.80438289589302,-1.51168716082458,-2.04531067083381
-2.85959299471892,-1.89683842785794,0.775022546208546,0.652045521362822
-2.44568322015985,-6.31019496888566,-0.285765408360519,-0.709513143433823
-0.234684713860637,-5.66166993762846,1.17020619589066,1.06067992841505
2.33298292870528,-4.7729550177318,1.51909741995801,-0.859004698362953
-1.61381422937653,-5.30984200549255,0.493094521210379,1.71475364348456
0.209148238148878,-4.79036969137131,-0.0506215064401792,0.478890301900329
-1.88888870151088,-6.50352123221537,1.11460115579975,0.540792128220452
-2.29623349270199,-3.96278882439404,-1.04814487006451,-0.271564065286127
-1.22915552241735,-7.28140484325828,1.86724876624865,-2.29737621575292
-0.617963188469575,-6.68865081978181,-0.22489237553841,1.18498807529495
-2.30333623482591,-4.01918835402467,0.106922448144544,0.0422071879390385
-0.929467866818194,-2.18772940109765,-0.00250693703308724,-1.94133534186852
-2.35108476801626,-4.98969723457564,1.71874556298543,-0.285455362888734
0.82092627502975,-5.56887743190942,-1.25663958184307,0.236877629319899
0.359895383294258,-5.8426814950076,2.85407030149362,1.11391332435129
-2.43223967257471,-5.82148962333402,0.110737696785924,0.321411462409773
-0.535554138943241,-6.31424630467663,-1.63359706032244,0.174182052356346
-1.025402038524,-6.98971644126207,0.269854468578081,0.162585030323783
-2.57771585337452,-6.94664849570287,-1.3836106046151,0.336101898128586
-2.67268430490018,-5.68728366338695,4.11223975043696,1.10223774769537
-1.98676248460558,-7.43197335757867,-0.280456867733845,-0.477779447716683
1.06774868224325,-6.41822569711592,-0.51777616363765,0.0360636921725462
-0.304522664648591,-6.03720771740113,-0.625176397849086,-3.01928638858123
-1.12613129902657,-2.63819516318705,-1.08339810165774,2.03877807694442
-1.41045900592688,-1.68199103787084,0.286269149267525,0.175792061699927
-1.63171432393479,-1.76819690043748,0.316885280709155,-0.515066592110654
-3.23976889641332,-7.3255665513673,0.772944995118931,-0.135420287679984
-1.84750062939184,-3.91236796766424,1.29594770239479,-0.77180344400638
-0.961276315513325,-6.39859756725106,-1.30320615792319,-0.188440240062495
-1.01166731610683,-4.19637322090385,2.73195235200445,-3.96148631786228
-0.412969257213544,-3.61707918530587,1.30414297476047,-0.562812307655107
-2.39191474645797,-6.30158024584166,0.153273425181483,1.43716935425061
-0.88405037862592,-4.5286018606296,-1.65532903159869,-0.643993443302523
1.29153856756371,-4.28564321510377,0.352157370163905,-0.474852131891141
-0.772153727585564,-3.53691031710327,-1.78215286197036,-0.53186741255353
0.0597407231996597,-1.91794717372846,0.0375485481222886,0.327927713791536
-2.10303425943467,-6.18299102492096,-0.108682376340969,-1.29397055219372
-3.2927713534551,-7.49698268857975,-1.21760887630638,2.65242810529211
-0.57197963618418,-6.56499813966162,-0.0265858005471064,-0.0415099180244983
-0.827191151649967,-6.21165416200936,-0.457222924902547,-1.23662661728292
-2.3766507324301,-3.40382787160166,-0.286505123803412,0.871390989942782
-0.28567523440482,-4.06033475253586,1.72989796102784,-0.872085269697117
-1.51873406341245,-5.01678332428969,0.984785558744272,3.80179197231004
0.550346524730435,-4.54109130047519,0.688895599255514,-1.95354897997492
-1.29718919994732,-3.45537582783542,0.543616818357127,0.859718586630225
-2.03827961411779,-2.79050010847476,-0.773123893288402,0.0709774236832994
-1.06648421239999,-1.83324667975459,0.350168384892998,-0.799080901680821
-1.75830936177606,-6.17021806596769,0.332574512075915,-2.4855028286107
-3.99683454780544,-7.2945541123159,2.40887643078117,1.01046801405723
-1.32043792288378,-6.18040135512662,-0.860512598917504,1.69549190605019
-1.32775342010634,-9.41327930785766,0.703326864478442,-0.950390061487536
-1.73336722008784,-8.45431212918518,-1.21835311987057,-0.648677126711317
-0.86234023020945,-5.68126990111422,-0.411605560188217,-0.749794815788485
-1.17487459826195,-4.43975134492559,0.817282728001752,-0.570450973323469
-2.90239797803825,-4.90904319853302,-0.450678948799944,1.20856609201514
2.56854044590523,-7.36331377224098,2.20372631255366,0.461842730039426
0.880292892540136,-4.59126654256434,0.826634852856049,0.500061077946458
-1.08259283023286,-4.6757054238017,-0.280066484154068,-0.522882065186429
-0.668989772897135,-2.15055598484193,-0.0473159298534432,1.6221518490425
-1.32572966442447,-7.41454396237235,1.97725691747364,0.934067780513577
-0.695138656656516,-3.81787753532767,3.66871593806761,-2.65534276254224
-0.13745531014731,-4.19735367773688,0.455884064220124,0.359320431891094
-0.892150984661886,-6.97111293037566,-1.32709242036502,-1.24212539395461
-1.4364530293611,-8.70494583809525,1.66021233559196,-0.275529224820814
-1.54992495738476,-2.02291545334089,0.0896505153374789,-1.88181143911543
-1.08688327872094,-7.67265373583233,0.701815965111962,-0.888494319993589
-1.16516258508159,-5.93498398383393,0.196088711954169,-1.41015148536381
-2.30855938410166,-6.4329753226957,1.56786503464765,-2.33334159859736
-1.60500721535942,-2.61865208348457,1.42933524096269,0.857994385931814
-2.69744603559791,-6.53313266459542,0.699155284566226,-0.288601901956035
-1.4212010570191,-0.887555559343699,-0.265444530510252,0.818347669953161
-2.75934770928124,-4.75591659695728,-0.213685731805992,2.23807447618567
0.929399786119722,-4.68778453967007,-1.05197867460532,0.871327994563774
-0.840738093386001,-7.34639335784916,-1.05455309721116,2.3047143767255
-0.828295590881958,-1.44691787220594,1.45304781748161,1.6748034016848
-0.512816869223974,-5.36088320279208,-2.77997608144051,-0.660815733692235
-1.28386152571644,-4.63384478791906,-0.0145526111085511,1.24066371451511
-1.88556860230529,-5.41473846264015,-0.315548914449495,0.0196666260170403
0.0625931762234921,-6.7425145099407,-1.16067525022249,-0.424359513734956
-0.903899389353084,-3.81630453330501,0.84133041921989,0.0603651018547868
-0.182568082176897,0.328434112816864,0.730967273150674,-1.10284111375804
0.593036129774327,-7.84440889902429,-0.28231676003378,1.2936290738944
-0.578352408242423,-2.88178398599968,-1.78624405747005,-0.790372354550506
-0.956460527032932,-6.08745324671394,0.440170596666651,-0.730692060957615
0.0825841706913351,-3.25193812393793,1.77585740632241,-0.218335587132398
-3.15738558114317,-5.8972299432826,-0.597278029055429,1.12973433577975
-0.125568197405674,-5.26579642922256,1.79378889526628,1.03281978748754
-3.22170034480069,-6.86266700152245,-0.0958000581352801,-1.33271455748195
-0.975396752582887,-2.21282430936869,-0.150379582302963,0.670767366692606
-1.25221883066563,-3.8488220864947,-2.85935100791532,-0.790324572532352
-2.78334993430908,-4.21669198787447,2.88866826100262,1.66023356610818
-1.97425750101464,-3.14317617835902,1.35998315046352,-0.696764613265403
-1.0514194548621,-3.2613298632727,2.13781856743409,-0.990763641895107
-1.3990511898979,-6.60966458182691,0.161446551608298,-0.323392521712293
-2.01979303689073,-5.85992546209086,-0.538473727201527,-0.922251511824657
-0.674584048855973,-8.59656871849787,2.26985652058078,-0.482895176205003
0.346423529819319,-3.47274439162331,0.0402658350529431,2.00031363655204
-1.61424597634757,-4.9214407730266,-1.46497871871413,-0.162729993061898
-1.51782867144895,-5.21616252839772,-0.534722794232881,-0.218790497073952
-2.46111855002943,-4.59339536727629,-0.163841759874188,-0.149459475048098
-2.41083493182086,-9.18774115978998,0.789903245067954,-2.36427299827637
-1.78218804231537,-7.27022885426685,0.545965848047474,0.57647862195502
-1.20685301497496,-7.27730272369981,1.24279989944858,-0.794866782535173
-1.47964619720254,-4.03680431316012,0.184928665055164,-1.18655604092921
-1.78515723293201,-2.96795021013348,2.25733732404499,1.0543413273417
-1.38622088771112,-7.59191833641146,0.287656310392776,0.23316399581094
0.835953966866231,-3.12846105310624,-0.0687584474279125,0.779993136581794
-1.94603521606711,-4.85057174942038,0.825962804005828,-0.632884833428969
-1.20248863480063,-8.52432318510749,0.0645962180712359,-0.124563853039185
-3.70924594293825,-6.26952948814375,0.49278152845685,-0.660488045427972
-2.40983615941232,-3.25064347459939,-1.5230330551957,-0.726306057011094
-2.78500391345462,-5.29861257306155,-0.600443960725398,-1.28475146672091
-1.36779086437158,-6.18376633574254,-1.09506308403457,-0.346918801560465
-0.635359221895629,-3.69869791488028,-1.27946779115552,1.00263777986614
-2.68060811617731,-5.10283360359737,-1.93205669422951,-0.00137539634744061
-0.442181137152789,-4.28137639926034,0.239455317965272,0.847719507312189
-4.69237752343746,1.74660811239512,-1.10837334972486,0.187901138819031
0.76235729916736,-0.132377400771119,2.60585803841813,1.03577836787557
-2.40148632550806,-0.949589200349163,2.06402518088006,-0.429991585501427
0.0258022064956594,-4.71941786528909,0.29160148777608,-0.683888419416915
-0.354568532320946,-2.35955723643979,-0.689583383136213,-1.04552566802215
0.720271524773554,-7.4020770789429,-1.0628817669349,-0.245022131135496
-1.94786409481789,-3.91019825493141,0.719735883263275,1.02443388253229
0.296160469409597,-8.03726734065302,1.19601294558746,0.716437198307523
-0.692305243289744,-4.39060858822524,0.291309517990091,-0.689022053762862
0.836070683238466,-7.37803169349776,0.475949807839009,1.50670882605543
-0.182608703141176,-3.6826294532919,2.17769764684481,0.157154256104892
-0.119061376318172,-5.94502856337044,0.482465908635676,-0.303016066069317
0.389229626999888,-3.21827340354353,1.22617404163768,-1.23083331850895
-1.62295694179146,-4.54733407263208,0.57188977841642,1.01647620892061
-0.392618216093891,-4.11139903535893,0.981327533545774,-0.468065344406408
-0.914480456933205,-6.25895471168265,0.871626283204017,-1.25324409655502
0.309997993667508,-5.10856967622021,-0.452093552731468,0.480903386581806
1.24814610374956,-8.38663065111045,-0.204298398988684,0.416943832303205
-2.06772922965684,-7.04997236721218,0.18955151161214,1.452485772844
-1.29233832112896,-3.86795196327733,1.03900715984903,-0.394061045039097
-1.38457407107935,-8.98234148860221,1.50477424469425,-2.73295767393657
0.265095458809687,-4.23372407224555,0.731838039921439,0.00339511990083857
-1.01227756238943,-4.28779260133574,1.53255047496122,-0.81338168519525
-2.51400250668257,-4.09200523894448,-0.160101204731264,-2.44439207968865
-0.476695014305803,-5.21422592180812,1.99954552610629,-0.324483961649484
-2.50749968061872,-5.70857017459639,-0.0513970621856991,0.148204189025632
-2.36922643050408,-4.83522100944602,0.669101074936906,-2.98620841689922
-1.08747518065737,-4.34782498594007,-0.0448488789689869,-2.24039557031669
-1.78766599450686,-6.5310897577603,0.947970873947503,-1.21855636250252
-2.02915002131018,-7.19294555386717,1.36417221064139,0.691765872654691
0.0645424530972998,-5.80247800938593,1.45690402441158,3.6035680277192
2.34031307365213,-7.98114499653745,0.469509122216866,1.12418722386744
-0.260902195649078,-2.08370597850919,-0.662077639777477,0.0611547838357823
-1.25149044885431,-5.21776150915263,0.451937079361857,-2.05616751302057
-1.46135661103022,-4.93475797222297,0.171544069495105,0.834549814705577
-2.25512686603984,-1.25879681296019,-0.114821287861306,-0.289862310200718
-1.22525106641738,-8.34412439329828,0.943631838297203,-0.874626136907395
0.138650995944713,-2.82269245157721,1.89419294045772,0.386514501891103
-2.50737567489148,-6.28288813360736,-0.0962668936329539,0.205269116519633
-1.36645083751383,-4.27151769345356,-1.11795978024428,-0.38183054007027
-0.336238884291426,-4.69155501885569,0.672981488027035,0.353920315340449
-3.49988152648009,-8.64250193335046,3.44606237247751,-0.395755868754515
0.45414505709863,-7.14592270786479,-0.28032808855541,-1.21790028476396
0.790748894210999,-3.11739044931303,0.383722524230082,-0.0215812106393786
-0.414803771835691,-6.98465845074194,-0.838291416125587,1.61543056126691
-2.52316670294029,-6.41653882014194,-0.411718284643024,0.156614409885823
0.15402432365,-6.42312559757868,1.025804218462,-0.812610418309056
-0.710576711154514,-5.38281459962077,1.59805461670186,0.2318633161801
1.2925101498273,-3.80484667866174,1.00451450375188,-0.0122774784063141
-1.3702613627898,-6.90739568138958,3.18162091439826,0.61286493616699
-1.06682270062515,-2.83815612785265,-0.385189378794554,-0.482506160671878
-0.339868199515509,-8.76489727861007,-0.23239493998717,-0.887001015630678
0.426368034854766,-2.95043808359625,2.02817723102916,1.02917662349932
-1.089082249264,-9.127193565462,0.270876413274279,-0.0645700918022499
-0.153899326155437,-3.83358250909793,0.603199301806792,0.142396026937172
-1.42018510760289,-4.91145666237769,0.876231989977163,2.29252073470764
-2.44595476503515,-1.91095661166597,-0.0376216756581264,-1.22987661430727
-0.568522134731333,-7.79804133025048,-0.633091730637147,0.72578803580918
-2.3309046658022,-2.77606986270407,2.41313944029418,2.12467005677455
-2.62465044947231,-3.58047398226915,0.936874232809477,-1.41165719255661
-0.151728646139093,-3.1067747268802,-1.10759180368326,0.66965945903598
-1.32389453267124,-6.94837906394145,0.369620779539779,-0.632587390873798
-1.33864703003572,-4.49448197600921,0.0756488882317529,-0.696212876048281
-1.72160836967153,-5.07021222882143,-0.555973899173084,1.4829464394909
-1.3463312002544,-1.06121824584245,1.34708545315606,0.108959351130332
-1.04053588783604,-3.71836270957623,-0.767000442270438,-0.680773409018327
1.16915565902349,-5.90847818345805,2.56206363875376,0.35167804502205
-0.786640291338788,-3.07790353231782,0.895880129372358,-0.711187254778527
0.332897606244174,-4.89080479689581,0.19578011930762,-1.4306948910055
-0.417783504249219,-5.93338769634835,0.694121937749415,0.725075010874733
1.72325734005205,-5.686782059378,0.133986753853006,0.0180047630811652
-0.609589199918634,-6.23630685463348,0.694458775839402,0.957667348331689
-1.46776384727518,-5.5538455406774,1.68867184688315,0.600907064276946
-1.66918294041283,-7.68568213210302,0.126905057645889,-0.914574907224929
-0.19226257074552,-1.81858471056322,0.143756137881921,-0.28912202626993
-1.00917068400208,-5.98291626279647,0.523852214410523,0.801616568622679
-0.298934506515433,-3.62872412969238,0.577021880585061,-3.38866244829296
-0.620151264168738,-1.92832927921982,0.00154587963340053,-0.0974727203147419
-1.15070657068263,-7.1304556301075,0.287877282670744,0.334384697327341
-1.39629069104706,-5.48782284831681,1.63655799553169,-0.678283148051595
0.302630284904052,-3.51941178436819,0.636848077097852,-1.52432257238633
0.490822738653574,-6.21547970323432,1.42940882369534,0.323315260922125
1.11730155280613,-6.59839640332788,0.247675991109714,-0.65869513100384
-0.445357484888939,-2.4413106566607,-1.05577565074263,0.547639990206255
0.941095587230508,-4.7005012575418,-0.445265134682325,-1.20338224498563
-2.22191928613636,-1.93195478520013,1.36042636984866,-0.724809566849364
-0.985431864482849,-5.28791939586416,0.657414802321396,-0.615940689205421
-1.71295440222905,-4.12633472779159,1.36450389328024,0.159514494104355
-3.46070758891869,-4.03577549926469,1.91064885486575,1.63366215840848
-4.78238761307871,-4.61849349111601,1.03896424216841,-0.583808251996951
0.292900296363071,-4.55447837491524,-1.07766329339272,0.692783548659564
-2.61576930780188,-6.60852099557839,1.95038828499501,3.9369871678683
-0.818209321782828,-7.63518035070825,-0.0368959619254857,-1.0977801122
0.799910748183024,-5.48386613066239,0.00952847010376201,0.784872993697687
-2.32446494349912,-7.28553315141089,0.0293716034326618,-1.34166777009372
-0.580627862103958,-2.82974873473272,2.32308521033766,1.3590888469983
-0.665653233364798,-6.06111155681206,1.34375952911973,0.959317757584226
-2.11613794118348,-3.04585690696389,1.92154598037591,-1.2001163691293
0.733357531955835,-6.85292693441107,0.384757551404137,0.662114933941419
-0.863245067633106,-4.57891438151721,-0.280164586356569,0.372988709676674
0.450928372407296,-6.8255983134583,-0.000577274291277852,0.618960854117454
-1.88315184982375,-4.98395230822578,-0.850056410707136,-0.571906274161498
-1.32666997502323,-2.31145585466514,-0.57414471421653,1.7614866635109
-1.36472046808551,-2.35303231010926,-1.69396639058788,-1.99722248402986
0.0523891913047291,-3.9503542210448,0.789209057747863,-0.279733752841303
-1.78727164055478,-4.68455068746618,-0.353791614678049,0.649733332854406
0.801426440620116,-8.07179533796317,0.3729106322168,1.49562593749446
-0.499540332686638,-5.28153314806739,-0.375947142705184,0.809262672338359
-0.850525885979584,-1.87053358102597,0.206149126164753,2.42840062422513
-0.566908985011559,-6.95740724331428,-1.14766733456362,0.228624090283988
-2.57403232231756,-4.97866427328543,0.739527269995553,-0.0708946660127518
-1.0184353114138,-2.82772685379718,1.53308288419736,-1.35511646657238
-3.24162152387733,-5.05525684777632,0.778562861221681,0.90598330060332
-0.143482676849392,-5.2641803828559,1.88358067817107,0.771543884290727
-1.00603534686757,-4.64228861570366,-0.102200389448708,0.0279940073391308
0.261576092081094,-5.19667277984384,1.00324793141933,-0.616550292717188
0.126987298548844,-1.96278813642486,-0.454397161293185,0.0476969674892208
-1.10274238746663,-3.52799731231033,1.32689342523263,-0.791368029212712
-1.57171251170029,-7.24647549972571,0.271716890506998,0.879977822464005
-0.118147003479411,-6.074057974183,1.64247109201613,1.7994298765304
-1.00086703735205,-6.23168023989033,-0.332388258870773,-1.39000005963693
-0.977407754575755,-9.45884872460712,1.08729027733885,-1.94079348671213
0.525560888259948,-6.32419795161907,0.39205026123626,1.81663476988639
-2.03199831038402,-4.90848186519061,1.73167065424073,3.1297318984776
-0.325658469788251,-5.97157454672501,0.527706874757147,1.47787253822119
-1.23060658127324,-0.993057101309633,1.86673677173664,2.52110650801426
1.26664321882226,-2.14061023269616,0.832496764903113,-0.184204384138978
-1.01782351200448,-5.73202950164327,2.56021458851391,0.394978405761785
-0.746926359150438,-4.58083569348751,0.874059628493757,-1.73803015882211
-1.61169801572034,-6.6243186070001,0.534363196139419,2.07505489859449
-1.12914562387161,-3.9770431499088,0.267191091983923,-0.0162010293762859
-0.33989141270954,-0.675199168108802,0.841692088891431,0.395654191514015
-2.13177344596156,-3.61957899171689,-0.0397888327888508,-0.715859671412693
1.53334587276136,-7.91630083440282,0.540599325565557,0.857052039054247
-2.93552625579354,-2.18933420570129,1.93505276634663,0.274687314515525
-1.32925821284012,-5.60054950478587,-0.357204732539594,-0.324779557112031
-0.341902864641233,-5.39072641583876,0.644571009686216,1.02836465379137
-0.613714335998309,-2.12826906770936,1.95636137713748,0.103004138654444
-2.38493097732639,-4.19729192745487,1.40045450017941,0.628413361766502
-1.83815846629337,-6.13693774537045,-0.674374677502507,-0.0115649172582871
0.143674581500834,-4.2877835627911,-0.00694532207876736,-0.111754500886118
-1.46057994917808,-4.86757654253845,0.127694799235993,1.15653586898453
-3.61123107515318,-5.60432291857514,-0.625618208501527,-1.37611830581308
-1.11636902628034,-6.08633435483116,2.48169755267396,-0.144770679036056
0.499459948206194,-7.41134189963162,0.363918332063473,1.38324413063045
-1.99837452841793,-0.146994387578659,0.508303208690448,0.709903641975324
-1.35989261087642,-4.93481091891234,-0.962623989762063,0.311513624367239
-1.63185453335172,-6.25996344801762,1.78318237037972,-1.12006863396395
-0.187267955024842,-2.04474219704374,1.64892583997955,-1.38059803655446
-0.700605613692323,-2.67184401590487,1.73320142037522,0.290339255520094
-1.45206620929357,-6.56790194350907,0.673609000475542,-0.579973700145245
-1.30955007844132,-7.1880983746243,-0.450884261982475,1.52281804566529
-1.81386411976525,-6.39228656810399,1.29154577898214,-0.550682162487771
-1.55802868120804,-6.56604226422609,1.36342865958294,-0.770449569497997
-0.130523498567076,-4.07720903508211,1.53784100068174,-1.1183782896387
-1.74906897990742,-4.20380463740442,0.714057997590713,0.634375003671404
2.02387658887563,-4.54915327541713,2.1955845313878,0.0671982631867712
-2.43607881756056,-6.58507514772978,-0.14121245918946,0.371984334361319
-0.570643647557297,-6.20843403537073,-0.66461224747631,-0.949221474160128
0.474146972065736,-5.06323189663553,0.0170586847536283,-2.11647780142401
-3.34124273007677,-6.30291560285586,-0.288292503128009,1.71600504849721
-0.551746602380484,-4.4754523727063,-0.468712024745887,0.256892649162025
-1.37042154263906,-5.70871811913471,-0.040608552601717,0.412866148867144
-1.96574586590283,-6.49382928157294,-1.47340661932639,-1.87863677983074
-0.777783346368765,-8.55874224946683,0.568430743867009,0.275878116598893
-0.156278171791329,-6.01605563092295,2.51182378826635,-1.01546814969122
-0.793269630302527,-6.73490766700217,0.780344642353559,0.992849327975253
-2.2871807830809,-6.82018498975949,-0.149616118563688,0.114786244969396
-0.780465085323605,-2.51623017275522,-0.524413378797753,0.36409424934749
-0.637458394996747,-4.4813123086769,0.0132942366732305,-0.289759451629079
-1.66772885033631,-9.25609323734687,0.238682882810075,1.58736181271541
-3.27300384029118,-5.57317203739693,1.13242352217981,-0.42620101396921
-2.08027794794494,-5.70312835598648,-0.524061806476977,-0.0830006438887959
1.04770960687353,-3.99554737084323,-0.821915869484847,-0.822863497434512
-1.46892703332774,-5.41301870330862,2.42485139064635,-0.382847311435698
-2.79103819242964,-7.59670542567277,-1.04249059098599,1.3008527977745
-1.67692068488452,-3.94934804751437,1.15154185682173,-4.38343011662964
-0.398516174337322,-4.52014429338723,1.99396798884297,-0.408703652142517
-2.79536361229683,-6.8797571997474,0.428860543847673,1.54677907384102
-1.67772918454846,0.652903713145256,1.23893696848933,-2.05456039706681
-0.061184147571137,-5.88506406117845,1.81402778875025,1.15847516849632
-1.09348005541636,-7.22962301865486,-0.78380992712273,0.581942299244756
0.202361145272323,-6.11926521397945,-0.966009874137937,1.01654053230415
0.0376683644342043,-4.69051516776616,1.4934048452907,0.171697871862186
-1.29157094895198,-4.83378265604299,-1.96195021255186,0.334445102461621
0.694602816632263,-4.08719463251384,-0.666446580715246,0.331747942672312
-2.16019384626597,-4.34962906769561,2.65658680504818,0.891184672375318
-1.9215578892061,-6.22298508398752,-0.202536630897822,1.94874850259049
-1.98384235895658,-3.48811402210979,0.825649917729322,0.914846702529046
3.58521785471168,-7.39186728288132,0.486370690703663,-0.455645200805945
-1.28425402192859,-3.52603498497191,0.106730937114107,0.81642482926129
-1.83229347208826,-6.34548580671246,1.35020814646192,-2.05874440227598
1.18936835540037,-5.02794033271163,1.07849331654931,0.544731156091616
-0.255722088303869,-0.79940009614173,2.24628760171653,-1.90146449398533
-3.31399342603582,-3.51459630390968,-0.267240060375757,1.58112464006932
-0.991692394666458,-5.92960565724905,1.09581403330288,-0.922359651440526
0.330966122395079,-6.95529205177874,0.991613831017773,-0.160251144797129
-0.797143214444515,-2.58453614012472,-0.789346085240731,-1.7458973671654
-3.14770568110401,-7.49363654234441,0.93424388425379,-0.174065920468301
1.36471476662088,-5.79654287802884,-1.02458211514537,-0.0993915434592646
1.38685307276832,-6.36331244492431,-0.897035880284924,-3.02249737403016
-1.69521536025335,-3.44206725211694,0.437005961131685,0.113643419105911
0.0625991586729534,-7.48555392258755,0.0677581137260749,-1.34583676633671
-3.3364791308977,-7.91998604359309,0.551891579301761,-1.01067634581301
-0.275661439016373,-5.28207604204041,-0.356919998825874,-0.930707275784906
-0.999553229534031,-7.19551044361531,-0.66292689201646,0.861919033179847
0.9341292525791,-7.17255884187051,1.01707810744575,-0.90556202684528
-1.08974866342331,-4.19928320317308,0.238513379704685,-0.606074035938749
-1.77435893460547,-6.62911888795168,2.4451770473709,-0.491372887906832
-0.0564599867920006,-7.77915161940589,-0.0134739417357586,0.974666450683766
-1.72327864114827,-4.97206970334942,0.115935245015298,1.30070749149456
-2.07518694796975,-5.44722302389196,-2.24795579858919,-1.13353961741017
-2.93628956636148,-5.81030384518622,1.63294822503098,-0.919202018728507
0.0906209888636679,-3.81455334839833,1.35879880369143,-0.763481261879771
-1.03925302595393,-7.96776023603631,-0.876640927154436,-0.791043304097054
1.52558834723966,0.80781809342329,-0.192960301109414,-1.17406439524649
-1.54295188923694,-6.99390113833909,-0.430430668689753,1.9449967012543
-0.785724726627496,-3.37188446263874,-1.90132135735791,-0.0637962594427776
1.27505532900624,-5.39307284920527,0.363757937651491,-0.81329029285812
-0.79988966743245,-2.31544752126961,-0.143554219101039,0.900043328924885
-0.934664633254533,-9.58546671699451,1.23855612848848,1.95458487489215
-1.4346745205334,-6.30300904435454,1.00083024301859,-1.75381398855618
-0.959781877782539,-7.21068622263804,-0.678587912696785,-0.414101078052083
-1.28594987964878,-5.12313861538519,-0.702659176457409,0.259429291002848
-1.60050528616329,-5.48056576477912,0.731191132106204,-1.02594832447659
-2.1514980850676,-7.04467616845957,-0.50578310214774,-1.24615639867045
-0.271438176255393,-8.92220747480052,0.879561533586724,-0.517752861397874
-1.52106098032646,-7.31184467284713,-0.267269785101604,-0.120308163772871
-1.79984346598225,-5.91604007956398,1.25934268109184,-1.92688627258543
-1.5232546371477,-5.92927709905181,0.472138874019808,1.12513643778818
-1.59485923090306,-4.27991571140585,0.339554603651181,0.546534188307112
0.246176489635988,-5.75647805520689,0.866647924616218,-0.517753154192924
-2.50764271355551,-2.0096964515004,-0.340708311032311,-1.59297635246705
1.06995784275312,-4.6787973228436,1.71173214229324,-1.08684524337442
-1.84418185370722,-6.10217945838091,-0.318139700680552,-1.13378723814305
-2.3113572120426,-5.35114113970566,0.0657829039263122,0.14821623161602
-1.37497284150292,-7.36878132168811,1.64014747843225,-1.98217007621251
0.1805488629057,-3.77297929889021,-1.37933089542581,0.781873593437055
-0.439264273145793,-5.44701619745483,1.74705040907957,-0.600292483223622
-0.907059321811083,-9.78486507484121,0.392994384174133,-1.24540777129951
0.185729269559654,-5.74696879221494,0.153208098148176,-0.579432521593547
-0.507213934462643,-4.1021305108101,-1.21607044870211,1.05079488004936
-1.06793192713419,-2.87522620710771,-1.92129580284526,-0.103227346690275
-1.73845693042054,-4.19413990464963,0.474313395837116,-1.21114110395632
-2.33393142301533,-6.81658332836345,0.774016721007228,0.85054544304953
-2.37374153376369,-6.50267074605659,1.33804695753635,0.591889238235281
-2.72072867969305,-6.94228560043279,1.51530759376477,-0.712325109709189
-0.534255569033313,-3.65894168208255,3.49207753499822,-0.585681408803376
-1.9864190535627,-4.59870377713228,1.51231241417224,2.24214419545474
-1.24140599462581,-5.35159473929368,0.760241173278945,0.2410394382524
-2.94349313657747,-3.00398604987371,0.483333376941691,0.86054217551652
-0.169271393183704,-11.6768492786984,0.458347763280566,-1.5212907155498
-0.0705539626742486,-4.76537222745972,0.552919484832781,1.10067409482183
-0.855309815956448,-6.48231239525571,-0.841469181898531,-0.0326981627004798
-1.04074864437723,-6.892874890755,1.54552297735792,2.70518430373895
-2.1535997451056,-3.8817618086071,0.407787769230442,-1.425192337388
-2.70454140880122,-1.97474334475418,1.47684186568036,1.25856992233789
-0.560530300800409,-5.1949498364338,0.146204215904364,0.848075912322135
-0.755658624695692,-3.96192898878551,1.52343465089303,1.9493001312325
-0.331432980683327,-5.46239728934958,-1.10303015191561,1.01129360040305
-2.22412803260939,-2.37718279412721,2.26804502011681,-1.5539927820418
-2.2828420956147,-3.91453928346648,-0.172541367904385,-1.27937578797602
-1.15190636294633,-8.05131900294215,1.73568523199486,1.09570495554132
-1.14923293564554,-6.04884910849629,1.22347113261741,0.0612133004695905
-2.43132449556709,-6.26524189759017,1.98667255034096,3.02744779338354
-0.168252260112354,-8.45853434504813,1.42204421309416,-1.59718199396724
-0.703926309735829,-7.84410295627285,0.0381667625598149,0.191147115031339
-1.59474700519906,-5.86661439320098,0.368596372517176,0.450365130536811
-0.549300389508386,-7.21836036155307,1.75332197904722,-0.543372051947495
-2.65373362371413,-8.07585555062481,1.14870992401475,0.0723899544896699
-0.615660660496338,-5.14513710701005,1.52927544277177,-0.542236803897182
0.662112055060208,-4.33738647143779,-0.325408449035951,2.64840408641792
-1.50679084843661,-5.33345363267129,-0.681970744808655,-0.519836996185876
-1.47848781333728,-3.45128587328757,-1.80332417908281,0.866017790098641
-1.30335625613914,-2.79012648923988,-0.110754883212012,1.35856186940794
-2.06185449105688,-4.88972239786742,2.8617830044394,1.15997803717788
-1.23838140464543,-6.31158698717629,0.811057438419641,-0.0972499249003349
-0.193384342174595,-3.89803583073685,1.53199910120432,-1.46031366930598
-2.24171302749667,-6.53786518716744,1.03118400817639,-1.9740331836178
1.14333925746172,-5.83699799979895,0.816342788240842,-1.08726806152597
-2.68053591383687,-5.29014593278568,0.024614731271772,-0.174235238067066
-0.863781768632864,-1.25533753365944,-0.635903463201003,1.4565376763456
-0.0744165786573977,-8.13580998907009,1.97972784651978,-0.575550114904043
-0.0869620382844798,-0.465424896218499,-0.491630026995309,2.14794151160721
2.22110935928871,-4.8670761161588,1.70703380184357,-0.767948525148779
-0.135295676287763,-6.52536455926748,-0.545420091746449,0.391104223940304
-0.00377180850927772,-4.42907329075659,1.58609809729661,-1.64447642917753
-0.134850891504657,-6.27127155055909,0.514499896993578,1.24528485372827
-1.63650459011271,-5.60994067096705,-0.238923128648243,-0.331343183713724
-2.85901962699285,-6.80044226215784,-0.297339497843121,0.919655609316898
-0.759589779348663,-4.0830145535496,1.74991448501472,1.64407627139234
0.184301568777352,-2.43857995990911,-1.0432888546157,-2.60178314646449
-0.551191989895848,-6.55966311111447,0.59847970262031,1.07849114090325
-0.177917577212233,-3.26633420726993,1.57639937121579,0.413747880282217
-1.18721954141313,-4.45855547209727,-2.02983121893076,-2.61817333888831
-0.282742186000737,-5.57177736719138,-0.969622076104622,-0.198178392684741
-2.46909769476119,-3.77595145702415,-0.528674748265667,-1.01959363247435
-0.389045925047235,-6.12715956403205,1.98467128128351,0.938446591732998
-0.1648657933607,-3.97807719799535,-0.738029647412837,-1.57963599078127
-3.56434344382678,-4.4041151571763,0.311102213965495,-1.17172525173026
-1.9042007955007,-6.38896666085915,0.264784431835565,-0.269361458090883
-0.0241279764216132,-6.46587268977569,0.0817071957999826,-1.99502633786571
-0.795896427429982,-8.55976611304001,-0.747894809645679,2.41819144298357
-0.0998704315158655,-4.03427395095123,-1.40503571681097,1.32348875344003
-0.962291434613824,-6.81536824376659,0.0753999768801192,0.654906349973903
-1.04647346168995,-2.15111080352633,2.27953857976389,-0.0131975324148127
-0.120775534024742,-0.0263469534235589,1.15750741269741,1.10295590755162
0.98092095898472,-4.80923380011419,-0.491171086796361,1.29604647047862
-1.50768378859102,-4.67124945431738,-1.2130728758641,-0.567385768000067
-1.12908480120466,-5.12589042353794,0.760868146410139,-0.448862424187395
-1.23490799643198,-6.1374957554399,0.865156688936913,-0.465258689509122
-1.48230156118094,-4.33565193402266,3.19661741974811,0.0234593312373166
0.771758989739604,-4.18262960664753,-1.08532583025566,0.337351570850314
0.0141778994633036,-5.12892745882158,0.52297508537041,2.40283246420689
-1.87756696461806,-6.49664880657433,-0.431358919319877,0.295204434089555
-2.0660782919375,-8.55052404086087,1.64829968430528,-0.158073444133359
0.425779277662382,-3.31929736304637,1.81352565338185,1.96682368402515
-1.97793210448693,-7.25424893291587,0.0984202911000136,-0.585939471931353
-0.221208426027522,-6.99195374533278,-0.21328069331914,-1.46568202166369
-2.21610180841373,-6.34616254530306,1.88795416869985,2.04733900523287
-1.98184697968408,-4.53441936551771,0.958521279400598,0.699997927822568
-0.817654667256574,-8.20838157112438,3.80164248705319,-0.219742902645897
0.596069186956387,-3.9364752845725,2.99016085440106,-0.843798101737693
-1.11868565894854,-6.14193733016466,0.733713469281856,-2.56831338925826
-5.44208784276684,-3.49823254486924,1.89948392600406,-0.64364749898089
-1.10755633384699,-2.07345076497238,1.00278158555228,-2.6374881757876
-0.233801709959246,-2.49860438012349,-0.00506478450699888,-3.24636311540382
-0.245877650145125,-1.83733558436654,1.59643645900281,1.78861560425516
-0.871773756481082,-1.26215748558863,0.511229383892404,-2.08658430791846
-1.09663192306797,-4.7088148470021,1.87098499395559,-1.63293118182011
-4.11924649444646,-8.84136953041643,-0.0143473450140389,-1.29542047607982
1.17307287646164,-1.25559232523915,-0.253416192739732,-1.42568158150382
-1.96446640297719,1.13807346616465,0.414021478773328,0.225840462936747
-1.58081171275827,-6.71191357573365,3.79418565650941,-0.690321540556908
0.629742022793742,-4.94962881604665,-0.274925911349738,1.0592754814601
-1.54962890037423,-7.42542745973705,2.40036995082453,-1.67135043590251
-0.418242074112792,-4.12608464326171,-0.668411372881647,0.288978696748981
0.400091077543029,-3.10541479285462,1.39698221772413,0.48777354897164
0.715466294980514,-8.19362499899849,1.77777625731009,-1.711628883122
-0.353192456543915,-1.70146797615442,-1.74339343720447,-2.4070292219556
-1.05844668860673,-4.43754470236487,0.790041721626363,-0.703684320146451
1.03408057717836,-7.67251590695164,0.87896534694207,1.79598932005151
-2.82096145914572,-4.23669890032842,1.96169581424331,-0.253924219508708
-2.77059919257579,-8.16596928825938,0.465101004739498,0.297293951939642
-1.64077459848994,-1.55910782774436,-1.2087493221555,-1.01084031893212
-0.127611063178735,1.67960823777367,1.08094554765363,-1.08049081797122
-1.30018310252685,-6.43461849077855,0.60856825430209,0.817059601728907
-2.00955469839119,-3.66039647930955,0.765008064887894,0.0478575531846648
1.25121641040317,-8.0181564862285,-0.95919047069871,0.33464420325928
-0.958420573032483,-3.60258736393125,1.80863295758858,0.851673084944034
-1.31908221778559,-1.45792464559563,-0.451495335207211,-0.60776890856719
-1.91632227057992,-5.73685093912249,0.187277217023566,0.302204798020563
1.25852385364598,-8.33482074597816,-0.243257106758094,0.864878296875281
-1.87563588755576,-7.86532291336686,0.0576532937057852,0.282983981478583
0.363957919493274,-4.62463003824563,-1.03744879145876,1.24849118812224
0.476738602673393,-6.8400919804432,0.874735125105031,1.51474383802932
-1.51522330234877,-3.27103079834637,3.32325239919557,-1.57307579137522
1.08926516864826,-7.63369960813138,0.723522090420197,0.964476911300106
-1.30405283007693,-4.61598426763123,-1.79365418334492,0.676005983573067
-1.49457543626142,-8.01782175124255,0.580756834014708,1.88259359131309
-0.915206530810772,-6.66191419936289,0.337146968402941,-1.23034227512261
0.148041151286422,-6.13885345938788,-0.675785228012595,-0.834303954546951
-0.633937505399902,-3.00410163567692,0.906342856162955,-2.55990438282877
-1.2660770630129,-2.31752787542855,-0.557568104276736,0.102551803210295
-2.78334031539008,-2.42032621472415,-0.618997354247989,2.45030278422968
1.02011341789211,-3.24561906089322,1.44080467073929,0.111836805127114
-1.22190754729931,-6.3907002907349,1.21241047706478,-0.0288288021451152
-1.01445549900383,-4.06387851886405,-1.73361188195785,0.108828141927887
-0.436048235250005,-5.73598382676201,0.23379594184425,-2.04376860625024
-0.138508758489517,-4.23947054720395,-0.636360021798643,1.20232620525394
-0.390107883704405,-2.70366937213309,1.33274047877929,0.0383084159682465
-0.145456581627693,-6.0790624373344,-0.685949633526669,1.20008812039849
-1.40462452683408,-5.97254137823682,0.540536568422461,0.382577838142981
-1.94657487879697,-9.58309657117275,-0.144819914771887,0.0631292468347938
-2.67477105098619,-11.4416133366233,0.174601081155239,-0.0584620334375289
-2.20732052979317,-5.89360085347681,2.83333030060534,-0.463643926579865
-0.490804472183879,-2.50190153774414,-0.0657823666765481,0.221790205305591
-1.38793479043767,-3.03333483600034,-0.421145603935585,2.57548766351783
-2.62603739302593,-1.54862218423372,0.209257218561481,3.14761689529072
-0.517050876593481,-5.68889968512144,0.504119101379488,0.984086996587785
-0.860398466801705,-4.44140254636451,0.989562054841794,-0.128660597765775
-1.24259432645489,-2.21783036730903,0.552131351573749,0.796591059934631
-1.33896610006974,-7.20992811018526,0.276103742253652,0.765461896728747
-0.0813913684362078,-7.62263625714282,0.443541069739309,-0.617813709019677
-2.35509648210631,-4.1051713078245,1.24444354671984,-1.14560073860246
-2.7359624965697,-5.60255957226645,0.414128239679151,-2.23517059899527
-1.28915381835048,-2.99774079935167,0.405896176862477,0.00798715884366019
-1.83837442372575,-5.05468881021741,0.757962937795262,0.0571083631606965
-1.33455919459583,-5.6502502436702,-0.481792383189944,1.292920362434
-0.188604924158211,-2.74477912212199,1.22088934654188,-0.820255291462002
-0.973177914148687,-5.75313380834514,-1.22187693360529,-1.03085345663342
1.29932263216807,-4.60190334085499,-0.074795088200084,-0.927458193581015
-0.677563675231013,-5.39018467530193,1.8205681862084,2.14565548865862
-0.40026493626503,-7.68275750059721,0.423625669943201,0.430827462617521
0.145421811589989,-5.02835185441933,1.3384009092908,2.26924290666771
-2.03069290758592,-6.44042628072305,1.61617001145778,-2.36067817312176
-0.425902140663371,-5.99687906730043,0.891967117977184,1.11418471737029
-2.92545005981662,-4.17891061310156,-0.223135919937269,-1.29336759243557
-0.210724538042136,-5.91032829504233,-0.555397107643647,2.22797392004659
-0.330215790832454,-3.80305744670975,2.07023436839332,-1.82929562115695
-2.1030371448412,-4.71149896491447,-0.000429559325045396,-1.17247650342925
-0.251332564222579,-8.06594934438407,-1.02755820392555,-1.18752118025677
-2.00159380254442,-8.00786982467274,0.60541487723373,2.11523262369224
-0.461641479025068,-5.48255728027475,-1.06486520014594,0.684117764367599
-0.0850599096300149,-4.16954935836816,-0.271968990392801,-0.0148629465012042
-2.68640509310024,-8.56865045967713,0.97132996205791,-1.66506996190615
-0.992496926475271,-5.30705593246151,-0.6231278638879,-0.130330769051191
-1.20451402801837,-8.98481497276033,1.37088274218416,-1.96307646848048
0.476754953906115,-6.42178285905288,1.08588266886063,-0.243680273882339
-0.568910419507677,-3.96348755474309,-0.0371292810633418,0.421020765854722
-0.295644960143656,-5.17424334227351,2.42534509090146,-0.729824270451259
-0.193688021274377,-6.76701995785912,1.59979486790076,0.205629242481579
-1.72970498106957,-7.87878318986416,-0.565094043219918,1.56051538153622
0.491920258233336,-3.54091634473281,-0.23641711826459,-1.46644605502402
-0.526939327562972,-2.10198618171283,1.82503406145984,0.32766925738378
-0.285828894186742,-9.64175452254948,0.372186715221179,-0.156117817404068
-0.284691378935074,-2.96657576585475,0.355298270199995,0.0996442261229645
-1.49871955307913,-4.01408759269114,-0.793687281529791,0.0405726590953027
-0.149118630552873,-5.42801325489645,0.0200489287738576,-1.25377704665166
-4.55967812265464,-6.94666451675105,2.1432844734207,-0.396072381576967
-1.64312902504716,-3.79246440181024,2.72087195796002,-0.805422672939922
-1.05078947276753,-3.77792417613873,0.38933869707763,0.956449204586915
-0.898533675763843,-6.86853943010318,-0.837584039362579,-1.5880870235508
0.435847838614329,-3.45940629430789,1.41810935564195,0.44834144034785
-0.872288689791147,-3.43978845980547,0.291165911512195,-0.77304887585345
-1.53218351017788,-5.98867227528209,0.589231880519344,-1.90642074235641
-0.19546891305016,-7.11228186952071,2.0356215424238,-0.446800460698237
-1.94711514503929,-5.20455765170037,-0.677968273068024,-1.42097826449076
-0.761665295755692,-1.99935368151398,-0.0171668170885667,0.535632963401686
-0.511612658830863,-8.26788126300615,0.0362624903457754,2.01968630840579
-2.37490083832955,-2.73561208631218,-0.519413878096666,-0.869760198896144
-0.896302641902628,-4.77881060491362,-1.28686669883939,-0.924835796257615
0.68803387398328,-5.49278246098989,-1.14840312942695,1.14814289168542
0.316971808146916,-3.75893047838686,3.23793593092222,1.53294312623137
0.900528448037529,-4.75549338544287,-0.9663837781949,-0.423412990603527
1.26002528420205,-5.31441855369634,0.761491654005247,0.466091667289433
-1.67434955165292,-10.0529004154764,0.727663403008721,-0.0790804949025781
-0.696286153763835,-6.42800158779203,0.252121175198233,-0.203078267398334
1.13456955495905,-1.78958925537467,1.04954028067972,0.579411150956029
-4.48363276853664,-6.05463541099739,0.617244077824328,-0.815216266651696
-2.0512561940352,-2.01459393729739,1.18867186520319,-0.141781639223459
-1.18477325784692,-3.36444000408092,1.28215613177669,-0.739203822256179
-0.786344748824467,-4.94017963299331,-0.346341189159034,-0.463092512803227
-0.567084478130672,-4.89487112962825,0.0765397774160259,0.847425698886741
-2.71360816299116,-1.16861549339329,2.15602054265903,0.284599259586738
0.122817683720739,-9.23473148885036,1.099409050023,0.273405476316044
-0.728287622006312,-5.78153566217762,-1.04082354652397,-1.20169183512765
1.75488647272582,-9.50655530042757,-1.38119282714188,-0.54762392401297
-0.419444676685296,-5.36059932260755,-0.902706170186371,0.14171718584135
0.638217394473668,-4.41305531520162,0.631861114531909,-1.11330299100641
-1.23069744960179,-3.24938229934164,0.914711229546638,-1.23390059008799
-1.89361436187332,-7.51257879712779,-0.517569594364162,0.263545460020955
-2.52410454794605,-10.4969743348342,0.347311064995969,-0.194721529487533
-1.7185576416554,-6.16549646401114,0.334100367950491,-2.25449805245115
0.145942820529056,-6.46619565177102,0.928945544040545,-0.554787252226022
-3.5009929250974,-7.47179458776557,1.34401644465768,2.53870589346771
-2.8132716543443,-4.23707767138809,0.47283202442306,0.410360931275389
-0.996972556420287,-6.36584251184352,2.47518236856374,-1.24306923528809
-2.59777848634695,-4.3668649226746,0.255297552086296,0.244892189262943
-0.171291276366676,-5.8626340353227,-0.78454087982502,0.465518575908521
-2.08733328420506,-0.96806131305587,1.63382290750191,-0.127008491205112
-0.835941587964696,-6.90502266019886,0.0830842350171233,0.311620847123233
-2.51919248955866,-4.19440146055517,1.26061135379963,1.5984525081141
-1.32974631076199,-6.58883000136368,0.933201787343168,-2.0892356694865
-1.02962794253432,-4.90887930600558,1.53277807228841,2.01043189755997
0.218880510790959,-6.23361917781462,1.23829326948062,-1.20705222057541
-2.33836445598007,-4.36261829620413,0.0555270532641818,-1.43308680003687
-1.81105718437711,-6.21185052379917,1.27884545490643,-1.20389755869933
-0.512972249714646,-6.06937229583113,-0.984575999069931,0.472234818244319
-1.58873991940974,-5.40174942044582,1.55948286144325,-1.93660681692426
-0.251704362084764,-2.37408666146184,-0.600995697138464,-0.565500764566894
-1.65937978505839,-3.04670131665841,1.66835314383272,-0.275334346090018
0.825576377811625,-5.29910377693046,0.22949722829093,-0.265942336852873
-1.11260189785021,-7.89774186000415,1.40621835540845,1.08276129719979
-0.671433347265039,-6.07250009256801,2.26546036637551,-0.0644349893305922
0.241699154135571,-5.37537643001902,1.83004334859435,-1.40434063256189
-2.85087151841817,-6.51531753343639,0.398715532932218,-0.989315246882887
-1.3834760671198,-5.4461995988048,1.12202885369704,-0.281079706291893
0.0749972146641283,-4.54568740526161,-0.340445304139102,-0.153231347247231
-1.75168302024794,-4.17513020689917,1.46211898371386,-0.0234578786267945
-0.9908850277487,-2.70194982429851,-1.67007163494913,-1.28395655375695
-3.0357227525366,-5.18131036195462,-0.603935615843977,-0.386927942292883
0.624181028567387,-3.64004679317201,-0.167761133913386,0.527213540652034
-2.23620649789414,-9.68546134789584,-0.409534078394596,-1.8315162859933
-1.66531040807334,-8.07003789476109,-0.574874358453391,3.03273561743123
-2.18923735290154,-7.60763917320088,0.648828044263072,-0.243142310857551
-1.66949330244744,-3.76367118725054,0.0396032955820347,1.62748913122064
-2.17121957923772,-6.94323266053055,-2.65364552555526,-0.661486747780845
-2.07222075115732,-15.2945168078207,0.829165520144719,-2.11468800756203
-1.52121501897822,-4.84089943661792,1.73351176263088,-2.25265908737529
-1.07026833461988,-4.81222685144752,-1.09099214751088,-1.38461432730051
-1.34401417915957,-4.53513162244111,1.59305547747097,0.468372608271299
-1.05255241157649,-4.2778299930247,-0.346562061973421,-1.5133197998496
-2.85791504095226,-5.37094547309321,-0.827075277551006,-2.97835557645733
-0.533738632750531,-4.16539464354417,-1.98456755184756,0.00848783791614455
-0.0881679712902222,-3.73528533942949,-1.28639554491571,0.762483319705589
0.686170204005277,-6.0054361520203,2.15802594468431,-0.611909362229402
-0.851814496290797,-0.45055471356565,-0.108700155208744,1.1184537596364
-0.374872275942008,-5.25736821351957,1.64493810517806,0.858612293520109
-0.12879324213705,-4.88279888551416,0.356163567529446,-0.421004391453679
-2.115263997512,-2.77136233497664,1.27642062973667,-0.671848927256345
-1.45734157123188,-5.92933416007138,-0.0267043429245881,1.05741644369106
-1.63121764465091,-5.07844485383538,-1.23580255513068,0.500116446222448
-1.5573703970617,-4.7694330974403,-1.2670623212759,0.237100389415474
-1.24905520231502,-5.1123541639374,2.65475532260213,0.537543068726086
-1.89891395342814,-4.01404201138938,-0.160009879281346,2.52025944384218
0.626375492798984,-9.40510720131076,2.3433920439575,1.4380984501664
-0.45235052190844,-0.35086703589465,0.411887264019586,-1.91829846651056
-0.521291648155247,-4.03586251560144,0.925185273902634,-1.07396846235637
-1.42929420129409,-2.472605531483,0.490294260920073,0.314043920090268
-0.537937054351378,-7.77676552396686,2.57394834573434,-0.0470152461655592
-3.18999283768031,-1.62056477845269,1.1681843334538,-0.604149904764196
-2.6794150463561,-4.02062480075646,-1.50832116668884,-0.431266149200217
-0.736881050843607,-4.89132613637373,-0.340953677536643,0.896834691599658
-1.73861343019648,-11.2504970029717,-1.4598406934565,0.450564553927637
0.754803916019597,-6.31986986564913,-2.06784263867279,-2.18731981847858
-2.17301037548538,-10.3896115349888,-0.16674915591971,-0.0438281540319843
-1.57554018825591,-0.33071558162653,0.269595041127311,-0.797117081782439
0.698039963578829,-4.77265337661837,1.89273173293973,0.412655163572224
0.412320872748735,-8.10363945034304,0.722390501859327,-0.595097328034026
-2.69196069084496,-7.36996450390566,0.741807853726086,0.971013795011561
-3.41152408599362,-3.14128678124422,1.83437977770578,-0.432366817265685
-2.02595906651913,-6.32038165447927,-0.926371292836593,0.39493014987335
-0.214025171622579,-8.16880681656885,-1.37070176640219,0.141729180569844
-1.34046823225305,-7.24336789717503,1.06847333023326,-0.446413418533685
0.173475073357894,-4.54027100471685,-2.5018860519999,-0.611791554848853
-0.412534337524675,-5.79885972465898,-0.728726488807474,1.29596413200308
0.0240782973388156,-7.56215240815105,-0.150938388480836,1.0300968642097
-1.58900387978781,-3.68734863736555,-0.713535268212921,0.31124470822088
-1.52498480837218,-3.21286524327743,0.27962737903412,-0.426980182529134
-2.06599424241208,-3.04865060679122,0.737660434349941,0.103182777499309
-2.13952630605903,-6.04880164184932,0.880640605020916,1.90620592637236
-1.38355558308791,-4.13466266864842,3.13580555983113,-0.0070002481564469
-1.75443236779586,-5.35773250333599,0.80821168985636,-2.61205149850021
-0.997071238663112,-6.56371549730405,0.873567201423191,-1.41593410431767
-1.30008053961148,-1.95898899859881,1.56418181505574,0.218185746831423
-2.2518528990468,-3.06401281444619,-1.12674491256579,1.95271276129739
2.01016729646866,-3.16220922357453,0.488216804290252,0.517316197908348
-1.90489307686681,-3.21992186268147,-0.868941136735335,1.32805327875398
-2.72849841147861,-1.24767901136714,1.1895456145757,0.2063887973178
-1.39543291882352,-7.50483989895939,1.07709743957789,-0.125232361842081
-1.11575181196457,-2.47121601281606,-1.43181939508257,0.257159019432707
-3.45497771576151,-2.249685200742,0.17582601993047,-1.13940547218354
-3.40566394750886,-2.48239887792324,1.16310224379185,-0.434627567135584
-0.922707897114481,-3.77607849253942,1.08791848219284,1.17772367647862
-1.12826848155776,-9.41452328128989,0.498755227579875,-0.106959363862289
-2.8555365487361,-2.95112283653843,-1.34412097505447,-0.1749034462861
0.253458346678748,-6.01352089257698,1.7898285646521,-0.34064685434406
-2.71313533994941,-5.67670726235981,0.547467173440239,0.288470861157443
-1.24428066744402,-3.55544709756078,0.385103494171811,-0.381911754815975
-2.76481555345595,-3.86144093539332,2.22689982563675,-0.202606499262925
2.2930160923551,-7.08211331710312,2.00630985053879,-0.211017479376408
-0.848550931378201,-1.65361494050427,1.76977566010185,3.38825659150885
-1.46570267726706,-4.29869157107497,-1.11611194695694,-2.54824882361558
-1.32567344676598,-3.51248212343003,1.09101646817638,0.738859233532106
-3.15789689707193,-2.06889308318163,-0.783111925091128,-0.706082429131913
-1.16327718759294,-4.4597052865291,-0.850203484992839,-2.08831901705704
-3.31546348694054,-4.74661429545433,-0.0523271861958733,-0.458148659725885
0.845039946362263,-5.16758615741461,1.04831040578126,0.835931466270719
-5.06574861185873,-5.15912847072831,0.105890517134025,-1.01682891465162
-3.45610118065391,-7.20719164255988,-0.138481042144571,0.367334599787608
0.58189271567966,-5.4792415526389,1.48615809225926,-2.08775852950653
0.339222231330948,-5.41822386500331,0.538130414224525,-0.547151685994387
-2.31435680671562,-11.0760180937969,0.730337476041615,-0.523597279735112
-0.598335839271496,-3.24315022684201,0.809440384234412,-2.10500073271382
0.196062352455754,-4.36220734379672,-0.596898332730352,-1.34359132277358
-3.22722205262183,-5.22248693439819,2.24921027302815,1.60547794394297
-2.88323100401793,-3.96073986985205,-0.468790093955775,-0.823974863513995
-1.75960557061906,-5.29326052668139,-1.37716142320601,0.627927860751111
-1.43968881497317,-6.60100125801236,-0.969323692092706,-0.203331375248928
0.170177146723541,-3.80038861156727,-1.00605270124418,-0.378487876118836
-0.108525418194848,-6.26071989391746,1.23379592900997,-0.904034798394114
-1.22526994740423,0.143384016016968,0.829947091242491,0.379236354846548
-1.0893101309793,-4.15979535771147,1.09439981851053,-0.556791074610665
-0.622371368487885,-8.89388682874754,-0.448169770123579,-0.621294858064909
-0.219534430686357,-6.7396361498504,-1.59657952124049,1.18786743885228
-0.175272497344909,-2.63629834235622,0.526639062403461,0.11217510114446
-0.53923878925347,-5.5093717529022,-0.540224231331933,1.40490546827422
0.0509748953291116,-6.58800627839958,-0.0316285284238371,-0.190899224432905
-3.66414666886871,-3.88823670978345,0.718851799450589,-0.274343092193025
-0.302352570332978,-5.20004597638415,2.92205002537782,0.329275204255516
-1.24097968173111,-3.39300016320255,2.06346575482572,-0.525989245049807
-1.08750588094702,-6.01750539020255,1.01015019820122,-0.0674443793392692
-0.966207253390158,-5.69719538888986,0.215130718334053,2.1626549162911
-1.93641672409066,-2.98909334620045,-1.19000634567607,1.34357527042992
0.109934747448538,-3.06329569833999,1.86785770831133,-2.45956639490091
-1.62295583295942,-4.50134494645874,-0.74363109441677,-0.320179204456064
-0.700105077051626,-8.074671562024,0.624250522684267,0.466398267983697
-1.40822119010406,-6.16379018919154,-0.0931333171442675,-0.146971255653449
-2.00178731813108,-3.50773438293065,1.70865467844311,0.468785329524231
-1.15532752429307,-4.64942178231507,1.42691492888744,0.260778801010351
-2.00680319645649,-7.61404173845247,-1.42463944723994,-2.05449641301767
-0.883547254413115,-5.49693164330263,-0.672938206618947,0.738348644071318
0.637917444784065,-5.53784554702951,0.347619126097963,-0.289153551572181
-0.503327911703828,-3.10039392461316,-0.612738611345825,0.333576647156885
-0.723796475956554,-5.72788294306641,0.988910688009184,-1.20033133091764
-0.491912900018289,-4.53166303805708,-0.70041057424575,0.199385057390084
-1.20862279476171,-6.23226275995126,0.820994842054383,1.13919638088113
-3.30770021059804,-5.84013926372768,-0.279335576720513,1.19450894915114
-0.0853839345986166,-12.4764884866873,0.232438004403506,-1.03057220905423
-0.169066093282696,-8.38643602523305,2.08690899812114,-0.658049876897028
0.356416397361401,-3.83298822756186,0.867639683693918,1.45215226780498
-0.498504144160724,-5.13273946257512,-1.11041689284867,-2.27670057441633
0.534207780662938,-7.3261671313933,0.0668422769002384,0.207615098117674
-1.10003356582857,-3.99453629385861,-1.17729995042627,0.00276716647382558
0.407698346280706,-6.33386661818495,0.345985442584965,1.63911814429327
-2.90367594172469,-7.46056623535513,0.282525322578379,0.450411898311694
0.338500377246821,-5.13100741080523,-0.0523104999280952,-1.22244373466033
-1.77304316222469,-5.56608732010273,0.989077841549273,0.537366201282881
-1.0172660623642,-2.54264869576759,1.37109412957007,-1.32714803043486
2.17174787085797,-2.46044013048299,0.125902304478996,0.521415056112256
-1.46045068420196,-7.22496685370104,-0.634348693210659,1.8694684623634
0.0483952100587075,-4.2649908350437,1.14166178812671,0.798288092848991
0.328781169856259,-3.05826199759846,-0.120211479176401,0.857222362747387
-0.311601586442221,0.301949499064782,0.258415562775145,-0.828853143522384
-0.159904575804233,-2.97099505728921,-0.518856593268037,1.00842781236055
-0.845102878625444,-6.47783818771727,3.33021780592324,1.41324397754612
-1.64758067733791,-4.13001636024994,1.55937066694153,-0.143769873081901
0.0350127741688419,-4.47085255444913,0.80519482472769,-0.0359506568106015
0.0303132914435427,-5.74421126959795,-0.367400156385746,0.505262333812974
-1.8801240417779,-2.92052459609556,-0.389868570326004,0.110436555119464
-0.511184793586392,-1.33207376867955,0.682664297220781,-0.00210362124763594
0.412231696463052,-3.87103733196095,0.208688348057873,0.974871399401634
-2.34932167905942,-2.09618124849999,0.463335029084988,-0.710821038556429
-0.938914716577478,-5.08668670507314,0.644542744171981,-2.44035985206956
0.0475808901925018,-5.94939741557474,1.08366350230627,0.415427951966646
-1.26032454389619,-6.33537823536385,-0.971879637373812,0.581018904606802
-2.10039356534393,-2.130031493823,2.97741969805903,1.13267097602036
0.193510349994545,-6.99220552420239,2.17106865612107,-1.49518150258977
-0.478060420921592,-4.27800035686608,3.14179472668821,0.956354913097571
-3.03627639090317,-5.72380107477238,0.501221618302497,0.514068910031451
1.10743726225395,-4.91355465404045,0.996177317475315,1.5363984392049
-2.00858180239684,-6.96816179839239,0.701315908847021,1.05477348763776
-1.08994923700177,-3.44966722514799,0.091441931867621,-0.318435795590482
0.310682146971888,-3.52269393912846,1.1069420974853,0.465315203899519
-1.15499833902733,-1.80659882925923,0.358266050795855,-0.770104614687085
-0.17819068496122,-9.25055020294122,-0.51104005769455,-2.9623419169655
-0.526160489166139,-3.97043811447282,0.10366826867603,1.0194697069778
-1.65627888041499,-3.45629064115044,0.112317487952341,-1.46109173649133
-1.72099399911611,-4.8694238445727,1.88185288263855,0.532686117825602
-1.26588958759051,-6.88158022581492,1.61071086333012,-0.0406285527798986
-1.50463575376731,-3.81668194687126,0.21098039664548,1.09467634039572
0.431883828971368,-5.56283043299657,2.77024276502525,0.911160447881551
-2.08627982645684,-5.43469184664994,1.16569301342102,0.530950478316892
-2.06236347425839,-4.73291903791506,-0.0390268638658199,2.1639493114102
-2.08288924281628,-4.48739585816795,-1.35229113464541,0.187134264917381
0.22383932587131,-2.36597827494447,1.26774755187032,-0.791961868859915
-2.93083480589967,-6.15149848193929,1.4011838405083,0.507990301679496
-1.41866318386029,-3.88256501758635,1.7930316442409,2.09405696383934
-0.274271019547342,-2.12115513873859,-0.96652705128716,0.657917257235336
0.300153112060963,-6.72879073946137,1.72939727630378,0.655948976739654
-2.70649971769174,-8.26204669133959,-0.339531381027291,2.52347036274532
0.774180368092978,-6.70116329833545,0.153031281286416,-0.354522064389009
-0.55007333338487,-5.4241506132064,1.12515482232441,-1.97027802122965
-0.590499673189185,-7.26554280322255,1.63102011816205,0.0164095441243789
-0.927993730983673,-3.97001097112722,0.729860622035345,1.15175731576263
-1.05698640841681,-1.14467124465464,0.151124102387284,1.32226652110097
-1.89001666630449,-1.92396165272135,0.121763727210393,-0.21399479558753
-0.635039769231544,-4.4130174621902,1.31577215755569,-0.200997493862127
-1.93938628714759,-4.73746822069912,1.04157339205765,1.26262818166694
-2.12692292340259,-5.80204895249649,-1.61767507461163,-2.55958020102545
-1.30942926422207,-2.87075031043997,-1.06715433456673,1.82577134871381
0.149435237962972,-3.47099728533266,0.247757070060961,0.0155824217651637
-3.3600714825082,-3.70893278954681,-1.57190760401748,1.4611464811334
-1.31930385278351,-8.05772457974368,-0.0126341277277857,0.420393073809192
-3.14761201892091,-4.56601984305944,0.612081007450968,-0.153617215504131
-1.11953617967368,-6.32755400853275,-0.907215795556265,1.40470771579366
-0.241872838954585,-5.60656441440773,0.721439979604115,-1.09088239463439
1.38442567994249,-3.73360517297648,2.85549413316421,0.541964250490792
-0.104261549554974,-4.02657187609346,-0.735565632787448,-0.372890422115598
-2.31384122966164,-3.21446188739465,0.913579955334794,0.189238948942187
-1.91762950805391,-4.12409364477365,1.6369626028662,0.352500625989386
-2.08980941060971,-6.69708560428584,-0.172910736549552,1.1471104841553
0.132793041408149,-5.04357717462668,2.39012054901115,-1.25325492239722
-3.21807163555188,-7.24996775064057,-1.25193910667155,0.460859351564212
-1.54927442767051,-8.96904194196482,1.84458357312275,1.31352302708682
1.32567041714227,-6.58782166637512,-1.14398158310003,-1.77703747111332
2.15866384005991,-3.62476443355979,1.79936065468513,0.818870306508949
-0.752823404375204,-6.82337110165803,-0.890286949848731,-0.611581262118828
2.5771309693143,-2.29675053229256,0.572891715513193,0.824374037902488
0.308459122594413,-3.96165987262448,2.27988615804455,-0.959466962666733
0.532500684039138,-4.14378900058589,1.15192068770851,-1.39114536335198
-0.124481883729812,-4.84278052699965,-0.82433329729176,-0.497453329351491
-0.756608527575151,-4.95603068793957,0.698828081257105,1.18087275970848
-1.42435046137044,-0.807099797018472,1.50784988029173,-0.825138358476072
0.631205480888449,-7.21230947981162,-0.378048717951942,0.519275921575343
-2.55324507667427,-3.14734838889906,-0.32972885358152,-1.27035252367578
-2.44809201832806,-8.86715000914209,1.28554650057289,-0.736254074824814
-0.839700763874843,-7.59399887743627,1.29519773603953,-0.395612242144754
-0.133889355226382,-3.94682803049429,0.216274086612687,-1.66905686498876
-2.40121815407742,-7.91936274874723,-0.298485463704765,0.497612301190682
-0.254966183116181,-3.188366142452,1.58286321310259,0.339497932993012
-0.168244890428875,-3.51606256459176,1.27719658123397,-0.298782070557949
0.223150922367824,-2.4003183527111,-0.865643386828397,-0.202367401991436
-1.44291034689562,-7.77821564122613,-1.89670292529464,-2.70290669395066
0.98286040893734,-5.4397549951595,-0.0816928820565771,-0.322294573172811
-1.94911652217449,-7.33990959942656,-1.03027060178987,-0.106091508712001
-0.695619624667747,-7.02577530464732,0.472791332132229,-1.89464409369109
-1.59277803646694,-5.433407200358,2.63551793020896,1.02253990258797
0.942515240851746,-4.87552053401159,1.29560610142302,0.381591221185198
-0.107432320522977,-4.28113084073572,0.29350011128907,-0.90972139378269
-2.28494271067057,-4.85815033535156,0.537036119510573,0.660592266697547
-2.06412267394233,-1.97355321686749,-1.06342643952877,-0.0471053961182921
-1.47339274469124,-0.0634892311390707,0.75988105298086,0.113022300837864
-0.719671381174566,-6.35814773960538,0.0808424492230964,-0.0759736975623498
-1.49307200500853,-6.74213463622983,-0.584788918954282,-0.497733135208657
-0.263427930264012,-4.19339598228787,0.939867231688722,2.23416040066065
-1.54352896417357,-5.10515106007599,0.589525520592756,3.53130579116761
-1.29183889905284,-5.70582091981469,1.29371619424379,-0.783527072633858
0.497376283908638,-2.00835855130818,0.642249658680935,-0.755995502818591
-1.8113222809513,-2.32735992782987,-0.362833299735768,-2.55121543414004
-0.403752210175003,-4.88758037081796,2.69960441429495,-0.481883385398086
-1.85091825641682,-5.60058257210638,0.15756865086814,2.4356121457381
-1.25805578636263,-5.99705886900663,-0.0964944016391105,-0.932767046357753
-1.34953419245635,-5.25425507108818,-0.0352450115978341,0.35017585216614
-0.527370483914541,-4.01123752389407,1.51157879384542,-1.4078866884111
-1.05833654987052,-4.94386591044004,-0.131486884726678,-1.82821907537905
-0.794204119265845,-0.769686465050551,0.551219245703496,1.69148003144751
-0.0837022698707613,-8.12548925565716,0.400135208789077,-1.20259508080432
0.477553748446955,-7.12968035193069,2.36973953455707,1.45975391299304
1.17513969336718,-8.33521473069951,0.742825433118114,2.32432481175316
-0.418985402908777,-4.1088637282633,-1.40133401518236,2.09963898375131
-2.49827339504789,-5.26627104475697,0.645631077357163,-0.195972537073405
-1.03542999719352,-3.71087405814129,1.03462440779212,-1.61684353924433
-4.21956976920658,-3.534611353653,-0.00677041988117227,-2.14645340355072
1.79417101620516,-3.11372039489008,-0.169584533933794,-0.468986872346822
0.145454976570808,-7.42996556096859,1.47669547219916,0.741289881140034
-1.55259249631728,-3.6048567262866,0.29801197612221,-1.50084153124761
-1.93849034278109,-10.4034312160591,-0.0302175580469972,-0.449381108980575
-0.985121627869415,-1.42155654493546,-0.628226509880239,-0.263835382769049
0.524927897746083,-6.00959354672138,2.04206573658842,-2.06955490286132
-0.480130850432324,-8.79060637567031,0.636662185024177,-1.68112452049943
0.309240130471478,-4.83651687613564,-0.596922801786909,-0.852737517604923
0.98251516515052,-8.51972438355891,0.409675572537692,0.767672708976077
-0.00218985312406679,-7.04780245420688,1.1953366366825,0.350161236211241
-0.705072351829366,-5.81211346527552,-0.462497999763155,0.0880291220439105
-0.255444355197507,-4.89898331804183,1.43390068776274,-0.430797150381711
-0.141899996122903,-5.16370656842396,-0.998188124052455,1.99733179253864
-0.548994641989136,-7.40938650432885,2.19731512110544,0.31220432524372
-0.928589320484352,-3.03888412489895,-0.273335595157409,-1.52881204868067
-1.80578278114686,-5.96599961152811,2.7421961116665,-3.56716194987666
-2.91794664988993,-4.48838077335143,-0.700942966909507,1.8380548203059
-1.98300392387389,-7.58775053661292,-0.00951419424246935,1.22292406518952
-1.3866480622304,-5.04040598794224,0.700659292631395,-1.01365971694217
-2.35361178265531,-6.97182507822305,0.0859025430223092,-2.13006129446131
0.753948329360745,-7.34414523736037,0.682818796104302,-0.729853772635973
-2.38013573497568,-2.90788145983771,0.192700402507675,1.17381918089102
-0.648842915112435,-6.00187017778031,1.85169744697314,-1.84390977044714
-4.61308950990734,-4.54640333969104,1.03848554549092,-0.363817111159575
-0.753986191844744,-5.05714890092313,-0.743874163694341,0.93703296966878
1.64908656287733,-5.96589264901036,-1.60885506329481,-1.41728406083334
-0.399614644118666,-1.69119277699253,0.287490750830727,-0.198169710159811
0.0347929469948599,-3.64057571995795,1.41450153615435,0.268165916130924
-0.593029720482748,-6.56973404145667,1.64665585867848,4.06021016242051
-0.825523576867139,-5.07136551070143,0.895716067867683,-0.387868062854824
0.368815605497059,-1.50089635272034,0.605526040101985,-0.0528587939790701
-0.846161169897398,-3.27671435501234,1.93172542120953,0.0550533476279671
-1.31531313652352,-9.3352663574653,-0.444988270003547,1.36318813060622
-1.55213079640466,-3.75685323414513,0.6632229530111,0.699545699284375
-0.528260404021484,-3.56982518699552,3.77257135360751,-1.58136755571406
-2.17663620437817,-7.04956506827076,1.20241692040322,-0.371848906900447
-0.719461862674246,-2.12914135308648,2.64418904687373,1.40500550760973
-3.05261868288339,-5.98030308461202,-0.446495062778213,-0.194870087185846
-0.627300281360773,-8.85262885699404,-0.633846050169608,-0.92930354631113
-2.0531553638379,-2.99970022697258,1.00972954809806,-0.382920511086994
-0.183174091066962,-4.72791209588115,-0.63842175244005,1.75846449921581
-2.36553655209503,-2.0126908308396,1.9031212418835,-0.659728997644098
-0.98302234307455,-2.6784951675853,1.92387034286473,0.783728380771963
-2.95152494463873,-5.99916516357574,2.33862660979707,1.04031872927966
-2.07513439945569,-6.34561620488434,0.192734798434891,1.90019359530686
-1.35045932128929,-6.26597636531375,0.680537438262454,0.875503690761648
-1.719375633775,-4.17162590312775,2.16333701019835,0.432857606200691
-2.0090423775649,0.862454152095379,-1.08663028697618,-1.23177679841874
-0.365662758745938,-6.36787820136445,1.19824541447011,-0.430919482797807
-3.16945842777156,-3.53613472012392,0.459587133740011,-0.629642160904749
-2.33760934788501,-6.47769067914994,0.125449648660928,-0.886479682929844
-1.17027325071601,-5.32205892546807,-0.0609599765873376,0.480669197350894
0.381606398393446,-5.54631211021705,-1.23653664732005,-0.902006992477329
-1.07896532662667,-7.9501327592536,0.980322519435015,-0.74351605594483
-2.04282999483572,-6.41223849942146,-0.423583149067525,1.1998354388439
0.893860808592397,-3.71683111955349,2.5177675304185,2.50611433790376
-1.55878012961287,-3.91259358833335,2.9746661649004,-1.47792133020641
-2.23243991345897,-4.94377482090844,-0.645755388108324,-0.472359660418024
-0.527824635520203,-5.18806767723435,1.22668145247281,-1.94734446395897
-3.50236163643348,-3.25848290890518,1.99890999970081,-0.136507275326569
-0.998930810776609,-7.83611700838196,2.03892942435172,0.561249383708868
-0.13818823796899,-4.85672865534685,1.39025312223544,-0.458838442012356
0.193343507813862,-4.52961403763674,-0.698276557632734,0.511535636779829
-3.04587559301941,-2.25759613096771,-0.247927610864179,1.24841368904274
-1.22191883601156,-7.42929985510512,2.06385422073186,-1.2059172694397
-0.40160515528451,-8.42728846179099,1.52962650563023,0.460743793367207
-0.901320481925677,-6.11760392499295,0.494643609999109,0.347200193883453
0.857730643983248,-5.29619159777307,-0.523574597516967,-0.243117230254277
-0.0988173787705081,-3.4319795982976,0.279941303837398,0.105839745095011
0.274308420318911,-3.94920327168956,-0.584459784355704,-1.29556695188703
-4.06361841187305,-6.95738358764512,1.47986513849559,-0.874882088169186
-0.167219069765857,-5.05765113089158,1.07840012032191,-0.642911263253535
-3.47884964829098,-2.94786804016695,1.95594642350561,0.17751606044745
-1.22725589052875,-7.93331107296343,-0.564161628159945,-0.233791695269234
-1.81203841507434,-8.83665179689413,0.338768015848974,-1.16582834145121
-2.13464921952282,-1.27162580632485,-0.098240607257486,0.0340387786011035
-2.64543734984034,-7.41641563209469,2.1113879448614,-1.50396128534845
0.0897169143341099,-2.87567113849766,-0.0330792920950443,-1.52451408932356
-3.52276467835222,-2.75398957303944,-0.838678799483851,1.32614900591014
0.446440225599302,-4.55487775865442,-0.148591221803067,2.02958674898991
-0.64338020999511,-8.95847998586662,0.344521570838668,0.245071808932323
0.293630235215298,-6.09212437762651,1.23751013469553,-0.480225830332676
0.420182005890618,-4.19563680953629,1.23790468711186,-0.526164531985361
-1.93268434464578,-5.78532963993866,0.328730341247321,0.554561910734826
-0.458688159435645,-5.35517740045116,0.387431115917003,-1.32822231546661
-0.530161426282142,-6.48724418429206,1.07196164427571,-0.126310217079639
-0.515175950666079,-2.72807845099163,0.717676219149975,-0.929265859042723
-2.64465440306684,-4.56890981369377,3.92609811836631,0.502499618055289
0.0739851293339835,-6.7310790243567,-0.450656869556005,0.349977321259485
-0.897370277380821,-3.25397129318464,0.804181050480738,-2.73080869261145
-1.32750586690508,-7.993184827388,0.293851675888648,-1.1888517333797
-0.271627219553942,-5.2318430985339,1.16114630671319,-0.740582024155936
-2.12567426593782,-5.21081584141201,1.15685497409841,-1.44072819429375
1.54170431902571,-2.04806466456658,-0.750839573503881,-1.11872476045117
-1.83792749645532,-4.91692459316991,-0.0848484201323541,-1.21717860426285
-0.617381692374781,-6.01506204342346,1.78752671210588,1.38517080928535
0.68776398910314,-5.3678286809486,1.69039739129598,1.03164632515113
-0.159984147689283,-0.739761063590317,-1.82344073973714,-0.679848746610648
-0.695318075537083,-6.639942181856,1.78378840204204,1.77093404814989
-0.810912559859287,-6.20737730780004,0.618303575632229,0.527213938571058
0.203293747111764,-0.81055818253599,-0.0571420907301471,2.45837362316503
0.749722088564759,-5.55655981945134,-1.22647925647315,-1.93698227415
-1.81614532676657,-5.30794763722344,-3.661552103689,0.486337178936734
-1.11794738091463,-6.28263148475356,0.603794560359708,-1.19276862602765
-0.795044528343168,-6.80487942689668,0.482977769274561,-0.960423345380851
-3.49226863361732,-5.49702734059573,0.235591602560601,-0.493243989290145
-1.69593892626516,-2.3828577656634,-0.370474007846545,0.683217517062445
0.630959069154758,-5.94654640984712,0.0868712759364811,-2.01975837523649
-1.95908123056831,-3.9740446650891,-1.34822588715169,0.813619071885438
-0.202582276433043,-6.47118540841196,1.36795386695599,-2.38160722259982
-2.73430530563645,-3.87368064055589,1.04763975185946,-1.53749833090808
2.13549244951383,-5.9354434723405,0.205241970991373,-0.469834500848988
-1.5902648056145,-4.3608639859995,0.136314680867637,-0.796846387007775
-0.573039285075189,-3.44017085617663,-0.24815104132439,1.45384764015984
-2.35732091034519,-3.37036067000463,-1.40027454558472,1.33540048222928
-0.572878982861595,-2.77642259037471,2.08037184128349,0.296898580035075
2.4997277067514,-7.5006766671941,-0.60226531823691,0.782425610640001
0.784346064033157,-7.16550453807937,0.0899573378596507,4.16615351776586
-0.524465138991434,-5.60818631391894,-0.140563048826972,-1.05195295229519
2.07648267818154,-6.23102033186788,1.19190869033076,-1.57569064561437
-0.459679538856349,-6.54180451543707,1.10144949994768,-0.26504637314473
-0.889274251528367,-2.89744061494561,-0.110106835836087,-0.292187811394193
-0.94135875210281,-3.84845702695068,-0.871459917822257,1.00963917594231
-0.658663664898329,-7.01706978290115,-1.21049192354778,0.0202054717284956
1.44368404411085,-3.44952882366394,0.0116448049490127,-0.00784205307005348
0.610969334573343,-10.2094705975678,0.753864820362072,-2.52965730981843
0.871759334165762,-5.02224330711789,-2.01835797978137,0.330496962091803
0.505464068708408,-1.60349223352213,2.32815998385871,-0.607154982179848
-0.271496688322041,-2.36796105539008,1.46637682724003,-0.343475028996799
0.119850537461197,-8.74418052584508,-1.56421223514401,1.55117625588076
1.03324058896714,-4.85574167904068,3.00029708421379,2.04484153082685
-2.21046813857407,-10.5143963282067,0.132017600264197,-1.82829899027288
-0.430007418693431,-6.7384494784585,1.31731507960523,0.468362040179067
-0.558679698263256,-6.11982175314927,1.10188814191975,-0.746681272059665
-2.96011588407993,-1.78750232259381,-0.0353690439650838,-0.531119363217752
-1.88278287596041,-6.20941674035018,-0.67831563031518,-0.73817020889274
-0.143186398353266,-1.17126937754441,0.948107753768277,-1.90896105710622
-2.18533047868946,-7.42542667966514,1.6957962095452,-1.5305311716263
-0.000924988676798522,-8.34943514688632,0.125666777352686,-1.16189136589638
0.257062613051342,-3.04181674401665,0.26331702539203,0.521991378017288
-0.213447427986908,-6.46032002713401,2.19916087508079,1.30739587763761
-0.640774729331802,-3.1281719562238,-1.39684025348815,0.559302442023881
-0.18050012332576,-6.88535061934349,0.248206306039035,0.498701613066057
-1.93453262041934,-4.90159227365752,1.01978829653919,0.70031320262236
-1.87999673504033,-2.53546061271051,0.345538659503882,0.362522259212154
-0.191206429268645,-3.55822949972764,0.585100993544007,0.775406064390877
-0.434270354745873,-5.32449222637861,1.48053473380711,-0.324470331169327
0.138731991529057,-5.76686595033653,2.14048415933855,-2.30058075468083
-0.507873048861813,-6.42126549915746,0.0250925522869654,2.58058232895978
-1.00389084722356,-7.85662873810458,2.06111214845903,-0.0523783687927886
-0.92941097368522,-3.79544367463149,0.0459371406291655,0.529877199850959
-2.27663274294312,-1.72140318755401,-1.15356699074345,1.4210464989668
-1.83614826846889,-3.84757041110029,0.161718928926965,-0.510903264039847
-0.881804488954112,-1.91008930437236,2.96788631618016,-3.56178080653031
-1.71504301707234,-2.99151403401999,1.32851742440706,-0.514164812444675
-0.0765413977369178,-5.01564286993137,2.45751601606191,0.758955624130221
-0.85539319483073,-5.78110828826371,-0.606552065607565,-0.555835111916426
-1.46662462757585,-3.64100279683332,0.700693660613432,-0.163034255602671
-0.16802205834678,-5.43949287668367,1.91031674183479,-0.30170142583595
-0.886467346296396,-6.74420061421715,0.285617508606249,0.618384412569124
-1.4616643908598,-2.20346893487302,2.35118810330176,-0.23658996791881
-1.57948478480474,-5.90874180211142,-0.207343373491507,-0.0945258052455912
-0.81951407338823,-5.1320062570692,1.06043568689783,-0.687647425907279
-2.34529760000504,-6.14520509390154,3.08738546842492,-0.533507180678767
-1.10879284402278,-7.21427231377987,0.179513542021391,0.712542649754448
-0.320937376733638,-7.36563604091404,1.86361942206487,-0.746912487178379
-1.17396813188624,-3.91774455153099,1.45995589425744,-0.382259405398958
-2.49194479593323,-6.73367732955902,2.52436720481936,0.230937325536051
-0.521443514516538,-2.47930544338242,0.757369000744639,-0.978796448414234
0.780555600770838,-7.24506018355453,3.08996880284987,1.63026022167268
-0.836934976239698,-8.47415942417729,-0.253601771452644,-0.394208089648678
-2.32943226321403,-6.92041791626078,1.30670709128971,0.586486050078503
-1.77878367053663,-5.14837212734337,0.187023002622515,-1.46244000857672
-2.66160151084118,-4.13417038371799,2.1031863325221,0.618926974046505
-0.314353137372372,-4.92068206303262,0.77260716953094,-0.70916494672681
-2.04014083926639,-8.7851464157058,0.0810760705095074,1.3114127578917
-2.64988918666923,-7.58188625591124,-1.34211357070616,-1.17851191940465
-0.918245726627895,-4.69185198587342,0.481691808360175,-1.72562333906283
-3.40792060483921,-2.92670779717773,4.24329407750748,-5.10139357613428
-0.565877449255771,-7.71470796759455,-0.689578204130675,0.554223118608911
-0.774804215657517,-2.64739891249621,0.545874287490361,0.191743602793384
-1.27057065722904,-4.1132924734627,-0.410104197420434,-1.47145599970301
-0.0234631862198769,-2.67949727417738,0.52145079242475,0.417432609437932
-1.28303209096786,-6.16641637568764,-0.918799675760519,-0.368440091582195
0.669463265675558,-4.16912450447844,0.196891628631636,-1.19636341598983
-2.21570944655461,-6.36549940269022,-0.442300858961214,1.19520479400812
-2.69611187583177,-2.48304391856836,2.04352519318722,-0.813095366130931
-1.24184069836417,-4.46222078912441,0.751554960608344,0.329734938479023
0.103968765792248,-4.72219403337686,2.09824178777223,0.402685309257572
-0.403196618023583,-1.01381508000674,0.822726066530619,-2.09717816076325
-0.0491748039304785,-5.42780313916624,2.30676094921902,1.72603305256123
-0.995310318435583,-5.36275489068298,-1.54900939485112,0.312349586850181
-0.231761994040714,-5.85431101066002,-0.711003735018117,-0.445694095872305
-1.04627493621033,-6.49729654881403,2.05267632473401,-1.11657943073996
-0.147422013432022,-5.68317403481378,2.50046096236947,-3.96992197811461
-1.22171069952207,-8.67117877863171,-2.29241562534738,1.6819913876642
-0.410096943325724,-9.16494964961563,-0.266689878598278,0.780686728269255
-0.705687429110641,-7.27830803557623,1.05155298423467,-1.76533032047508
-1.25444410343492,-4.63453198815013,-1.33949090531894,0.718838306472674
0.578907332644388,-5.45002428008452,2.39387599391581,1.50087958699995
-1.26330040894186,-5.39892934872146,-1.52742047694969,0.957601169006395
-1.26856271906909,-4.52524751354924,1.89174985907254,1.7290523081925
-1.94530679639042,-8.71259645986619,1.62246237860348,0.192984210873174
-1.55418944616894,-5.72648398361544,1.27324843739833,0.1643639352952
-0.650303936444873,-4.47198474347519,1.1152918991844,0.0227610897418445
-0.170019964718648,-4.78706598586142,0.172101586931934,-0.618252522073662
-2.24380983876332,-6.65156357805537,0.513347239070705,-5.10141966917843
-1.09144373753317,-5.13305999338534,0.336695231398778,1.07983810865209
-2.4934948089171,-3.58031710743182,0.0140251435744586,-1.92745129991258
0.10330126043599,-6.66918514826012,-0.186867827290552,2.19395673913759
-0.0995151283714885,-5.48220701026878,0.173466423220724,0.735466937791828
-1.91041927080904,-7.55893913517704,0.843883101752152,-0.41831973872752
-0.731294195350835,-5.28134003629973,-0.822243491750819,0.284636762412393
-0.980356975953184,-9.34545025426608,0.738304799694158,0.238914032467654
-0.426591506797571,-5.08098118881289,-0.938217010767644,1.73786634546488
-1.54801550605421,-6.37050116384199,-0.451774002404813,-1.35020030124846
-0.142986238829226,-4.65672590088457,0.971248433296056,0.890463671905181
-1.63055182285305,-5.44880088959143,0.310973820788682,-0.176727444963934
-1.53909558096289,-5.33843938222288,0.785332222822733,1.38883348818708
-1.18163957973092,-6.43938048578986,-1.53292645871009,-0.132426406500588
0.596808060032619,-4.88307410584627,0.024507361676209,-0.0362321240126373
-0.883735331134427,-4.87181983882927,-1.24468566152869,1.06641825799702
-2.58320714136264,-1.51274771392704,-0.167508965303714,-0.821671488001556
-1.29215412130445,-3.06236242612008,0.500043322988616,2.56506758597672
-1.11670008894776,-5.16412643922375,-0.0797015507162294,-1.81184098476997
-3.45958925509131,-4.85775332101582,3.05225250706756,-0.105978468726601
-0.460718322379614,-7.18982400847078,-0.069521713979674,-0.172818921477327
-0.463617784818285,-2.78070521020007,2.39673246813129,-1.78131955721905
-0.512272878072599,-4.54146390628606,1.07615869767035,-0.207795051892252
-0.175167288311988,-5.57474076347534,1.294018398305,-0.380089047683496
-2.032221566591,-3.97473613424544,0.522520976765482,0.356989937603991
0.303025206916987,-3.24089469056868,0.139343512279957,-2.63321617692469
-0.913561777408788,-1.2357683245651,0.787079604369064,-0.771047480467928
-1.67063081647639,-7.34830536109361,-1.54868871358634,-1.37746713677029
-0.486043709352096,-8.25335118984531,-0.362814239963359,0.752805712500249
-1.14683875027329,-6.55415388152561,1.72474936085852,1.77849887314226
-2.54057619139188,-6.1472885801889,-0.429174560784724,2.51623213541497
-2.16329055095777,-2.2476804221536,2.6750473035383,-1.29268308475811
-2.4498860816798,-4.20001700095906,0.466265670381568,-0.00944543361589723
-3.06537112950165,-4.8834441966018,0.786242341935095,0.439677972481975
-0.608287361135731,-2.72392066749207,2.16110237863971,-0.515683623867878
-1.64835872300413,-4.82015366317481,1.78334930281868,-0.770612720086372
-2.0528102269218,-6.63483798094921,2.5041422169557,2.2341855632232
-0.697797255886247,-4.73719695123604,0.55794944049761,-0.882126357266482
-2.71731691920176,-5.31331492529088,-0.207254769144524,-0.066573580027096
-3.1449986513926,-3.13123246866752,-0.21567275167075,-0.15843986009173
0.193231206534119,-6.63175144498757,1.10101346731081,0.455697459958332
-1.51557732881723,-7.39736356148815,0.239975741265772,-1.05277451185023
-0.99935431757258,-5.24253519883285,-0.261722021270227,-0.534027913348178
-1.70950264452779,-3.43994878129685,-0.660797150561307,1.42484172078958
-0.838904934521421,-9.37953459987162,2.33401285633389,1.43987192832641
-0.448010579844305,-6.52619541609934,1.63290932974779,1.00917903468403
0.188739374109707,-6.25259825168421,-2.32189290405539,0.609535864541924
-0.994677994149922,-7.30592297674138,2.73680917571757,0.819979872462478
0.363746180454697,-2.03636805140389,-0.00243294758460488,0.157353412367642
-1.5553076437052,-3.94556933136719,0.0713604414348349,-1.32248134003019
0.101875009189797,-7.49778997325809,1.46117511753735,0.1460292450746
-0.620412534674924,-7.16268952410797,2.363304613525,0.205283148191186
-1.20368515124743,-9.88062216579315,2.3253575288528,2.89076622181733
-0.7052907736821,-5.79452108454382,-0.731637404260869,0.286098814121875
-2.44792460995139,-4.54458360374782,-0.363093823793275,-1.966990249972
-2.15142541259706,-3.39377145037196,-0.0785185443178582,-0.0624252672069852
-3.77254484851716,-7.86963188078745,-0.992912240030403,-0.441437502194766
-2.32877849809951,-7.3114020432615,1.5718210379156,0.0962062488059275
-0.383507009530104,-2.5369791962092,1.39603187557802,-0.244125806763931
0.22898862325422,-4.39269514775172,0.278817085659752,-1.3576987616712
0.545882344902288,-5.3601435304869,1.2550304625912,-0.133581138439585
0.352068384339224,-5.60234871057873,0.460048344957495,2.55653143015474
-0.249564083712639,-8.78097723771067,0.00833969109579169,0.356740098521432
-1.71681097227275,-4.62021773996264,1.76544693054665,-0.619752464269051
-0.219667113492334,-4.92605514347041,0.972735754038361,-0.419479396948493
-1.96439388635389,-4.68118697823876,0.120955222671227,0.382760024838342
-1.06597968539597,-4.79909693970099,-0.792829376732396,0.700894281567444
-3.0716693705107,-9.03062280230218,0.10468408286334,0.0902149673288003
-2.55707852463632,-4.61362644777701,0.310990558011494,-1.34838003335636
0.078700639709488,-3.65560744444078,0.756044349514824,2.00876237229862
0.332240763036517,-4.69363268795836,1.38570975073709,0.843590838403106
2.76371760720297,-2.14566203737283,1.12787545919876,-0.656002519365721
-2.80639053398996,0.079238992373821,0.528014148443428,0.76591790681711
-0.53529688579512,-5.15789783812659,-0.0249922805620115,1.04470733583174
-2.43781377477272,-6.4550453173273,-0.527359580533659,-1.35772353304022
-3.54073882516683,-5.98394511861979,0.260169845794704,0.226002813748164
-0.747570829567642,-7.1878425712136,-1.14429161785418,-0.363691425640713
-2.4445109902644,-5.70003367298711,0.703951931242065,0.8034998445235
-0.430841395311224,-3.94185879731743,1.64900213297254,1.88161937185851
-1.74798726385085,-2.26064875642402,2.27173086815092,-0.868732215681569
0.155742115740328,-5.1129692924035,-0.391726919855904,0.081005534122299
-0.158035986353552,-5.91644171907019,-0.891346482922664,0.449908226097182
0.66336883282386,-6.11895918546566,0.268334724556692,-1.86359797049576
0.899295551841553,-3.86187152083265,-0.43878309257338,0.199241583478465
-1.33288921713294,-1.39416676246546,0.926943223144203,1.4733390104895
-2.19854033023664,-2.43788402578127,0.92460865560268,0.0329006361556705
-2.69956767038275,-4.4025829420742,-0.838973058539679,-0.728857524724153
-1.74203428925355,-7.00051147719267,0.0285810847019685,1.60266022884538
-0.624910206603866,-3.08936998688972,0.587700468940504,0.286790265649615
-1.12073176687973,-2.93942654499242,-0.317413849255378,-1.7055761681191
-1.82149308156665,-4.93367569772722,0.0885382858177322,-0.161869415638099
-1.62424681223895,-5.43425029805835,1.10700431611076,0.447393544395369
-1.37938416662051,-3.44681311857379,-0.205862265149858,2.23581688926761
-0.732670875958776,-6.42532157013163,-1.25992154652553,0.290469120882535
1.79198820673959,-7.93014140817758,-2.04578733406409,-1.09320008367634
-2.44677666391039,-0.717417560427701,2.20254010868872,-1.33865648072954
-1.93517010719965,-5.38365025192349,-1.11979727849255,1.44929900784702
-3.06685766856852,-5.1195222869253,-0.330270466328059,-0.333218947935879
-2.75502561126244,-4.59172127143875,0.104215261914652,1.24178858723512
0.0525818850452667,-5.3232475433794,0.283087065002779,0.797986722229081
-1.83719513933194,-8.5539908215064,0.341210128818148,-0.177425465408155
-0.840738804641283,-7.47729388582157,2.46904282997089,0.456317110115011
-1.3644753794539,-4.23492953341797,2.25145117559101,-0.0987272621454438
6.3780118225937,-5.96802930745566,-2.21187697184816,1.38125794043255
0.068037176006337,-7.85267062212982,-1.20874600626358,-1.87215536097467
0.390590501909554,-2.5153061075516,1.16114389740785,0.424139701569787
-0.970441396354069,-7.92925084023772,-1.22234447722033,1.30543099677552
0.0325674854064664,-5.87823794846347,2.45296057380192,1.73221462938291
-0.610189387474798,-8.94729520528785,0.0912138270620386,-2.01250548498174
-1.71754661554509,-3.02416131204443,-0.804921022804929,0.427320539708687
-1.21567191250228,-7.35710537382372,1.70648505876112,-0.0900052439523861
-0.385412505131477,-2.82854099750106,1.09808764842434,0.521007223404576
2.12900075985789,-13.3884001758722,0.582898430335147,-2.95981235387516
-1.28826260424666,-6.08813892785186,-0.858461333255407,1.54501288466023
0.390390348586868,-5.79286041792457,1.70523969567987,0.550396460095034
-1.79564208611988,-3.91037073542038,1.13880294653504,-1.23594460348056
-3.54256469561844,-7.81289285723105,0.483746317939638,0.548185866075136
-1.38558618159471,-9.40410854070662,1.37424969598594,-0.0299898906532652
-0.816651074294914,-4.89542533605992,1.6199557214417,0.235645795007273
0.269041196232617,-2.92198355794784,1.20661841764001,-1.27337905501965
-1.37727596290466,-1.78668132757189,-0.0823328877703391,0.542290377267485
-0.436093682082366,-5.38045674703115,-2.50968427820089,0.708330108543438
-2.07973272088304,-4.30516820090696,0.134417705654037,-0.934888683484872
1.87241028621068,-2.50514514983272,-1.9213955169364,1.26057514720251
0.611319077316569,-4.53375056917104,-0.0919606564412304,-0.294371012824743
-0.814254984265694,-5.50358543942769,1.20162956941062,0.892746705459869
-1.25915538499452,-3.79803810325373,-1.19484375877211,0.696420094932072
0.192971694816577,-3.20671337190679,0.0826242358444224,0.0057906231696578
-0.684696711175703,-2.51297535058903,0.536972190627047,0.808213360097408
-0.352506974441022,-7.99651115537296,-1.25185758572499,0.367889918530839
0.390208302136023,-3.74619872368737,2.37689321029486,-0.223715520711354
-0.852160433560426,-7.93867802876906,0.18796467097143,-0.384137643362495
-0.163455500743307,-6.41619044349628,1.75543759807237,-0.999960025507861
-2.50967643072376,-8.0978195540751,2.61276256228148,-0.679911642630042
0.186059805192968,-4.27010244805964,-1.73059865690568,1.1034938082354
-0.32966846559542,-5.21361251332933,-0.0589482679291327,0.726061778301025
-0.733570053016226,-5.9647425247863,0.0280022572622312,-0.306341203022227
-0.257100405267303,-3.84110221111636,0.226341389731679,-0.186105823786435
-0.191528478402481,-6.09898463059437,0.543225180551555,1.78493116386777
-4.42540097238475,-8.34479424962392,1.11165544881269,-2.78060620300157
-0.0738062631916361,-4.8207289558691,1.39342874976241,-1.03974163090187
-1.67061635361208,-6.96900832086611,0.886003510644042,1.15549013791978
-0.615210020305491,-4.38244894518129,0.629507420189388,0.374437017695236
0.735273444509649,-6.81040350421746,0.513722545218362,0.977576255466708
-0.524313937698281,-4.93089211902768,1.57115903689947,1.79451041196149
-0.443703991518133,-2.27110230069695,0.818739000317588,-1.41884005309022
-0.100758388477321,-2.99108452053799,-1.002809200919,0.761221207598948
-3.67517713528657,-7.5169103861223,0.334691219813311,-0.626396126644418
-1.03788539752057,-7.72548079694611,0.0687348511690601,-0.268993057040282
-0.576034656195657,-4.98460397559711,1.28303085067585,-2.06971745988213
-1.38699813876682,-2.8497597582081,-0.478736091598108,0.826706855072627
0.562259600623233,-5.53146449290657,0.966555556900789,2.217439238841
-2.1280130774772,-6.81301579974879,1.43316668854586,-1.076997729153
-1.19861603711034,-3.42012348324559,-0.592653390920575,1.05696259212863
-1.81997453032899,-8.16403190057133,-0.62391579827316,-0.473261444341907
-3.17146687675071,-5.62576787868373,0.298264386199779,2.268349188429
-1.94154778807865,-5.30674544232332,-0.249008670287247,0.32192181782932
-1.03220139990441,-7.29623196596082,1.65464565354916,-1.07199358513226
-4.85843946200917,-4.46852507269453,0.568872787396784,-1.13870314489865
0.890704467334226,-3.04452581977709,0.91969369332228,1.34916948320071
0.268238151337733,-0.766865452924908,1.89629157989862,-1.23439407726151
-1.97831309266787,-3.47876182613617,-0.011027506697616,0.38903764247132
-0.75109404664426,-3.1019754898645,1.06279430045307,0.0782024270359986
-0.816605211902056,-4.95838426444278,-0.516068769700684,0.590494883119572
-2.13548211589431,-6.90465598359636,-0.327213050059066,2.19699816089217
-2.25502868689129,-3.36196498516078,-0.128086195170234,-0.827087340488485
-5.67321709809654,-8.84057264714288,2.15472957220369,0.568978794186445
-0.494187533280968,-5.86111113413097,1.76090845616292,0.955846193253593
-2.19142899365555,-4.30298691442672,3.1872077921885,0.0917855858308274
-0.93143969249049,-4.70197305191388,0.0252237108945789,0.879674025443214
-3.28780974681704,-11.5968096104322,1.73017089297782,-0.63612045486532
-1.55250713393411,-4.71925321710697,1.45394304290011,-0.523597098199714
-0.790962049081559,-3.09297846301053,0.910276366837371,-0.176340733010334
-1.5521075385098,-6.21777403885005,0.902983166635879,-0.336430420274975
-2.71020790015984,-5.75975947504461,0.903066766646924,1.15773093905868
-1.10596773833908,-6.85918604944042,0.36840647912662,2.76273469815668
-1.0912305938178,-1.72985284585643,0.0153031373993062,-0.902649851123309
-0.617898912712307,-2.10415254175959,-1.52305622967798,1.48382453309933
-0.848481240621828,-7.6024379154901,-0.3524251150348,1.14006124080442
0.0846671887713633,-6.50240455018392,-0.113602644872184,-0.626247444008616
0.460763030152423,-4.91101709691447,0.357169080279639,0.541579266465958
0.685001391677041,-5.90576525153811,-0.52880052684361,1.02825519397027
-0.783636329685041,-6.35211615419259,-0.49476068107435,0.298951259266409
-1.61208757274042,-5.37413621255425,0.0192793400060868,-2.74108011080968
-0.868367535440246,-4.12671675401218,-0.618885977481882,-0.349876599738147
-0.838745445186469,-4.17450266236253,1.54258627930187,-1.23678778094248
-0.836898565963358,-3.96013569208325,-0.210071450874841,2.73681711892724
-2.42754740016232,-7.58862180886931,-0.254866758958148,-0.0077386107434263
-1.11025342507861,-2.93172521593766,-1.1910065758426,-0.392795337512937
0.0521077391390274,-10.1506489902846,0.148247636303185,-1.60524727748753
-2.93248907566491,-6.69721912171751,0.48253387419575,-1.33890094003936
-0.422979421384495,-4.86705467534765,1.7169366128856,-1.68279807036013
0.270839291294415,-6.68079641366237,-1.15681266679739,-1.38831943409258
0.126677289718439,-6.31038812219605,2.07022838206061,0.186966503701302
-1.13040661087962,0.112839639618941,-0.175839970861158,-1.04795104277881
2.61762161474894,-7.33651466754182,0.302488057219936,-1.07762526753974
0.0604813276434988,-5.57554742160433,-1.24890094198335,2.19762349774746
0.399400062440672,-6.32245599097008,1.22052060144241,0.539005863839439
-1.20060371515748,-3.46741574096972,1.39697553893531,0.882521793313401
-0.594953002706271,-0.934242497688872,-1.65437945618972,1.23223515493312
-1.66314886981213,-7.3711628602657,0.91647025766498,0.105490423010729
0.310145963674125,-5.74084653287766,0.790417224847358,-0.135098085271963
-1.83047687541019,-5.01005161961623,0.0922857527098273,-1.1802994977794
-1.11203027131453,-4.73624070214786,1.41644511588952,0.400610750625626
-1.82281824109571,-7.08221842173965,-0.563544611985958,0.646027718790062
-1.00496419984816,-5.09519056743291,0.6823516213668,0.748105765859771
-1.46440463120021,-4.36243906398847,-0.66508244429909,1.98648922985005
-0.96865488506498,-2.70710586235801,-0.170020074919652,-0.447368583314642
-1.32605429304364,-2.09616607385032,-0.579774737874253,-4.37778381833915
-0.661269298693514,-4.57221881850898,0.32912726434091,1.17999702121428
0.0103313340061819,-2.49033331185681,2.19933041964329,-0.502464996567856
-0.536146104325048,-4.06175882090568,0.861185268710886,1.66236528756842
-0.714115103549811,-3.92397592888747,0.0941084663011255,1.96203573615545
-1.29480100345505,-7.4100321904687,1.16712924668987,-1.3497447036771
-0.195147089807087,-6.72490661107245,0.522670003373034,1.45865006948539
1.39324739355082,-9.552788093674,3.63215566343461,0.7060981654696
0.605806553194734,-5.79191293971525,-1.90601419317538,-0.573018886177163
0.16401862716825,-2.49975949617035,1.4459328582163,-0.999498346529308
-1.46476074050696,-7.28837975020752,0.016866769430202,-1.09553780354893
-1.76394362813599,-1.93818476234556,0.714724722638807,1.33171811440148
-1.68949562458974,-3.91825074124695,0.977111404200944,-0.654906164128009
-2.9139914360361,-6.6519622305821,-0.0310984547427501,-0.491245274351673
-1.52199952252281,-6.10483961310836,0.400475323241877,-0.442947276269858
-1.74079343332193,-5.71517632065988,0.46958493584892,1.08299838729584
-0.888188369194817,-4.95308580101406,2.17915674493901,1.28961624792403
0.748049734199789,-9.67415516196245,1.42872349656509,0.73279055024101
0.882455279724911,-6.58987074123446,-1.30191656345561,-1.82383927771996
1.43756601586149,-6.63369393938183,2.37983185686791,-1.03343891839724
-3.37804990236779,-6.77622630863666,1.24500550950009,-0.0362771729226139
-1.27783290871271,-4.82665196307602,0.188719153389373,2.03651450555978
0.46219233201145,-5.17530430672499,-0.430879994184414,-1.60339062006909
-2.05851560589219,-6.41904550949537,0.538953898684294,0.621349535039508
0.74194718192107,-2.57040789376651,2.02385550798569,-0.305160862227007
-1.80617571231604,-9.04241496496191,0.131327878450074,0.00161673956715425
-0.634262165675397,-5.31970542715988,1.82297880870285,-0.237543267950806
-1.00120488404942,-3.63243712673945,1.51523066692047,-0.574811121994973
1.04533152134458,-7.06261197943069,-0.815850564985289,1.93211397896758
0.280337156115995,-4.31345949887499,-0.316141075311265,0.171028573122221
-1.14977501817315,-4.07519054344127,-0.862867797415787,-0.167261968802068
-0.414617605792165,-1.99682936932835,1.30264567851839,-1.4192095362063
-0.684910408520246,-3.98158468657504,2.46292111521693,0.351772251426179
-1.40466448008972,-3.7021465978989,0.662384345249803,-1.2045447364119
-1.94109867884887,-0.681892108402872,-2.08563624637577,-0.321616395708158
0.0490776330261531,-4.36532968097417,0.244497199142814,-2.64346709018323
-0.0815045096793097,-4.94779717665761,0.288208748526628,0.248942346540572
-1.45206517259989,-8.67364156729819,0.317927804213795,-1.36670624729727
-2.50222661071209,-4.47302687063635,1.38367853128193,2.04303929252884
-2.41731205834055,-4.22988849265986,-1.18450776129182,0.805876565203804
-1.26550650802835,-5.45384354894239,-0.434352703003127,0.00538430604648132
-0.766521057793545,-9.67157284841443,-1.26638661341275,-2.95906008671395
0.308896805193146,-4.26031290633255,-1.01867699103723,1.32091721879154
-2.06784418122993,-4.15227412341606,-0.0244753667987924,-0.205345810912122
-0.227763099897631,-3.90304029313246,0.53285102688198,-0.938335215632999
-0.0364870914923974,-5.12942865586254,2.15664136905765,-1.75875400512051
-1.00301614358594,-3.66016314264486,0.876349355567382,0.0940286167937356
0.745487540492356,-6.02387336447159,0.848462094160751,1.33984008793065
-0.933523248065726,-7.05722544294003,1.84926312250333,0.188618112490344
-2.84077197847403,-6.21615366656373,-0.788854359189721,-0.586890874759789
-0.666702790245286,-4.88619590508035,0.388800434665872,1.27549097011562
-0.61281844071908,-8.7392884667964,1.44825263397286,0.0330549444900907
-0.770862331030434,-1.19057541554115,-0.868892409152344,-0.937775130831786
-0.961202401400148,-4.32320082316702,2.49103113020775,1.49158922332373
-0.266941093671556,-8.15717217393088,1.43478712865062,-0.497149673948222
-0.288904590316725,-5.02246719452563,0.128007622625732,2.07388926304333
-1.16834205813156,-6.17531762924097,2.59056839466088,-2.49878749245593
0.850524618014482,-5.9506094916177,0.966214720004022,-0.192027780307637
-1.96600890016584,-5.17469793871506,1.21527636601508,0.0746815235630934
-2.61568362290546,-7.55919549689446,1.21284124098603,0.620322685173401
-0.251408968539111,-6.34392698204907,-2.48741487708768,-0.50794797553936
-2.52069660841876,-3.48802276480739,2.73106369469846,0.435251810420659
-0.379032050021088,-5.88824867061349,-0.0683146926488488,2.57014927186642
-0.416663333074648,-3.7801622305479,0.273961387381752,0.442661921908314
-0.0742043895597644,-2.83137568020185,-0.849035812914823,0.799836642519008
-1.31227627134616,-4.594918107527,-1.60138241384969,-2.66083373727197
-2.83980135689496,-3.40863115012588,-1.18070665379531,0.021012302261173
-1.81473132852052,-6.54135230634195,-1.89964453303343,0.628072734137485
-0.291455276724889,-4.31644811692911,-0.412211355618306,2.1137678130554
-3.59948186752029,-2.16918187628845,0.945276860274886,0.690389846924552
-4.2160392237853,-7.55201664719096,0.563428385999601,-0.711745259160731
-0.0861972561517403,-7.76809612397354,1.20986578034284,-0.737871138529016
-1.85385920681351,-6.18579611179273,1.39882334921857,2.21692470715828
-2.63759881210407,-5.35072151927658,0.354204229920004,0.0100288312790213
-0.55738098489419,-3.32896948638854,2.81448103933606,-1.91717977127104
1.38693506855061,-4.22510121834338,2.09772137175855,-0.639717999772075
-3.27101523711404,-3.34363146152819,0.706698912604838,1.50129680584205
-1.87496186784728,-3.71903967420234,-0.785461325712057,0.359935159994841
-0.16433478509408,-1.02331601300274,2.33240118832263,-0.50009745737759
-0.830462572918324,-3.93990109369919,1.19297789386576,-0.713360401436355
-1.19079660424893,-9.39600043355527,1.27903075338214,-1.11331449668677
0.878880242087232,-4.87695079424644,-0.036125832957156,1.00849835390863
-1.59202349273924,-7.31835528397437,1.39043255368535,0.463112419468123
0.00695794541802941,-3.5898254829951,0.0697696900452594,-0.450567346922642
-2.30805575430085,-9.08644443641876,1.36659244428234,2.98429869752693
0.3926271440623,-5.81192903264297,1.74255872442806,1.46122922769852
-1.43306076345052,-6.75289287507048,0.939160132190872,0.368078721766985
-1.55676212252426,-5.89002131871797,1.26490724521341,-0.351649650050218
-1.72301696448667,-6.6463043750924,-0.0908793320845514,-1.46816080392098
-0.791100755560957,-4.27887522326461,1.19075364988583,-0.414967205435559
-0.305976068675947,-7.01515579292403,1.2464654277247,-0.60666194438804
-0.150173126273908,-8.26688030498893,0.280473113707847,1.42371900261738
-0.822857777821061,-3.34633175037782,-0.55431863072751,0.627976564242298
-4.47832556953698,-4.24035113332525,0.99938855899703,1.32816500701336
-2.5078324086504,-3.15947761437456,0.381639692901862,-2.35482780210607
-1.33517050027817,-2.14778437924326,-0.136030769742463,-0.342271156959535
-0.150241631837589,-3.43856350518074,0.564251031610622,1.11233293328767
0.586511126854127,-3.33307585229191,-3.66867552714517,0.0108167232641313
-0.0879884269843787,-2.80609118088353,-0.700265956390697,0.104801341629858
-3.00030654081418,-3.57596498932596,1.05643426338134,0.467460796676413
0.663442851847499,-4.36610628788273,1.59144768209059,-1.82260594785547
-3.16735221080109,-5.08138267217502,0.44020004004828,-1.55528246964806
0.124186087943229,-6.06443083523008,-0.496098914775304,-1.55506152254534
-0.346543928061157,-7.10822731445499,0.135229662406205,-0.20180165317138
-2.35994499251333,-6.02505257997728,0.7280956206357,0.761203561470514
-0.241009177397064,-2.99118802038646,1.72095120141271,0.794209609350496
-0.744845008435259,-3.9129741128944,0.27622789169882,-1.02759333055253
-0.66024390238689,-4.47683520304912,-3.05513278533016,0.386633513925862
-0.451004465962007,-2.46042462583396,-0.0140237735980039,2.12324494730252
0.0856924775243544,-6.33091632509391,0.615049683256174,-0.116839857833962
-0.557390875623716,-5.77249647679967,-1.08672493876764,0.754149677567412
-0.596115903226415,-10.1468023200686,0.337065337400431,0.0938094386543252
-0.697129816293235,-10.1041028189123,-0.245868828505523,-0.587240641359281
0.213594448951346,-4.0773264412453,1.124884383497,0.499772249862676
-0.837458524389239,-5.04306413588664,0.917660801451504,-2.10500902944493
-0.995332712303462,-6.48443701813371,-3.03241755397411,1.25793193405969
-1.83543360962473,-6.17757574167658,-0.715528638813187,-2.53273978788666
-1.43360488249993,-2.47740752233774,-2.05549857672819,0.45363270455304
-1.66150425859004,-6.09482970775842,1.47105697708308,-1.58855497030041
-1.36143959010692,-6.57768616781185,-0.852916563223033,-0.93844610586109
0.0904961302666298,-6.49654482296017,0.813870575368284,-1.47177470574137
-2.96747276085807,-4.5046982498288,1.83216911974682,1.59297494332452
-2.38632295476558,-5.19588195056184,1.57484217297196,-0.345759639115379
-0.128933081005926,-6.44683241576526,1.69929219975151,1.60129023545808
-2.03203681415657,-2.55822671099387,-1.57343031672086,0.906893385229675
1.09614072256597,-4.95579480750867,-0.00417018533634,0.187902673649986
0.285279883502713,-6.19963649206138,-1.20711632894,-2.14761725487435
-3.82840232055866,-4.06921052107605,0.71546052932529,1.37698943192771
-1.96888121425792,-8.24256434140288,-1.70118524772439,-0.517652693106454
-2.56823407391061,-6.62144721720959,0.575309357087049,0.233530071230753
-0.785247070348096,-2.60851841369686,0.186670361843018,0.64149117898243
-0.897767712183699,-3.08492914418244,2.78879157594444,-0.893288797090311
-3.52070975151187,0.403336440793467,-0.2999949859324,2.30019637344219
0.714501576238929,-2.1757518774736,0.337892986407076,0.497199950588804
-1.18881569377177,-2.6150712155241,0.621638482807692,1.36751428478006
-2.09323894364659,-6.94246141167251,1.87204879723402,-0.694185077993427
1.43793719491738,-3.01651396703296,-0.62900299050199,-2.45023133790036
-1.9624012946363,-8.37520404099254,0.436189274708898,0.476598958829852
-0.226351525213177,-0.327948715982401,-1.96445362719745,1.46707419231834
0.209614488362985,-2.35961030205078,-0.0233558195491022,-3.10033073347223
-0.896292179957997,-5.0372653501497,-0.112706765450224,0.0318009653068769
-1.57166352053847,-2.69194144627696,0.590555773679047,0.099671355986398
-1.71797035129208,-6.82711173049717,-0.729944656215479,0.966467164551678
0.648804117187542,-2.51875757784044,2.22980021222276,-0.626750606281917
-1.45174737689923,-5.33837884814263,0.430616069145767,-0.0763626016806354
-0.947101719813156,-3.93259716344661,-0.919076954741551,0.104585792267909
0.177561128373687,-6.68009114216854,0.298329621978482,1.51011930545762
-0.367645074164288,-3.73686620051218,-0.362286198366783,-1.88776657938248
-0.995869167932246,-5.92693880719179,-0.65171304739422,0.857992899806911
-2.45550078768907,-5.42374335381707,-1.07801148921379,3.04716957180091
1.03904180955233,-2.50820895432827,0.329106137401305,1.41271383870704
-1.15040999948072,-7.62753237017611,0.00241011507886968,1.43849724455884
-2.37647583934797,-4.20193967155392,2.38125927518472,1.79118257168997
1.70108243582579,-4.592572963564,0.214369021104371,-0.392890662705496
-1.55474356848819,-4.43893378874419,1.83298622214365,-0.529941791453863
-1.30015338076471,-3.53485684993357,0.125789231952702,-0.542789514905486
-0.935906514734382,-3.91096416866803,-0.758948227485329,0.635640842405326
-1.76013293553536,-5.98836395664043,0.26523208471129,-0.291739649030915
-2.8014394396703,-3.47808831235069,-0.82309452561445,0.0724714136503223
-1.52319645348705,-4.89783110189178,0.546143556890793,0.329400439504319
-0.667937055166451,-2.96741106398093,1.75427357079978,0.0882243269827881
-1.05207442040801,-3.92241658915356,0.479639847576284,-0.825056056807983
-1.22934685831055,-0.737034244013029,-0.127691856285697,-0.213855008779083
-2.25315359363947,-3.95101504331961,0.59066699914546,-0.997233999632135
-2.00676654523576,-8.48046398703291,-0.349924597672805,-0.0408335006341889
0.182952626890484,-4.95408940917601,0.0300082978864872,0.0708181279479549
-0.195271015544003,-7.79451610989057,0.677643913321609,-1.12484766170819
1.04047895078489,-5.2188806936388,-0.989250168292075,-1.64044354125558
-2.01939983892404,-3.5360096003653,1.43639819612398,-3.04471491760364
-1.81844649281626,-1.07843376924432,1.50448357489572,1.59879069948103
-0.548820678716161,-7.33069176109269,-1.22354459897214,-0.515366408844782
-0.0541448483518392,-5.61918340730674,1.70690565048494,-2.56946798518033
-0.798595218390419,-5.05979488991563,0.40358363483877,0.07366017070951
-0.93178596664987,-6.1803973665095,-0.425169514347335,-1.41582416607469
-2.29920350701712,-9.3123515133314,-0.783296813908269,-1.92404252148658
-2.31219769563987,-3.06934560279097,-1.43264224557187,-0.635397840819874
-1.44431573225941,-4.16622060521015,1.39966300355957,-0.940112378541676
-0.803620528554805,-1.88460460052342,1.40787637282016,0.182399402229673
1.46394655814332,-5.23659049628976,-1.1226669970147,-1.98472647820374
-3.34577534042518,-5.34420059532177,0.311458813649215,0.994768591578264
-2.3191755920369,-4.85585488983833,-1.95221520952474,-1.17970146924243
0.192904726403202,-6.60195103318749,0.289666678729229,0.685744008387972
-0.485627695803489,-6.51813444085205,-0.613767583377409,2.17169342309966
-2.36246322769404,-3.68532781721954,1.20416816866459,-0.405501385277008
-0.9229334198353,-3.96897976533303,-1.19619519085792,-0.161355008348237
-0.531357802958227,-4.41019674373566,0.67391356328492,-0.139521704646708
0.00603436205806707,-8.94091909503361,-0.629334443507992,-0.257727243236597
-1.27238419668236,-5.69992122790271,1.00087416247428,0.178678832493165
0.867008509403588,-5.26859964573214,1.88359167682651,-0.565994658607817
0.603080745234846,-1.56813168700772,-0.429889598363324,-2.42100881683808
-0.258002586916674,-8.11569826767843,0.145371273971017,1.13388993780555
-0.53218169524053,-9.32252831767712,-0.757440589353989,1.60438797742982
-3.44765511235692,-3.70791615754914,0.0344694724477764,1.09651985659117
-0.251369785409807,-5.17825059093497,-0.931337361667869,-0.155217259501548
0.000964295016665617,-6.35008337867573,1.39044636129734,0.0281165638898501
0.174056956778662,-9.25703584047984,1.4605449214656,0.912649265936652
-1.15933594764221,-3.00027308567795,3.04681376555638,-0.199042172382198
-2.33137520286796,-4.68507463402002,1.60363169000361,-0.465342254775351
-1.8420093807441,-5.65628031041488,-0.857222753612526,0.81535481477159
-0.850813853192182,-5.16802514650351,1.856067742534,0.101433360357122
-0.87704575485904,0.37787597231029,1.41539546584376,0.923265678307155
-1.32914821470503,-3.16481046476723,-0.335708472278363,-1.56297009428738
-1.62167111587897,-4.75239658327471,1.01406232194171,-1.54445966124244
1.26188164227838,-3.53069219713756,-1.59612128289663,1.04027627076794
0.259180966159062,-6.94827158624562,0.140250155490592,-2.42386609564124
-0.20564613086171,-1.89038064965037,0.195567691530341,-0.577487259415649
-2.48090182626493,-5.07776628854376,0.57958121308284,0.308261754335843
0.0602083996479118,-8.61633061891707,1.56711547391744,1.73501363212585
-1.45426150002046,-4.54859472975075,0.820456022914029,0.646323282892698
-1.87474463670006,-7.95421161432513,0.811773341889975,-0.433421896362516
-1.99383408098656,-5.6666209354488,0.414031239323671,-0.388535604790256
-1.04163334087983,-8.69023696715793,0.611359562884683,-1.82221479368518
-1.03082188101243,-5.08631759778097,0.276105005017398,-1.3651870344277
-0.673317791545262,-3.3617303380702,1.08847298926204,1.56624482404886
-1.67834969228143,-3.81262666063083,1.66054133582967,-0.531379357779159
-1.30655432441623,-1.89047459216629,-0.624082638598003,-1.36229132135102
-0.245729830876251,-3.2375938996335,-0.400177632633703,0.07338669746219
-2.09832944902701,-5.32916841692284,0.156038837048279,-2.02266665659914
-1.46072921877836,-5.28026944714293,2.26106364295648,-1.3385694542135
0.0321051430412856,-0.679926295989612,-1.9212646666146,0.334248932093616
-1.89958791899432,-6.11531436329766,-0.155904741938198,0.607646029040038
-1.598960571591,-4.71504002153994,0.138123542102975,-2.17010671176691
-2.28440211189808,-10.2078981552922,0.0277557171306856,-0.660618609911972
0.0856119370582243,-0.922080065235884,0.213814547341724,-1.16467440955387
-1.34522164596227,-5.82478389570893,-0.356241193924641,-0.923074584484306
0.427587188913432,-4.92165966066347,3.14379166929162,-0.0373691922980911
-2.08019799397789,-3.32476321070338,0.748980796559136,-0.415874462331576
-2.28564917565742,-4.95236250993688,1.46392604357872,-0.426262438954411
-4.3569362310406,-7.5482705405853,0.761449900005453,2.39522752200036
-1.29425412524934,-7.01230901571502,0.670693155320538,1.00525502640537
0.916958628135635,-6.01977112149318,1.05681496061591,-0.63652103555784
-1.36241875332245,-4.62461296627089,-0.0146813870650906,0.69276361667611
-0.222956722296683,-2.45584830614238,1.17925897228092,1.8877033141527
-1.66326782073434,-0.946454441196984,0.336473430195421,0.368558151596232
-2.07622267684143,-4.85869143859408,-0.941758102011076,-0.276865698151812
-2.24635352912491,-6.13272511866948,0.63773793490957,0.364751538514119
-3.42248001218449,-4.7177546694748,0.98878246152683,2.13949329341062
-0.450366237283795,-5.40406179259571,-0.658492167469591,2.28446527336379
0.959783195053955,-4.81077138255482,-0.531006944701998,0.290254495750805
-1.79876130224924,-6.47281520831909,0.344613081828023,0.121479267946236
-2.1256109317796,-5.89349243210174,0.0109199339555199,0.0650516477709283
0.805045354333394,0.0281443688772596,0.481700517727661,0.518390472191192
-0.701098853555694,-6.44982246812127,1.14257078135322,0.14146025360706
-1.25590291049198,-6.52179082392701,1.44477719666725,-0.0377988648290653
1.28538471290894,-3.24500568438447,-1.37380048264191,0.336181046795372
-0.762185181840228,-7.67940574335581,0.714409215367892,0.975464422514837
-4.12895666487118,-3.13894062236534,-1.20255319107341,1.16359768561502
-0.138171137132641,-3.42762232157238,-0.513147107955994,-0.637138246966173
-1.72140471298568,-4.09797986158535,-0.518210607381964,1.00879155929751
-3.03037065331744,-7.86046717903042,-0.958565468592269,1.53916645951453
-2.28885451952636,-3.94972626607371,0.798981836982395,-0.392575319382853
-1.18204602764542,-4.14743344314591,2.17215115834416,-1.57740829140381
-1.30772319718835,-4.01561959745436,0.978943353187976,-0.671116876933163
0.0581073393021432,-5.59070888604134,-0.608013776398605,1.47994261456804
-1.62622444220255,-6.64259567436355,1.61879916405525,-1.82502100767665
0.805463536868749,2.34589445266847,1.77943160733628,0.847091077233437
0.778604732908717,-5.71138022668177,1.30560725386797,-0.197024695582612
-0.412748196246948,-3.78208137285093,-0.288197921122418,0.571401860356237
-1.50662803769047,-6.10905097347124,-0.188942187582974,0.684105529858938
-1.49471196267977,-4.44229787228049,0.34246317726493,0.846432146098633
-3.0474591972176,-7.50059491547179,0.699392337431406,-1.47211731502283
0.418617491347437,-2.75085163694419,2.27435246816858,-1.16943310391025
-1.99548386695629,-5.9936137286937,0.938105687984146,0.707008098358642
-3.86354612775106,-7.71832154784577,0.142457014453839,-0.826110743531988
0.411316700191844,-4.33615467792646,-1.06996719931481,0.788795328018939
-1.77305342554845,-3.28257998721338,2.23587034120839,0.130854214642744
2.69689279405401,-1.54122526688244,-0.410083335668376,0.949829215067093
-1.39003706324138,-8.59495494349957,0.658402784441618,1.40527403116378
-0.393279192607312,-4.21468775095468,1.83434980907894,1.16645388260211
-0.914714269716745,-4.96776824201116,2.48686732917816,-0.0458994851772834
-1.13060171837483,-5.94759637645821,-0.367269747143897,1.74649290575617
-0.436840481183744,-3.05787381263875,0.365176569513057,1.25244656722558
0.796063863026525,-4.0083109412723,-0.031018043579511,0.363582828531293
-2.38104068178713,-8.4487946274494,0.355482918925724,0.889212472659793
-1.54995487242972,-2.10856242028561,-1.16210054770334,-0.605318458800594
0.509318727713654,-6.37767247705154,-0.751745052660833,0.0317031224282396
0.435314391573777,-6.82348135983278,0.220307428161967,-0.313614895291105
-1.05116047398743,-4.40540062360176,2.00025064018488,-0.0890059460632023
-2.92995206329996,-3.95079660037162,1.45174457330045,3.22486624168519
-0.700954423714212,-5.28762523337467,0.851378938748329,0.0972963869347007
-0.269716257913159,-6.04170341053591,0.375685369990022,0.369230702559621
-1.29926062130248,-1.84643030464237,0.1022025906704,0.683602844164031
0.917751307767994,-3.39552351035388,0.181827061496144,0.782958846549389
-0.833724926740935,-5.09659372988052,0.0767547380056441,-0.597427300948514
-1.41563209881143,-5.50027906847057,1.71072258992882,-0.396344550340821
-0.225557090265508,-6.79648419630168,-0.139063968923629,1.42004767042419
-1.68409444550548,1.09541893720274,-0.703170010501758,0.385216610968985
0.192443655463937,-5.80406884665732,0.759429256567835,0.0892152614663999
-0.930512154830019,-4.31718247843163,1.26606441958685,0.524381148541508
-1.35834137862295,-0.472962988896472,0.785592996823647,-0.440284443194089
-0.314269209871408,-3.44010052864571,-0.766747782039717,0.935581587845085
-1.62175965306978,-6.39946503650568,-1.40788243809436,0.18983211512892
-1.30222053926446,-4.00049780599459,0.697427658804562,0.364162867116729
-1.23583167832173,-4.11433876757082,0.825016321502621,1.02088372419827
0.935834370323948,-2.4771863928591,0.340769571106074,0.00219627224009544
-1.91605641572821,-5.85581430877531,-0.65160199937627,-0.620966519331154
0.431544396399404,-2.00548216264879,0.46165621568707,0.708012671299139
-1.83320715522241,-4.13778481599934,1.55737117569283,1.40126747647508
-0.172551334513836,-8.08347730583271,1.11885894098784,2.17203636699426
-0.728512558213607,-5.46157660362638,2.14147693647664,-1.56335309407879
-1.88828334754243,-1.05755669948075,2.06131392559479,0.57738474571396
-1.1339254306039,-3.33649261502053,4.45097386249375,0.059942680055315
0.389119299864733,-7.24797524609622,0.619336199327599,-0.304320278787249
0.623879398611583,-6.42733190190222,-0.565590219614686,-3.7690520772235
-0.0198926603372344,-5.22955344251104,-1.92209269169537,-3.51704849927043
-0.936956025264903,-7.03897801872759,0.405029643844168,0.534914836924807
-1.04028812919998,-3.22869046529224,-0.526322251711987,2.04144882862128
-0.811173369565117,-3.24500233898544,1.2391882000658,-0.656732346962344
-1.56817032114285,-5.5506190541143,-1.64988649308753,0.544227175007828
-1.40970447373061,-2.72800462037702,1.68357553810634,0.782489446690381
1.51702154564702,-3.012846559547,0.198026201943804,-0.840894591302563
-0.466758740971735,-0.607510822773855,0.12974712415192,0.948492249397918
-2.23769553504971,-8.11544392151933,-0.633955156129736,-0.730719331705611
0.218243278211312,-4.73216971241664,0.319952692850912,0.467743749914819
0.0592611773161812,-5.0840996548509,-0.266191535581389,-1.36416146617794
0.0183975460234355,-5.83629632012552,2.26427477708528,0.357671220887625
1.15746846905574,-5.06325286719005,-0.0959786019064197,-3.99359149117947
-4.00368882549647,0.448027574865678,1.51027217698676,0.171923321018632
-0.853076136640436,-7.03663878620275,-0.0768445363571039,0.552898622512217
-0.167776398008213,-4.63246949919899,-0.587640460159398,0.959998229533128
0.42995758481023,-5.0675491510376,0.00619031579062168,0.857148743972678
-0.0800488724065329,-5.38202576398171,0.572369973057097,-0.608356826047389
-1.42839623080129,-4.44762502080388,0.389424974594694,-0.366350840351887
-0.757703665741831,-5.32046691185702,2.25850613040492,-0.559402264325679
-0.721599755664426,-5.15482066532744,1.60022673033837,-0.404003462512531
-0.740372119478611,-4.245912409862,-0.24785426379096,1.9498001352979
-2.86518000374075,-5.34123206524785,1.15739987407615,-2.09880204460245
-1.89851466491208,-3.45414873340428,-1.09384615726878,-0.832489881506889
-1.21436628190591,-3.39135262084981,0.413945063008215,-0.487385651009372
-0.00704167668937672,-5.69282146934408,1.64019931213045,0.739395507276452
-1.05575801731117,-4.10466303961063,1.13784780290178,2.94165457823444
0.188509683580949,-2.28228524438747,-0.0870522143053286,-1.50085665698738
-1.61930817003084,-1.7589195680883,0.634036378974801,0.480028647165063
-1.89752496909699,-2.17900254270959,0.39396820244102,-1.21845631470818
-1.33339547575038,-4.69016019750916,2.43018811308745,-2.02842675846396
-3.27560879811062,-7.86655683174148,1.22194659647291,-0.231541794512986
1.43335606389636,-1.97657656380035,2.4055996125974,-1.03628041382616
-3.55503011990733,-4.53156765157589,-0.349445469323112,0.0910909035599535
-1.40552669613433,-4.62299210327374,-0.232642349186145,1.26681548813464
1.57147727766633,-5.48331001407869,2.24676810809409,1.63076003277087
0.177747139170833,-6.11821432702023,0.796691428006128,1.57656786150733
-1.89032489394669,-2.98567264413879,-0.275076910753946,0.710591228186274
-0.79136854111598,-1.14282045726587,0.261387916470057,1.69295585853687
-2.59468070617608,-4.79567202132281,2.02170510256181,2.14383769678708
-1.08067406162639,-6.55547931701411,1.0635489894406,1.71259193452635
-0.11954479581382,-3.74357155150458,1.30145572202473,-1.14761258639794
-1.00405317664612,-4.54352012245267,-0.167284142978138,1.24664192402369
-0.861079625589262,-8.77515251329386,0.833501836643422,2.93741610016318
0.265689204208075,-7.17583082338822,1.36121602211332,-0.616817619890734
0.0888278883125759,-1.39888136989516,-0.989327167739799,-0.530372005577319
-3.05465787304949,-8.50007340769174,1.56946463905922,1.24244176049679
-0.585119260722899,-4.72382614979782,1.12885406447487,2.15171608377698
-0.591608284134337,-5.11550041892729,-1.5658027985308,-1.78068060025486
-0.741058163085139,-8.50924302560835,0.313557017732147,-0.863233795519235
0.282068101753648,-2.30622349354848,1.59564197107964,1.16211163485728
0.531471835829757,-0.856416573683429,-1.27321830402232,3.67970387696946
-1.07396471039965,-8.85843586468626,0.44332360481751,0.598627794004308
-0.54045129505828,-4.33053291159053,0.575770144721774,-0.303706129131245
-1.18729021349087,-5.05629065307131,-1.12419078008744,-0.790120544150932
-2.66449363784561,-3.1515286856623,0.184768714976599,1.23826071198277
-0.965702064966742,-3.00602202745663,1.97517995574638,-1.04688117910858
-1.16812861514522,-3.78669573272884,0.455452056371523,-0.524419627046595
-2.39326290276842,-3.86644575738043,2.27759344153546,-0.263508338911608
-1.91718562233452,-7.20337686772403,0.903156816815074,-0.134656676849521
0.083883025859703,-4.81601788388338,0.123037171504681,-1.62828972015366
-0.717128918727068,-5.54071676078659,-1.50803225958518,-0.0406497261460144
1.22965102494116,-6.95061434214841,-0.566613343335373,-1.75523680966312
-1.66284151038111,-4.67647125334535,1.4509680921233,-1.42631490727556
-1.00084826323427,-5.58432354367425,0.585961003577287,-1.1615442952911
-0.384113368585936,-3.86056232714474,-0.768289077053057,0.925042386286916
-1.73013964312943,-4.10402337793446,0.455367284917444,0.0944945191233171
-3.3473328320227,-3.87187053347772,-0.593002477213821,-0.187525289324184
-0.606937218105443,-7.02330881198061,0.494628666930182,1.62129700708672
-1.73598762195778,-4.79987057422157,2.18526581615934,0.416556037307867
1.43983197597235,-8.11714164378189,1.53240659335998,-0.470262402300099
-2.00706657455506,-6.34278869960989,-0.562883014213699,-0.2472065344233
-0.018556996125123,-3.42130266719407,0.49187302573574,0.0223145001520973
-0.996068442573707,-8.04698963283794,3.04711450418653,-0.0208064517498671
0.299820278482663,-4.71490185125691,-2.05766273573475,0.700349189523835
-1.24979569816953,-6.04308208547745,1.5929455830379,0.177230111990083
1.94163027215756,-5.16005571335725,3.12496930466185,0.85961733577652
-0.631759331258814,-7.41896747215015,-0.582754917593314,-0.229460771482218
1.09034247515343,-6.90948114888865,-0.743782733583013,0.944714339206853
1.19196223978621,-6.78797341129883,0.497975356187017,-1.37026198087697
-0.587819254244589,-3.17257661273456,0.180464064975209,-0.182239152867511
0.47484878095798,-2.95072619515842,2.79296818689456,1.126871594037
-1.58033074307404,-7.97702971243076,-0.856109885632918,-0.00517043283254198
-2.03226634737311,-6.52592080352566,1.66772400099084,1.07618331493056
-0.423699117234485,-1.42817509428737,-1.40033665910791,-2.22054219175975
-0.708996347062615,-4.82344715352277,-1.9772019559525,-1.01152837764357
-0.60912644293981,-6.2208655193065,-0.318443039126059,2.04831659201914
-1.66329797885322,-7.70098318564345,-0.133951679254301,0.534293780781175
0.956941927514666,-7.91700004822152,1.90545591105855,-0.230876263383395
-0.166729197786249,-2.15314970706195,-0.589935128173139,-0.446763746004255
-0.275140098826717,-1.80286135322626,-0.211051440456274,0.178775292198887
-1.74816468342175,-6.41154670060082,2.0689190412207,-1.18445936870596
-1.75761793924531,-8.80257297597242,2.27210292883349,-2.07892561584583
1.70337477819237,-4.62474886055096,-0.400398812415793,-0.0700923348244429
-1.94020578698962,-0.895741472505803,-0.456643526737952,1.59537547260468
-1.40268097287621,-3.04349875192981,0.633877059725731,-1.39823494975001
-1.71014432540745,-4.38146227096502,0.653176602936191,-2.13128187278377
0.830676888072619,-1.19773240701313,0.083145708777791,-1.00044200780969
2.16365480919622,-7.95482406647545,1.97406037578488,-2.63312540187326
-1.35326076492067,-3.55598461475568,3.00158322648093,-0.329025953640237
-1.05925611289708,-4.29839114739733,0.398815714559218,-0.784899094216466
-2.49749946948453,-1.32861251043855,2.64333327777075,-1.29816602520323
-0.756888885131227,-5.58096754458908,-0.94065727324783,0.864066783732828
0.291279600996322,-7.05633534595565,-0.0178733635133634,2.01497019329386
0.396612149990128,-4.90669252225169,-0.970910877438897,1.21350746198982
0.0753890321890259,-2.83185925238457,0.575785964019251,-3.40718160887722
4.9326618659732,-5.83163444297966,1.25588197557322,-1.60237784998237
-1.81258980040054,-4.69512854875374,0.61005919705953,1.42825643983976
-1.28650378194486,-6.82988785418642,-0.761202725397371,1.47970276380701
-3.59675027360036,-6.0072010523172,2.12087106269231,1.03468855328211
-2.2604514138791,-3.0186871217299,0.34011298119858,-1.14960508432372
1.64084908134363,-3.63912718193523,-0.120420911094006,1.38860985283163
-3.89621895083673,-2.72286086181846,1.098904106549,0.843189893498517
0.560835646305174,-6.14711209128665,1.93771187647279,0.839187814709283
-1.29322885766475,-5.90820571712141,-0.467004213394993,-0.260829128948656
-1.98761031293884,-6.21245311085625,-0.787794928315406,1.85368499818523
-2.01905197318368,-2.87660557788544,0.669122092821298,-0.500124581763884
0.803760521146025,-5.04980576052606,2.20713319900767,-1.48404101566142
-0.248188722275915,-6.92766774952447,2.25959394209587,-0.0771004193960477
-1.1358648129126,-1.31702384113642,4.03761248176133,0.00835475856146957
-0.00194906871845762,-2.76566160698285,2.39148786350314,-2.59880304976881
-1.93027937867607,-1.07530587710379,0.126096105502057,-1.91118773667763
-1.36423026511912,-2.6691875843071,1.30077910885578,-1.56949692504506
-1.14236587045353,-6.29588937886187,-0.349770135559901,0.516055861341628
0.323207370396758,-5.7458656496099,0.624575703864574,-0.408189504862145
-0.596413429986308,-2.00654878423942,2.11963831920458,1.74831516685239
1.46975556703088,-3.28052081716849,-0.130848651164705,-1.19595295292433
0.0262909608469526,-4.89273586831492,-0.00785270107975022,-0.0438165192547015
-0.127103956752843,-1.65218341591196,2.82056392511469,-0.235318548404423
-0.86653519437301,-2.8358240906304,2.60561397770206,0.347818170243323
-0.509482359449153,-5.81245413762686,1.3676305180647,-0.928493069255717
-2.30874706013805,-2.82717901624503,0.219283893106752,1.20134161673424
-2.13942443964228,-5.75835327142005,-0.932948053160611,-0.548889873316193
-0.827508087120995,-1.9920003170957,0.571993537962557,-0.440522469283372
-2.19137467022394,-4.23301334458427,-1.34835130775138,0.362218837586133
-2.90294582306175,-4.4754410283389,0.617670260939171,2.23732146446393
-2.85564034356611,-5.97492540410393,0.0174715589509101,-1.17571256701102
-1.0419730697599,-5.13092657501685,0.805545919774299,-0.796284460104763
-1.91557232403515,0.272679794592543,-0.561521668698859,0.985250604140753
-2.45994741011043,-3.25691345636198,0.0258251450232452,0.757405071412628
-1.75158915708326,-8.25113025931888,-0.378947282035527,-1.3610158124338
-1.75274076496821,-5.35666906002144,0.418933811025506,0.517268165694619
-2.2780589364636,-5.37113496539111,1.54647268381524,-2.4166495856805
1.42534204085546,-0.70105601359741,-1.40504239668627,-0.133702331995475
-0.910507378056382,-5.0357119395539,1.18224212796718,0.233396271638268
-0.636314074858493,-5.58932608643175,-0.620217970343943,-0.284281085279846
-1.71071686402573,-5.32037518940356,1.26482645027982,1.25530688399316
-0.0575623975129071,-1.32654130157435,-0.724068983278209,-0.308843953893005
-2.26955772854461,-5.94746203566404,-0.874828681295792,0.530848405505843
-1.67091378417717,-6.36351494809859,1.89013598538001,-0.9094359446041
-1.12118620556695,-3.59899371686473,1.56021327927228,0.735137393612625
-1.33891900801399,-2.84777536006285,2.50537862111522,0.127155839801658
1.07564366816718,-5.96962524608019,3.29623483140629,2.21788809810217
-2.69546830803898,-3.54184845762134,0.741099930620991,0.249947222037522
-1.9159728969473,-6.3042901941169,-0.768714038506066,-2.28472420509771
-0.102980879222159,-3.54283750427607,0.206200422102979,1.79117581077906
-0.472258789908778,-7.05733939932876,-0.80105932035713,1.03476990493969
0.0148397723264873,-4.30548756451257,-0.771138801316353,-1.61604703985997
-2.95487450718856,-5.52412947950086,3.28676787006882,-1.2751430585182
0.336432023349152,-7.1594261982679,2.55024388019458,0.0275977902505913
-2.10834616822559,-5.57282269173674,0.486549279052376,-0.688113311618894
1.78244378555703,-6.25003483407038,0.327625878005985,-1.39160784979027
-1.84479706405914,-6.76169563843717,-0.44966477231497,1.97328125335765
0.65279405838862,-3.46586459277703,0.984767664292491,-0.51268442590728
0.256581284749311,-6.60501247324817,0.823245032220615,0.843121358760848
-3.13624949819378,-6.03391848710232,-0.629948239354833,-1.1834795408335
1.6093659848868,-2.73100302105771,1.28938976265617,-2.48476494168253
0.152356402504015,-9.31218652866961,2.98449406590679,-0.734428293614219
-1.00493679796624,-3.4454817543904,2.13069814902984,-0.638965239403175
0.00923596402088761,-5.75284529304864,2.0023125314923,-0.293524354846066
-0.423215011646937,-5.16118923396029,-0.893915541299276,-0.314560832941673
-2.97682915082706,0.947772317439486,1.19414936962895,0.0033517084445962
-3.48849060338127,-4.85139773719919,1.15899926901069,1.56253097913211
-1.67347678815133,-5.92988271651511,-1.43405419848433,0.412123902064145
0.538543895947105,-5.14583950804942,2.55686747876135,-0.458053450029449
-0.906835341726325,-7.59189132442362,1.4369853858554,1.10278802437399
2.27979976114931,-3.66349099249917,-0.0107714021310843,0.341429407257558
-0.586021271838375,-6.92485433364191,2.04048641402795,0.571373069634006
1.12878562928619,-4.98900348961759,2.68878471683359,-0.462067248908463
0.0764750625637735,-8.86639780945989,1.56849150616432,-0.894544915916549
-0.633007998933346,-3.70919162327753,1.0493974130112,0.656060533360818
-1.27839032297715,-6.77737497787729,-1.07210604343829,0.845720049947576
-1.40953854870851,-1.17951100821691,2.99155788855564,-2.00220931203368
-1.9543234313687,-5.66428555488632,3.09744384231667,-3.04318142205258
-2.38590321933582,-6.01427129235912,0.16863819849392,-0.777318933497217
-1.94395243331521,-6.0606027527899,0.566164292291777,-0.0264295886951454
-0.0473092023175869,-3.68449535160255,-0.517140194510342,-0.45023114125269
-1.80294636280145,-1.94087201749808,1.31306532892655,-0.740597256913699
-0.813950710781715,-3.84065415342138,0.264520720500068,-0.500501649209688
-2.55704099205301,-3.87234352698037,2.0415060172395,2.47896984261951
-0.103520521587256,-9.18320295998728,1.44264337562207,0.324380298813155
2.19386052616881,-3.56393299655297,1.08350739415436,-0.360397935860826
-1.32328893847475,-4.95371505752309,1.40033729351911,2.1933439626475
-2.03544164358705,-3.66457027403755,1.50686669962767,2.61482737581885
0.575151605735114,-10.8494943078592,-0.69097369805112,0.504395601831481
-2.46942419227339,-8.02900040258747,0.430791235755071,0.823414246537274
-2.47594619767173,-3.04363358193329,0.493414527064054,-0.781621578351809
-1.87775906694484,-6.67453687748696,1.64969793066363,-1.02505206064987
-0.982233506732263,-2.07471999340928,1.02768252525249,0.0450809679345126
-0.484513976160847,-6.82500025917626,1.25879922616793,0.760616299736975
0.730863828815053,-1.72389161220428,-0.343654056607701,-0.185687664645465
-3.8585357459626,-6.97489844413511,-0.841163486898207,1.40058909914181
0.541802191472851,-5.06442492701477,0.431897412200047,0.720021607377324
-3.00743113693284,-4.59637838110207,-0.321059151371376,2.16987540236169
-0.211500031505197,-5.09144694067546,2.42224621756763,-1.95155082248705
-2.53632865246579,-5.31354500873205,-0.874292939892909,0.0586520925760715
-0.406947176757009,-0.925193768671054,0.493018798192354,-0.208358865471437
-0.876518576097691,-6.78353751588275,0.815026825640819,-1.07377471544595
0.261222218114265,-4.16064784006142,0.261604467613026,0.645792628060783
-1.22152489500545,-5.78496206027061,-0.77956006642817,0.256734771314338
0.130833083473032,-2.89230900450564,-0.209982252926207,0.552554607928691
0.737067110906376,-3.02096755242628,-0.303923228871701,-1.08193850266002
-2.38412426992462,-5.58559284265414,-0.941725832450996,-0.835388256778764
-2.03235196057368,-4.02609022171177,-0.811814671849843,-1.2483348975198
-2.19430495416491,-2.96907230120437,3.0213640440674,1.65411156214186
-2.55729573550792,-4.79664759266001,0.237778750232267,0.075120900394765
-1.00982142168878,-9.22701447440812,2.60183499580339,-0.276667607298688
-0.39905323537882,-4.85605688414786,-0.251392986227142,-1.97816593639742
-2.37654309009967,-5.65789226237919,1.12456766468988,-1.93503105272556
-1.76618521713684,-4.08419740871473,1.09894049120023,-0.208734801281321
-2.67023412250213,-4.79294855471267,0.169853987018063,0.517212475595751
-1.63580066409251,0.13095944942268,2.47004288284648,1.51135578401799
-1.30040976861879,-5.17965520033553,1.54031702490028,0.346309863861905
-2.34278128064928,-6.69461578974468,0.942533905251642,-0.851283593719204
-1.01156504072009,-5.52508630166666,2.57385067935422,-0.535443611307981
-2.14545372424382,-3.61289636401692,1.15104105373065,0.172771256004036
0.136520925991962,-3.6579139937008,1.61088981270822,1.82613360292562
-2.25804622612766,-7.70662878573982,-1.24567709193109,0.305548527864875
-1.47692295920834,-3.12312893822621,-1.42728759489094,1.13185562480409
-0.90750186005619,-2.59705754105315,-0.530605642412404,0.178715779905212
-0.122217314627355,-4.74213006698782,1.18078129567312,-1.22268820338282
-3.4078513948871,-4.37380228684469,0.267585353954772,0.677343877069742
-1.17133866562859,-8.78817260168156,0.985925935722115,0.141765935986116
-1.00586516434665,-4.07746385070328,0.0362742508044814,-1.42003144427442
-1.96735942629073,-2.7828901432313,-0.763234025030154,-1.53096940766091
-0.449873083121364,-10.0900177294724,-0.230508687423834,1.14084557849902
0.229321851771376,-7.73881794981166,0.517071607724845,0.450551354938986
-1.73628956229509,-5.90456734943819,0.20250040643226,-1.60500133881851
0.425199079917018,-4.50393525309403,-1.18218587542695,-0.0787101186387669
-1.39944009383801,-6.92213603677327,0.967844010763309,0.805798547946703
-3.64966641724254,-4.25006504531476,0.272114949482377,0.683946550486726
0.593803862421689,-5.769496025765,0.696337478619191,-0.404109561891424
-2.38308840227588,-3.37047438493939,1.28353825807217,-1.03871768652534
-3.23267739181129,-3.20712765853145,0.666364192157589,0.971689210813294
-1.54463243478147,-8.35858621407075,1.29506812326497,-0.259726009060192
0.190650859510331,-3.49995765197509,-0.177882841430698,6.33105325123541
-3.73419886538732,-7.25416459192708,0.278185555240838,0.619511290308812
-1.53152129046453,-4.36017646745976,-0.201372997766829,3.21044103654171
0.550919830136017,0.490854958244076,-1.71112069574065,-0.478914587629597
-1.62904403658649,-2.47651945699937,0.209874435319184,-0.375541232852604
-1.32920901059981,-4.97071833367467,1.1504899191738,0.114608616929722
-1.0429151851368,-6.85655072581266,2.99918614537671,2.13977532204261
-1.41773022578955,-2.56189540420597,1.64397606413006,0.693481453135419
-1.0395289630501,-2.17993223582167,1.85491885409976,-0.718056369668493
0.0140452920265804,-4.88765146590363,-0.617484799233819,-1.07011173109435
-0.437952109235803,-7.11632692914894,0.856321489696982,1.37734902388679
-1.70466433902882,-2.94996500066143,2.16101440098015,-0.245879040392882
0.727684196469094,-3.7199922748161,1.11982352530053,1.5295147128894
-1.63773511553382,-1.85721797988004,0.598140628611889,1.03982683894471
-2.97360929020111,-5.75182752588653,-1.03716223220833,2.0071378178538
-0.975543653116686,-5.13171222789206,2.13438349858833,-1.20143777462776
0.179069981117357,-4.05063294087879,1.5227489285946,0.674339442089055
-0.32416701644559,-3.91143637300995,0.0355990128087993,0.911027121882483
-2.8545702371181,-4.67099142436553,1.29162472248834,-0.114416489667685
-1.77322332604897,-6.80957091258295,-0.0208282942302541,0.507776818957578
0.141635689100824,-6.52312712157723,1.34498747483959,-0.567410975053331
-1.44293376358152,-5.53486652598051,0.81490992388658,0.907604202029838
-1.65071451526823,-4.79385026358085,0.14142080630214,0.453959154981402
-0.610341455001653,-7.27980531968548,-1.40454025484084,0.010023478517357
-0.618897046432345,-1.7734085875637,1.92156935955421,0.275668854688278
-0.994050622530719,-3.49093502853498,-0.392710674264834,0.0927737166947016
-1.44193081401031,-6.15659219845955,1.48424898196701,0.281779723430078
-1.60137003537878,-4.95145086150105,1.04111145338818,-1.39586865672813
-2.39714253760678,-2.66295660859182,-0.0883640119546141,-0.973937010215139
-1.47546294296472,-5.35635366590798,-0.0776169582210511,-0.51756085348395
-0.00147893172706201,-2.32847382469964,1.07277415553908,0.34917366450011
0.197058037953963,-6.01046207354057,0.785476088022408,-0.457842833873045
0.632228114142419,-2.55659930977215,2.32377220308451,2.69036810626323
-0.408721277817247,-2.66831120083072,-0.163300998968099,-0.684457951294871
-1.07956805889116,-10.7308411695015,-0.982466688158636,-1.56236472376533
0.122597562375772,-1.97454278958513,2.45703009517071,-1.71763821040026
-0.804052819540792,-5.2854117814418,2.4041978447095,-0.457047142121063
-2.78012232618382,-5.056947664767,1.20567434674969,-0.366060758001349
-1.74432988683689,-4.26505277683604,-0.57595311228073,0.0509159842444942
-1.74415792862927,-8.42109195882899,-1.6932077635354,-0.37319008952442
1.43745525857777,-4.62005476514641,-0.927021453106214,0.533328265021817
-3.58978438611323,-5.94977885748846,0.164766872871235,0.719851510602115
-0.608528867944393,-6.25295783023239,0.995466463104415,-0.101478340699932
-0.535974026098825,-2.86211151512525,0.164380186478555,-1.16262529201212
-0.780238428650426,-2.35278908863598,0.983294661418265,-0.0503948539241681
-1.20625050054444,-4.57990902377961,0.976370957603164,-1.65493544504641
-1.5700360302645,-7.5286348988585,0.0828097001338357,2.40575156763431
-1.09714441358753,-3.52696739062034,0.967885954056257,-0.615166243544604
-0.094377432119489,-9.8743147371485,0.602790190230274,-0.291391485677241
-1.10119265882181,-6.04301181171107,0.997037259243634,-1.79606374382304
0.169466458579734,-3.57036349155647,-1.75024375394949,1.95483043762715
-0.356397022516687,-3.79320023481922,2.03991343638586,0.6392387178183
-2.70776344689802,-4.46998759786735,-0.569124952004481,-1.19454945038308
0.141679304252031,-3.35258355172976,-0.156466270985109,-0.0519821372586983
-2.55659335242823,-1.5930756997974,0.976813328896074,-0.433338310918405
-1.04834530975674,-3.96485923563978,2.03050646216608,-1.19120832969418
-1.48355648420694,-3.05019299654426,-1.10075859641409,0.359720016116729
-0.766855761267024,-6.84782765478971,0.666381427624607,0.989279818870799
1.91051058729714,-4.38475635198211,0.580774443283454,1.99012757650519
0.0682288674950965,-2.77842549463432,1.61692582577012,-1.21370501578011
-0.969072388376366,-5.46476300662336,-0.432732119790845,0.729643028956652
-0.972308838750725,-3.87055037205898,2.56694824553137,-0.461859918829824
-0.555923033047395,-4.8054608530818,0.808105502118027,0.122372349013491
-1.47202576078044,-6.14245873799921,1.50366376642738,1.31182446153974
-2.72610387779914,-6.25095903441554,0.601365140185225,-0.20910571191301
-2.11712143684657,-4.48752645020902,-1.0415859268947,0.962901979970507
-1.30467613645103,-0.845094445105655,1.57919806646298,-1.049911336253
-0.670408306502603,-6.31528160407447,-0.392644312528955,0.410184177482441
-0.801092110841467,-6.92347599977706,0.217112644236136,-1.21550415252531
-1.90021158393324,-4.23658156182094,0.0990968020263541,0.267274362739986
-1.31445527846021,-0.548996636985622,1.7760125715775,-0.415628062932126
-0.190062921571859,-5.47693817406603,-0.587837114105324,-0.526958703519728
-1.88734593456947,-5.27833017094654,1.51991890009825,0.460791722432737
-0.673800441877322,-4.44133906030871,0.896628194840964,-1.30141288941128
-0.90526440709277,-8.28353870023073,0.204533521152684,0.0512495172296048
-0.178001340063936,-6.77330145940687,0.138994885773008,-1.7855798883775
-0.67130379299461,-8.30958601161088,0.991068347170124,-1.08136679113491
-2.17589424245691,-2.56013948323074,-1.57808576445645,-1.3896637328525
-0.127094913002165,-2.6877370788094,-0.349893868795807,0.525308363048689
-3.53083861833245,-2.06037383212829,0.612080213086648,-0.204662392800411
-2.30503922420688,-4.81731345743742,-2.40149997121423,-1.23994180981548
-3.02261307926276,-2.61718401934183,1.2651235529989,0.632048449628106
-1.8555556492105,-7.05941000506623,1.07203736486981,1.26072474396037
-2.17340835088452,-6.60217363922181,-2.06331501304315,-2.56234350261689
-2.12213822711295,-6.67173476857428,-1.03210107670384,-0.0651537385545754
-0.211839634725179,-3.86849564878217,2.97696059969287,0.224207760369734
-0.173493252775401,-7.77050750000583,2.25820732368963,1.6655673252279
-1.53046001575572,-6.09941189208776,2.9444838757211,-2.4183411755724
-1.04543381496284,-8.28165547948278,2.45434581055085,0.0496689932329123
-0.770873458230792,-3.73876633701839,-0.341032033632912,-2.24968086439818
-0.734648705794944,-7.63260736994271,2.21230664783837,1.08544504416598
-2.92171061632746,-1.72666902039818,1.09373888047838,0.886350137559743
-0.102364120572372,-3.3828362992064,-0.152949736680866,0.270838560285484
-0.127948496859328,-3.93341435155065,2.07253689877509,0.571043711952557
-0.944281884235442,-4.10552319346568,1.10472922107395,0.670103191788729
-2.42688554003744,-4.12646246786187,-0.422682460460853,-0.270509087511105
0.153717318733525,-4.52081952086662,2.12058504583184,0.130903799303605
-2.28174295187997,-3.42180398815925,-0.0696963000490586,-0.922724334429749
0.423234142600336,-6.13018076142404,-1.46125415264526,-0.535210384309964
-0.227748860685924,-6.73048476167626,0.674057008433266,-1.50978210275151
-1.11431432906999,-5.71341279141189,2.30224252024144,-0.548159774204246
-1.49909784650284,-6.1408845540887,-1.07917760453313,0.843710082830241
-1.77449544162749,-3.91097040417711,0.22046448213692,-0.0200904127005748
-2.39281836901255,-4.94113054368502,2.15200713640974,-0.0524986408080115
-0.955759962836874,1.22921132478104,3.48465315619659,-0.832896940452492
-1.01590518448313,-0.875787510677534,-0.180910233877383,-1.46510883885634
1.5102104656285,-8.09958392014882,1.55562484711768,1.35423182658811
-1.68656977238552,-4.42445907040242,0.792385687714236,0.249284828665741
-0.864544512136892,-3.9920065453915,2.31101867672297,0.292105718023788
-0.736850190353651,-3.10231216485189,1.14416387552229,-1.32301372373715
-0.187906897991148,-8.23389445606764,0.751488102044165,-0.281581378265463
-1.32583219379209,-6.56141997253078,-1.08082200360118,-0.884895504326248
-0.338710486764343,-1.81854967630419,-1.21735522031763,-0.336877278180993
-0.976048298368658,-6.16427549040827,0.299292799989445,-0.0827897921345049
-1.45260111955565,-6.52821420319555,0.637313973427593,-0.156860646150984
-0.711930716396946,-4.59536973552792,1.01742431519531,1.12890384107836
-0.488934336216933,-6.31225943433363,-1.14335564736432,-0.670544911093393
-0.186191484815614,-8.79603910521592,-0.530573237432158,0.433057235346926
0.335813431248287,-8.93982469027939,0.0287256974182804,1.27654616829726
-0.600799127917156,-4.22443400574119,-0.0413770573416508,-1.36524493308448
-3.58305170746716,-3.22955566482659,1.25946025250601,0.0671055335350477
-1.66082114197447,-7.2966592919165,1.17166927640656,2.70419350663041
-0.588216886376376,-2.71455099644538,-2.39878698187102,0.480370992192108
-0.464195388922041,-6.99005339075324,2.07431632333653,-1.46080926852237
-1.27970442844943,-2.52985455978619,1.42900190459653,-0.626158272164231
0.029823190700591,-4.37030937808837,1.94462062955417,2.57673817606757
0.568502733424629,-6.49499686494424,-0.324699109668494,1.40024572535789
-0.692491598278737,-5.5751454403119,1.4924723939311,0.48485238134515
-0.478497892319861,-3.32883502352862,2.54754503088781,-0.521288827495178
0.462578076246784,-6.19321922426449,0.705678005973644,0.231573572499956
0.184904734106247,-5.13594946652298,1.69945502405727,0.0158183070160193
-0.0817123345821074,-4.24234743022337,2.16773552415871,-0.726867536235353
-1.24525609505231,-2.46057996903257,0.415480993372666,-0.98497890896325
-0.629713765708906,-5.34557403399988,-0.338741595444932,1.22833414285928
0.013794631708967,-5.312154282261,1.75814365847546,1.14951143388178
-1.67039907683362,-6.87188473232411,-1.51699938308465,2.29062784351563
-1.35797003199806,-7.11122424409534,1.59570293560149,-0.93696628395999
1.60392386878101,-0.598392329257175,1.78642354537525,0.0615651448919577
-1.87058542906871,-4.4409009075809,-0.526941492555828,-1.29605214434812
0.532718433775536,-2.63433465036452,0.599870771744649,1.68998376637809
-0.0550328465253881,-6.03040904037733,1.18318801480333,-0.577187096589735
-0.980904799226531,-6.87640724164006,-0.149351146002907,0.058109166631071
0.00750585763466949,-5.1909221826647,0.966686918119376,-0.377890137674632
0.239065759200557,-3.64981605403151,1.90651751396883,-0.498289576209458
-3.19236427020808,-4.59881226135099,-0.716219285725578,0.62544904850623
-2.91101939241601,-6.43760546587237,-3.65327885008078,-0.797516163527741
-1.05879003515653,-6.40066229399672,-2.03560309699226,1.15165179980461
-2.03401696965256,-4.9188144367947,0.891183170304685,-1.90747799047171
-0.384769482586668,-5.83445801020439,-0.1694756893553,2.01673092980855
-2.6741818910404,-3.62111696281972,2.22650946757796,-1.15087597627806
-0.104772209767946,-8.28062228913247,1.03515075711629,-0.753375926611105
-2.64372606943813,-9.07624334943833,-0.407950356586017,-1.35760131210076
-1.17458683117538,-6.11649975100388,-0.490983849366986,0.181775683813747
-1.46242050202967,-3.90556474277285,0.0979573232818529,-2.20223114224192
-1.64158366183539,-4.4474523580598,2.02388154352044,1.14657280211968
-1.51675895901777,-4.99936597987873,4.5357054658168,0.763273372053127
-0.80769218216431,-2.53278655530577,0.0470832885207868,-0.64944685674286
-0.0230118183953231,-5.65994662694383,-0.335684979756341,1.50949104132856
-0.633792778400489,-4.48576690134112,0.283467073427696,-0.322005452529571
0.827594932119685,-5.92922685767391,-1.33812145323417,1.06648358408153
-0.843809170497219,-3.61018389107942,0.0313077242264127,-0.509752866227676
-0.754424565872805,-3.27629622073717,0.201723012650536,2.64005219727277
-1.70539044471477,-8.02984676873456,0.740275528288553,-0.859377494022311
-1.70320173231963,-0.914456386047204,0.303825987203361,0.0483750227896464
-0.491428908824579,-3.3572247825974,-1.18683875075783,0.62316827405019
-1.2791959709376,-4.01644306612919,0.378667433230569,-0.0289461765407564
-0.0584515711400274,-6.96699250576241,-1.88227218128364,-0.635164897048098
-0.0683190418222916,-5.91747040637201,3.07580254614753,-0.011050475732897
-1.77614671890211,-10.4904568801705,0.895004626444193,0.654991313695214
-0.395222814145173,-5.21379310465618,0.898238235924726,0.0711562648195985
-1.10183861257067,-3.45269471207264,-0.186253523648265,0.414632723914904
0.263267619810886,-5.22274151108738,0.610035482291052,-0.423851224747172
-1.61117044577038,-8.21949084092522,0.131824993174813,-0.73473863847354
-1.77043493396201,-6.9862520429446,1.29618633725053,0.740149906420457
-0.733145295429678,-6.26985093158206,0.578348139430895,0.622165375885861
-2.82473871106762,-6.14231870767766,1.62500407712407,0.432965401578321
-2.48187238190824,-2.04640269435539,0.984876766435998,-8.08164797375989
0.551997486902375,-1.29903280527035,-2.24526308603499,0.477660651925118
0.942184466480785,-7.48472828006191,1.31707663748717,-0.0240041277989391
1.39888264907427,-3.17315513221442,0.142825704053584,0.565723360580123
-0.78783719939711,-5.05749324646189,-1.46652779071149,1.870805734569
2.13662842236206,-7.11470930733369,-0.323448215982381,-0.0616552962249613
-1.70254676521227,-2.61255028308074,1.68215408163339,2.82890780002922
0.0358289670337147,-4.87530334445045,1.23122796753568,-1.16472839727776
-2.5170248107192,-5.96918696295479,-0.583393810868336,0.823225811529864
-0.391709520483295,-5.11813063820102,1.29659109318128,-1.02570354715949
-1.26123872657802,-4.32594505884587,-0.194349482234791,-0.384231634252648
-0.498680362815127,-7.14130222965298,1.57911569443349,-1.03363047330553
-0.998219128082322,-3.18349819552832,1.26241822040325,0.218296982693921
-0.617436960883007,-2.45993843064555,1.60352708166174,0.561140690191188
-1.27183476030129,-4.3794736349334,-1.5736010388913,-0.601657160284713
-1.23032626938844,-6.54151437654747,-3.0574871298195,0.913805228105626
-1.6335216137421,-7.24351241143499,2.47484477255784,1.69498558521202
-0.599785285696415,-3.96981941003873,0.986785158736247,1.84371166304486
0.657274416711523,-5.89992524227047,-0.034379434952375,-1.15912214009743
-1.62850827804459,-4.03920656873385,1.76187740557441,1.2340440875631
0.54912437592162,-2.45380776662857,1.28197966346152,0.731318751835758
-1.0985411989757,-4.25064759654951,-0.914170456368981,-1.4122449334489
-1.9286530797503,-7.34372085078767,-2.63072536823474,1.55200478918051
-2.52024487194134,-5.88817732942961,0.669625065282971,0.0354627146672356
-0.272495083127434,-4.40220133574285,0.972731787610955,-1.04877684498461
0.207502696467024,-2.74897899635107,-1.24928932671056,0.988317618461149
-0.464408110240563,-7.22207337455244,-0.163703726833645,0.0420516763913292
-1.1755144272276,-5.37477275139357,-0.382191893655129,-1.8904322312535
0.345775849063441,-1.38826106845609,-0.651884096467237,-0.472048789212383
-1.15766555378203,-5.66658975228653,0.0749980096825102,0.693092780640544
-0.206858011402795,-6.52822838049729,0.570449524995236,2.19471495574017
-0.597990253693564,-6.09460823287897,2.76775560293423,-1.13112252775818
-1.66611389544905,-7.39348086702117,1.80345033118645,0.792141626896952
-0.811186877391062,-0.745550271783011,-0.428845899225037,-0.00439258125430442
1.63200643153558,-6.25073859508652,0.108275705066165,-0.849381672450734
-0.330392365646199,-3.3424195704153,1.44407922813758,0.182425602731159
-1.59464790815061,-6.9141974140073,-0.54536525690359,0.936462671287935
0.71887722886226,-7.63360458892382,0.189927834500327,0.306348313992623
-0.746982443088334,-2.8698841605234,1.54423898570168,0.600393808983608
-2.10326490779272,-7.52596628081613,-0.0574955615271495,-1.15350697251384
-3.65999797759221,-4.7050266645658,2.32970254199188,0.0303751955616909
1.0654664975795,-5.50216951216035,0.0205445662605036,-0.488337123896929
-2.25407338062757,-5.75597216301564,0.331329978117741,1.49328513915339
0.279554585598248,-2.53405848728149,1.42021928669755,0.348639196915123
-0.588785886272814,-0.307120996751963,2.41649114001914,-0.167154482115317
-0.801656473498388,-9.22483130267204,0.567837915527481,-0.560830226379158
-0.340632727661277,-9.08163304213502,-0.158762858543919,1.68409082703259
-3.62142308589621,-8.01316290688454,-0.998061000187253,0.547501469294236
-0.796299920069167,-3.94435053289231,0.24012560980051,-2.04477427902791
-1.63672192672383,-6.07689122085918,0.145164203262812,-1.73193028991821
-2.83246459368666,-4.84006021083124,-0.403770617689887,-0.854983652441471
-1.76756224440735,-4.77139233652207,-0.389190735912487,-0.295850978812415
-0.887375558857701,-5.21104431574536,4.29426902846789,-1.85395036058596
-1.01109628725159,-5.51971507240148,-1.6331401150366,-1.01395645451608
-0.657664475798388,-2.89638633370919,-0.543982220423867,0.820559503204918
-1.80101941304899,-5.27988079071505,0.814163422001115,-2.40895658211132
-2.12252698970527,-6.94994987974699,-0.314876504049636,-0.267166933929686
-1.08913990349324,-10.1975248925871,1.613813383836,-1.63371193684061
1.15568084512458,-3.6307091892684,2.06362429475446,-0.0355640018979005
-2.01245997034067,-4.5944603042384,2.00300342889373,-0.181582779266607
-0.59984750251763,-7.36896411276135,-0.12339837931802,-0.28469209813057
-2.49621070749872,0.993433126556044,-0.269022441167229,0.756253248656758
-2.1401806690626,-5.44171776958855,-0.79838493114973,-1.3334268286529
-1.14491326001497,-4.6027058737207,-1.79308961774249,-0.857749403015659
-3.14094186158386,-6.55811324545924,0.140948724824419,0.439496003484327
0.229924313016732,-7.54146481959973,1.23106448927673,2.55575623738549
-0.770663765925719,-8.56405199302085,0.650698146859115,-0.663515761343792
-0.582215167272613,-0.278667525317859,0.772495631109483,-1.56374566798417
-1.1747863495465,-1.92766313255604,1.91438406144376,1.96260330704541
-1.52160994921087,-2.87490425935469,-0.0630378386819797,1.08299374025899
-0.219613083506783,-3.20916674065753,-0.224918162402251,0.212978300464001
-0.0556861645328828,-1.27710493615397,0.159989845344531,-2.35765913994625
0.48644774526477,-1.63475618355382,2.13721238256497,0.90751885998208
-1.92196181109679,-6.42816541117075,-2.44642118830149,0.990465835560326
-0.553932834574765,-5.49706469418029,-2.01048236482471,-0.913979457234284
-1.07082119135255,-6.32526504142043,-0.938297803294137,0.802477496835865
0.820095760724365,-3.3656107301732,0.242902401940652,-0.634224090405319
-1.33697156108853,-3.17123659077979,-1.03660730630284,-0.287559719529579
-1.68221845284236,-5.8164048531096,-1.92066115095244,-0.399863216649835
-0.435016506870367,-8.26805052180602,0.619006513485052,-3.08335322892368
-0.877080879200132,-3.05215512530217,-0.655259577297954,-0.196372920082465
-2.0487357534994,-4.76618755256917,1.01364479353079,0.459965725413707
-4.35794360389601,-4.47553090785794,-0.135075516508812,-1.89937211270074
-0.0999855533718397,-4.09071636659572,-0.298078530029517,0.258744031625729
-1.52482467700974,-3.24985165715,-0.502167607540472,-0.0388289985054289
-0.462647722243135,-4.03020633277082,0.333691420887112,-1.09359817225485
-2.04629169839089,-5.36248926774426,-1.74604738268314,1.05177773958806
-0.589453825609996,-6.48716562287005,0.949675472705296,0.214247452591727
-1.29165978984923,-4.17220690587022,-1.25876384328495,0.958927040487017
-1.0006247235554,-4.86312301718039,1.30739292893603,0.85670475786472
-1.56582558782817,-6.38056858906395,0.308400529039464,0.776469841528554
0.486094452696366,-2.79931520881231,2.4298256805943,-1.14990192857031
-1.81521408105417,-7.95252990915696,0.834225140022449,-0.353489412297071
-0.996166822595963,-4.81974063684171,-0.576668160476796,1.23423283908663
0.332059131875811,-2.14537387010346,-0.772239421454441,-0.228682305672413
-0.957023018414538,-4.94375356234864,0.627230203255874,-2.33813368358412
-0.915824793758888,-5.26372567302823,-2.64118526107149,-1.61684850881927
-2.53778599147103,-5.34590089345727,0.169660661699068,1.77735798669554
-2.75066510406832,-3.2134604782565,-3.52613670918845,1.11352223646182
0.113385743021298,-6.84615040412799,-0.815038315009956,2.67055519345612
-2.64225866408422,-9.66994980340134,-0.893912274470449,-1.019737303352
-1.66060897199019,-2.0075162533495,-0.268821593302578,-0.836572009115619
-0.554091214159281,-1.46534437575458,1.43446503893355,-0.569360072311686
-1.13610826740353,-7.13716344141165,0.298915525582507,0.7013283892448
0.115400039042463,-6.65948165348266,0.536659300562511,1.68121672072561
0.0502673610419509,-1.96388902857364,0.115400855350055,-2.25396266558372
-1.24947014810786,-3.0709820484635,0.927757571219103,-2.28592993851083
-1.86122408740492,-9.21827990003163,0.148272389182475,-0.89283048044979
-1.43890309763895,-2.50428225674922,1.58315984596359,0.388646344103434
-0.696580294999226,-4.88512819320608,-0.906311174645376,-0.271134342290154
-1.49864432763973,-5.13453570192269,0.336688317907855,-0.589658694549506
0.954090102831013,-3.18241951023058,-0.318143039812126,-0.148633918625973
-0.541017503976367,-6.38896944835961,0.285267468883769,1.26273006657153
-1.9759825977461,-5.90717546209845,0.590387368650319,-2.44880756281466
-3.54882617714647,-5.13697500978321,1.22905634233823,-0.0646658000153266
1.45075287927398,-7.81995540076383,-0.143144315308057,-0.263378157095985
0.0287964473275455,-0.986315559724687,0.510621609828064,1.27327680560816
-2.70603881697379,-0.113116830539534,1.69315799588375,-1.27613477919885
-5.15157324913638,-7.76497733380531,-0.697722220234083,-0.751181223344689
-1.50488020978381,-4.33463467588446,-0.332238076041165,2.99469063542074
-0.112799916984065,-8.01291869879057,0.310101201048093,2.28351390485145
-2.69361367052266,-5.17548991311002,0.880783445846382,-1.52968494166811
-1.63567999397503,-5.63455620424282,1.70117236330237,-0.00976808701930185
-1.17251566036577,-2.21986069268183,0.841448262122432,-1.99984496354293
-1.64622537136278,-1.26155213956499,-0.00377756564579713,-0.321303571484666
-0.705360595868672,-9.52490442622939,1.04285249028181,-1.41854359189716
-0.504475484494053,-6.38451779987998,0.193593625974391,0.989387317021977
-0.356417677423395,-4.92765053942223,1.78167541597429,-0.473740620115231
-1.94561431171867,-2.61643839845634,1.50888437477083,-0.137403363461518
-3.26710944450567,-7.70112174514002,2.14076651165443,-0.876422522278601
-1.59876920303903,-4.379933357316,1.57149023398696,-3.00239858792059
-1.59272506931276,-6.47618371233892,2.76125597270348,-1.82194274752714
-1.37821855296531,-5.39738582940691,0.687346975415605,-0.405768688472007
0.0173027731069607,-8.90695939322862,0.800845457849788,-0.169649966763449
-1.52903069175667,-5.4501251653636,3.33896939838657,-1.72319749948134
-2.29112991032423,-4.02357453360577,1.08456256910319,-2.87737931539775
0.949867411451681,-6.84195613861522,0.418275872678923,-0.0655621121415211
-1.88903538986108,-2.12610727275088,0.749791220836098,0.53768266191235
-0.20355303091556,-2.33210492105155,2.4287732148029,-2.76409947098301
0.0516861362515134,-2.7191328030688,-1.19389403553493,-1.77045957107521
-0.0746425009688205,-2.3771643060277,-0.571755772058906,0.605176856556561
0.280028149960333,-2.05404206872895,2.26069090291292,-1.09276098661883
-0.39072766112819,-2.67988736423597,0.879589387350818,-1.82424716808993
-0.318202824600394,-5.83473555136102,0.15410158229159,0.0227069811594038
-0.874247281628246,-2.9587251642726,2.42128314967337,0.608780164639535
-3.05175058674136,-6.09330543611358,-1.45574232987876,-0.543897805788313
-1.76426659551263,-5.03297787714168,1.08710222324914,-1.17439397422278
-2.17542853772779,-6.48048371513093,0.0817238083625626,0.836533991501619
0.616874970884618,-3.34565136170142,-0.21798839189998,0.23799990324613
-3.03798175747286,-8.09989137467836,-0.356259298727693,-0.376149998456338
0.0296032545361206,0.465168318503685,0.739022587411494,1.18566998018737
-0.799702238657656,-7.03895160115196,0.521176175622452,-1.23505443322082
-0.595305270997498,-3.29271170548857,2.20514079558901,0.187440987872859
-1.83352766256169,-2.96072829264744,0.443406542918904,-1.32713552545211
-2.43215803594344,-4.31458382750711,1.47066564038803,0.226693103403593
1.0402952181078,-4.25352982554289,-0.56605361666766,-1.51427693709755
-2.88053646589801,-6.87093903349223,-0.0217940368241271,0.726982502708273
0.348148584774895,-3.31200955025468,0.97051505976013,-1.11681885903608
-0.317542739011635,-7.22855699859499,-2.04896138367054,-0.122542830996496
-2.77786388259933,-6.59032688276107,-1.1630944671056,-0.674533471236803
1.23189944648097,-2.26085855254054,0.819251495690633,0.330999502264536
-2.19799355046903,-6.28325600088855,0.660823770275015,-0.86812323015508
-0.0926677601839359,0.236744874524763,2.04190288852023,0.141212385884587
-2.34283219352176,-5.3300193415523,-0.524939780323709,-1.12876175941781
-1.14479894641781,-1.88323726176787,1.80762418009764,3.15830040159984
0.71299359142719,-4.50400917972076,0.917328819761401,0.192314748514369
-2.10421746291103,-7.69562073033285,0.136072809820333,-0.265820907918108
-1.21118578566092,-6.64625270412241,2.7176485362158,-1.72679073965586
-1.33488866169429,-8.08474508298453,-0.292726105562722,-1.22242268687668
-1.06019449727797,-5.74558121006627,0.977113805617249,-1.30232073147329
0.461706969548359,-5.30871599413409,-0.471283496381665,1.44060443638484
-3.07229613445131,-3.4931759344346,2.42075235102085,0.242157166503467
-4.3400859789606,-5.36906714381258,1.76158525724179,1.11469247035566
-3.3732518920222,-5.50315815844624,-0.167601427117828,-0.65576383580136
1.58909057422077,-2.54379091775316,0.08334142340809,-0.319482994475083
-1.58891031934936,-3.24100171664744,1.20432033449868,0.0404515549660516
0.845963667218851,-3.15172821792864,0.239452687439377,0.178090991503205
-0.350220324707921,-4.07239557620668,0.0561585104661164,-0.745400823974607
-1.3608622312083,-7.02096896052237,0.648674940809395,-0.924006639099582
1.80255511417613,-0.909380149634263,0.686207241377748,0.915871838028946
-3.03795543480148,-3.24572186609953,-0.237318357609996,-0.452439942766222
1.64298643434033,-3.89509371117389,-0.983354523277618,-0.0975150540506688
-5.19290798315513,-3.38868921491793,-1.46018387348064,-0.390511862239169
-2.82739511309579,-7.13345340091588,-0.691813773344527,0.713234025276014
-0.643091533743484,-5.39997774874038,1.28059216218041,-0.706161949380343
1.15661870078808,-4.27459271095309,-0.553847541874673,0.15076261274778
0.01863260377249,-10.9245841830385,1.06759431015466,0.716456811201627
-0.940093742176599,-7.36900315431008,1.49402839271453,0.0174251286931651
0.40036509329753,-5.70631395841726,0.922923914819352,-3.0588181387749
-0.0493066998519511,-8.16415373784025,-0.544007685915144,-0.650147932335711
-0.815015970310326,-3.34767034408104,0.0292123451225232,2.63510256763649
-2.66172310430492,-4.14010640598729,-0.531176435811906,-1.29693927524935
-1.02563236027937,-4.09693132644572,1.96235513772945,0.387574128618522
-1.04607037507921,-3.06461317259563,2.93242418158592,0.292407618107853
-1.10694303080215,-9.60378109288334,0.759724987467881,-1.38348607877414
0.21911878926268,0.59601181905935,-0.0137240648038652,-0.0153029599905723
0.269014466816338,-6.98274597660224,-0.462999067355833,-5.85973277834415
-0.973023728090953,-2.99643025422123,-1.21162068602884,-1.55237600257886
-2.68308112698838,-9.09826591191499,0.201216930435386,-0.3308986380063
0.0393841075814161,-2.4026649263218,2.68216361720461,-2.20923427035713
1.09645055780461,-4.0607981228032,-0.787442386814329,-3.95695056184495
-0.0585036416014476,-5.71311608274973,-0.00795084808818314,-0.967464671485101
-0.778882433747979,-0.0443283682797826,1.32577710714989,-0.270551481458371
-0.355165339309055,-3.72196465249539,2.55720407464076,0.606492434490985
-0.592735388097003,-5.00993954513586,1.05889200438521,0.886143681506555
-0.192885649324552,-8.22323638156287,-0.633949458908048,1.98232233406018
-2.88405642529019,-4.76357335299972,0.727084639721929,-0.157079214136923
-0.930554867468315,-5.22670454050858,0.743021835300037,-0.0239595872440922
2.26102149859779,-4.98931797498076,-0.625141836833556,0.0992901795132771
-1.76223642234497,-9.76679982165816,-0.517867921358909,-0.539700039552186
-1.51324274557483,-3.11046329992053,-0.0402723128559372,-1.53818021352275
0.114518679883084,-4.10770522520595,0.588365128137076,1.60292417894661
-0.617496002733995,-1.67268108221617,2.82346611135281,2.66324625333405
-1.61340184104161,-6.83989334993594,-1.44843946437811,-1.67038641109241
-0.97302970914551,-4.83276725191607,0.0498256558259532,-1.03673192486004
-1.89185419764035,-5.80360527862411,-0.239527657723419,-0.699017480028059
-0.93626100206382,-7.29650494381744,0.114407064141287,1.46791820686038
-2.35802727285287,-5.15929315677369,-1.76197814483102,1.33782562092704
-0.769133994720678,-8.0771815571377,0.182029426576594,-0.593877632378288
-0.569305358134535,-6.12355860225109,-1.59288295718646,-1.56514115329929
-2.86376486720392,-10.3366735012573,1.32786113876025,-1.30056747008932
0.372669294721707,-6.82618485399318,0.017879383368911,0.470036331641309
-1.55759709885905,-2.25205969691572,1.5536777181922,-1.73398919231774
1.33913207863839,-4.80537170861302,2.90022760676555,-1.91880971957237
0.0103900593097314,-0.908180876000885,1.33245859131406,0.0116729572311224
-1.66136639381576,-8.37834456270908,0.30874001668056,-2.17561063154913
-0.910852461227316,-4.21633117533514,0.311639972343759,-0.494308466014968
-1.08417291881409,-3.24763272347505,0.796978728835092,-1.18241071538749
-0.444735318450805,-3.0828429286928,-1.53629794890864,0.696928777839629
-1.32945021027715,-5.43073918845244,-1.13645227461111,-0.493369044191616
-0.792532337357542,-7.21564206567677,0.426224682351359,-2.21570636591639
-3.32211410475028,-6.0792288197598,0.216489407877148,0.284019789845465
-0.743931230408845,-1.43800659215654,-1.34434411020642,-0.219494958747478
-1.2600983536589,-5.13724251343874,2.26281028225942,1.89110870395915
-0.845746508839216,-2.20951573894015,0.512598841728966,-1.03866905002971
1.03284410494317,-6.00025973852622,1.18112762878445,0.170327241281111
-1.51847696485862,-6.00640620539555,-0.725698973830861,1.07861183710943
-1.77253283351723,-5.30517282597787,0.818276338431124,-0.298374787289634
-1.10144951583372,-7.3351946688547,0.815275291733949,-0.292463666648104
-2.5189374119534,-5.60552350577658,0.571278812578687,-1.05356059557485
-1.83156311760477,-2.36324599487072,0.587814390539747,1.09398987234557
-0.2629511089168,-7.72847370872549,0.839578048024268,-0.595595044335184
-0.689711955381882,-4.26636810381848,-0.168832980216622,2.07152205259663
-1.29035241661603,-3.22557438328215,-1.09246526301348,1.3977981312532
-3.40722752333343,-3.17018407810852,-0.173010513730054,0.387721183911381
-2.07460607330281,-6.77912323252673,1.64982474617252,-0.389193251334256
-1.83550747900377,-4.99129937258111,0.0587134196474737,-1.28171571349875
-0.29903595851414,-4.0075395462703,1.99494150381082,-0.356443746029487
-1.49710341292364,-3.65661174169399,-0.26851880752427,-0.773562427846467
-0.224146607474355,-4.07060210000718,-0.0840876405658518,-0.78167255638417
-0.156526902325969,-4.84677202877458,0.740735853607307,-0.232458053528262
0.127639332561872,-6.90355244845719,1.26786592517244,-1.24169597475131
-0.541830392144863,-7.2260572741012,0.0890741934559808,0.928313114508669
-2.161200298607,-7.59404844477347,-1.69119528521851,0.736592125896381
-0.116001213838669,-8.57661156428606,0.30429701793926,-0.805226783384979
0.0215117642265787,-3.7794864804759,0.18814801066792,-0.106587442274977
1.60375173678854,-7.01366729131403,0.87711376987874,0.667721567662037
0.844184399466349,-8.90383397203341,0.120648878622677,0.641856011323736
0.314687240257163,-4.15625592921068,1.28802776175916,-0.790695006269307
-2.01379638315302,-6.38998060102026,-0.891525720653003,-0.490732580854255
2.16750081749088,-3.99420113114645,1.17347964810235,-2.63501294650567
-1.44300868711108,-4.37474921561131,1.16493059134706,-0.562912179595281
-2.39375665205907,-7.16473413578226,-1.03300667302135,-0.515608571605956
-0.271192225620727,-6.46463095751866,-0.0433693324101732,-1.06622858719501
2.96159904703799,-5.23546137647994,0.107360015775951,-0.300245551001977
-1.41243451086109,-2.64725882236441,-0.183068724310884,0.132472857608999
-0.770986842255597,-5.20007795283363,-0.114026738522079,0.653910265163568
-0.94712678003272,-5.34478525516575,-0.0583975673031644,0.89310470093811
-0.624569085603465,-1.47310134978004,1.27640491537138,-0.206465759489188
-2.10398900927816,-8.43896531897257,-0.420013795930516,0.0711875422943631
-2.07726569603281,-5.38754735199793,0.100153864833412,1.79272533857053
-1.26486929220174,-0.6099617033289,0.872957457806894,0.255398054670041
-2.46909365133136,-5.38007932190707,1.7883795691167,-1.83110297026257
-1.58310360804429,-1.73875208996281,-0.18389371464984,0.396376829764272
-2.23197619944191,0.30517648847789,-1.6577380167691,0.973397731165598
-0.542038169878185,-5.82714788099439,0.470841662041209,0.878110690106786
-4.09538538817494,-5.68578078503818,-0.347683767912008,0.784332065286197
-2.14787982923528,-8.25218974701903,-0.786362595625363,1.5950633110639
-2.51622679529456,-6.70278384927559,0.0736231990989084,-0.517638149154307
0.168787423095305,-6.65155414699887,0.776257729549466,1.57810514473556
-1.70148893124289,-3.70635067636287,3.02861211378453,-0.89533743685212
-3.00866702222531,-4.33281350753806,-0.556776277761418,-0.899083912501617
-2.67376948403773,-2.63139007731545,0.583861118905474,0.0563468303158047
-1.70160162143548,-4.94497317452126,1.0673943276084,-1.12083730858938
0.0154731656252837,-6.3526276045916,-0.268994986829873,2.16888099826548
-1.08467941351491,-5.71369853537427,0.974825893218285,-0.271682892880531
0.975146981921383,-6.87391172178177,0.706655307179327,-0.710334944270545
-0.595987171770612,-6.34608112021001,-0.615649032232931,-1.65807470755051
0.306044476341434,-2.15258016899685,1.49334806526071,0.336518196423126
-0.821549192186368,-3.94533196432424,1.50250954734243,-1.45962780563163
-0.767775312966459,-5.08133365145207,0.366402816358976,0.659058433877997
0.0668258837928654,-6.34735079604875,2.09889770594383,0.51395794477428
-0.922414335107839,-6.07222426834459,1.82663717470266,-0.368000101188368
0.144757680997186,-3.88913354582558,2.7061721680604,0.116110263273083
-2.31870023205349,-3.65017968861576,-1.36376975848837,0.237102571693687
-1.21563371245935,-4.77404625828106,0.951237561795468,-0.88349311947382
-1.46759045144916,-5.4059567895113,0.272899313802308,0.0829921137940849
-0.87593041817475,-7.14344936542725,-0.695267002509533,1.95505723603084
0.386572226031885,-8.60982668334322,-2.99584983504939,0.71362898003909
-0.990963225549601,-5.09997468300043,0.854513613842189,-0.664951768597021
0.0703949455716347,-3.89388244968664,0.257900792590025,-1.03054025652398
-1.57952646685019,-4.62516724721734,0.404211384006523,0.44298661661186
0.701132613817819,-7.17215251414508,1.59284434732049,0.437219627233228
0.806072410328993,0.715431711358586,0.205280260640951,0.197895240553937
0.0879633901611674,-2.99536030490066,0.951156030669131,-0.204001110355919
-1.79397992081102,-3.16339011751895,0.409258663711729,0.230980749333675
-0.441490430712584,-3.12273456230387,2.05146819624635,-1.44987527528157
-6.08274360982419,-3.13821247910894,2.73416104085888,-1.68498375963813
1.30680011702889,-6.92782364138186,1.23999487058733,1.18841285007935
-1.46761807432445,-5.2125257419163,0.393012195782643,-0.829542057353142
-0.648014419368526,-7.31523946501506,1.19656258564589,4.38920786763885
-0.136743069291528,-6.11274643685731,-1.4448960901177,0.158170396175959
-0.238169019572703,-7.83074217733981,2.37879121358433,-1.00913520902424
-1.42267404845623,-4.08584766585948,1.93178070951679,2.23875827996198
-0.732369343885685,-5.44072439232637,-0.284663774353749,-0.175407621332132
-0.0848195712135057,-4.10375998908204,1.48137013311121,-0.753036422720253
-1.01884645128147,-3.33934901116072,1.35287300704234,-0.809792842748886
0.024561163253674,-3.42966840460055,0.62118084819471,0.302821642830596
-0.998722550647314,-4.93486337713883,1.10624411818491,-0.47652732479142
-1.43678862692222,-4.39653187269669,1.80163386638438,-1.65030275908628
-1.86521383374094,-5.48251117411186,5.56736225660509,-0.2980118700822
0.282825393134897,-2.64919864920146,0.549035175535728,0.559346969033761
-0.379878212629824,-9.0937521389967,1.70376315540569,1.74267341994713
-2.45545129021699,-3.83993867017432,-1.24399194324672,0.959141707565737
-2.61075521112646,-3.32726760273673,0.860200296663134,0.682814682357664
-0.526059174074652,-6.57046307907332,0.664972808842718,0.871774794361406
-4.12142480818688,-4.54112805607073,1.73377291856342,-1.82777569765141
-1.90227027753235,-6.57998667376914,2.14649800390966,0.957532836958464
0.90965080035729,-6.48957699018111,0.344813257302413,-0.349280510509312
-2.34242237720459,-4.20756629540277,0.564082605435141,-0.367894363956887
0.868520312822434,-2.07096184931912,1.00199943951545,-0.105034403399128
-0.999308124865167,-3.83385848457028,1.00840476961638,1.547225309275
-1.28886432478046,-0.766734092948214,1.17180353544404,-0.173927996235386
0.842770824442195,-6.31247545665636,1.75801292385931,1.60962827635385
-1.90827862528207,-2.96983296501455,0.391149860336908,-3.61518414671358
-1.50945437857246,-3.04464885673888,1.32870534332825,0.18693374915935
0.40658990873628,-6.19280151909722,0.995575496609014,0.878534872221054
-1.43103639307537,-7.21990501800006,0.439845338005421,0.401448749454055
-1.44345582908711,-2.18767207404919,0.485354779045955,0.0988075366626855
-0.444043548779069,-3.80553279881081,1.43925955832905,-1.42188995673138
-0.450103962778391,-6.00798744663004,0.207319093805964,0.616158899534571
-1.58882203003455,-7.42796270020582,0.904231785848859,-0.64345657405542
-0.535554811709,-4.78582402879565,-0.205103679586667,-0.251612302872354
-2.0259628221789,-7.95796444004161,1.19800821713338,1.52662632484878
-2.14313436781475,-6.80918342671861,0.552661057686639,0.382987241252758
-3.21313880077217,-4.98990305966775,-0.541877558436976,-0.362680927937201
-1.86539175972002,-1.51424472525559,1.20118061817439,0.38232127211987
-2.88599718059678,-4.93620858838336,1.85033384584213,-3.15137977611424
-0.644868575660776,-7.03720152775925,4.25730535355737,-0.207017893530661
-0.345347132985707,-7.15125064519355,1.07536926580326,1.66825258366182
-0.420263307841789,-10.7626855863148,0.363573533035699,0.435793062907305
-1.82641461528686,-5.05578249800636,1.54208550481691,-1.85846050755625
-1.22780730938104,-2.9512837097713,1.01075856096413,-1.20837738250076
-1.3913967269093,-6.91958844988782,-1.71452018004818,0.51117854155783
-1.57544372787107,-4.6144148278099,-0.386246049785928,-0.563169315128553
0.537197556333481,-7.04019027949536,1.00559811512686,2.14483979263767
-0.315502820572505,0.323028625925047,0.3945421967655,-0.260459817309713
-1.18089097399699,-1.58630459508062,0.57150812711902,0.52088781390233
-1.2750532051462,-3.8699860827552,0.750727114331415,-1.98252957957357
0.464527208991853,-3.88803267719991,2.0681918202071,-1.38329888122773
-0.779248921737076,-6.25801930156072,0.751807398443108,-3.07832065262401
-0.119710930329223,-5.84652104252909,-0.90760854274089,-0.867006869985224
-1.56422318651277,-8.45321310528232,-0.962404724373438,0.167685550912909
-1.64159843382893,-3.83161354097917,-0.888084773169307,-0.177643449859694
-0.283440899219058,-5.00162217825667,2.9224146910852,0.693695028694274
-2.22415674344466,-7.73441822860884,0.220209567895041,-0.00666210293548877
-0.392627604749187,-8.42908336115932,0.551588013925061,0.23698402290746
-1.20500309551159,-3.97465933473413,-0.970927264510793,0.145310463938331
1.2124814393032,-6.20005225851218,1.35369090416665,-0.0971197176281569
-0.620468243447671,-5.01368367756004,0.528053853336317,0.8125632645198
-0.392215558125485,-3.72492264260896,1.31012798056228,-1.51747624829488
-1.17808504743793,-5.82566769042483,1.73601137441572,1.52396784916358
-2.66627681711284,-3.06935471110223,1.11728879423052,0.283213864475337
-0.531858640976281,-4.44917645741206,-0.24203852046279,-1.73781878656439
-0.12338687629644,-4.25269647314053,0.312463091766669,-1.35019040641365
-0.283013492070022,-4.80741541991996,2.972877327864,1.41568435120933
0.426948853847113,-2.41092080975641,-0.830792945315196,1.11571463081955
-2.52184863218344,-6.2839866006935,2.91653786533085,0.357808588735577
-0.334073714291908,-6.15666966825801,0.759439399012959,-1.74238793158214
0.123050700428536,-4.13971283478591,0.587741663791969,-0.0594606205791136
0.175692173697848,-5.23463419468024,-0.589284202078154,0.823422836825036
-1.62134607933059,-5.07824553351868,1.18485291419329,1.7035747629378
-0.572508228708435,-7.8509601387076,0.0503566476973916,-1.33916332681023
-1.49405734412326,-4.4139855639267,0.249346163906063,0.266021691289897
-0.923296016181741,-4.65747980189221,0.263365890406688,-1.30079379864292
-2.77068566910657,-1.80630730804191,0.215512913965187,0.470807694299649
-0.788913295906578,-4.16210452201066,0.561010838827408,-0.782463596338373
-1.18755463175733,-2.18985920868736,0.36754372031019,-0.0379365256272962
-3.35479836522948,-3.66845272156344,0.827458561144629,-0.339302679663074
-2.04047050575475,-5.56566255862561,-0.77653482322744,0.397750971913236
0.416042499932301,-6.21059876818139,1.79415992095453,0.744505020931145
-1.32958910334659,-1.25284483595873,0.605277453983642,-1.48788051776395
-0.820497398461414,-3.82308820819872,0.424978128828774,-0.724652829348407
-1.18911692836001,-8.89950558540202,1.66347597268926,-0.603118121794363
-1.78222946780874,-5.99079759043027,-0.171779814782682,0.207460971527245
-1.44230028309858,-4.62507369624801,1.34739888361442,-1.53180248907829
-2.9684913959891,-4.05716776077164,1.03206922987284,0.629616696104899
0.0248942103379441,-3.30766622788649,-0.427819154981405,0.115621198236276
-0.880552478446704,-3.47339637942283,-0.108956829095964,1.91587356841542
-1.0263841608447,-6.08920646202496,-1.78120108379814,-0.0366497811089879
-0.351125489064567,-6.98066425932309,-0.262726483377283,-0.987765402924543
-1.39591967542915,-6.41947006191353,1.22796683358232,-2.43821636559313
-0.258900660288537,-5.87733665041129,1.20929914369074,1.56513626904704
-0.37698316689059,-5.60886900069648,1.09237106230229,2.04874575453787
-0.247007826638663,-7.22174428517886,0.560776593492322,1.92375413965213
0.300445180335549,-4.98796099620296,-0.202371374228452,2.39934625006788
-0.103600232635711,-8.29143298791381,0.468736245736271,-2.79065006358745
-0.658585829502872,-4.13488649048673,1.99727143708003,0.624674457866341
-0.465674340601928,-3.88622486186589,0.728928454633214,-1.38091946468502
0.317166498644355,-3.85533268818096,0.782139858693251,-0.581299653020994
-1.28968400462315,-2.69713483061312,0.693597254102354,0.04831043689631
-2.63221882012892,-8.33174257756416,1.13605718517419,0.280323950381034
-1.32515515949757,-3.99607073108528,1.05957851287342,0.632200276240693
-1.66215933102514,-5.62912796870013,1.62300087583614,-0.213497654048502
1.98388955860842,-9.49405524937281,0.236030717218019,-1.83977623453298
0.936102110459171,-4.330049611318,-0.791340596159647,-0.0709452386518221
0.0835626763755911,-3.4286557935494,1.73565085648819,-1.59305510527836
-0.286113492586809,-3.46128679901709,-0.115970405262864,1.23584125462933
-0.269512772004607,-0.211973540397855,0.924589934390805,-1.1548443934494
-0.708896939370338,-8.95041411301891,0.959351301127762,-2.67525719331958
-0.430707437352433,-6.09958187282015,0.717713967059825,-0.855265740014557
-0.601529814058913,-3.72828631061645,-0.957092009869668,2.19670130612331
-1.84593474971605,-9.88460038684859,2.9183567037192,-1.91144800380051
-2.37430410837329,-0.610797577996395,0.0267983569972988,-1.4508230177268
-2.10925175341673,-4.2253660904127,0.353446491644265,-0.356741584415622
-3.89387513686338,-4.83756455672843,0.268429699935531,-0.793782704298936
-0.537785854935406,-5.85756772060743,1.61557272512514,0.205396778432662
0.566311158936976,-3.91978261937095,0.0117424687023975,0.608362418918997
-1.32657105876789,-3.40586305834437,0.739535352087915,-0.730682883585306
-1.27138163630393,-2.88556014432125,-0.442661478121017,2.00497798034584
-0.469934733618495,-3.13509787924791,0.106591925595531,2.06270636822234
-2.41530051011091,-7.51443954280563,1.93228081448156,-0.730564447631722
-0.786349005786304,-3.1624412007981,-0.518705634264848,-0.74459442802098
-0.4334797896795,-5.10812102893962,0.940651029076214,1.26504326467598
-1.89326562169672,-7.33385194155039,-1.70226996586386,0.516685178481704
-0.192875973386162,-2.91796899095002,-0.86500819279263,1.86786852904027
-0.30533452510515,-1.04506693672836,-0.0212560625667287,0.778593745195444
0.985822665326423,-5.47732233676702,-0.448871133382641,0.507997310630118
-0.419885688822796,-9.05959557925715,0.259767860958978,1.97390121592055
-1.43325886644088,-3.86882768890027,-0.87393402516468,0.154270666664505
0.917040334051703,-7.28630406131923,-1.83906074749348,-1.08376594688213
-0.755377595552474,-7.75054539606329,1.64218058171101,1.31446292940097
-2.47539671553459,-3.60367255201414,3.18940918052474,0.897637345543405
-1.25695692046228,-3.44177231577322,1.41689457433573,-0.102829857236506
0.158109747539374,-6.37509630291228,0.543113516535346,0.921123028732746
0.794178462997142,-1.4885770384554,-0.255219814035612,1.59202100440058
-1.93093157008151,-6.85188905968606,3.32158282086481,2.28929779362276
0.206006099969857,-10.3676904436585,0.806425058284621,1.36136597248816
-0.928291620978069,-2.12941761789786,1.60376353297189,-0.949804301777359
-3.78588141942113,-2.60497229950571,1.13785457788607,-0.375138356294164
-2.17180850387804,-6.43335507010358,0.231684145626975,-0.0616709305091258
-0.657554620804357,-2.9782920475288,1.08572957375691,-0.0355150412508083
-0.267889468869365,0.576861000924546,0.755994008962073,-0.211882674943103
-1.38887239032727,-6.58031535302293,-0.568942160001908,0.489423809781831
-1.76819858514406,-3.24388408290115,0.778382736385957,0.0514712592409654
-0.998473250124763,-1.80546377554222,1.48228780529899,2.2950410646554
-0.863372225035683,-4.48456207499569,-0.507324056268754,-0.307445728728607
-0.204460452715211,-3.54561076286742,1.3335661000596,-0.729790511752953
0.295884390617381,-7.98304318072796,0.405436241830615,1.72097425261933
-1.42947613048795,-4.62512815836606,-0.512512090664166,1.07394464839526
-0.8855871882125,-4.42013846860226,1.26218444821468,0.915703912045525
-1.04862348682436,-2.47931943082495,1.10883851597543,-3.01514211547574
-0.374370394010945,-6.06312314446526,-0.459470255309864,1.38028953337665
-1.10832822364688,-7.10725994107459,-2.35540549209406,-2.41319945622021
-1.20309688366126,-2.18316799598012,-0.278958584182999,0.0837012258115779
-1.15162971208152,-4.22903197957271,0.597489788601737,0.506735709678048
-1.44562103517419,-2.63707024693651,-0.967185795426946,-1.1729809452266
0.0443165861374596,-2.60938077842027,-0.529348573771858,0.989710387396449
-0.528246083384716,-9.74809038972598,0.660130441614415,-1.46804691077271
-2.48729062893313,-5.03120141624114,0.0770408546307704,0.856972691153239
-2.5034118474783,-5.41155268939545,1.54454509392035,0.622198146384587
-0.774013059935423,-5.50859688034097,0.503109865939672,-0.558320497670201
-1.36025927142587,-4.69643968775586,1.43082432396601,-2.89759855073656
-2.22908853963038,-4.47068165281808,2.05123176684793,0.615459181564001
-1.89717076350225,-4.65042179040451,-0.263292971496573,0.679177401417091
-0.82251616376681,-2.37350363777843,-1.64878233599314,-0.955398294746485
0.956366382648643,-6.35865372654396,-0.0792389969883286,0.484289962547567
0.0423549092085661,-3.97705090634037,-0.208239951099107,-0.895676870978052
-3.52032232399146,-2.84194472369588,0.617310277672427,0.00431838529055276
0.425770302637598,-5.55264523335641,-0.946770176511146,-0.138831786360968
-2.00373269063666,-8.35398650845513,0.723473903490223,-0.0167434200824338
-1.20640328593427,-7.32456719718612,-0.0607089533332862,1.26925442066546
-0.881966044884431,-4.61783379796006,2.23235542949497,-1.18086055036839
1.00862456151542,-4.38818970371428,0.602780072037852,-1.00081723945078
-1.7987189430956,-5.80191473000872,0.428672327837543,0.304533838675989
-0.238782410248008,-7.25060040721451,2.01511295367594,0.23580673914247
-1.4829399302061,-3.5434540631781,4.1283230471514,-0.91623371836842
0.92705184658905,-5.35686773825727,1.56699703607899,1.04604305809292
-3.31589016511406,-6.9078846427264,0.314863339271695,-0.348304119634568
-2.09704323866736,-6.05878867022549,0.393201303875315,0.0252866562835155
-1.13022173454735,-0.605721660906031,-0.142955461795688,-1.47377255244077
0.466229303441693,-10.5843590514516,0.242312881185786,-0.634933986704351
-2.24316392696338,-11.5578807751411,0.831565467112202,0.192478382346353
-2.01239243297316,-10.1248204171212,0.825871669148889,1.43623226380487
-1.78077215566637,-1.23867702815881,1.61197207942231,0.0295128492333069
-1.687650081159,-4.84850602832963,1.03427977780651,0.340831738159486
0.038484640182983,-6.38801230334943,-0.59561428628441,-1.35756899862911
0.133632871383652,-6.51364792254198,0.0973656931167012,-2.52862136193306
-0.154545283384232,-10.4698047974524,-0.0836692733585408,0.69073955327969
-0.329069406783,-5.61680012498823,2.00146727124942,-1.94179679987429
-1.81455677309957,-2.83910799213402,-0.294060373643223,-0.238509666718527
-1.21035800478188,-6.40661184422653,2.02318706387974,3.01485513368192
0.326546851011418,-4.62390192735128,0.0357627556491107,-0.144014877591758
-0.477224449086344,0.377012695163619,0.076077050564235,-1.74504714126443
-3.77938393331819,-4.11472726815324,0.638824098020165,-0.880625627683842
-1.4986608004847,-3.04633014860604,1.61654810676349,-1.79228283560576
-3.00907136038777,-3.98474287643131,0.710184873152738,-1.47980930739494
-0.400069542636301,3.04268867358094,1.12574973107841,0.808270827324577
-2.39185818223679,-5.59936456772134,0.415657028068462,1.17128087756971
0.755192727244676,-4.00632259990645,1.48309808166479,2.04769270338601
-1.30201256299408,-0.487141842140733,1.18599875901536,0.0600828685617893
-3.67325173948041,-4.66630175646525,0.572269374333934,-0.044545383561353
-3.7774139673583,-5.60505050561356,0.26758022395927,2.10939683760066
-2.07879134249961,-2.90031455685274,0.261814333739979,-2.53584382512045
-1.77513673987508,-5.33931945540627,-0.373618577280988,-0.575167379132555
-1.40715344770115,-4.77145308475501,0.102018011412977,2.94695274697337
-1.47566049584503,-4.74520619723181,2.34144986754564,-0.44610660175939
0.180775288052367,-6.07618609109237,-2.21173306100882,0.209846532185389
-0.29337548004933,-2.72101603678398,0.0820754656222751,0.120381853276104
0.046853493244705,-3.23670637113628,0.201549149192168,0.646807077629082
-2.87061715438859,-4.60764539586926,-0.308420591946558,0.481454376946191
-2.20126190857341,-2.8652578391,-0.395585994652166,0.345686064307715
0.581798448886547,-6.6250728345836,-0.635753644184431,-1.33385577473425
0.017485137611168,-2.57647281612753,-0.477706603555301,-0.863201187432205
-1.34234630787614,-3.23417839826351,1.18896691722606,1.80232681718123
-1.33449930807593,-5.89892647977756,1.0134018869933,0.942989604199073
-0.582968432266999,-6.72168551884727,1.16227759385406,3.87825878391227
0.163253920659593,-6.72138005927945,0.889742608711818,0.2619513633185
-0.671519490438474,-4.14825831372752,-0.533231146178763,-0.816678635863843
-1.32518037640506,-5.22811916069572,0.0453976966947962,-0.547053416065298
-1.0325153073008,-4.50301060428479,0.404208795845078,-1.92772907924774
-1.80077213932613,-5.08832179944872,3.55779839941531,2.38486253887051
1.1937749778077,-8.06740513091827,-1.68316748578692,1.21273661835316
-0.860593584239742,-6.20472077845148,0.487692497395774,-0.282747644385493
-1.24371391731092,-4.96559617447843,1.68030456649559,-2.47402429040956
-1.55684850220375,1.19276419090335,-0.883813934526687,-1.11580687485799
-0.294390528074733,-6.24457672083137,1.60010250678311,-0.350227975270645
-1.67544443522018,-2.72303314896739,2.54643195725003,1.20978638868784
-1.65369883544121,-4.03806303360885,2.6023838803475,2.18633878249524
-2.52829772996914,-2.95300282555146,1.91115839157688,-2.31394949226007
-3.45036345819235,-4.40395932633568,1.30066682018326,1.12560340984734
-0.475834869864054,-3.67839834669904,-2.41800117968046,-0.857377801083988
-0.497652970188639,-8.77543834610108,-0.800425750031434,0.171801947369563
-1.36002857142514,-7.98284035314184,-2.34711342080667,0.50529919984279
-0.0324567820253517,-4.56441639710028,-1.09744483985795,0.220997580924182
-1.80548709417822,-1.38159264377971,-0.909773259632237,0.559053003934511
-1.79023341710217,-4.95605762854187,1.67980445805395,1.07018751546661
0.0258053525602897,-3.40725863963776,0.432430993042004,0.670132480097436
0.933130083565613,-4.32985689086039,-1.52932536857627,1.04181226371611
-2.04828530006409,-3.14929630322053,3.03166212629354,-2.77435265292914
-2.80127402320069,-5.42056711536745,-1.8273949061169,-1.63794562297217
-2.98549566390975,-4.96186529664484,1.23888554620554,-0.0559658005357075
0.358888686704122,-4.2595118379964,0.491761519857674,-1.06366153573645
-0.13879203588975,-2.81899762029286,0.911899535267427,2.18447151337152
-0.78833861426554,-3.59441810026712,-1.79567902136738,-0.294292891036667
-0.776487291356414,-2.96308655777994,-0.398950157883424,-1.89750497463585
0.533984714174755,-5.46343977678751,1.17019324420686,1.84497909711709
-0.964283992603711,-6.57523675042054,1.59000713746239,1.54273498247638
-0.627437097187294,-0.550197035105357,1.28122461772452,0.592416302230404
-2.83661038132648,-5.08832436748961,1.00158555187384,-0.647225124255248
-0.255809794422998,-3.14500318639019,1.04687775824198,-0.258749298447853
0.609383342510441,-4.50388082709258,0.955640428203261,-1.95992070891219
-0.706603627466868,-3.91682489718199,-0.711996838788112,1.27340535764357
-0.577461841435438,-2.81982275081958,-0.63429647838576,1.2618848940828
-2.13668378181909,-8.79842430470135,0.995946971317569,1.08681444853677
0.502598527063606,-2.4367911904865,0.066091936880961,-0.282241155268598
-0.670070224698995,-4.23324939856526,-0.497243604394549,1.1114052191717
-3.69943830617666,-5.48642918846665,0.852174138350842,-0.602026333926832
1.20949903106084,-8.31816213445396,2.46459701230138,-1.42507603329111
-0.956258574825864,-5.14152854835554,0.820488696044779,-1.48019020257928
0.27913222275921,-3.26827506760268,2.53423806841695,-2.69554973002554
-0.792146577751243,-3.41065359285554,1.38129810637913,-0.511743773833401
-1.61407351407021,-2.81289813111378,-1.38647186062032,-1.28516378954704
-0.862958613337126,-5.29773594766381,1.59221125426471,0.40376886052645
-2.66255652457646,-7.87062830089904,0.616817589191376,-1.25606977933224
-0.497036704948975,-5.00593717347465,0.215077783161759,1.63434329632356
0.0681483850309305,-5.38608847009868,-0.534166885502163,-1.87324862370471
-0.222725470847555,-5.67036577245352,1.99800544229709,-0.368839991815987
-2.60266937200696,-8.53344632821976,-1.54072386097275,0.510817973280719
-0.768587553293603,-4.25915491072531,0.331453626020436,1.26015722721145
-1.69975019251588,-3.10762389083924,1.33127697033121,-0.756671678393163
-1.3041227091207,-2.83613222992038,-0.691868242652461,0.795545066069959
-1.23606387449207,-7.49252496566012,0.358720498992213,-0.21093779085505
0.0960574688226199,-6.25832675541024,-1.80086915643695,0.0113294129349816
-0.342560420941861,-7.58257314890172,-1.3678573028563,-2.26317053293481
-0.691518879126949,-3.06559104158157,0.577859054777323,-0.717373578299224
-0.154912719998175,-3.37799436115684,-0.769926401722284,-1.90899296521977
-2.50785867592237,0.596836677198171,0.059507932628536,0.0202907034866677
-1.61587833635662,-5.60956717562489,1.87352074445114,0.667191440396254
1.79450693421013,-6.8650794272943,0.388071446866044,0.731844612093685
-1.33379859944832,-4.78342327231714,1.99090791526589,1.6595883179806
-2.9835397627625,-2.40579661405766,-1.54507062444819,-0.408283537012907
-0.490035781092285,-4.10768359725827,0.478023797222893,2.10227097944965
-0.870014580151014,-3.88904124060115,-0.651153992852088,-0.771285181286076
-0.626617913302984,-2.72802054112669,-1.17362799019922,-1.53764255751976
2.45909657994544,-4.23698664637806,-0.759174310180834,-0.316691778552947
-0.840399712795525,-2.86343121080633,2.18612826479737,-0.390119845918175
0.772093685845361,-7.98145169286438,1.12665764799483,-0.556702791485105
-0.682568851864045,-2.01543157760082,1.99239380142005,0.189651857769962
-1.53166589348972,-6.5656762066533,-0.127282514146716,0.446730386871182
-1.52131229328258,-8.83925506899703,0.572575468402524,1.02395868852239
-0.720662724881879,-5.40428664979736,1.90777550529063,-1.30151359295506
0.359062302015348,-6.89022304955911,0.884030124311934,-1.1961433381393
-1.01601188475637,-7.86466182950071,1.23130942507246,0.883023119425294
-0.765028256695717,-6.93906238719174,0.451291438998757,-1.4376292309049
-0.20987812341392,-0.981140258345733,1.38677860804965,1.67928264219383
-1.55545253467125,-4.56511037524719,-0.354891930062551,-1.12938644599639
0.0269952149897263,-8.19484002745772,0.226398827599301,-0.176246482317584
-2.31077879598417,-9.58415213580678,0.187916417689563,0.0118654913583425
-2.02401418784303,-5.72028940631631,1.40874827486152,0.32288764916319
1.82793949845458,-4.97413227478174,-0.6069717046464,1.12607102518178
0.188034183031013,-5.37957266102194,0.166029133202905,1.17980150499999
0.664405588644842,-5.70332495355142,0.395420786113048,1.20454756991687
-0.921274805285245,-2.44301216247148,0.476060469216593,0.765783457278155
-1.19065358841209,1.71969987353046,0.134436264696648,1.32295001616457
1.78948470733348,-4.43309664328915,1.08732121074038,-1.5433032131956
-1.43232319121875,-5.54288080478642,0.372561715648095,-1.03468864478472
-2.979769699412,-5.45824378652667,-0.666829479711273,0.63607087067406
-0.554136401126329,-3.25084528207488,1.87144023475511,0.767755766010046
-0.449707783145167,-7.68700565742425,-0.297006487016564,-1.46254452890984
-2.2695935637921,-3.95569064701564,1.3346743001283,0.640174827232236
-2.5378870336912,-7.56414598165636,0.0610861849005247,0.845764537647005
-2.85492355273133,-4.8903378127186,-1.27177179237233,-0.252499412341276
-4.41785741141027,-4.70164441598966,1.93763733271768,0.169051868595016
-0.113790158630619,-3.77988151161773,2.22937284401302,2.21862187011733
1.51562258737077,-5.76490570926431,-0.46931188967194,0.335185662408384
-1.81634256181084,-4.6185799648686,-0.674855041337243,1.71137183414103
-0.0965060565891056,-8.55347403344243,-0.580442479431731,0.452187655779699
-2.19005718719376,-1.71353627394781,-1.02691109386151,-0.246470087647815
-1.92709547409097,-5.68633011625468,-2.14903475297579,0.386590983994377
-1.80763376031303,-6.83007118845669,-1.21829989303788,-2.9511936219941
-0.64353857529938,-5.64718664471856,-0.021277650280855,0.500552562021945
-2.14441860390267,-4.7890966990148,2.91654811182853,1.32440379799227
0.0479477811418095,-6.82117956383194,0.894732118412,0.68924864204795
-1.93741980654348,-9.64398892401817,0.65504166191284,0.256402175131126
-1.19126420811107,-3.1011518504391,-0.859385581841816,-0.376795595781296
-3.44256429236555,-4.76302662179924,-0.743757465171355,0.122456254251667
-0.10592991963928,-6.54777556503773,0.162399278250595,0.994960279616421
-2.14729372419243,-2.45961905867695,0.492109155914204,-0.701519068109981
-0.468029755512118,-5.55821935889751,-0.53180905284852,0.684908157192711
-2.21142587892364,-3.02562588218109,-1.79026480854753,-1.17183932275629
-2.70400628139287,-5.31348076086619,-0.0718255003915451,0.113061767547125
-1.08428451493617,-4.19603609380159,0.682093892548638,0.518538824918489
0.535871687517786,-5.88883750206621,0.954710429296363,0.972510099751277
-2.30083821006791,-6.51208538430235,-1.20664229480844,2.82052039052009
-1.10345461258677,-8.23264694967518,1.85102914614807,0.201123701381379
-0.318034880815267,-5.21256743645016,2.0151288107902,-2.26995944117652
-3.07816127627665,-5.73209154763395,1.18841554547979,-1.06651227381644
-0.667506794968627,-5.45382085704063,0.590461776339554,0.590484417276222
1.10189460152618,-9.41328606200657,0.193594104902347,0.650076730849066
-1.59072268569881,-2.33758333321181,0.967154333152396,-1.46343997724735
0.724242776680015,-5.87875134970694,0.221115603143655,-1.09331101616508
-1.56581801039705,-4.90538700242369,-0.281523192248611,1.76200068525253
-1.17231212503417,-8.62035388811047,-0.203134663535563,0.817934839647565
0.795910387038256,-5.0136964037476,-0.888691630009614,-0.76325614813445
-0.559853303104387,-10.5765623796525,1.12205981650255,0.308607686672862
-1.44793984941145,-8.15933674403499,-2.53284266967443,-0.0665401081846821
-0.928862103765732,-6.62576980817781,0.286898861098908,-0.0314769451333093
-1.14988681713493,-4.40862993616921,1.79690937692194,-1.33029465486345
-0.422181730647971,-3.70024816737738,0.9239563305675,0.775387177968647
-0.379916487265123,-4.69844727435933,2.49101617608953,-0.931701116735904
-0.510034282025342,-5.02488878215841,-0.187873410571369,-0.983450699051832
-0.761059988703184,-5.8881177870502,0.75279323043939,2.46676886224596
-0.0979797469530252,-7.54526662699081,-0.291413463763561,-1.60026392786044
-2.2403349499685,-3.17426240898149,0.868715431848568,-1.86577696527314
-0.47450359837491,-6.38774814393626,-0.536086050972229,1.27119011731644
-2.01406972064428,-5.39924185729851,1.29620283518512,-0.233972011641282
-2.52136025839118,-3.95518479072141,-1.22031946089404,0.0670644000118293
-1.81795607634787,-8.17805054759119,4.25232608021888,-1.42130277244591
-0.796548289575342,-8.56866234587193,-1.34358947372551,-0.439076361008367
-0.771331361676948,-1.68671724975117,0.526478718583113,1.54497085704683
-2.49993359369467,-5.62108674616016,2.56263444251709,0.384717258881057
-1.09117743636873,-6.46709851966239,0.469006563502525,-1.03721043680758
0.719022055712148,-3.77973407948891,0.656004807209462,-0.144555788708503
-2.8648468779111,-9.15489508314903,-1.67687112355107,1.59125238365741
-2.33145977313194,-5.224439721046,0.754083074593749,1.03856326699036
0.0292137864336203,-2.70006262725297,0.0773237025349218,-0.118166662984172
-0.121880756241388,-5.01981979236166,-0.214126919773568,0.259116359270112
2.07577029529797,-8.34298230180445,-0.751772298954097,1.15746963130219
-2.37150240189616,-1.96611240458803,2.04131371366476,-1.02426827155768
-2.94469841048849,-4.32990420898518,0.302799672160597,-0.0746147680760448
-1.18297763147943,-4.57294602471084,0.22730150695665,0.927251243202881
-3.08015937723199,-5.48537414695812,0.647075467252693,0.734992198355407
-2.08068399059613,-7.65276009697952,0.0116297017188794,-1.82217648837969
-1.06778808937442,-5.57451846355894,2.35149174368218,-2.45869037555063
-1.40118685041353,-2.54334954246656,0.399031208867159,-1.33597373180552
1.90709421004417,-8.98287680116118,2.07973238535249,1.37127642165502
0.27633068786469,-2.80838545494401,-1.68338313803744,1.80511828495107
-1.39581940535251,-2.01493945789391,0.311811985798363,0.687443938450132
0.186253849043369,-2.65225855325376,0.13359741875796,2.71373581327197
-2.38064517006333,-6.37850880236516,0.79768644485018,1.83143281011854
-2.58190358158475,-8.65278261083986,-1.20839180846198,1.00573016062945
-0.302876768104995,-4.06778692041993,0.88631885979051,-1.66345377508989
-0.569020332992468,-5.0306635496022,-2.3248073251679,-0.415509862936523
-0.311203953163535,-6.23623262399203,0.599918599100017,0.677018786426908
5.09670449135513,-3.97955362598559,-1.81222099490101,0.882298156516231
-1.29593649735679,-9.09019238841074,-0.359619986375621,0.170925772500751
-1.33687017366639,-2.30396370103641,-1.24477697756993,0.837969432270312
0.319048608139678,-6.81020628983925,2.34843756240266,0.0102245005847441
0.591804027847908,-2.7592635092243,-0.0649832451222347,0.633399989408363
0.537304678630142,-3.26718386403736,-1.35028323163056,0.133141621841109
-1.27454505416468,0.269903351935678,1.51506720384328,0.397263651231264
-1.07171000592171,-5.34915748745251,-2.31031295962004,-0.157930990092409
0.533974481789009,-6.96595729783036,1.52897651077651,0.762001792098471
-1.08855631305661,-6.89650649649453,0.17355001534762,1.82124956214572
-2.33569301294664,-4.35375810528313,1.32141253213228,-0.47122186419715
-0.543845646863778,-6.60342253029882,-0.0430959039279164,0.31703688832627
0.513327814441769,-5.47939050122679,0.562680955385244,1.45883555536669
0.195781318551387,-5.63480509396789,-1.85609439399419,1.11721913393747
-1.46965437301538,-7.32041214297977,2.37753978282628,-0.269063417910858
-2.28161118531206,-6.86402977374026,0.0534483571962043,0.589769052919439
-0.0507546326152318,-6.51566933853107,0.719883996353236,-0.337805222126538
-0.650688958466749,-7.6848154718204,0.975295968570711,-2.92958111143459
-1.62729791699667,-2.18050440703623,1.23878955958936,-0.0841467508410496
-0.199298955066604,-6.00729721373539,1.09153948246965,-1.41301985468589
-0.912436742905339,-3.17784747446488,2.26573243550209,0.474341781840698
-1.20271300314652,-8.56307349379603,0.0544745714624635,-0.0619621683003146
-0.569329132065572,-6.47120073796248,0.1126014247149,-0.407511372177609
-2.87896664256322,-4.70561319695567,1.61296864848599,-1.01424549992906
-1.60587091760242,-3.73523859154663,0.416875381567304,-1.24407217682845
-0.245599163587969,-5.23133525904977,-0.416999910951753,1.92473406457398
-1.03254417675001,-4.15619716863079,0.820369602432395,1.63657320203038
-2.09022082678015,-7.45833042124109,0.849365288315618,1.19912541238039
-1.2233679158984,-2.86402313591129,0.594519945748627,-1.10004173184218
-0.348338624382269,-2.95380552661796,0.274841026508086,-0.662522215156304
-2.51506889205313,-5.83437027531185,-0.541135274052432,-3.30782277855144
0.150481982214203,-7.80221561207757,0.653832963015484,-1.21613313408372
1.09176764752188,-0.967978347583219,2.46627901622433,-1.46694894067974
-1.85374984983735,-4.18585625337703,-0.643473387600201,-0.447261468768401
-0.204974438909765,-5.07402474422483,-0.708675650788138,1.8359137433139
-1.55424321765321,-4.62206060540211,0.492731654496514,-0.422746324113355
0.827974930813543,-6.16136915943196,2.38510231551582,-3.02848295952657
-0.547859456170903,-1.26886059655375,3.83989777419678,-1.53707521312581
-2.62498587384075,-6.41242978147896,0.181448175920499,0.908265281343111
-1.26679306806122,-4.65043317129612,-0.757296184978971,-2.26822770335302
0.658099355698996,-5.30644469983271,0.913585928791837,0.906574209424026
-1.25051423065673,-7.25889573809441,0.704311028586574,0.291548252934566
0.0350046233463873,-6.70191895793225,0.780225062983341,0.106961970186777
-1.30493098741925,-6.74838331248779,1.32881560256015,-0.222157139366843
-0.0424106809614479,-4.93560262015321,-2.03641163788809,-1.91481656386538
-2.64912346816635,-6.63305780172868,-0.895814350036993,0.301843131376658
0.493660046487594,-6.06740744592455,0.176994163346266,2.07943741305726
-2.32535319181715,-9.01312299180637,1.62608180048203,1.03656287734835
-1.69668055286682,-0.64436031519193,-0.723122396446017,2.15466641657764
0.0861813708388309,-2.91432686932255,0.65463661197363,0.390063971256725
-1.49749811838541,-4.44342796567346,-0.33682671160962,-0.23496606461119
-1.00155959163018,-5.45587529920103,1.41757316243995,1.58068204836812
-0.590603909114758,-3.1144703930299,1.2570995942944,0.762221150580025
-1.85268867730957,-1.08764906229508,-0.322993765834786,-0.00908016127007441
-2.48394305373026,-3.52511210740698,-0.646289525022853,1.27640388363527
-1.72626489215946,-1.70705256005902,-1.02815722886993,0.303870027164436
-0.599928159057495,-4.4111921412809,2.16040011282904,1.54443746108108
-0.206391716486289,-6.32857416304054,1.19470454926106,-0.287865872796315
-2.18964037198239,-5.94065705885389,-0.849512029429845,0.0903120077038236
-1.41918621198186,-3.87839213121424,-0.209817089480433,0.77723657529663
-1.05259872637987,-2.75981875491625,1.4905967771405,0.361610910172206
-1.7767101875909,-3.14864664460799,0.857636816245463,-1.48082479962597
-1.8778528718299,-3.01484242067211,0.428971979120052,-0.847447354329459
-1.0960827060834,-8.13097356219823,3.64290834385929,-0.849460310536583
-0.912952672854923,-5.24870263658961,0.652302409080293,-0.915846808131672
-2.17932207689004,-6.44721114510166,0.809748213064757,0.90008539150804
-1.92221847350275,-7.6341615754917,-0.595653837870534,-1.96738096396684
-0.670691629811169,-4.0508381188321,-0.0618540892448516,-1.20875774369196
-3.1192951350046,-6.88286671887466,-1.24872443230004,0.430856271278774
-2.16258138078623,-3.88717031237861,-0.898129084105817,0.70819642422539
-2.02270436513557,-1.76620957530515,0.34847705622552,0.447972711208229
-1.82058858591934,-2.99714458625853,1.61809835047645,0.805428774956414
-2.46256813282148,-0.674625742679079,-0.293341181593102,-2.88004081412384
0.0446798161729615,-2.81983729167602,0.970874809379178,0.287945547458646
-0.648800341487673,-9.07733362333999,1.57229540791048,1.52330007065722
-0.32708963498983,-5.00917054437254,4.0029595712965,-1.88092311829713
-4.06564019536656,-3.48571336699231,-0.819064688182141,0.774450559461641
-0.056347293200847,-8.4038284545659,0.0766983308875689,0.913444545001072
-2.40496108555634,-4.07004523410532,0.809277233552706,-1.30368435273692
-1.61543591337883,-5.93120423002085,-0.483483899801037,-1.04399784143754
3.54534869820259,-5.49392702297481,1.25018054237951,1.43000436516773
-1.82742071370063,-6.3943304438804,-0.137789794673122,0.79487823060189
0.334558834827052,-3.72356902436447,0.417059162774092,-0.847551183812403
0.168925798340336,-5.24801476027629,2.44704600654116,-1.59815667969156
-0.815588190581314,-2.1855362536772,0.518190185634473,1.06600339714622
0.062125076795091,-4.43407347609217,1.65436864605512,-0.660632281408844
-0.316341427493078,2.93179583962665,2.69239809428252,-0.413492692027997
-1.86459540233541,-4.80393800859959,0.0967742592671883,0.0149442672636492
-2.50617801690332,-3.19405007261644,1.3151741609532,0.172192020238198
-0.514885274257153,-4.81831919941089,-1.59169149178064,-1.13756992353801
-2.69492446339412,-5.62586086050322,0.965778534105868,-1.36648141155978
-1.60480957621751,-5.01167046811927,0.563526220241959,0.462698254118425
-2.62337754052245,-6.6396543897379,0.369890130118639,0.841582855145724
-1.74302098378485,-7.28642451058428,1.18815052611924,1.06916224432917
-0.942627635154321,-5.69542528577086,0.689002192835664,-1.64699539982384
-1.63108626465865,-3.55800068200325,-0.293755401717566,-1.54395118286847
-2.09562803233837,-4.90668424240405,0.757744343894082,1.41715123837279
-2.1455402278566,-2.99075681003884,1.14925451210064,-1.32940805520958
-1.92771600201198,-6.26008233885532,1.83860293593534,1.19354679698074
-0.147699419721507,-3.97166282757304,0.93336056181103,-0.163458727190388
1.775245632918,-7.42080543432102,0.302467165870654,0.753733964245977
-0.623132048386638,-4.14473511042119,0.762638543774132,2.12071288370039
-1.44469522357544,-1.05769999891207,-0.922717026189516,0.183309756370759
-1.43375356782124,-4.06806905438839,1.64617998635766,0.310867064386551
-1.05728833554995,-3.35874124251082,0.44613630213099,-0.369153889854408
-3.93363132482849,-7.37229122037586,-1.48439091019725,0.35214987597533
-0.321181057983923,0.612360708941591,-0.0072243592959369,2.81136183073742
-3.53947474736964,-4.65093184586574,2.67423324933175,-1.93831155333925
-1.92014883624797,-1.01078728660763,-0.547295353118842,1.19665948713136
0.865348214447677,-3.98454828726889,0.251617145989483,-0.581278027965516
-3.68149649861943,-4.6297605512305,0.633062940793963,0.459383705392289
-2.36638425927462,-3.27698569297729,-0.183636918360815,1.27758890131365
-2.68939545123416,-1.44839772720073,2.47880953844203,0.0836380950789387
-2.44316819554281,-6.11690177832097,1.03908022810222,1.20737882375099
-0.665358998936321,-6.860588782629,1.63270777984337,-1.63414092179516
-2.1305299910479,-8.34679552477682,0.342742301573191,-0.390126625060382
0.779046463722439,-3.82966100442315,0.135389898113449,-0.127554018045877
-1.62273606602667,-5.06056850399455,-0.696738645866738,-0.280042330311458
0.718604087804209,-5.18013490390081,2.46743521516893,0.338357440541987
-0.951701305852984,-8.12860099671535,0.135189890993283,-0.696695574390974
-2.43091159197049,-3.12580577219092,-0.696631046694191,2.93295499418222
-2.5699886048405,-5.96325793921463,2.11289637036642,0.730040904509803
-0.616180983830688,-5.97278132482193,0.947819916092612,1.6925213551393
-1.84264029260937,-2.05410216204101,0.25626060689785,-0.00508863863495423
-2.86910099454513,-5.80612991028709,1.37353762080541,0.413889868115314
0.287965829969215,-6.67668435807202,-0.028380547499164,-1.92027481440168
-1.5186555695526,-3.2404352594921,-0.276395146543787,-2.02415251650714
2.26658470415637,-6.26131132389726,-0.246184952063932,-0.880480254757055
-1.13825929851902,-5.10647597883084,-1.35947572175548,-2.17774939983602
0.161323594271805,-4.20679375688691,-0.941596162792369,1.60595778879711
1.09380201318859,-8.36786442093719,-1.17856571498345,0.467308460251913
-2.20453327143856,-4.93398711991048,-0.206677691485414,1.20851194299034
-0.0134770111501387,-5.19892187362194,-1.16130584194238,1.02470690743357
1.94933343008103,-3.77495789216121,-0.241378043087467,1.07076981638769
0.271938975696034,-7.05496071319346,-1.55865351776627,-1.68889794248341
-1.44449427878828,-3.55688989366223,1.18000957696998,1.7587134016667
-0.481757476190642,-5.29354891193967,-1.61729920783993,-0.0989666754100815
-0.543814082021431,-3.65068355854935,2.68257008332449,0.267844273700181
1.08767405016052,-4.89185646637339,0.353138411936548,0.366472854178535
0.205782676764854,-2.74588342517759,1.88245672415512,-0.0483384334148458
-2.48529735700054,-7.66347742022839,1.34865358632967,-3.24451188968123
-1.55309132381812,-3.09550904602715,-0.151244883991755,-3.13292616043607
-0.515811632105495,-4.75984551543869,1.67524207796058,1.3535978482903
-4.06658348834123,-3.11437197238789,0.225957797300446,-2.08329057828668
0.499369402025624,-4.11295226764863,-0.298790180168248,-1.40594840840578
-1.85751654673857,-2.94390065708174,-2.67227296902974,0.508615049850784
-0.440650200558379,-5.20145962571444,-0.205988042614962,0.639632329017897
-0.0364479475866915,-4.78083739429248,1.79223957887745,-0.701673145587176
-0.67102524796462,-4.79438243583672,-0.895051433088017,-0.395902696517479
-2.84643927028067,-3.95861902605369,1.89385032893097,-0.20509303821712
-2.20592416864012,-4.19909874024101,2.05252165766814,1.1276762449252
-0.249859112130636,-7.09717176234029,1.57600098824101,-1.21498303524237
0.254729892610893,-6.99023516914729,1.01222403523339,0.748271936410832
-1.68254527862678,-4.30692364383065,2.26660744606572,0.694339655859768
-2.16268534233144,-5.34404871858175,-0.363084766154251,-1.6892259883324
-0.357989016868975,-3.27762514109302,-0.794162986425109,0.449310416833173
-0.330973825948686,-4.77150291921358,0.662831581810251,-0.223733685996203
-0.736662413194671,-4.37987923902666,1.21156763180149,0.052999183870608
0.103620697168633,-7.29283419422827,1.85154807735512,1.10615151479655
0.166475158039997,-5.78869726087125,-0.916575383002195,-0.768845245209395
-0.809395324243937,-6.51931833384093,1.05064475439267,0.601917020935176
-0.275736743914111,-8.17520251110844,1.80622777051841,0.828319200466673
-1.02774147972571,-6.28084463967538,-1.23200082986653,-1.17899988670808
-0.925008298219264,-9.36577015016069,-0.47189701824218,0.438333620484632
-0.982533002647842,-2.81592369666154,1.09590543946572,-0.119193245909666
-2.22438721402245,-5.95677183188203,0.571054232079509,-0.0110615542642959
-1.96361141629932,-4.6591982355843,1.02061686731516,0.121666433138977
-1.66164231384079,-6.08909970550381,-1.58950447536965,-1.84800960466468
-2.51683100106295,-5.46189414989799,0.00810345801606283,-0.745538775161803
-2.09216642370464,-2.53922238240127,1.34756688034031,1.08494826660889
1.14786883783094,-7.7596158335869,0.949159751379971,-2.70171618968264
-0.278812042955174,-9.08150334012358,-1.33653725304602,-0.25957024312069
-2.15918233809427,-2.49780765794208,1.71512029260719,1.6919379479225
-0.77657220437519,-4.24573619501755,1.4386042636845,1.1437791353074
-0.980964584069218,-5.5368056031901,-0.021668511885199,0.505312320502285
-1.12625238281725,-7.17306416614081,1.58504597533312,2.62867160031189
-0.595001972370944,-6.38325960149725,-0.50036712199862,-1.10745827884593
-1.64705755505505,-7.23029926974153,0.39409150292765,-2.32145559666049
-2.52214678427516,-3.230908050304,1.77335672147015,-0.169933910612417
-1.50476516294808,-3.43541788555799,0.42789188196721,-5.0589747619251
-1.60913700306651,-0.331572072509423,1.17278128907541,-2.19162835964065
-0.533147839476594,-4.23963250454441,0.676314899953628,-1.73900639164863
-2.50974042751299,-4.92386351676519,-0.196173333907561,-2.69602219396434
-0.511550459229418,-4.57278761441299,-1.93898326785745,0.732311351423761
-1.21619174524873,-3.87888886491617,0.0350635957520872,-0.724764424496524
-0.411566433869985,-0.229608695171769,0.478172531993292,-0.0287465115117251
-0.817455648765687,-5.07342965780585,-1.50771602645559,2.719369961456
-0.571296312867706,-4.50637402501397,1.7186194131738,-1.2610613363077
-1.29408181410407,-5.44995628113772,0.318663585757461,-1.68328036156544
-0.33703870570444,-4.67433907423336,-1.42626019559044,0.199691980426198
-0.661095783348349,-6.99797310421919,-0.745877024563669,0.278381119646779
-1.24326468481211,-4.16581252547313,3.03878040762485,-1.14961607283657
-0.363561938596913,-3.61906326611649,0.107968953311382,0.764935938222029
-0.0978216991145309,-4.98041951354224,1.08357535196231,-0.276274114597619
-0.377954573813722,-4.19442831062987,-0.100235398396085,-2.11713313088471
-1.53470272872242,-3.61064116945363,0.948716343243522,-0.132874114714986
-2.05009907520411,-4.65528064641571,-1.30323876361918,-0.356476558100641
-1.28670947452138,-4.44063174785922,0.543823526311243,1.82065538943841
-2.34987352006743,-3.87253340362423,2.47880171880222,-0.161510683109699
-0.443509396697425,-1.06403318086678,-1.9860153608123,0.119543697619155
-1.76429815899732,-7.06737522766426,1.48172110775827,-0.895134313465794
0.302452862318054,-3.95382292376559,-2.387584154104,-0.170323167497541
-3.79228507503732,-4.06814400113559,0.308783442128634,1.9845162641624
-0.279525978902742,-3.96673974990878,0.408881862267524,0.619480991513244
-1.27480835820498,-4.78291078663797,-0.729773807469283,-0.874664411554096
-1.3230087671143,-6.67771865521268,-0.199400205985934,-0.883532582643291
-0.585741057524611,-5.06509622443904,2.36773907510656,0.564671339626837
-1.05766881479973,-9.47739248853314,-0.220763902269759,-2.08182039718529
-1.8430277193742,-6.53924812086793,1.13641102201123,-2.63511580302925
-1.7923744083336,-4.85736940543994,0.237556020037135,-3.08991224784477
-2.40962554369177,-2.83736346371872,0.313521976415288,1.48645687359702
-1.00964492698272,-8.41812031801717,-0.543711768693069,-0.707150726810791
-3.44151331496511,-6.35986584181244,1.12749465976321,0.974383784331844
0.520955871319186,-5.97915058369853,-1.66975941810121,-0.363544280626251
-1.8312105402958,-5.96292376125801,0.880230940579553,-1.71098013414864
-1.08101571790913,-3.40449261267001,-0.140662376530007,0.444161609337463
-2.68333349407657,-5.99730703205429,0.2398572224041,-1.08646556153964
-3.18896199603404,-2.15021059321477,1.39617880847858,-0.0663366019435334
-2.27514521886033,-4.8035814066907,-0.136226238567148,-1.12520224599505
-1.63430164100832,-5.33836011464284,1.3513376094252,0.653012105032762
-1.55656700566921,-4.19648018732446,-2.25886148824649,0.51738085421233
1.49703759202558,-7.18045798831195,0.749826142562806,-1.008228601664
0.173232436976446,-5.44380058307541,-0.0988213509791786,3.32182313959656
-1.93356163669373,-4.35684816270993,0.501931138074404,-1.03289551675361
-2.47459926541972,-3.76110662983554,-0.527474284578532,1.19243106589943
-3.29849822130595,-7.1932046515061,0.201175891212788,1.2712491037644
-0.637016656231729,-5.4817972879529,-0.0518421936507341,-2.59958403810742
-1.09891660579395,-6.98052187577949,1.51571635759427,1.66657486313402
-0.666270301512481,-5.82560791491174,-0.136425825534464,-1.26466978884826
-1.96864556931986,-2.81714774690789,-0.79895800114909,1.71833969910104
-1.32846175126411,-3.35783216497976,0.492518979211487,-2.28728913623272
-2.44343021223161,-9.60831065023482,-1.04823466565933,-1.11530973544871
1.07627859142772,-5.89934850294431,-1.06839435940116,0.433776189667975
-2.59087202957935,0.176324840466603,-1.10548869405394,1.5805235919871
-3.18384165965532,-5.55214280686006,0.0337128165081805,-1.4721242843603
-2.47890885824813,-4.4527667735971,-0.446880042403469,0.098888078710842
-1.10565970243976,-6.61019358464422,0.119586372051816,-3.00405127787034
-0.297021644616785,-6.73741778648052,1.2661854271823,-1.22641791450256
0.66352424484117,-0.230298865453982,1.45958944706956,-1.38927689969147
-2.84528093736477,-6.2425040028582,0.624865517588364,-0.2084988531627
0.776091375055756,-0.917335836598454,0.308224630229749,-0.357771621402478
-1.72739490312718,-5.77320238091476,0.717001963147743,1.27816716093171
1.01801373497015,-8.43077115350223,-1.04019113537753,-0.12329721397354
-1.15909524522033,-2.97780357222863,-1.33230695178336,0.577517011179833
-0.869903221755403,-2.39150941062989,0.720542268655735,-0.297968628721859
-0.277390597741143,-4.47845116064819,0.727803577166544,0.839866014541245
-3.89154608997492,-1.36774231023155,-0.559618020655421,-0.274115439125761
-3.207818137836,1.06121983171204,-1.48428916153003,-0.0793356302488799
-3.28980249409035,-5.06508199521972,0.396857877336967,-0.636869937804533
1.62576142363533,-7.08225519744755,1.12458546828235,0.368626661150611
-1.17657181317562,-8.44603773468769,-0.0792678593691949,-0.109972437893234
-1.80637122483739,-4.67161501847929,0.819840040957861,1.17657675443613
0.0419614231403747,-7.50801024216887,-0.91637640925661,1.63254364951273
1.40775365327113,-4.15739495092273,-0.698292949528763,0.0923653722828447
-2.19653164923838,-6.96292124059962,-0.541862959482208,-1.14100550918359
0.460818594333981,-3.93179170725571,-0.783528849631201,-1.17631412233802
-2.0589132468116,-5.72602616853974,0.976430868153564,1.58249670790052
-2.2580047978784,-9.89307230293205,5.03878517140241,0.511148070266911
0.948421997612861,-8.54595241443158,-0.231213195916979,-0.991288664138286
-2.2209741371935,-5.3277055836341,-0.243635408491746,-1.19382325746469
-1.38606109517722,-2.34406826739717,0.969460804767443,-1.89697835433507
-0.660664717403849,-5.4694687329913,1.51630709159526,-0.497139141684512
-1.06746745526179,-3.81288424852549,0.61324446025762,0.388168424009255
-1.81080531170694,-5.87604022030176,1.49799649955554,-0.976267797810462
-2.5255781919825,-5.40309931418133,0.464534018176595,0.441564261488801
-0.422859932339526,-8.44091967885863,1.85019819066384,0.812797311704434
-1.05273687299176,-2.80763931577715,2.17499300464989,-2.19870692897071
-1.40966740024066,-1.15043084221404,0.289280462549646,-1.44218190021603
-1.42598182747246,-6.18255861873068,1.18939956923956,1.39512141432109
-0.746372246301807,-5.21826597778835,-0.553430303853618,1.28933244233273
-2.39311007567558,-7.68331025028812,-0.626010262297317,-0.98461368991304
-1.89570867789238,-8.40521228382852,-0.202512617275212,1.72618074715476
-1.08805918116924,-1.49591832458012,-0.540614715888466,-0.141731577563539
0.00103917012594557,-6.12337980965002,-0.807805712552279,-0.993738496623148
-2.40968471460427,-1.48252873697853,-1.4549195604451,0.537581888196726
0.400927168116269,-6.57701702622075,0.24470477134536,1.06596342335391
-0.169462268319562,-5.26821426737208,0.26138131277916,-0.895315429789189
-1.21729523267576,-8.21154700363741,0.75362097869234,1.31154077469931
-1.56838673564826,-3.26726719150875,0.549489392597012,-1.09361505782526
-0.609491138311774,-5.57269339700964,3.71853661643657,-1.86888024899339
-0.774790470078408,-4.44734562732022,-0.894575260181511,0.235957038156103
-1.29623949297669,-6.37073033345732,-0.194135074251787,-0.111212624077067
-0.328812097163872,-3.76950189449872,0.594374240772414,-0.906820566471721
-0.149157931305791,-4.98216765841304,-1.58127659532922,-0.719472157968879
-1.56293415887849,-8.12997115589426,3.15749796648148,-0.771204217775409
0.17828401583312,-3.90101395033257,-0.61250210448595,0.0982117087488642
-2.12388879946826,-7.45036391549541,-0.0919335766109151,1.22519979926399
-1.36441858843858,-3.34942889275414,2.23849518353728,0.832975299211267
0.417757714808348,-3.90633057620702,0.980720746952833,0.445950595809815
-0.978768566336776,-6.26614906843163,1.03049540086541,-2.2636700210731
1.54773435391248,-7.64398216253187,-0.0075282482903843,0.439474176697437
-2.21176576560405,-4.09537926014816,0.208656282045854,0.423134829095683
-1.39008210257988,-3.01780817862635,0.862834329860333,-0.532695909111986
-1.90591262335787,-5.78539576452178,1.62144376999662,0.850383033673817
2.1070934905001,-7.21216550690852,-1.00303324322908,0.0930042542572977
-1.09121195170022,-5.66123135195347,1.16595833358051,1.59627879211765
-0.219909466395795,-2.8263745962453,2.20631787506118,-0.126917245803548
-1.62497616975232,-5.24552719434729,0.0989940015608504,0.167064071039189
-1.5412441481103,-5.70646616370794,0.840115883831554,0.810047006603443
-1.18807969392171,-7.78562112669247,-1.61567034124544,-0.134058398557262
-0.282628218275856,0.716989855577345,0.745718453650996,0.126781891926676
-0.972436217125952,-4.85589010818898,-0.330873565407417,-2.11812691266745
-0.125262280528818,-9.0114889822774,-0.011674433410368,-0.523457441769027
0.160007898476937,-6.59840684911891,-0.0636532508150614,1.62906950333681
1.06388577835592,-0.708454493561587,-1.08631219357292,1.25161987892869
-1.71670334244974,-5.18940340287485,3.23082511648454,2.85120473138021
-0.946474627117613,-2.86726983105771,-1.2229581215857,-1.11122583541245
0.0460315990265884,-7.88048618461406,1.06292631637884,0.0955791772334979
0.334254972269568,-3.63429945909886,1.20896156779718,0.0423514232605591
-1.00186936124912,-5.70462006755237,0.695974216105667,0.717912223212549
-3.35822734817498,-3.51817966169047,-0.0914165717087912,-0.100843211307221
-1.95524554374601,-6.44903352259712,0.531868487930639,-0.0673457877691581
0.232831040477804,-5.86418519848321,2.81856192039409,-0.00610064786324949
0.362817227075018,-6.87262721982726,2.35304611480259,-1.21494580896021
-1.00038702890854,-0.835029844399835,-0.885643941473485,-0.958403041958024
-0.758156007244951,-7.0641005262925,2.01970159687444,0.353402619042274
-1.75876780930574,-5.92865930809599,0.795523871082925,0.994911626806444
-0.897979792767329,-6.4229087700478,-0.0359798532356377,0.263178107685386
-2.25045337068185,-4.62531282060464,-0.0666768138257663,0.410153860268935
0.339603015182603,-7.05123446047129,-0.642554316414645,0.174455730271945
-1.07133987493502,-5.83502439790776,0.949476163725475,0.0990733158867606
-1.38979296356397,-0.504750352407589,-0.0675440893839083,1.14995748791469
-2.54420595331541,-7.49592215939392,1.34900783588063,-0.0457866587023736
-1.85574407721346,-2.70587525513188,0.360199272963672,0.252742895054652
-2.1493920718984,-2.8076980561223,0.697755421380906,-0.492560611692045
-2.30327797694852,-4.31218840130141,0.202315342127057,-0.171433562100336
-3.54975555834717,-4.80555083755014,-0.351692493824814,-0.402546782660389
2.54779075562581,-2.44068824362492,0.240172956045604,-0.677762030154261
-1.62022015276146,-6.56435856800497,-0.970626975153662,-2.58536522427207
-1.65188171166559,-5.82453378121313,-0.828811845148696,-0.0921742062214381
-2.36338496338645,-7.00967376278907,0.850753198065018,-2.46327965945357
-0.809045954563364,-5.31721726691879,-1.39246968663163,-0.290473448560028
-1.41398504465233,-7.06711600873452,1.88916692696608,-1.26599407370219
-1.4981880862047,-4.7026841459966,-0.180365069137811,1.55432857569209
-1.18501672191835,-9.58284896660185,1.04762867908778,-0.0379331142561596
-1.74044909408102,-5.34594031145564,0.888974153315827,-1.05456702501583
0.795011586026812,-5.97843415270508,1.84232101156075,1.34549689560091
1.07893833798285,-5.30046892593565,-0.682558758826397,0.195014296814227
-2.10053394682685,-4.23152670958501,-1.25759788712277,-1.2317751119608
-0.512622460341258,-4.81932071852851,0.769881530862136,-0.452374977424126
-0.503652580070715,-6.28415064420575,-0.756413376111308,-0.66990760458271
-0.391340021329102,-4.02038681403313,1.57779499600945,0.00471946839922177
0.436261047735506,-2.94576738015506,1.53039019201514,0.133593771457268
-0.658984686187242,-3.85216864363368,0.34573864055349,2.00764641926486
-1.17217807734217,-4.01290606689584,0.969106329309874,0.129082119611807
-1.85718589785241,-5.10341697951864,1.59852757611834,-0.547811349493404
-0.224609541992662,-4.2922593513335,-0.00670022054995045,0.57645741012323
-1.07839361707848,-4.49149986919802,-0.0168181798111936,1.281237953387
-0.507469627294864,-2.3597154647302,-1.05338054948224,1.29858840061246
-0.906439910798934,-3.72698338910408,2.61944683017204,0.563139350869783
-1.39370745783977,-6.36399906508082,0.987954506463227,-1.16445625375591
-0.998024680589301,-3.62162396805702,0.891659544070055,-0.24088006203718
-0.706043147315347,-1.40827151429351,-1.03097660651773,0.127575199625535
-0.333400164414246,-6.10174361217709,2.53327801742462,-0.911424636896749
-0.862578075708582,-4.19509215494417,2.20475161671008,2.00271098466959
1.27388057736356,-7.67661953206222,0.340664598234179,-0.143622265470498
-2.27061834173013,-5.93164782402586,-0.338245766554054,-0.0201500506571993
0.181745570908352,-3.9401119136994,-0.00940032805238478,-0.4241549457269
-1.12880232048302,-7.30851988553518,1.30515860048779,0.351003984633601
-1.67009996360586,-9.23737057352521,-1.08098659605874,-0.173211517608497
-2.67541516504484,-6.26530751077647,-0.690742833875002,-0.340803257800372
-0.289776705883481,-5.61241694050296,0.423280319891525,1.77556453436932
-1.45456523799267,-5.2683408587777,1.09017685048515,0.196949705928094
-2.32198323646803,-7.17260530360488,0.693416739186008,-0.822377723310711
-1.04736350072179,-3.93534047839514,-0.373354753845237,0.213791039902525
-3.33647619748413,-1.01816211911353,-0.116579785985466,-0.0593603071221683
-0.805270219430242,-6.14025583936085,2.20405398916464,-0.00747812545254467
-2.12069398412828,-5.60161047580608,1.58783461905122,1.30440755893507
-0.604108020125217,-6.6598790357651,1.15763187026127,-0.563970720043707
1.36385177219915,-2.49253100761715,1.30340316524224,0.180803104552829
-0.923971337568304,-7.11647280845807,-0.265809499309218,-0.688779371481172
-1.25639646078749,-7.09816517394561,-0.454684743794242,-0.238689729808738
-1.93496344191173,-6.22283659199808,-0.28622522808772,0.300979597875352
-1.529233274815,-7.71434215631228,0.97846718761605,3.56729800328365
-2.23363685605783,-5.62688596050155,0.485372681948746,-0.150287382125491
0.887828134726057,-2.95835772540482,1.28827327915452,-1.35951622912231
-3.00535991351694,-2.76973487489132,-1.81163062119194,0.405942596590483
-0.881940464454301,-6.22724316704191,-0.157043736965061,-1.72075986118628
-2.80832016147435,-4.36931366816894,0.854901195932251,3.05843344655139
0.294476976927735,-1.69831114331269,2.33158673517851,-0.699876326300454
-4.90233534351095,-2.4434022885097,1.9837099422815,-1.30655546015778
-1.48390296741945,-5.51640707827171,0.307438385041683,-1.15672560969605
-0.286080281517505,-4.47751483235171,-1.25152977739566,-2.38268850821774
1.27077031178678,-3.21089141270669,-0.591590832422762,-1.45099530504476
-0.383461134119547,-5.25494310158584,0.996874147645627,-1.12465735717157
-2.89495879876011,-2.59062561183381,0.596747934353475,1.22537465273685
-1.15683638997426,-6.67545293129738,-0.283552602356459,-1.12191908012093
0.569734328011116,-6.92684139642546,-0.161320368006634,1.26462279457979
-0.395167423779711,-4.87382205662112,1.25889372077924,-0.566975429089094
-1.6056890022857,-4.22513457667235,-0.951456037635142,1.68355341514949
-3.36747617530859,-4.18099737000927,2.23925602101375,0.564634921209937
-1.88948946254155,-6.13338169667875,1.01615096339744,-1.4920885074595
0.191075950420431,-2.69693681839077,2.13440563771156,-0.125150100124053
-0.252350736837173,-3.54725733930636,0.934381148385554,0.253913064180188
-1.90623147677254,-2.08587667532972,-1.26914419145945,0.730426393459356
-1.45014802964628,-6.97259249708952,-1.39850593416848,0.626623775003059
-1.24962169930119,-5.44441987892332,2.90391118062656,-1.57153640528714
-0.491947964667579,-5.64522022468153,-0.683724305849438,-1.60939857846718
0.54864956733999,-2.84694440011163,-0.394474255231058,0.12220000143961
-0.909129447791855,-3.92781934003858,0.884783865707935,-0.128522798713046
-1.72121594739295,-9.58342379914316,-1.41761060368796,-0.0880507882282768
-0.816672011364838,-5.32687527939789,0.0254401576398428,1.47410762327877
1.04682480729961,-5.90438375118393,1.19422114352314,-0.930150389997886
-0.701299575704428,-6.2407153764252,-0.697911163277759,0.958175539138322
0.217162396146613,-8.53314548642697,-0.148473686870942,0.361792333553078
-0.865108420941249,-6.39723844284617,1.19823896056706,-0.244427745790909
-0.998062960127251,-6.9417070336584,0.343487645070246,0.169359354528774
-1.22015944835112,-1.87382325893531,0.631998368242652,-0.767630717237007
-0.530483753653152,-5.35141583981409,0.840780529414659,2.36946404756856
-1.02842701917957,-3.77193361049938,-1.17090440856307,2.5521674609
-0.576440349846413,-4.33030573081151,0.91764435321613,0.653801721456982
-1.99235285669491,-5.6814887560941,1.60305351729283,2.88626946207165
-1.2082273708937,-4.00345472048809,-0.0541207195800567,-0.546346169603503
-3.17154406215908,-6.11929634186904,-1.43938763722536,-0.197173376892734
-0.257316192627186,-2.13362854135065,1.24881875927311,0.048560285502553
-2.89192387141811,-6.72049907074371,2.50610345444817,0.731185808250997
0.140111558318721,-4.41240135701079,-0.349532089086768,-0.386199010386202
-2.04835709844737,-5.56294546122213,1.00013241310854,0.0441196976352361
-2.28096889406407,-5.04195103918193,0.647630996318142,-1.27520784180292
-0.898132399132358,-9.96829260848648,0.219906989169437,-0.0373495142239809
-0.764873834554139,-5.60689275252225,2.02076340879377,-0.765338740348345
-0.943641346363536,-3.91566045974204,0.576134597223745,0.593388521265693
2.24507808058283,-1.94515477792209,1.31020097642274,0.208524993133012
-2.52791759681149,-3.4604727948427,0.264206425007183,0.161458386814031
-1.56461240919376,-4.2930786564565,1.58882038581006,2.26539187068022
-2.33446480082653,-5.23853676508664,0.778717501404761,-0.43183349798484
0.509751693764726,-6.74740987026713,1.0094058179527,-0.647934006146321
-2.85294117377547,-5.4376774404282,0.309605263240824,-0.202636318417839
-2.02043887553407,-6.83325284050415,-0.10613460750756,0.0590700075836137
-1.47164766608019,-0.503472690909799,-0.616108327236061,-2.55255549114424
-2.03031653435696,-6.35127717631259,1.49533408320365,1.32902779773804
-1.43757113011049,-2.4788658795445,2.43760505137478,1.93232137540797
0.0407254029012284,-5.51167136383564,2.8400911821029,-0.383073466827049
-1.93056634581236,-2.63330744443357,1.28254148418765,1.41079999702738
-0.814295354666736,-7.70851856707907,-0.120120640592605,0.799837207387829
-2.16576843810224,-6.08112665764496,0.643355507207303,-0.757866481611807
-1.30736367129762,-3.6619385043969,-0.0715384321761481,-2.85486367716697
-4.02127880556269,-5.62253395147615,0.577596362770787,-1.39945900571369
-2.61199471689975,-2.98555938831965,-0.709923242067691,0.6020622238846
-2.17319984164816,-4.05948636755597,0.543908036141967,-1.64609528873342
-0.820115972513698,-2.22906943066424,1.69898592732224,1.2466057929866
-1.81724916863,-4.19396236892218,0.526236086194417,0.0556083704301669
-0.248057755990344,-4.26389335133523,0.421393098460218,2.44804674920617
0.881149811960017,-4.72575924953664,1.88069006810611,-0.059433612498205
-1.75726466597813,-6.03229136146008,0.0513950338224293,-1.091608739386
0.0436958974294084,-5.72616666365866,1.08993059108807,-0.702157790969485
-1.36153687882136,-4.7723456723327,4.2193935530857,0.500896956446918
-0.663183380704709,-3.09089160874204,0.319863469413109,0.275587732719986
-1.46299637253404,-0.138880135101077,-0.387641669723229,0.0313473442590178
-1.41114527855441,-4.93330582571767,-0.559636378221305,-0.0704610990141662
-1.46055691121208,-6.73274792630392,-1.61575411558613,2.45369317467851
-1.09246628135499,-6.18493268106212,0.401697612859859,1.65453303387784
-1.21454573962579,-5.84846628731478,0.591004808214188,3.85666642787956
-0.126916500279173,-6.57018046983893,0.118985173099701,0.282394563246247
-0.925634644233461,-0.586098101659631,-2.26891583381109,0.0578627283337277
-1.3387495667509,-5.11325078799815,-0.400163893971873,1.58476924139731
-3.76065607843408,-7.48345674608062,1.61735179731464,0.710134557012364
-2.11681799863707,-7.97483131836321,-0.168151930955277,0.680006759568435
-0.184198210563604,-3.02849677071496,0.658403840390742,-2.76280180233211
-4.77889087260678,-1.92879904717556,0.701568325371342,-0.765400696727947
2.48840660176938,-5.67010309643408,0.377069303055035,-0.518098384458861
-2.05313032528193,-5.3053999911837,2.17231226056827,-0.191260915814756
0.277162457899954,-4.7574921515385,1.86141542598645,1.82274487355209
-4.78555737219885,-4.66115978217319,0.910224269226201,-1.05738262813042
-1.49776368871895,1.24128048452979,1.14599478279145,-1.48786715956856
-0.46185373378504,-3.13104969909073,0.0501435687874954,0.351891998613557
-0.58019039091202,-3.72244776544375,-0.782803966807222,0.619204592193809
-2.18874103176273,-6.8636339518905,1.34923189948503,-0.409240058493174
0.235984801438079,-8.00148243930431,1.30835514757413,-0.440920768735167
0.0109170030701558,-5.35113433789559,3.08319627553099,0.678743593639593
0.700071536659292,-3.29501830945435,-0.237784989763463,-1.71144140332728
-0.840916443067574,-3.66820755660535,-0.855665049083792,1.39292372779412
-0.324213140924811,-4.2549607130861,1.4067258611187,-0.743450218671282
-1.60075533547568,-7.40110562811044,-0.689251392377651,0.778121888103499
-2.24516878642898,-5.13766233859321,-0.715279404414296,-1.01940083305359
0.578970086023039,-3.21695857584046,-0.127193191120215,1.17578960686106
-0.590163081841908,-4.34651555662165,-0.37033617908246,-1.22330762858301
-0.866535144387438,-4.61946985707896,2.44284791024747,1.43172506901927
-2.21353898441716,-8.89357834549827,-2.55960337526896,-0.854395550800981
-1.18893555362706,-4.87979742187098,0.19484813013027,0.379644185759694
0.402502464254638,-3.7670995879023,-0.341886751794924,-0.0582467088116757
-2.14549461848028,-4.32285328244209,1.42410003852773,-2.17027490338139
-1.3152650177008,-5.54368012870044,1.81519811526786,1.14245988662943
-1.74099487367743,-1.86615419564984,1.12357431513988,-0.551900624973664
-1.84600736191672,-1.65842163350121,-1.30400259261152,1.49544679349838
0.734893510477889,-6.74785696264287,-1.71245594788403,2.22320547336877
-2.75756065112574,-5.18441972589948,0.361259167628943,2.39478441808679
-0.639167622655652,-4.5994435587529,-0.760547030009178,-0.548625588649638
-1.73069518482379,-4.30050072062725,2.5629387416238,0.0567378319450704
-0.699826329608932,-4.89031042042505,1.69671537581377,1.54370083794639
-0.711377474056235,-5.22896756284133,-0.411892660899268,-2.28122656483646
-0.923240666432478,-6.92661545023856,5.11605441524504,-0.824833113103691
-0.108082860312224,-5.14946224610325,1.40254081187107,-0.519703298095269
0.202111349820121,-2.11242598785138,0.295236301660841,1.43859021705165
-0.81538980946575,-2.56209086692587,0.530853255416531,-0.558432658096277
-3.24295799442695,-8.31960752766651,2.19316961140152,-1.414186696749
-0.0763776661988151,0.114575398710556,-0.814234594819469,-1.06993944525077
-1.17603860153289,-4.8701986674919,-0.427640554898471,0.998835647962235
-0.947260637692063,-1.97574520751667,-0.478238550446381,-0.108922853482664
-0.786222964863195,-2.69572123251337,-0.00795635723143207,-0.159524593277469
-2.67760122578565,-5.65346334885981,1.23775293898245,-0.908479257373818
-1.2882550233797,-6.8236983051265,-0.182896978168829,0.187431073414838
-1.69918892784591,-6.18562789224868,2.33548347492236,-0.406468852666028
-1.3972400862671,-2.93188113711856,1.26808852395553,-1.21393214395233
-1.85024996608368,-2.38750226018112,0.159621479358981,1.4962043650156
-2.51111861498401,-6.7231726445388,0.684457682585867,-0.594425735146332
-2.62133893438636,-1.51667430249897,1.20408371585231,0.211972851331131
1.16859196167178,-3.49707285490514,-1.09424716672135,-0.974995775719644
-0.0830488887940758,-6.56177422880767,1.34054307799631,2.44483353076553
-2.67883949091134,-6.51042884906178,1.32729872119142,2.58618765883031
-0.31853667953336,-3.03823275593813,-0.186324616695908,0.306960785681282
-0.122343217170043,-6.56007006692627,-2.14604472100731,0.189133594108887
-3.83079870092126,-2.53637381793419,-0.557940733364075,-0.150193570692852
-2.77852118020184,-5.53950243411861,0.588443365725898,-0.169465479732828
-1.68659038393077,-6.49275940412713,2.65267705582707,-0.144316810905955
-2.1832152212824,-3.90266878359124,1.49849405573711,1.35260225473577
1.05214960645706,-9.87971964294376,-0.0782653793622607,-0.859413558040332
-0.406100321390505,-5.81578723102172,0.702102515687005,-1.13413651225543
-0.880758672099495,-6.81564991189052,-1.43745560776985,1.04728529667991
-0.720516221472131,-0.0727606039551562,0.262693883747326,-0.460331021838421
-2.07874938507381,-4.72279239655407,0.165697248491929,-0.127757082141162
-2.15146939466078,-1.7082776854011,-1.16419107968225,0.472882674912353
-1.23939792094688,-6.54956792634782,-0.36710991330717,-2.00613775063793
-3.03040935996925,-5.61894718690318,1.6124946328016,-0.148566276280579
-1.63943937153269,-5.53074788041385,0.0754061518273921,-1.37047541755566
-1.30888325790534,-5.06216819455096,-0.0412960838266229,-0.945211351523343
-1.72292753512248,-7.18136713951158,1.09750596299896,1.47505745071634
0.0291968048117898,-2.77151006331814,1.41378053520701,-0.302162361080102
-2.47835254692265,-7.02786569222535,-0.794864053191226,-0.694172007033228
-0.871990374552942,-5.5635410119622,-2.1929587654216,0.766477055439546
-1.91034628961985,-3.62704588688436,-1.461567648411,0.929759473692053
-4.01714960234563,-1.47426288530419,0.824636632264806,0.189396921859574
-1.13826613761224,-8.0870481170622,2.93334309202354,1.2093294372125
1.60537948000507,-1.98138317061343,2.7133733241262,-0.984696094715276
-1.37677546627389,-5.28918087652647,-0.793194913282655,0.95692777537809
-1.51956375741493,-1.90772012312596,1.68463182438483,-0.559969292315883
-0.68427108187349,-4.09645144019935,0.0533542501842477,-0.329544141653093
-0.388039246343328,-6.27970343736396,1.44180018882783,1.1955921772801
-0.90915872178812,-5.35498638461792,0.505667330345953,-0.308413629115021
-0.0483681862397187,-3.16346983620981,0.276797455512833,0.675236520272243
-0.702855702608618,-4.45269603256572,0.305262780144171,-0.462309090313526
0.647053106989545,-4.52443832743771,-0.0523634685838829,-0.473123036077755
-2.30264249762145,-5.80678845039521,0.741773107194261,-0.127336211055703
-2.21271879742395,-5.15129456778194,0.409863065695387,-1.06771129401959
-1.52876367226727,-8.45957998082129,0.204691506142031,-0.450563280791535
-0.983537903746963,-5.61170333056892,1.08680333119818,0.0611114807418997
0.209875031758437,-7.59160265755074,-5.90216636667079,-0.601122285152153
-1.95873119192728,-3.85183472259604,0.371162863478679,0.552891322072541
-0.760708376176719,-3.11823577352264,-0.113414139360087,1.65732893867657
-2.37016608817553,-0.568369356635305,-0.0715078978341891,-0.190787185388559
-0.88116976467906,-5.04549936181617,1.4515679969991,-1.13982366233039
-0.0722080489765611,-7.31994080025705,-0.990476297600485,-0.425406063644234
-1.26181384345892,-8.21230468968821,0.061375661753664,-0.895176853106338
-2.07526745401076,-5.43344163224494,0.00880396802803129,-1.43886700757997
0.13253184531801,-6.69343766441787,-1.21089758915296,-0.0212535440042732
-1.44788451010561,-5.85695449386709,1.09518692268782,-0.219757623643617
3.34989849868612,-5.14644954564539,0.790670715426974,-0.68725135304423
-1.20115863301444,-6.97319657564828,1.38949443161518,-0.894263877189543
0.87857438287422,-1.46164244349902,-1.90565232153562,0.496485315590836
-0.00750492823656637,-5.36171680832581,0.140378678095666,-0.424486276927494
0.611925060193502,-4.50555370999307,0.909701824464555,2.54284190059542
-1.29810265950246,-6.85688613101697,-0.360839541549363,-0.525468795160414
-0.63813382634405,-5.06171481057255,0.987030694849051,0.32203397807877
0.156813356076614,-5.01934374283498,-0.276015352405253,0.231354658229421
-0.755771193520421,-8.93375340500591,2.22279568958635,-1.54041169860053
-0.547651896544274,-5.7746781147859,-0.0126530062824949,-1.27853136656123
-2.07190034080195,-6.64483161731942,-0.667724063555686,1.03234085805964
-1.13723028639997,-2.71158143093937,0.865791215522437,0.126794103688967
0.0982279370698982,-6.50233757642909,2.05142642434628,0.0415354321858026
-0.0713635411724979,-8.10929575058108,-0.191674061257821,-2.46924454212546
0.0985448009021991,-6.8394798912922,0.422085123438,-0.572365996979143
-1.48498155778293,-7.41428474286481,0.74250609810073,0.159891315750498
-2.85618083338621,-4.53347982350833,-0.501128960537086,1.92513133571828
-1.03305780341021,-5.4017748214171,-1.10789395108422,-0.599440612442334
-2.24788677258042,-2.98783146770786,1.86314938750547,-0.800909503028845
0.183210592573117,-3.14716881986047,-0.876916192585089,1.58837343207144
-1.41082042146691,-4.72576892588952,0.682017464261742,-1.40262050896288
0.137932740737115,-6.23035842620925,0.291291956002838,0.601010110632931
-2.6016168160048,-4.30076779719163,0.410613009099199,1.06956871446459
-0.334296813645541,-5.34994974915922,1.62309970139671,-1.23649690776334
-1.64373807552637,-7.11332942256816,1.88551998564668,-1.3848707943977
-0.388342963375181,-4.17529524747565,0.775742253583907,0.764129543013927
-0.647404301865574,-4.03445780103245,2.93727128058648,-0.0775174107550966
2.17449153814752,-5.36991704191266,-0.874218767212014,0.755106438411267
-2.30092010874354,-2.51283975214881,-0.986236121487135,-0.627388092153473
-0.791555341488298,-4.27502834495006,0.232234355095495,0.184335901189386
0.443009749102589,-5.84847320674293,0.564779645724223,1.41617665731644
-1.68608108608333,-3.09052100731319,0.85526804479878,-1.80110092336587
-2.74431419727448,-7.21984444806076,0.20245228951285,0.581032009986383
-0.188317948592991,-4.3859158757739,1.5502787425327,-0.0363753742141255
-0.468645687111548,-8.01266475095658,0.627062001778519,2.04113493650379
-0.764722415635179,-7.61383004180569,-1.85601772692991,1.92425980901086
-2.29431137138182,-5.20080944415054,0.679140988336763,1.10305883859669
-3.1331947519035,-3.34673247362878,0.120308728383289,-1.98308955649616
-0.281433078449294,-8.01286115002746,0.859344914661565,-1.06873846807359
0.275189279956462,-4.48896859199979,0.0455679614282768,0.447604819910709
-1.84350256808722,-5.14316365150923,3.0001113331536,0.433611100395756
0.801474195550848,-4.62368829930456,0.0849210913373144,-1.77147993725713
-0.846782004898552,-1.6480064282598,-0.212166296126303,-0.254636109618843
-0.695445383030576,-4.32366450038407,-0.61032423312274,-2.35313618394543
-2.01201984736732,-6.5600195949565,-0.236739189070761,-0.487496847476564
-1.84649210574983,-5.98460405354354,1.32650431851288,-2.1876665745534
0.0769080428881661,-2.8557087177254,0.471243146386104,1.51031670533575
-1.10947458122411,-4.88378455208946,1.39448777668809,0.280604371583345
-1.18429053332331,-7.66027325418428,-0.0327669765904226,-1.89368125150336
2.12216298964608,-5.84995056085016,0.961312307337479,0.931272546545859
-2.03906411858148,-3.79948616422431,1.04200307210401,-2.58393417761185
-2.54909206713109,-4.26032531376257,0.854906943364337,0.344106509489979
-3.76573891497463,-2.63742449485184,-0.719542826608219,-1.34647881947289
-1.37230047173475,-10.0615885422722,1.27180456606806,-0.0952627140911838
0.583443059674595,-11.163420369178,0.95865010030465,-0.375312732981915
-1.8395578600605,-4.24443527297143,1.97348210399975,-0.917918001246613
-2.77187255665013,-3.05602999275775,0.206550517826658,0.437729333830988
-0.61316077657187,-7.67560877403879,0.158496188428607,-1.06616770687219
-1.02692867878834,-8.747297246104,-0.644146507401419,0.295413403012801
0.736074309933838,-9.29855388934349,-1.78426348072341,0.565477763417599
-0.732241500820658,-3.51455741726309,-0.145712709865141,-0.398956668985013
-2.81845132894994,-6.2238863943915,-0.598108209232196,1.87103672405654
-1.13474727200318,-1.52933532319982,0.193713623472521,2.10847198651957
-0.727790882065275,-6.06172905451135,1.63506584351296,0.793015581023737
-2.91967137504054,-6.97656725937282,-0.823674990138191,-0.583071189869448
-0.14999202106262,-4.77417705441744,2.85014622111395,-0.686123622196221
0.834626926044931,-6.78813433144645,-1.6880395879317,-0.404080035723064
-1.09605131679878,-5.21927415162547,2.62554047781675,-1.40516286626253
-0.127677581279733,-2.37508506485207,0.0510683251100177,0.666423131651996
-0.153059666700122,-9.6185003749597,-1.49074142787071,1.46152105978707
-0.6654715727154,-5.22354416600503,1.05091613651718,1.35281479773266
-0.2233213330937,-7.50440494248935,1.07061933571043,-2.66872625979183
1.47953587225646,-8.21890399784749,-0.527786649831834,-0.189658130039408
-2.01517106298373,-6.86111610290547,1.05159539391129,-1.46383160703156
-0.835883283182568,-2.92469901299639,2.27647737659278,-1.21313172115237
-2.03705885987562,-5.5823501522642,0.903759748855601,-1.77845745678899
-0.421838994738391,-3.62390221673466,-0.398378181160118,-0.484964337804092
-1.9408605184377,-6.17494387142482,-1.50675488750933,0.314944358509289
-1.45021536014506,-0.735993618457259,1.72679201152262,-0.294057808643262
-2.48606793981354,-4.50173970052192,1.04869253517086,1.6207762123957
0.228404378962818,-6.33399193920459,0.742072987273899,0.134739437893842
-1.77894940924308,-3.07374424760317,-0.128700799365319,-1.10089936389838
-0.346529207002308,-5.10474991268927,1.25648128322428,0.206676052946238
-3.09645146378546,-3.7309750094854,0.615079712121863,0.921278148311115
-0.923378755374603,-8.2882691092291,3.24961390829032,-0.667767663816415
-1.39663682693945,-7.12069541469428,-0.395705447427048,-0.891954241924233
-1.35841094483214,-3.60258343879809,0.232757947268071,-0.836177382075331
-0.337186535669663,-3.9373048896353,1.97241732759779,-0.565269745356574
1.23593355478559,-9.28719452218926,1.18379886698913,-2.69698389918137
-0.147907117496968,-1.40732729485956,-0.0385856039077441,-1.51317988335848
-1.23787549065206,-5.40718116444546,0.617330021512093,0.259439837025289
-0.865575115668023,-10.4918008070865,-0.315756798553619,-4.02246745552843
-0.613161610361134,-5.03985849432017,0.224131159620113,0.444565843561286
-3.63459651271686,-2.50207659668889,1.45101928313065,-0.764963893428575
0.163189863682892,-3.9250996290239,-1.38059195059765,1.27422292933701
-1.81127783959332,-3.81858167908774,-2.02786587445185,1.27560188832729
-0.588359461497035,-5.29556022466847,-0.774174607231874,-0.445132764724349
-0.801403111161412,-5.44204760967213,-0.484139659840527,0.30198735141083
-0.0796181156656623,-3.88913843606585,0.383506509551219,0.193874526394162
-0.624166718302663,-6.07537457277401,1.5528189651322,0.643491113121557
-0.209346406102594,-3.8592097322087,0.826058594144198,-0.0439889758414728
-0.304595859432718,-2.41097713878343,-0.480716879469729,0.208495712524353
-1.3674016004313,-7.63617741407113,-0.55376070247539,0.0377380552621993
-1.90092827035422,-5.48053462428881,-2.4518384263592,-0.0479466142684029
-0.681540312501168,-9.03446774995595,0.109815846457153,0.242115156280092
-0.202747163826837,-6.54959959934223,-0.69009922000407,0.782878361497695
3.83328856573223,-6.45626333172139,1.22781133694012,-0.130923510996938
-2.73325874896903,-7.65391645617725,0.758512289781927,-0.399885041870604
-1.93701750110303,-4.05837762801176,0.563998891019962,-0.604746482851379
-0.678639384937151,-3.19318860903973,-0.419645320914537,-0.188660916490235
-1.12574275319789,-4.47466862622872,1.83619430800878,-2.50044205282448
-0.074956955066783,-5.06502461111761,-0.258503033769891,0.681777088029702
-1.97628748102769,-4.93585238709123,-0.71077817800357,-0.727874752481746
-0.470631473860503,-3.90567018229356,0.639452324343203,-2.97966876831924
0.538417752860614,-4.75047456876255,-0.103617938582951,-3.21619619697603
-0.981328675455385,-2.80750971904928,0.615203850489846,0.96154228919984
0.550634281807377,-6.8817284877076,2.43053739644778,-1.19507343704084
-0.249562398456673,-4.91073928816833,0.989247953432269,-0.285736254601557
-1.47488294885878,-3.67280661457366,-0.444547609485342,0.854604549819676
0.920723812213021,-6.04474827810374,-0.600640843728094,-0.927528319022939
-0.651256557467251,-3.69180808285642,0.963582646229023,0.485109236988911
-2.2981887119599,-4.71656042627928,-1.27024618493057,0.173895921193575
0.0319997768910053,-7.91625274431901,0.115769807067147,1.61210566224873
0.752716844535564,-2.17214487423094,1.04241693454184,0.327357052876049
-2.72377861362665,-3.35176798480326,1.34570077555411,-0.536149419340208
-1.82296206805913,-4.21293714015413,0.607317339291954,-0.990665147992591
-2.56953224796659,-7.14620723839738,1.17177944237238,-1.22964483245076
0.110316424322513,-3.81061709876657,-0.193461823826738,-0.510192539698568
-3.90531301172306,-7.59027318186788,0.76926073856097,0.428654817902023
-0.771783193358012,-4.47075453810485,1.32093565069285,0.976959219816114
-1.09627894189512,-5.27521641230118,-2.25267046737329,1.62589207990764
-0.351025373812405,-6.41475986585649,0.0427209220872804,-0.96475444564664
-0.844752476124226,-3.64992299764539,0.462341732408215,-0.290634056209681
0.0585888427797006,-4.28590608081998,0.312015843945026,0.770855290437294
-0.0627739714027124,-5.83390774515671,1.46734112925056,-0.998129866752636
-1.22934791321358,-6.64483751183723,0.017992904106801,5.05154249362766
-0.639905317171443,-4.28166434772625,1.39016446453316,-0.310985392828095
-1.40952461350838,-7.53517268864441,0.5921020598891,0.947042236980511
-0.0339074688332164,-5.16323655204321,0.743374766986588,0.660961115729277
-0.707234762733474,-9.69414994520033,0.710176543163196,-0.820297045959266
-1.58139924212428,-6.28709181928846,0.285413099257476,-0.544288791428398
0.651187881369366,-4.63646140297378,-0.10121995043474,0.607185429521538
-3.76313673594086,-3.01998747192672,1.94039243668712,0.982407200727229
0.278865987683911,-5.32921848349064,1.05232240126608,-2.00259759772434
-3.47656016366897,-2.26215112913066,2.0444502316325,1.19117412072346
-0.723098630543973,-9.69837532215301,2.25578821174364,0.9635311542474
-1.25053035824829,-3.24423129583027,0.915295814644115,1.29039010974556
-0.781422540873898,-1.64499385199148,1.41811875995213,1.34729465139754
-0.0247590248565741,-3.75328635955633,1.19906617523321,-0.510289700043878
-0.428313505108447,-6.00034830587714,1.24280995304601,-0.422979862135383
-1.01751086439637,-1.77335303141218,1.61129945551166,2.55310825395864
-0.380502888909043,-3.90657878688079,1.28043708870017,0.948648727836178
-3.31542498916035,2.23544906397946,0.13286271233174,-0.0276507767255928
-3.11763696193305,-3.98804420896307,3.96747634111876,-0.855433496660603
-1.17413085294329,-6.13123979582146,1.82859416788444,-1.69461831587089
-1.78407212440988,-5.19998323133557,2.48598472316248,-0.180863277487958
-1.54347707569642,-4.7307691699905,-2.10883332399105,-1.80743128835858
1.71379927896896,-9.18685514744332,-2.0442886950523,-0.277845645553839
-1.3684485881543,-5.12646535418498,1.48587774993825,-0.642554330228324
-0.251483366652256,-4.07797054269351,-0.351249683610197,0.674324780078242
-0.738071105475662,-4.6210576849395,2.78097637615848,-0.572087724115974
-1.45004293251898,-4.0224891526315,-0.991321014040102,-2.47846728905616
-0.00271018865114037,-3.84507813582374,2.53859018945989,2.08291535521741
-1.03708890139429,-4.67035512313655,-0.152057201166271,0.938323432490775
-2.44838126441618,-1.45180813484772,1.44545642044481,-0.98525065407474
-1.56765464347727,-5.07020535437964,-0.0541829680327025,2.03013079418418
-1.45618569406532,-7.14772639808818,2.65230790223152,2.18397439918459
-0.497540582863136,-6.23680861148474,0.602574377098784,-0.186723744515589
-1.41210785302191,-4.07721839326915,1.00128637562382,-0.326745089949327
-1.78727953423722,-3.07167569409996,1.22146828004568,1.12413058195327
-1.4144915309369,-4.18116732219469,0.013125528437084,-0.354450758651856
-2.31490140175255,-5.10735375285154,2.06862200942062,-0.494360463258321
0.00662043719154329,-2.56359061372184,-0.0820365590594768,0.930458671612506
-1.1887825051357,0.127728967604181,1.21237547362619,-0.408833303058619
0.542059143370625,-4.24909042193314,-0.238798081262675,0.997753239404024
-2.57753572535169,-5.57606650700374,0.436220588980601,1.96674063600308
0.528172836843584,-5.42781273830444,0.933504465839558,-0.572982012844096
0.162851026729176,-4.25176720515066,-0.344674365639156,0.426458206650262
0.400653115390586,-1.37439983414707,0.81792512565139,0.385680586473831
-3.00560386398616,-3.31829329155329,2.1069294320763,-1.60077831844815
-0.907672337126483,-3.43398591930268,-0.139497769071443,0.424041843939581
-0.221023386982937,-6.29620432308058,0.450207352167235,-0.106944121943508
-2.11136352596231,-3.16483256655382,2.50763388826837,-0.564717780731182
0.193976122061317,-7.26430064389652,2.13428206390016,-0.667660559475668
-1.67563310055242,-2.62629109051229,3.0593627020116,-0.882189543790669
-0.733265614838781,-5.31608545146605,-1.27853221879912,-1.06023445809041
0.172587971419342,-3.940683961228,-0.563478500834327,-0.754896566185423
1.76920059649198,-4.39340824378036,0.31472729621211,-0.153656786325191
-2.19890027676563,-4.96712776409448,-1.1504905087624,2.01584093737714
1.24508754289408,-4.73583100745305,2.30560436124815,-1.01043257751817
-1.43148047948123,-7.24985193168436,-2.03408428840778,1.8226669488697
-2.56066383147901,-5.56239702412156,1.41830784644895,1.08273525428676
-0.96989293397037,-4.605014995999,0.499263502965467,-0.114056138981434
-0.226650499558652,-5.19622695489534,0.729563675941833,-1.81782774331104
-0.790832585111425,-6.05788609987126,1.10081751647067,-1.1465979377907
0.391215782666714,-4.2656822269902,-1.64378672848639,0.769260841033887
-1.73221831459316,-6.23196452523851,-0.299149364716097,0.611262638708436
-1.68022681464787,-2.12676746377848,0.899336617400025,1.64577913974959
-0.0647788409287071,-5.88214469988024,0.178907806345522,1.24163142768285
2.09241350509087,-7.57913426710831,1.06342670485622,0.956609738904843
0.444271665808719,-5.17466546330261,-0.687101123886957,-0.119322023629467
1.74571586585668,-4.47918879062992,0.479168482370266,0.780062993438779
-1.16225882014858,-3.1838541617057,0.0111583309323371,1.42758155009814
-0.982805423394537,-2.61319858092036,-0.451379485516217,0.566629599909423
-2.08056221927443,-3.26075359258016,0.506003807818848,1.59124528556746
-1.55340248885876,-6.56993294903161,0.373988771872839,-0.461766728507941
-0.297257161812617,-3.04134289925436,1.16903830700062,-0.77693574376932
-2.66394541298618,-7.78460860340667,1.61787105144432,-1.61030533783579
-2.73962638135274,-7.92070431134348,0.320664656503666,1.79728508871505
0.998158266319817,-8.06928494850859,1.08165884058318,-0.35995426918616
-0.937769413111446,-3.69161168224738,-0.905452896868809,-0.36780976650036
-0.924019342030222,-5.6312740901541,0.2616578623408,-1.57605555217025
-1.47323453716513,-2.66951224920385,-0.166246943988149,0.604694974410104
-2.02152726970741,-1.28035661542925,1.14723168788174,1.70722781957709
0.636019875803362,-4.10688715531105,-1.53139443246379,-0.996020712179388
1.09334132087278,-5.2647798199526,-0.0159424572315616,0.450496335240546
-1.4067527253381,-2.2306249059006,0.109839063973122,0.0312755138039794
-0.25659353657614,-5.13531714011729,-1.45599531981946,-1.36334362959042
-0.107781231553353,-6.20376941878017,0.741275480734823,1.24666798843717
-0.178969598257963,-7.81651406014985,-4.94323542444679,0.854080115329023
-4.70602829864418,-4.66247736499569,-1.14481518769573,0.761492005717523
-1.2192857216663,-4.64027647621709,-1.14665506582901,0.772334960475427
-2.32415641251972,-3.62557694238672,0.34941370994912,-0.136377099114095
-0.918351001631847,-2.86334082776348,-0.227347466076726,0.136848923821275
-2.25964114472288,-5.7643061781177,1.22622378971564,1.06696994906966
-2.08011367998135,-4.24838883754443,1.19037654124071,-0.418199544203682
-3.20390856449418,-4.94106801542144,-0.634903738744342,1.05611480079591
-1.4119421169031,-3.74002066999709,1.096030372755,0.225808012601269
-0.614496318991529,-1.67696798393346,-1.24116748495314,0.736541649426336
-0.546119994756445,-7.53144086196008,-1.02267282746746,-2.45736172232515
-1.22931559281214,-4.6757447577071,1.41513237980619,-0.681825640955243
-0.313692012346372,-7.90865759596147,1.67203109449554,-1.45729418565191
1.25453439083953,-2.85577032598439,1.30608635998354,0.0624699726329144
-1.70103784827843,-5.06406296493992,1.80354560658627,0.107783817668114
1.95227036189716,-7.4249849598459,-0.0549727862728622,-0.464955234902764
-0.365334081465972,-2.78889199438745,0.923276517066678,-0.594163805410172
-1.78198903701416,-5.30647466551111,1.66961647368509,-0.751498965751395
-0.294303402509471,-4.76829717048707,2.27331309266504,1.0399590157538
-1.77135719463235,-4.25922780482587,-2.04404690383111,0.622929846613389
-0.257721379980987,-7.48682303331042,0.530227737539463,-0.724952001307213
-1.75586343858349,-6.04068318126513,0.721770276464035,1.92675655329288
-2.76752990525715,-3.48217082853805,-0.836595049273327,0.078514122544707
-3.47404937792068,-5.76770469673435,-2.90370111626404,0.889917166671045
-2.03263419272474,-4.6360170778378,1.30294257670312,-0.145853971297422
-1.15307921653712,-5.49982539581327,0.67828923402346,-0.572584756273267
-1.80722531202769,-6.51394437718225,-0.181448237974651,1.00060621285454
-0.0573408938213003,-7.27308494741523,0.11208761859403,0.819490589600383
-0.656120096000166,-5.37053279568272,1.87703875050145,0.137443807580011
-2.2048442281878,-4.68420756817743,0.532243143600931,-0.669660910492795
-0.196912258128201,-3.00196131951007,3.34689829867998,0.539724536217387
0.00279599066345304,-1.29907886642249,2.31330827358569,-0.118695852251623
-0.200569852282483,-5.04355195252636,1.03757625650666,-2.01674688924265
-0.729642356473123,-2.18384791382457,-1.11373595717834,1.0920345230957
1.46279651119959,-3.03124054392774,3.8714610739781,-0.339565951094699
-0.261281802807605,-3.71481813255842,2.43725984868371,-1.92834821021629
0.79813244286752,-7.00248655994631,1.42131555165364,-0.467418947966158
-0.236679277318176,-6.53526686133263,0.804265180175154,-0.668081714442041
0.181826291006353,-8.17144775882356,1.34942090940182,1.77496962970418
-0.822721503550809,-2.50368084393204,-0.220406922353215,1.48571221684109
-0.169246459400283,-4.3985424150239,1.92069311470487,-0.52989669108776
-0.605004138434393,-5.80930708041962,1.26968622265658,-0.58545078473053
-1.17663812764473,-4.96522604924974,-2.90141425448351,-1.39403425921644
-1.67806914095457,-3.51858103567251,1.25268520761248,1.33319010734712
-3.09519245161365,-1.10982015501623,-0.826020123685563,1.42931238004864
-3.11109098270466,-10.3425846841728,0.035348934151798,0.241111541004873
0.367223597232361,-4.8184418584249,2.33838385698177,1.53266241302077
0.283375166557379,-5.81936723655528,-0.689741641158862,-0.887007655366382
-0.0155713408195526,-4.37472858999192,-1.37746649667593,0.209925317252709
-2.08487090726622,-3.32425936959887,-0.807551255513802,0.350984396765474
-0.460991395564463,-2.61719382864419,-0.64080986548957,1.33703630332559
-0.751038232449634,-2.78704151038122,0.0789851099836067,0.0646543339521986
0.245877365244639,-3.79052983384591,-1.99649262101264,-0.0671800813123932
-3.7962808720265,-6.3654620238812,0.589765747229258,-0.83463590242354
-0.905478647463075,-1.08867715898443,-1.28801751366128,-1.54680528351286
-2.53651364203181,-2.78070745372327,-0.283828969744433,-0.419432712972643
-1.76452369646405,-4.45865968884175,1.51653069649016,0.529607374868714
-2.0365618675092,-3.28228134173039,0.217806190909696,-1.05138573833136
-0.26860113765715,-3.91845926775981,-2.00688414535292,0.277177673269381
-2.01442881660839,-2.31193401369889,-1.18130926685025,0.137126756180747
-1.27223009335436,-4.34808624604828,-0.693043229350714,-0.0270653974652939
-1.94224160936549,-3.99322866689512,1.79715135520753,-1.0584831197139
0.251533589072214,-7.10136716662348,1.7932603204332,-2.40370491395233
-1.44474652869178,-3.92048437870346,0.932112782137042,1.82829105630898
-0.372040780557075,-1.05618242376401,1.01362020952712,1.77869985769797
-1.31960530577289,-7.40651078308281,-1.30295194843454,-1.12055924443971
-1.49498986208481,-3.69762184459857,-0.623908003527623,2.72774386899717
-0.622009956934739,-5.78855379570766,-1.57684561577134,-0.527323415075452
-0.762519151845823,-4.76484882369545,-0.480575430740511,0.691795734074972
-0.273028572793161,-3.89208725214487,-1.00248398304666,1.53298383252241
-1.86501871071706,-4.79083660749601,2.00228371319183,0.743693861603597
-0.150527941332581,-4.07374646415567,2.01183804217547,-0.599448508505725
-2.65354800642534,-3.20397643873061,0.204441510309253,-0.0611744398292877
-3.59286778864566,-5.34750897262763,3.37484582938035,1.32052879438323
-2.97005211144406,-7.40015468062713,1.30251382225304,-2.13687197041943
0.208476098418018,-3.92594083557224,2.88139041422987,0.967336424157483
-0.47578500287403,-5.57442305549536,1.80799975067717,1.03620059731194
-1.86082266386422,-8.0227842091578,-0.332292118195076,0.830172611533414
-0.448319943856025,-4.7165786761614,1.34674988432207,-0.774353018587924
-0.527848500314828,-4.79745039076055,0.0985447064107849,0.577023246765131
-0.760455965820181,-2.54820226674585,2.11294517787236,0.0468882156443356
-3.37901961490383,-3.79313719173925,2.10958422963955,2.85457454989402
0.246720517019113,-7.11237069877561,1.33918512809556,0.832876839816111
-1.93745075989762,-4.8743505500535,-0.375919308385503,0.336675134878788
-3.4733195981578,-5.85476773499026,0.217409523253358,0.0441898613898883
-2.06352737632637,-11.3209905388039,1.05395085614368,1.24877642042921
-1.67136962193094,-3.19964604802937,-2.90340853997163,0.0165836189405497
-0.52586326528526,-4.3621586388083,1.0393273115974,-1.34672626470199
-2.13864034782394,-5.21269943567728,-0.275648503788072,1.60940559507613
-3.69143680905818,-4.72505359911713,0.831246062294965,-0.8443708954182
-1.16067230645401,-5.16089262261091,-0.982230911778088,1.15324808539551
-0.797997615059763,-6.34751901157713,0.510956647004648,-0.236422006522283
-0.290285082159987,-7.48296322844131,1.31420478110227,0.897653362878502
-1.700911465443,-2.26892349052308,-0.570680846115453,-2.4133763465998
1.62279714941193,-5.0077680404749,0.998805431008411,0.948447731355366
-0.571536381747005,-5.86071996117286,2.74089780746417,0.87199358462292
-1.50439499807289,-8.1003767153313,1.40914161341789,0.311080793045345
0.684527978854239,0.653345841431906,0.535209343775207,-0.107346994666326
-1.22084019260655,-2.65757033105482,-1.4680878904754,1.50484370110639
-0.229603457506969,-5.4405090679707,-0.641056023273778,1.53339903798856
-1.61400911356278,-6.05293414956724,-3.07722325448648,0.84132271063324
-0.832390847933909,0.526165719062248,-0.194002791599608,1.17899546389417
-2.0447334265876,-4.36968069048964,0.31049322106924,-0.540036627004083
0.465731840448942,-8.21345108401141,-1.00233886575734,2.40210122307548
-1.98763387749597,-9.06282590450558,1.15646302849021,-0.672102633394321
-1.45316491394381,-3.36313203504379,2.15413280283635,0.10110124813853
-1.59564744450111,-8.79562726580409,0.730644729176629,0.118295394678461
-0.163192278523922,-4.10119072814303,-0.625153149822749,0.0657807161285883
2.05447464488947,-7.87111237270162,0.467221795263739,-1.01634022005916
-1.13255677948599,-6.46852939358921,-0.144777266096898,0.833560160517567
0.271216928501583,-4.36636485811538,0.573554359039747,0.497091677952905
-1.08691123874664,-6.6325576680633,-0.407814255666195,0.801507453228897
0.555947643245358,-4.71420249719649,-2.11585982994549,-0.113064855534551
0.972688246203858,-8.70414680438414,0.972991266530527,-1.31154102639851
-0.0391005558954413,-6.55715481099878,0.791442393801272,-2.25462289653313
2.45641191842201,-3.37609934108148,-1.70214913525648,0.0884641877386301
-2.25724167259278,-6.55295910192317,-0.419241332398909,0.712352803121711
-1.13261496077801,-5.04815595310615,0.683248205226333,-1.82091639823583
0.891423638819882,-6.45615321575374,1.83793866412554,0.153177512884378
-3.47618100356673,-4.08448366314544,1.50688686878715,0.0714121094246646
-0.464278101545053,-2.87172807349975,0.00500149290027141,-0.722088949192234
-1.15766757083118,-6.75721614389133,1.5519271536465,-0.84887826711021
-0.883765027585591,-7.49894722573356,1.43767006617873,-1.78293513146262
0.282193448307757,-6.78340832151101,-1.19899213760986,1.16934987018853
-0.316341964833906,-4.52725187936316,1.40409580988268,0.658262452947562
-2.71108744992048,-3.76206185453837,-0.0100001630749367,0.761823902081228
-1.87153040885464,-4.30477849086017,-1.24056802342354,0.214443144783298
-1.94741239849895,-9.76606782164817,2.15552828952079,-0.0889688933481095
-1.45902197545699,-5.65303895340695,2.78252654204926,0.180201643820172
-0.659634891408295,-2.76866514061829,1.58448345047275,0.642100494461876
-1.30415205868381,-4.55586621417662,-0.780831579185344,-0.265081249744561
-0.65855650162366,-2.99073836184423,0.919582273065859,-1.71303502670966
-0.850559883442006,-6.10062512920095,1.68564134577172,0.380889910923593
-1.58417521257711,-7.20558889019933,0.000406845498143904,-0.554604664401854
0.00510160769307277,-4.05165404306724,1.99336070763148,-0.88078134410183
-0.593795028342308,-3.28002649464113,-0.598330351495608,0.782370678534262
-1.86027865636784,-5.86182347136194,1.82782826027753,-0.125394813653756
0.979981860448641,-8.14306123428208,1.15229234818686,-0.201861947755048
0.168412335288114,-5.9580567553724,1.96456993106378,-0.472002963232416
-1.84389976631003,-8.38635742360705,-1.62805377063225,-0.325044922948226
-1.11113894542562,-3.06459167858644,-0.145544127877165,1.02691101577551
0.681615413172075,-9.33048422767718,-0.405144752479212,0.451350870830634
-0.711701009216471,-7.66804079303037,2.86262123006946,1.50151832595012
-1.68924607140504,-3.64019948657386,-1.29133972430835,-0.652149159775445
1.01228438813412,-1.58021414620438,1.86022067035708,-1.94675230612573
-0.694322256721306,-7.13446396681029,-0.0345409407982589,-2.00090519667192
-1.16085140266353,-6.37293253908913,0.900653462971347,-0.177341483734908
0.302833318655244,-5.83539432317787,0.206071086549171,-0.933003885769633
0.435003381551689,-5.43084564933336,-0.953106687400463,2.37200130686175
-2.239933820965,-4.37025702395101,0.603093338503953,0.754890926570132
-0.726033886968955,-6.61672609339564,0.126632758176707,0.951830015890558
-0.847723835648277,0.716275269991532,0.00171948638574182,-1.19755896536336
-0.48697757033639,-6.44886636576932,0.536311328751598,-0.897837093134163
-1.37146579167422,-6.39068886225017,0.713287494332943,-0.582359495599582
0.733304268872542,-7.67110294321049,1.40693662341623,-0.597280178428592
-2.48599249112109,-6.29236932915473,-0.982642242148848,0.453422324522213
-3.23336018664491,-9.35105261753623,-0.333954763345235,0.961737690033431
-1.29397083761138,-0.414468072041064,0.984737695217581,0.504093937992341
1.73004914792709,-5.34820877280471,-0.277237517328928,1.98986683340807
-0.0540278715821561,-3.87550857120409,1.69912956429121,0.901359553821861
-2.86217574024084,-4.31672481594284,1.77258591923125,-0.873654800455265
-0.871967298188996,-6.25533644282123,-0.578086423165779,2.11862189011128
-0.293332922999949,-3.84474781766163,0.803100821917941,2.14171396746498
0.0906376625405311,-6.19236787775222,-0.722590318911974,-1.69346982468138
-0.28192413593155,-2.09651927547432,0.177771688785205,-0.212312181813939
-0.725487213852041,-2.54049725010201,0.413555463478201,-0.926133410580863
-3.34223191766812,-1.66002508996345,1.64745431946671,-1.51639918049563
-2.89046804452084,-2.28605286092472,-0.233942344118482,-0.728133699002764
-0.631307432972257,-3.69989232515012,2.39893277299247,-1.08879245339757
-0.463172933294019,-6.52556931279242,0.203722453996935,1.74151325181055
-1.38705388466342,-6.15437723656272,1.23994329621585,-1.23908796965714
-3.47864514845403,-4.42399436568189,0.197364873261738,0.284652091379749
-2.81617687647431,-3.5647149933318,1.05677132705207,-0.013885231237673
0.253433574093741,-4.33920299095029,1.62714652330478,-0.139226711043105
-2.63808643676161,-4.04786833748607,0.907912669924407,0.615513370924092
0.7140176182606,-1.52748321142546,0.640286350412691,0.863829291368998
-2.76795401595859,-3.37648947138813,2.11332470907071,-1.34061825123464
0.0787278673393854,-6.0983126093894,0.354270948936949,2.26761529546739
-2.32783456017202,-4.18527918588649,0.316176560262834,-0.399547645767476
-1.07536576835458,-5.49833801016062,0.25083660458145,-0.48307975398507
-0.845808696108898,-4.43440105289808,0.220642087744922,-1.56238354798515
-1.68292862941444,-4.35355781961545,0.877241881852637,0.175434942213374
-1.47219251511903,-8.48687482524722,-0.823094385785102,-0.581467402870412
0.340023160489418,-5.71341726109179,-2.78549445584366,0.155946527254427
-1.24999781647568,-6.7858197685274,-0.537176454208314,0.0963943145386388
-2.44552297581785,-1.88840994948409,1.17228326763435,1.60476133334391
-0.425976873284409,-5.2931617294354,2.33187596273501,-0.748669242408512
-1.12768847335647,-7.99069606575196,-0.771215768023057,0.312941997823266
0.198387986003431,-1.67872630349633,1.1030259799152,1.10054887657483
-0.288413215547161,-5.79653798429579,0.0193841295786177,1.39927546199553
-1.29556811468683,-3.51853939142012,-0.0395307709031109,-0.855705740399574
1.19576257049248,-9.06880053122753,0.257243515451109,-1.12393283708658
-1.40369947403398,-3.15590387825315,0.148547186769615,-0.852207158954939
-1.05286906713432,-6.81793596978097,-0.0545758102764258,-0.776781133052973
-1.29268734708995,-3.98409583539858,2.46544068043448,-0.30176561276686
1.0265032136108,-7.18186908477478,-0.180274799036965,1.19328239128215
-0.806788420893694,-7.02220071019977,0.782856431243884,0.853143327648823
-2.14612372065405,-5.72851801245926,0.936924692785783,0.83001707557852
1.06910943079402,-5.72510532057921,1.53989356831984,0.990428270108619
1.93672758428046,-4.38513914057009,-0.148527096898662,2.35612793978327
0.587987126085755,-5.38726646069139,1.61191256278405,0.0627700156630476
-1.5891924268663,-6.56649721406877,-0.21577999854461,-0.20462037824464
-2.39312055017197,-4.96915591052769,0.350615854321783,-0.0570473390926481
0.378363281767122,-5.60253157751047,1.09132007468114,-0.501470232902875
-0.0912761912006644,-7.69910918688256,-1.13262102430607,0.269785553111744
-0.809453907778024,-6.51787612493192,1.62846922479191,3.04884835221579
-1.1305666665339,-6.80297226472934,-0.156820957316241,1.15601172868655
-0.235585385350563,-2.47884828185447,1.13423581897134,-1.07556043739412
-1.215319624968,-6.36591310286192,1.70272745776113,-3.23101853893329
-1.63527925464083,-4.58510200391082,-0.230667988034623,-0.418385990489265
-0.0692661892831035,-5.58773634226307,1.73449355818658,0.569663483345667
-0.324754623034924,-2.47438867894744,1.30121760041893,0.158450738615904
-1.29991829631114,-6.07472582535491,-0.0997195975369162,-0.255730436585101
-1.50804827780302,-5.59846138044634,0.113387423673179,0.0123750120873037
-1.31448208764042,-5.14825356231121,0.439083062611374,0.814021069395261
-1.34934144617274,-6.7854345386043,0.928836902102616,1.89996260522261
-2.34451986380818,-8.30758643246823,0.945504058994011,-0.645164443220051
-3.06512817909086,-8.07406300895885,2.10544368186413,-0.634085229881906
-1.7880938087036,-5.61991765179035,-0.495135105895032,-0.404321892590606
-0.275019260133761,-8.52333749029281,-0.512263389389818,-1.2440706146141
-1.07019759451796,-7.10408407599309,2.3991638609376,-0.951631779550101
-1.04008530587464,-6.25153594310352,1.06193554173156,-0.0935904008816182
-1.29909254563347,-1.10649568746448,2.42568329849864,0.462100825104841
1.25376612899116,-4.64356139533869,0.51658545410116,0.179036929908982
-0.532853498048563,-3.93720485478816,-0.697452380209866,-1.94388202967029
-1.31601825852558,-2.94363448523842,0.466915315917674,0.33308411396847
0.582581618903374,-4.72469883608475,-0.866478516002913,-1.60825002484668
-1.27152273846514,-6.0616283626252,-1.1425001210686,0.710571192526787
-1.99842114071274,-4.987633724717,-0.164790668954679,0.617541716557274
-1.66442346654283,-5.69747621129881,0.140006255000832,2.1139781036081
-1.95703470584473,-3.28355620808842,0.00409951415590981,-0.926060810570941
-0.252867006598469,-3.61599280661423,1.23311620652791,-2.25639689568236
-0.137237418661209,-3.59816939910739,0.932946389688361,-0.104714646731071
-2.374994437037,-5.35336038296434,1.6553940074328,-3.14177711736606
0.5919832704098,-2.55759012812478,1.00672791801787,0.299645358005348
-2.30634912047706,-5.10472258800617,-0.727913154896087,-0.524696127346677
-1.70027323853323,-5.36466397427847,0.766166246459564,0.72865003890021
-0.874938987115611,-0.327835652406326,-0.0152349499156408,-1.6767263195379
-1.57319360136154,-6.55813522444074,0.100533107062491,1.09424537154084
-0.571044293374528,-7.05741121610216,-0.0759763081300406,-0.328481969524441
-1.0279171971433,-5.57779805585121,1.6179072479004,-1.49015534986959
-1.95212962138449,-3.68199581832473,1.72631097020403,3.15413283958124
-2.29759120599027,-4.73490122584596,1.55316458153144,0.194893738090553
-0.522798388325119,-6.17822236193787,0.387421713100192,0.793544328043665
-1.99943673099697,-8.0332953829781,-1.31687427633159,1.08544077096841
-0.268795633485785,-3.82206081748975,1.6231554294954,-0.192309114125521
0.548492495909612,-5.38214175011344,0.277712891605301,-1.32148619505819
-4.24318945763089,-9.36251918086947,-0.502488487860155,-1.68243083728043
-2.24703446571131,-2.43137796493081,1.32433214219342,-0.924241119372841
-3.14056551713793,-6.73953395954895,0.584125780513977,-2.52239083029466
-1.78946699704297,-6.62643425623468,0.0688771004444891,1.7983606790311
-2.15706956637677,-1.30417065202104,0.38560753645715,0.0795047058696854
-1.42895251063378,-7.74804492850967,2.58244433165646,0.602800032004803
-0.255181501188492,-5.7015379556949,0.379602899139332,-1.47810964145675
0.260610610558803,-5.09520370518729,-0.0857538781902472,-0.865229139570181
0.780088209514267,-6.56347041994391,0.0577804521093311,-0.728828279745594
-1.05054628354571,-5.56871831249058,-0.812434521513041,-2.12652175120895
-0.483133603908499,-2.77125076285507,0.731043195995329,-2.56101128625427
-3.6095175204162,-4.24378252561802,0.898540257852567,-1.57355359388568
-2.40804584712547,-6.35805279910358,-1.85783658358272,0.275031523812057
-0.951755051335531,-3.82035508993931,3.31894741038265,0.767012063161015
-2.27249130901921,-7.0809627674484,0.468017741774101,-1.18002819433492
-1.80713703378838,-8.27202266502941,3.29204884264937,1.12490963205819
-1.62909529018324,-9.37895938544071,-1.91185666630393,0.513007092459939
-1.50293824610009,-6.35558844586189,2.65111167311038,0.755390647220295
-3.20307875605802,-0.557386774283039,-0.0999444816700244,2.27371665081842
-0.286848661033077,-2.14107455657748,-0.0976209114173798,0.0371788218152826
0.984168785965227,-6.02446183550964,1.62280422056798,0.92170991075438
-1.23883513791066,-5.8727836847594,2.41169878620616,1.68648913148876
-1.52038913690845,-2.06751694128453,-1.23644974922833,0.287760784955732
-1.59986070592956,-1.82171696852668,0.890977936617592,0.903856212403898
-0.268160720321996,-7.2227966457335,1.38173499830636,-2.79550882357472
-2.29442572084375,-3.15556736105437,-0.543529503522727,-0.707355707246253
-1.42639320316748,-6.15158229431521,-0.607214569076305,-0.628150700504939
-1.84713795590616,-3.55334269727338,0.334811295050919,1.64604219803113
-0.823597526456847,-4.53405334045232,1.08998250396074,0.969361158383254
-0.645922323318683,-5.36745503121127,0.39949457712139,0.0396077056389371
-2.27219542428329,-7.60408055594624,1.62553745339125,-0.296674095518606
-0.68089377614624,-4.89798027279812,2.5491812275331,1.08190365346778
0.0668243589728602,-2.5473699082743,-1.30721806990735,0.981928340137536
-2.29545403642408,-7.64225129981989,1.34387550252333,-0.437787049875217
-1.83614948200453,-6.12715968101876,0.877198205544975,3.72086217369918
0.0633480388680979,-8.95320714972082,3.13064563035011,-1.68245318119036
-0.51557024309338,-5.98966358611065,0.957247996841687,-0.463805669293741
-2.5755719822142,-2.98323882736904,0.0598436670301188,-0.46371718686166
-0.953719510774361,-5.03786208840303,-1.79911515252269,-1.57239850775326
-2.43011266576815,-1.30086262195546,-0.980030552939762,1.45806451483395
-1.95856595987177,-8.7871591943745,0.466275109263844,-0.53834359900123
0.621516657533335,-6.93669672736181,1.47439206749912,-2.62442631882928
0.13381075170606,-2.64953093643064,-1.18096646503101,-2.10484671496582
-0.22695804087192,-2.79564347696498,2.12983550132819,-1.46931953004753
-1.16625538775891,1.44601236432686,-2.14598249115455,0.833666698572125
-0.792522204923573,-4.86981093981009,0.707297765182176,-2.96216703378938
0.148267807102201,-5.87373121126546,1.45524780255568,-2.05251873230295
-0.688685097877723,-3.18420169885338,0.824502967996962,0.6033271457199
-1.98346127768348,-4.31898711194213,0.0460187004117532,0.0976245365957927
-2.16145937382456,-4.1030415100219,1.03114689759113,0.290567247949821
-1.3045268286249,-7.31113019603488,-0.340949754303337,0.437071629064995
-1.42856306334829,-4.35462292873831,1.22012134416023,3.81597686096123
-2.5543266236504,-8.55588902233693,-1.67569472359292,1.26359817851097
-0.0949965471872391,-5.1721454612599,0.430982712852685,0.11154820947668
0.286136853741211,-4.77202956318591,0.29776010388139,0.607007625662912
-1.79377630981776,-6.82383108114248,0.0792927892930467,-0.9497016778813
-1.60613848714359,-2.9531117988497,-0.689330318178209,0.376369698173445
0.195787102002152,-4.55695340026432,-1.07495683401342,-1.69238720177414
-0.579833753066521,-2.81822361818556,1.2586396699724,1.26912362362759
0.34604199927984,-8.31950118352915,-0.49259369697618,-0.940507428420265
-0.427583529316007,-4.62135888299343,-0.866683081625578,-1.99418097073849
-0.902625568838659,-3.20243308991299,-0.0547538312010763,-0.514056392157039
-0.859469580632041,-3.83914025224552,1.09858742417839,-2.27024461038456
-0.856293826046337,-1.5190636755203,0.882815117232503,-0.164168273476201
-2.19854871557417,-3.6025485192757,2.55580064457423,-1.94032447214972
-0.613041512949573,-2.4420452340161,-0.76705521986356,0.708283616571907
0.0732251734508174,-7.28655299598885,-0.357654162154223,-1.77475940826615
-2.82470385304845,-8.44002657169532,-1.09623021096754,-1.30603599819696
-1.86948860383787,-5.18355502079207,2.2091946280308,-2.33862116545004
1.25318270712056,-7.57651097500427,0.105424499220619,-2.2771823952807
2.29534129653283,-3.5221569821762,-0.643282771912529,-0.263450500063084
-1.56524245164545,-5.38396896363511,-0.327098928494277,-2.01708790547998
-1.91418117833356,-4.53341664494625,1.32987052946913,-0.642005589016943
-0.316719822656614,-3.33104958501785,-1.1083358651395,0.647619032145554
-0.952896488866444,-2.79974260268338,0.637930724455921,-1.09111480961433
-0.802949759585867,-6.67009476643757,1.37606411118793,-0.929771534697204
-0.146683562647058,-8.31317898950507,0.0493928987353972,-3.34851703178581
-2.50686853469929,-3.45620827122001,0.361132665967591,0.967590052236414
-1.64872268125302,-5.18952579426757,0.442553681649725,-0.947482399469352
0.555154731705338,-3.36940305881816,0.880578215818302,-1.29644721702185
-0.342945338159384,-5.75732484032106,-0.0142916145845033,1.58276927005963
0.273938623446726,-3.09322570408567,0.522451786785925,0.792281816496323
-0.70239162597062,-4.57595680720293,2.9725781226794,-1.04378325540895
-0.823476634431063,-5.93151806882103,0.884614348590913,0.125747646553143
-2.06770954790236,-1.09538596503038,-0.951145384525387,-0.854698997891465
-1.88968179634786,-5.84728080931369,0.957232699262946,-0.221284985479991
-0.552072632306067,-3.23823712098723,0.480830393979442,-0.804381509149342
1.05347896215923,-1.68899816631805,-1.07787743001502,1.33022069665866
-1.21118390414043,-4.75261067503569,-0.523883404966639,-1.31622106058289
-2.6007465342174,-7.21171249035397,-1.27750889088882,0.441080667040791
-0.979482934561255,-7.2300661889334,-0.513284361667404,1.25400156830555
-2.31013455147338,-5.35379365323242,0.751314052423956,-0.626673864012733
-2.42123511607817,-3.04011895691657,0.948460374970781,-2.0643582243193
-0.291228591976203,-4.2404784066318,0.335034516347446,1.21905648686086
-0.342755348473333,-5.71082128234181,0.850530919731242,-0.871685229417693
-1.95725337221194,-4.21613484132586,0.441393208631514,-0.125671504442043
-2.44874927867556,-5.74081651961214,0.700632149094261,-0.636166496043452
-1.33917625536751,-5.97903560873201,-0.369406450592181,1.10967691590852
-2.03536186194943,-5.33094322843767,-0.649846514469684,1.11701976195255
-0.772472491795037,-1.40075942220657,2.91861127697833,-0.731233488020995
0.351035074280505,-2.26897493376059,1.10385152431149,-0.85922191082853
-1.36763489155218,-5.83595910991773,0.87367631825785,-1.1541991666777
-3.18199109750583,-8.39750674670589,0.0463034813306301,-0.918471509227434
-1.06817614534104,-4.25790938019723,-2.79419028380869,0.0688789936509669
0.221956724216467,-4.92713093241775,0.782767144918162,2.03823155419842
-2.66353022484227,-7.28096060996333,-0.421416749824237,-0.887988067094033
-2.09329074367998,-7.82246668138436,1.7710265603236,-0.641350063652156
-0.212337886936131,-5.67340477320897,-0.292140252235042,-0.148636294692147
-3.13137767170339,-3.64617385009384,1.08295511476787,-1.16852526994484
-2.0610496634874,-9.52008783800916,1.79617566409127,-1.81331546861838
-3.08867944803952,-3.48708720445077,1.94001472669519,-0.594014622307677
-1.95077940032407,-3.62276278836081,-0.818362208437146,2.96641598854845
-2.20379632063291,-5.37236864295022,-2.00268968314062,0.669735446096973
-0.0277155186725407,-1.24037099919349,0.31635928754524,0.00640505933832769
-1.29786128132224,-4.76593946237783,0.26711033664388,-1.64943301058911
-0.91399552003278,-3.82013936805389,0.209964232197603,-0.560169472560474
-0.752470528147672,-4.18444661657422,-0.9173822673051,-1.31521857915212
-1.9882386245624,-2.6224744267695,1.92346507013666,-0.825972173288781
-1.33110255401298,-9.24606315717879,0.396293622203476,-0.606354072350879
-0.526238997203191,-5.84124637519024,1.4096637218306,-0.434265858930344
-1.51074208570675,-3.7704769976273,-0.424034313437088,1.06583121642478
-2.4711962791826,-4.54297929939379,-0.543557465350429,-1.3494495793696
-2.6517904069555,-6.65075056155117,-0.937344172572248,-1.21591653918886
-3.28924255633668,-0.610235112678553,2.60197063607954,0.948542010183527
-1.03309520567871,-11.4060632054932,0.806919066975939,-0.695910477223964
-1.27362383883085,-6.67686883911018,2.44442659774378,0.859897523221077
-1.20088526325993,-3.63245430013128,0.163206289420538,-0.572608660083297
-2.1259162976108,-3.18367805374954,1.08330797306242,-1.61650677151215
-1.71481709202283,-2.42198317345851,-0.649319315725824,1.42141640855958
0.755575696952132,-7.41111785259006,-0.337280608313982,0.0442122412301836
-0.0199934404982636,-6.45618708743838,-1.90621401940011,-1.00801592986653
0.312159459811022,-7.70855851473581,1.00720783294242,0.497689172665423
-0.629898344791238,-3.92331714179037,-1.01424093185784,-0.774901281951388
-1.59817539430507,-6.13316174843615,-1.32089066716108,1.27375799438611
-1.94293913112613,-2.71834660112508,0.865476551251586,-0.00743572109488809
-1.65218233999281,-3.57661941883991,1.27155671676204,-0.399173876909999
-1.74746821510836,-1.57647054631802,0.868925910197156,1.96286155205291
-0.392977216593375,-6.9107282716727,-1.0074775370844,-0.0468665160246597
-0.83819378397271,-8.83687242984288,1.26517727180698,-0.306811841615632
0.665373132070726,-7.45989608759526,-1.56970758240543,-2.01467303423385
-1.62435223604739,-6.37275823346936,1.73161788281388,-2.28645250434437
-0.153183086463808,-5.74700540463671,0.421916850117635,0.862736161772031
-0.922192885358281,-5.96443769957713,0.473729378880238,-2.39807093951191
0.0908645749370733,-4.31003554572982,0.730289413629596,1.07715638351232
-0.587055831846402,-8.50233066077045,0.719053551661479,-1.01752024038276
-1.60963212720983,-5.60699234073446,-0.187070412240637,-2.57893622713654
-1.43044792541495,-3.64046628100654,-0.595804398474475,0.24343309549936
-0.184920463386593,-2.81025803092656,0.599687834442909,-0.426823750473448
-0.714027492920998,-7.4800803387921,1.83830221465506,-0.069898479791168
-0.713820223779647,-9.30596138825536,-0.305315983358709,-1.04516734762095
0.89219513096936,-5.33048770219007,0.520159052765142,0.509240078888473
-1.28776772855577,-3.32952307031876,0.20485738616394,-0.719986998102907
-0.0495522468219856,-6.65800387454516,0.591743916046419,-0.526039534556171
0.0665951989824599,-3.979004805251,2.17482155966307,-0.911059056940104
1.29884842218412,-5.17948183522634,-0.585077861503448,2.24246313650626
-1.31587931576787,-6.84272536210984,0.563560967270341,0.604967024384776
-1.40966759439487,-2.59765779175236,-0.140699804104367,0.490871139353044
-1.1256313041958,-2.97076818581185,1.11153826859022,2.51027212487522
-2.75226772819148,-5.31570625142313,0.617789779409825,-1.14958692801234
-2.86262877612667,-5.27530420725208,0.0817627903126363,-0.454594937726194
-2.05787854762659,-6.30642819290449,-0.130352596891744,0.469411078808465
-0.23291944810918,-6.1088490906496,2.23561155480521,-1.45103486315304
-1.90339916451648,-7.10045033175439,1.7273539769227,1.3618492191841
-1.7364244909986,-4.99354411472806,0.831317142796466,2.85769752594605
-0.374861473219404,-5.97221879851945,1.17051085919455,0.931950030916403
-1.3914145834027,-3.36300993679428,1.86089877641602,1.01266438918493
1.6493117021861,-6.26704902854485,0.124670108188943,0.183011119441908
-2.51326800139681,-5.25411314778245,2.9873996934662,-2.05716415586835
-3.09691851890188,-0.888385345897705,1.16019063193597,1.5274649018741
0.403770877853149,-4.29361073710862,-1.70106462204984,-2.66470742886381
-1.12847856386887,-7.27229294906166,-0.450036334397502,-2.5006744362889
0.846673939207399,-3.18520866010814,0.565907314428422,-0.667627617847224
0.0657048649560759,-3.76315105081156,1.55973006163579,2.93271506647691
-0.131591464013046,-3.37496572138308,-1.10613293340034,1.17127887442211
-4.06853623376871,-4.92597556202634,-0.218365661648002,-0.822551800232518
0.748259635478389,-5.98630376944784,1.86930386189189,0.161414546289948
-0.429509636300507,-3.56638686938712,1.08739747231006,1.79328710249859
-2.65386585453884,-6.20057687130595,4.03777372788525,0.57802525340062
-0.317176289616137,-4.94497390509201,-0.325143787608559,1.76032784189006
1.39799446895432,-8.63644533075139,-0.379371756568756,2.53045910854097
-1.65480547790323,-4.96861136552161,-0.783976235073343,0.283926956255196
-0.873940238423205,-5.57288905734372,1.63149590638342,0.433401893302806
-2.78892759023944,-0.137570262512183,1.38970078686189,-1.01056705782785
-2.83557271716006,-7.4935955826168,2.92925336291213,0.224869944505547
-0.957822328658246,-4.12114074806183,0.094171868474711,-1.81478606758454
-0.817519791815793,-4.82825087258263,-1.02506060272942,0.519290361283992
-0.919403441247909,-5.85297267960033,2.18522212346668,0.9121999965192
0.825727928981368,-4.86594977863607,-1.15301685541657,-0.927337430072846
-2.91240563332703,-5.64906465714648,0.663690689734756,2.42684037249668
-2.52258653222994,-6.88328464012213,0.256839799653946,-0.36441581139287
-2.8577742000692,-5.85280448741177,-1.43109432436512,0.328323740696988
-1.68863915447119,-3.97122813985282,-1.46151572428041,0.221846676093078
-1.84241746644916,-3.17338714966726,0.415385846848844,-1.64443035453837
-0.568643496803328,-3.64533998442363,0.032936651534382,-0.763550713705207
-0.00555578784803512,-5.30453416538904,-0.725618821111791,-2.18385405869389
-1.6394593103808,-3.00389908786734,0.729422888305449,0.863187514869727
-1.41635325683837,-5.56881673247051,2.51910728630411,1.14931578504803
0.312050835020932,-8.56972303565541,2.0944801551556,0.00508107800726235
-2.92934912092732,-1.33566252273688,0.917739376331942,-0.820992446085987
0.0207807658065207,-8.33682408315567,0.553234949502962,3.47972119738479
-2.27158959400613,-4.1546906163259,-0.468559588953027,-1.76484907036832
-3.03196196021544,-7.05709766442238,1.25684150783205,-0.381676381203048
-0.34000242631847,-5.16962577603991,1.98376973879668,2.73042341455286
1.14632694435792,-3.90186843019114,0.730231101322894,-0.450534938948965
-2.12356589391576,-5.32869869594077,0.978571561372068,-0.230612846569018
-2.74108515327271,-6.26556302656428,0.146834437710527,-0.259837089789245
1.2095858345818,-2.98466383016981,0.888432809620503,0.015071803227387
0.848311958012698,-3.92978201725998,3.29729388983954,0.802460648940464
-1.870586485347,-4.36491987073369,-0.0859726418500744,1.49003408490941
-0.595522806674497,-3.74539440936943,-0.738725904980925,-1.82047773377125
-2.37332126169035,-5.76264474201125,0.37241977983921,-3.61219354982366
0.432470153878358,-7.97623131227109,0.624653978165263,0.0628774639744181
-1.09405201429296,-4.58288557764694,1.43684921904704,-0.883818819540631
0.353008524343232,-5.5730993815425,1.16464571426789,-0.11793803994598
0.743372429845915,-4.54536831106261,-2.69546294562474,-0.994834472620516
-1.52862238461065,-2.25086031168832,1.26668954091606,-0.664642041119625
-0.948344010929969,-6.53927675750586,2.2373984089394,-1.1706065774325
-0.464401061438552,-4.63462153863077,0.535482218625352,1.34655979573478
-0.173160486601878,-4.84972457309366,-0.173529527566283,-1.54688606387024
-0.95370529170387,-0.755658259385904,-2.15290970537011,-1.97213896727962
-1.18809009379191,-4.39679474641521,0.882574405055781,-0.725984225305198
0.462756641057588,-5.57331632447937,0.61447875778904,1.333292751422
-1.87399732993845,-3.76285889278984,0.687219403286966,0.541347186182254
-1.42300259716049,-6.84653047962509,2.17418951420541,-1.2584962610134
-1.10558924621125,-6.58233267092658,0.502724957847853,0.0534223420052115
-0.594516410038106,-4.946668753836,1.33145764037261,-0.631001814208397
-3.78753478735648,-1.39951697875683,-0.444286318949884,2.57109542329731
-1.04594422817476,-5.36180654188622,3.19012750594858,0.547009806634003
-0.644912436922735,-3.99163029533247,0.649184194531117,1.38867974667133
-0.0515348642996452,-7.73374025243189,0.17256435468212,0.160877267006234
-0.663963856926938,-11.1297456868295,1.99123190038976,2.94099608072508
-2.38539798201692,-2.48945011330659,-0.684111930855759,-1.27071157151507
-1.16841489375531,-4.96054208377116,0.609623797633795,2.3932481850452
-1.31821255641572,-5.67395902368064,-0.327144922912271,-0.153701814900747
0.2912706661178,-4.23941674220378,1.86683081399211,0.150578640002027
-4.2207990940794,-8.91220842300805,2.98608999942704,0.348101577155276
-1.11910486114202,-2.51483446163636,-0.601932680569739,-0.125497454705735
0.277298064737098,-4.49764041514593,0.569432843758788,1.58268901150835
-0.431927054032006,-1.55493125778315,-0.38185573772972,-0.853019611665207
-1.20419334224809,-5.46083530571884,-1.15960527821495,0.939900235452019
-0.869747757795285,-7.83335957223263,1.54098189528222,-0.0403532121586221
0.561591549942956,-1.89871717754429,0.965893179734468,-0.249330367587466
-1.07010998283949,-7.75392739587387,2.40478699711831,-0.0505782779651632
-1.48336162415556,-7.70891554895092,0.503169085990312,-0.185484083392986
-1.64770989518549,-2.10351807115392,-1.47737032576789,0.348277075091067
-1.90206308732676,-8.13821831545479,0.461035710943631,-0.776286628768671
1.04009472359285,-4.34012063470358,-0.213828204144146,1.35515033637118
-1.51645654786849,0.0482916333485244,2.72778017203677,1.18365082313467
0.998357087370443,-6.90380122465712,-0.706432972002989,-2.12903053057647
-0.240906778737071,-6.96811825703635,2.14463916782345,-0.690810653721328
-0.758146606158249,-4.83536867893977,0.172735376971221,0.936209777397301
-0.43851987423004,-4.28753443997064,-0.274426860382449,0.605633472790478
0.0520480092035909,-2.75573929398116,-0.0916492158440719,0.451043903471945
-0.68745983351044,-1.9150486283758,0.339723247388368,1.41182672488311
-0.107149283318119,-9.06908190931452,0.458388634983726,0.0591814897232209
-1.187390570039,-3.93535419583721,0.456790024351681,0.427429341214223
-2.09157661865358,-2.72787621910691,0.382561503077472,1.46496493719423
-1.36266001680041,-5.61538039091836,1.6466700930442,-1.37098478003176
0.143504660839499,-4.98417799229649,-0.710968252590443,0.455741064953722
-1.99435729348097,-8.00809134995603,1.89286303119839,-1.81214456220266
-1.80802044769707,-2.74274541989735,1.36395351630893,-1.72733635865602
-4.22863129483934,-3.99940321273728,1.63978000816133,1.66277082944797
-1.2234606866044,-7.5232932954649,2.48340749822403,-0.709376671271009
-0.594786410305425,-1.78408258041029,-0.429862350769941,0.26275868236153
1.16502736621885,-2.35769336060534,1.27330019086837,0.188773567461388
-4.10263193606481,-3.52884653846777,2.01988096095178,-0.456760118227731
0.218529326221635,-4.25520187823736,0.517782429418086,0.495923496893743
-1.66087553089233,-5.830921001551,0.78105457281894,-1.5210777033565
1.44625992514406,-1.86706895672523,0.19500941391151,2.10964848334344
-0.363146253886886,-5.02862476556164,-0.327761961886313,0.0117802157767684
-1.96386199912732,-3.8859332911477,-0.208432294705453,-0.92067091611324
-1.17086955059155,-4.07983674912341,-0.653452546174898,1.16783272575675
-0.798622250920522,-4.98028033412531,0.624112378397209,-0.413379423061643
-1.95096471398073,-5.57922274606402,-1.13539407764442,1.75897536909507
-0.532431632009454,-6.90201959895751,1.07612844256138,0.485093575968307
-1.24924472452705,-6.77566132246218,0.262286635020451,-0.720450588802455
-4.62374443647461,-5.34916845940485,1.22312271426528,-0.943068937186099
-1.45577380944908,-3.48897303183971,0.00844360090796201,0.46827687644501
0.601856142111372,-7.79505159893728,0.225680757143228,0.481233234657534
-1.12266002864761,-6.22178847138024,0.0855116076464747,-0.235597021845058
-0.914269362608309,-8.17565763354458,0.331785341373694,-0.556720746372418
-1.17049835691766,-5.24888471586838,0.306890369225639,1.09466222631753
0.587157429813483,-7.53254469436139,-0.486173421073878,-0.674888330627701
0.107506124693056,-6.07251024184499,0.048113027447269,-0.785327987521765
-1.27496935059508,-6.64533152492419,0.50841029878146,-0.671816776861099
0.0236106773301101,-7.3475939413116,0.436469763806956,-0.735743481867556
-0.419708687096371,-5.32526008576049,2.23048964176867,-0.0590118901414084
-1.44046121024983,-6.06958296149225,0.378303539688925,0.797110525394901
-0.383700819635427,-5.83368761303163,0.161068354148438,0.336106306469602
-0.396587362676595,-4.06410996822819,0.204288901090236,0.323138333853375
-1.24804996639543,-4.30853666925171,-0.512902114037254,0.349005213254481
-2.48878429513808,-3.85119891012316,1.56312841676525,-0.741130997693812
-2.23349283177751,-4.1216238588673,-0.0577989505879556,0.711997197113953
-0.277642130859869,-3.98476439733965,1.42204454460512,0.092554883558691
-0.983447050011845,-3.91737773982454,1.08029404323138,-0.777488110523058
-1.36896849508845,-7.64066891811881,1.27614119819012,1.22862738280632
-2.71924191653153,-3.31423062192726,-2.23225235199979,-0.663749287643091
-2.01869743937454,-11.4621423109816,-0.154270210990191,-0.310692803109634
-0.43213639136665,-3.18487252668858,2.29889431173423,0.447138199724903
-1.03266409223803,-4.17862735318422,0.551147170250086,1.3381270186844
-2.36891701874401,-3.676603457668,1.41231959381102,-1.25065123276435
-1.47875591427132,-8.28901448777402,-0.876508938789215,1.1528906354875
1.96741516398883,-1.4136385860875,0.030801122839665,-1.55929835489104
-1.02972780359855,-3.60623634152383,3.28565375658655,0.771488543755644
0.0626538034186027,-1.32217081366673,2.08755326880576,1.78820620349418
-0.0911030371282037,-2.51852562594385,0.782596315918158,0.852376752926043
-1.31475939741996,-5.74731539000605,0.735299380945918,-0.239775124610243
-2.96698633770335,-2.20231738884799,0.794351052857316,-2.92755117553897
-1.37985005957689,-6.50646972671389,1.16586516177375,1.86449422066622
-1.17570662954828,-3.92876523478031,-0.221302601229342,-0.562322142411569
-0.964245033898981,-7.9938304190624,0.205872639635116,-0.138715913675315
0.0275634990304677,-5.51987801018059,-0.991533997125849,0.458065929421333
-1.61461531864902,-6.35208546851895,1.82152999665728,1.20261991678985
-1.93768981460499,-4.61337200940028,-0.1853033065955,-0.346405392070533
-1.58956266339985,-2.88781955013191,1.55698394622846,2.98252655023536
0.403341314372315,-1.8843597019926,1.11064608697377,0.568334098924907
-0.226906460228846,-3.7016720974915,1.14522154752645,-2.2056950949595
-2.4059022442531,-3.32912225962028,-0.905100839155901,-1.52679837701583
-0.398470406390558,-2.30519617409445,0.976089362192725,-0.430593261284638
-0.862005307345124,-6.27354144833506,-0.591327778213612,-1.05671650250909
-0.912047629355723,-5.91286924471664,1.33289782007137,-0.585879385976642
-0.553893636443772,-5.0265581840941,-1.19208195551265,1.03943558881608
-1.88925254780234,-3.83668917488955,1.67165284737273,1.13740647867527
-1.0356882048211,-1.42149463609728,0.0417513996412501,-1.20278159606209
0.00350272322341239,-3.08892141887301,-0.11949716958526,1.42880377981972
-1.89604314595717,-6.30622853730801,1.82057637220922,-0.271108017799522
-1.03168267640729,-3.95330822620719,-1.15594845148906,-1.22314733285008
-0.309813977777572,-3.82673011827527,0.464758185387303,0.639367566037824
-2.10616236866898,-6.01400028686739,-0.448289572975958,-0.0456868164672108
-2.02458677939542,-5.41134070080978,-0.981325409373499,0.476840092385135
-0.420313510859283,-5.62512654357252,2.14258730153536,-1.20436830473851
-1.72119411007627,-4.40432489151765,-0.792108716533352,-1.97508755054061
-0.191972704752956,-4.12826273474551,-3.64694882704668,-0.733867632929872
-0.196406227477309,-3.61241434583658,1.38221023213236,-1.29868372236979
-1.09947386013367,-6.72967522627556,0.888728560557176,0.0983877274411142
-0.945891731474813,-6.30733283417142,-0.8298132041144,-0.302208603163665
-1.19457329709474,-8.289548711404,1.67615951484874,1.41876496267994
-0.13072881161117,-2.58087440252793,1.52743355403804,-0.290557202464341
1.30360295854181,-5.18119558141619,-0.829538621613849,-0.427198683566749
-2.78129793654035,-4.89623438290971,0.973239008942291,0.725146427312753
-1.23629291798674,-2.74922116643664,0.103638020590471,1.28744482068495
-1.57671877291192,-6.49442498079931,-0.00261582161241969,-0.901124014211845
-1.21507876409865,-3.64610543785723,1.81305900134758,-0.61895261842015
-2.14873058719282,-3.68285698831099,0.863414824700173,-0.57157223311915
-0.990812879584195,-8.72897275281814,0.721322236080458,1.17543904934872
-0.0723248272178074,-6.8045465741976,1.04740051021128,-0.171902601190506
-0.670505356492244,-4.32053314377684,-0.851289591339633,0.707691164424319
-0.854645220049843,-5.15640817924619,-2.19285592529001,1.76415375041118
-0.455959829443883,-0.404995626212773,-0.891799084139673,-0.63656375021935
-0.468682818040582,-3.69517199432079,0.620471665828598,-1.49733382864374
-0.765791680955233,-5.13824773049829,0.678956333597109,-1.59807642322646
-3.53644304404794,-8.43356526475109,2.32224759614576,-0.205419828375235
-2.96586867368073,-10.5624731512117,1.66183206878515,1.33666770525006
-1.35144839602189,-6.80907197947014,0.708404259277223,0.574423233214812
-1.75606395664218,-5.50021033941485,2.12569815446444,0.703015491518842
-2.07660606296213,-4.94334310415809,2.00607869742447,-1.05354231627973
3.14072842500436,-4.78547251401781,1.76614498397221,-0.46335098408383
-1.67649221496346,-4.28438946158084,-0.384578938706438,-0.926935954320597
0.367035490710782,-1.78490238592882,-0.981728326452011,-3.3472174321107
0.839742785569417,-6.01536438844162,1.67023816441716,1.23140012503875
0.934726669311454,-5.88915611136662,-0.334125237546927,-1.0792822853691
-0.659185487632058,-6.13027410720358,-0.0309854527041568,1.44745538777316
-1.77012305129571,-3.39979397442497,-1.4850142070238,1.10952100928306
-0.0782911149955708,-8.13017567079716,0.895479144897988,-1.08973479908866
1.25064617775766,-5.04038873020013,3.04108115141273,0.546711427811739
-2.7955951496434,-4.74585681657776,-0.184627491638741,-0.398824639935371
-2.99089846413351,-6.46143608434674,0.688607325127462,-0.174917310562959
0.69573454011936,-5.18608583618249,0.827418496764292,-0.544985995363811
-1.90020290765729,-3.77061640075138,-1.53739365810552,0.783367877669794
-2.03659272638394,-1.78942029227242,1.49091362008965,-0.271940002015834
-2.27651892450971,-1.99861936851655,-0.223596971806209,0.702803191178927
-2.73411538448116,-7.15068321337471,-0.0184244133476936,-1.2805665375687
-2.36512591961808,-5.00413461485711,-0.376594615391753,2.1489814491829
-1.12473930175968,-6.43355819746949,-0.783863053353221,1.13772164254386
0.185117069495756,-5.25410043852324,1.27297838052209,-1.18678798811147
0.0962268452615367,-3.99794197643571,1.96573802519407,-0.520567446060308
0.56083041836927,-2.53338886780083,0.68712367627985,0.380710002353128
-2.20069321750428,-5.13521976549138,0.435785474158926,2.6029188653047
-1.68872554218666,-5.57000193362595,1.22599462143352,-1.19657292194126
-2.43872382553884,-8.26989479025068,2.08615650533587,2.93927241872571
0.682897279210115,-8.37941224106068,0.244152740522173,-1.23865062594285
-1.44437640557275,-7.39853147162954,0.872602893925195,0.768965212438762
-2.73708658526061,-1.86759881799034,1.59977757757253,-0.781052836246649
-0.414581137155122,-7.29039051174051,0.121838042692534,0.23056603739111
-2.11918204746117,-6.32576198002076,0.453552361148471,0.403258471539969
0.193334223287473,-2.04306268498221,1.06941907575298,0.377700761541899
-2.0152467080187,-5.39396544469689,1.31309765942786,-0.349873049849632
-0.987939684021418,-3.64769630259197,-0.833056627472943,-0.478690334014976
-3.02612591861396,-9.1034524221491,1.95769525262593,-0.104593459785316
-2.61768190000976,-6.8180931612064,-0.780392753222094,0.645032426743508
0.440147422503282,-4.2578460365994,0.877878200937822,1.76898591843835
0.177862121374948,-6.10382340362683,-0.555662117425608,1.14995371283287
-3.14772377852069,-4.15770648068016,-0.820823047296277,1.39868223772315
-0.179521305825139,-4.20947426112355,-0.0776854644745585,-1.71655694941222
-3.98093030785368,-8.44358904630349,0.0349274636674049,1.16858520799928
-1.74946927396864,-0.00388632392179533,0.255873401784049,-1.07878887826985
-1.16067327546473,-6.82191182701582,1.32636803034026,0.780454172373098
-0.880981603662408,-6.31023573950462,-0.0915987621197076,0.0143723608805025
-0.601540112609132,-2.11936892833646,-0.454565092384578,0.831796796519625
-1.77565543021053,-5.20502220498244,1.51622576174974,-0.383397039196561
-2.64507972787557,-6.38459505036718,-0.309080789625648,1.77134086916648
-1.75940412079824,-5.26664917860106,0.430826359664281,-1.06726833254843
-0.223791257485182,-4.00647874783556,1.43327217502984,0.82931219524952
-1.51239345882915,-7.97955202872043,-0.469310317245703,2.09940171059982
-1.74050762739332,-6.10587758196636,0.262812724064953,-0.0268373288333763
-3.89643080631584,-4.94996782931937,-0.362005891035154,-0.443230057254041
-1.14573737437335,-4.54822141673429,3.07084913489071,-0.194520971917599
2.41767755902145,-4.64604233677407,-1.1725877647677,-0.324588785570366
0.800823998810732,-11.0436171084961,-0.374938245560735,-1.66351768498284
-3.16870970825146,-6.63352918734968,-0.386225880323959,1.05601062595934
-1.04715592338125,-5.11919858511025,-1.63227316045475,-0.285277128651618
-1.70368887185805,-4.85666838064076,0.458462727186136,1.51199470459191
-1.29904307704641,-2.75855852802546,0.32442779173564,-0.0521817721977054
-2.86171635042044,-6.04790376818407,-0.148563168366232,0.32299415827246
-1.17090285621153,-6.51351530529815,0.373918363068126,-1.35861971384334
-1.51561171673892,-6.6077058666144,1.59643115301542,1.34275652074326
-4.8607316852019,-5.14861647298995,0.408552237696825,0.472733061470868
-1.40290706638642,-6.80459708500953,1.0763312572874,-0.952692852810208
-0.584677542599498,-5.19716787511016,1.21319078307555,-1.8506744885407
0.379478239014246,-8.5915052535023,2.09693578595184,0.358000549992349
-0.720919684428216,-2.34425511540394,-0.436345999026324,-0.689037712416679
-0.974856586928595,-3.59017325226964,1.82351051388875,-0.0351815106843853
-0.174884302251317,-6.22956103929887,0.498568052402062,-0.887862162143163
-0.132588325765496,-4.64517391725133,-2.07942091209204,-0.324633407215104
-0.763386331187442,-2.56346268191116,3.17623732361822,0.685253638588165
-1.28646222380999,-5.47158963237452,4.58719915516433,1.3706064532579
0.0754887121102892,-5.56637527360295,0.011019574336945,-0.955021589325303
-0.805671661877738,-4.91586430380524,0.17486719457144,0.754242775656094
-1.03925808363842,-6.32674145707446,-1.04744090448218,-1.09224248965395
-0.0405425143430746,-3.98018825429666,-0.126541648331886,0.0801423199603188
-0.0929578766493044,-3.46956080092923,-1.42608231108952,-0.07509182018486
0.150795344790146,-5.32552056643536,-0.700271040016805,0.814274173150707
-0.236799092360569,-3.75927404492715,0.761546492761381,-0.795520339743726
-1.06927441538273,-6.6917885758791,0.342655552002244,0.472428117416344
-0.448183731832779,-7.5109870433997,1.55848366145674,-0.551792225976478
0.0256808856419962,-7.35669970785794,-0.84554761184515,-1.28295816545472
-0.930991113662043,-2.99818351452969,0.778362184380801,1.44894569289509
-1.88022058501294,-2.72238195309587,0.0970289549413227,-0.554842951031049
0.391489378706785,-9.56375304743695,-0.864742207706195,-1.16920704647227
-1.73106042813789,-2.39435798413714,0.193882605322186,-1.14696774939317
-0.487275427003079,-2.02086870138221,1.39734976198065,1.47277183438988
-0.98924494982771,-3.59229920827429,0.425060027765892,-0.339193447677341
-0.724496327292135,-9.58099219736387,-1.26425593564488,-0.0496949279352397
-0.917715955682417,-6.67423521379209,0.0560617911614478,1.01167034520253
-0.863539007639207,-7.00700068113498,3.43928804077898,-0.142267068388563
0.189900365034009,-5.59268990850239,0.213800731898088,1.25493227700543
-1.90466560431194,-2.95128868839991,-0.096082623368932,-0.533623846220431
0.634321320736223,-6.10921555378457,-1.97631640352365,2.18277291487333
-1.18333988092992,-2.17070766059844,0.352431719658422,-1.26765888353831
-2.09142439446482,-3.81250784386526,1.05802397312078,-1.08877109334136
-1.50145925003455,-7.97028234413973,-1.27834552299532,-0.0802225190597117
-1.6985656802103,0.871177660882135,1.40015256435224,-0.137240218484705
-2.3702162039794,-4.50412076458243,1.42679363452593,1.16436239182971
-2.05573978433339,-5.21792823515518,-1.45769391785119,1.43942041052109
-1.15867443291177,-0.691122208050043,-0.000926437359324225,-0.64448393171507
0.239408695480613,-7.06559346904171,-0.395190440558149,0.976329659477896
-0.476397279137331,-4.07456147256738,0.383437980200652,-1.51253573972797
-0.963585049088747,-4.08387686411137,3.11186771171109,-0.0590429793015808
-0.299454846676509,-4.16172822722575,1.63338795775005,0.0875223905619784
-0.610537294001534,-8.65262000553743,0.856996836158706,-0.695450972799095
-0.862712168895237,-3.28488169014945,1.11337654564544,-0.426015863824234
-0.300852413180986,-3.57523598323527,-0.763829933603245,-0.217245443141311
-2.14061847322753,-4.18459232597828,1.15543900893684,-0.684167248245799
-1.66477934876463,-3.07030826556314,1.20675109851201,0.988401408971283
-0.814067374602823,-4.74604022379809,-0.304023347021461,-0.326698752960953
-2.49140648138264,-3.41743820596645,0.0349715193713132,0.419882347589675
-0.856404296947347,-3.27370984292622,-0.763826349738911,-0.192835546791392
-1.35105574515674,-8.68767506175258,3.99781664195311,-0.16791202746109
1.3343756066912,-6.83542704273819,-0.636826318168671,-1.40600675466373
-0.98616397419583,-4.21486854919119,2.27924155802002,-0.23385455068591
-0.274530899058024,-1.71449917935582,-0.909777353865635,0.0609019904122764
0.644175826728943,-6.87680964418807,0.0185266898236225,-0.495641504329843
-2.27429732403757,-6.165312255274,2.89762717033005,-1.42716418490358
-0.96288753416472,-7.94923615709649,1.23340224446485,1.98309248969535
0.23445823384357,-4.83114232406671,2.20329732318475,0.994719604933373
-2.99428696716017,-4.95599647368698,0.966773504380475,0.731069463662197
-1.6067550002896,-3.73872647263579,-1.46463191370134,-0.312581112190168
-0.0401591529770146,-7.20513223083278,0.585154428238448,0.0886311884621086
-1.34219823646997,-2.88356968168403,0.140192934328143,-0.192265096175061
-2.36456995851,-7.01047462883485,-0.713778041364092,-0.115755184860219
-0.672430112110839,-1.20648175424458,1.98506520590696,0.774321192093373
-0.209501013050572,-3.51436182316589,0.916112100851427,0.789571835274641
-1.61172055705565,-5.53769447953106,0.678581949627912,0.674702055935955
0.577659842006595,-6.54947364044082,0.801464029138862,0.810388549807553
-0.523268346234205,-6.74197604591343,0.127742545248462,1.13996510770785
-0.91968898389611,-3.4552036457828,1.99453861199464,-0.660525631503098
-0.254015387822513,-4.97124354213801,3.07733822766267,0.510377810050615
0.0948572471796995,-6.19042431037847,0.665522209013938,1.10436953592853
-1.15653195521841,-4.23958419497825,0.738382164128114,-0.767131195841392
-4.64021607833831,-6.00881308578793,-0.209674669206344,0.623137281693643
-0.703050737135111,-0.0153532559576288,2.48653391787169,-0.257602996973825
-1.14209503649425,-4.67296054705016,0.427280605359066,1.03790691363726
-0.379332224213018,-4.31114929470042,1.3466384877206,1.29911927731535
-1.46859016675863,-6.21343956566444,-0.794891184802667,1.93001010283009
-1.09866513851965,-8.57562147140907,0.152075016122129,0.854838496714199
0.000855443940143585,-7.53629491319535,-0.0308059311329716,-1.29745381565692
-4.38549041232096,-6.79604116687099,2.51043746179726,0.158198913499411
-0.257119060502836,-2.78919961993346,0.00882563128211167,1.38318501423953
0.574545283953271,-6.80515757865523,-0.306714233535473,0.577006508709937
0.471831391262594,-4.4691637601258,-0.452966307037292,1.46512245742872
-2.75009660325737,-6.54558846220497,-0.403996252348324,-0.0873972671281524
-1.37285559838805,-7.84078554696143,0.370918809632431,-1.17023343399772
-2.22665352791718,-6.04365354640881,-2.74709104720086,-1.09805653925197
-3.30093694178623,-3.62075442555287,-0.452599925504957,-0.401736995893245
-0.30207998554722,-2.7020353034827,1.4825231524017,-0.319886963521458
-0.47440938327133,-4.34359730332579,0.473025771979318,1.72740500436929
-0.905917506764108,-3.77699473985506,-2.01758314323878,-0.696472413090632
0.0172497481221396,-4.40262875073947,1.03157315085509,-2.50857569865846
0.311522692499903,-4.59559585456222,0.0092995393238155,-1.21731660045985
-2.3398626718518,-6.69861102809876,0.0506047435518862,-0.294222568672575
1.3456660667395,-5.86731573659407,1.67035723377089,-0.277560205154983
-2.53681551576783,-9.31288489828019,0.628672241759347,0.030099604533265
-1.91911272570678,-7.49151271828658,-0.719402395341255,1.11742859154206
-0.152116433013017,-5.06564605072576,-0.753474565927785,-0.587108803345105
0.0492481308084972,-3.56290275480338,2.22165373716454,-0.779482100912737
-0.283308827211826,-4.16915345726693,-0.482152662509518,2.28307166305655
0.292700960949913,-4.67299161433529,0.161071253424059,-0.848943607972111
-3.02119683431417,-5.70187829774787,0.590309893794861,1.51382790657457
-1.18218766759034,-3.55739021334347,-0.0116544208149456,0.991758623058259
-1.6934264457088,-5.06990275113204,-0.36574118128138,0.772924916325275
-2.01510795603576,-3.64368457600817,1.04231456179022,-0.0565461777954666
-0.971845219134096,-4.13528925350066,0.122834489133859,0.239835426161767
-3.92188472912889,-3.85829794304232,0.0542317766558849,0.978994843383098
0.380616712309141,-5.50080054367354,2.32095456243976,-1.09251867075234
1.14878472952684,-6.5983823112579,0.335531404446961,1.1158202419825
-1.21099123496356,-4.41021686188065,0.883362292793028,1.46479836790862
-1.68108750593567,-4.37032765042034,0.155084100607197,0.564414506315507
-2.62228770241731,-6.40566189708345,2.73487241518404,0.599718536569659
0.160699183348202,-5.89398125183323,-1.93271032128541,-0.313504381771887
-1.27840421872272,-5.7096418584805,-0.144425539986088,0.51458788843728
-3.51400193527435,-4.9478911074893,1.09381652151262,-1.14326278665721
-1.66288157383166,-5.0444424925793,-0.508189274599591,0.123048935201594
-1.8775652893022,-6.69005412370839,-0.252702145878237,0.0331092048828692
-2.02199857112828,-2.59563573068501,0.136780240375545,-0.19462451918593
-1.37047018413396,-9.11312956239162,-0.340702503888762,0.769631020975922
-1.30213854554328,-6.47892820591149,-1.42799266113751,0.716310181992574
-1.68039122789893,-1.3184908146133,-0.289998132816484,1.49238435278272
-2.46349490512322,-8.82322712084958,1.21013798544302,1.57784896106538
0.514920304320237,-5.50948056481524,-0.598578286130075,1.79059698265014
-1.73881136878632,-2.97244958272841,0.12365095602407,3.56745528371614
-0.153438643093688,-3.92350006093298,0.126227653639994,-1.66875209950944
0.211287613887384,-0.601165263481034,0.915351792507209,0.128588437101869
-0.271016177076456,-5.19191646962069,1.28929367292374,0.863182544751837
-1.68533007133285,0.23134448375763,2.9689951173227,0.844305186219657
-0.383038784424165,-6.31166998359237,-0.190581724861767,-1.55413742144519
-2.41753650024051,-4.31745033494446,-1.36160444606529,-0.792085263116795
-0.330322691304476,-4.36098534555097,-0.507406167677745,0.20003473395975
-1.55970088867153,-2.41565932955162,-1.26027852481824,0.38132817129544
-1.2292157116991,-10.2339897062391,0.289133946907027,0.88856982667192
0.407029162002406,-4.72990126601653,-0.123207794398219,-0.256704502567382
-2.86773711006179,-4.97044091672041,-0.812831252984943,1.58012786429211
0.19753236664401,-4.21882482109291,1.62815035104113,0.81570739542691
-2.78190990499492,-5.75714039905982,-0.783060238280339,-0.158836814188678
-0.119666088795891,-8.76524047622618,1.64292258925873,3.30522162923297
1.32537075863497,-7.31430341725617,0.664317392046319,-1.75285893747651
-1.67421227145207,-3.29411949929426,1.57112401130204,0.838684762832762
1.53420824868025,-7.38378796381544,-0.877477378570846,0.543275864258013
-3.99935171004746,-4.94141982358709,1.43479877104891,0.108175707722024
0.214467177169961,-4.79927360165908,-1.26365579552064,-1.23878910481192
-2.69889427021928,-7.62142220535153,0.343372521945401,0.581066779851014
-1.16861397075404,-1.54917158919092,1.20642921004889,0.927427497114311
0.0374233824028654,-5.12637800242922,0.571306139239776,1.7009807905595
-2.33020480599405,-5.47040038205784,-0.0732687817722469,-1.44378655608554
-0.938221693571076,-5.7226832341375,-0.550475670266099,0.717608080784659
-2.89201059720725,-6.05772697858708,1.60326236300157,0.66515085865611
-4.88320539399059,-1.36536505317345,-0.678951726273201,-0.0175039227493643
0.424885509326213,-2.42089010441715,0.495009449605522,0.0388711102191069
0.813498544990765,-10.5619532628364,2.55373835161987,-0.6602259117
-1.81261801154899,-3.07550688215871,-0.867334077053838,0.0860507379767909
-1.71382163707308,-6.50740320909439,1.33457105042921,0.352287672838265
-3.26199546631454,-6.16302669023859,1.53496458050654,0.972219068887209
0.491357793905258,-2.90202154092977,0.680871409839528,1.39586681265968
-0.636211664466724,-1.72027787884252,-2.30119600509174,0.0756634816003567
-3.20292457734421,-4.57459363128591,-0.569887818271891,0.0493547046516889
-0.169590042288303,-3.55449285807716,-0.134010701408398,0.170085493322239
-0.275842408585356,-4.44115685665721,1.10280921008347,-0.854423946567531
1.21547317229907,-3.99143194811732,0.697730327188721,-0.110923926836096
-0.167574169468982,-3.81483031168397,1.66202547280413,1.07834420119434
1.22844691402314,-4.60891734177461,0.827898382968917,-1.94048505935016
-2.71468059027659,-3.41857416780704,-0.142847539706646,1.5745456385734
-0.546502790725641,-7.30415385764799,2.2588506352766,-0.1691081612012
0.260758571303035,-9.99475271390516,1.38443279418868,1.65963244918671
-1.53554275423249,-6.08847799377785,0.798587030662235,0.707151816044655
-0.170981258292893,-5.90915597108466,0.251604144868219,0.39122075774001
-1.83820419713675,-7.16605825486296,1.28342317675192,-0.108478834030323
-1.10103922725988,-5.70336372588054,0.247270743406656,-1.33950103238403
0.165947762643873,-6.56837856502503,-0.925920237320239,-1.24820028981359
0.0702581794209211,-5.25586561127808,1.8598322281092,0.906883525401594
1.31209222811953,-5.82572718862031,0.146732265733309,0.552332437369639
-1.59100439781651,-5.07241736421553,-0.863242433794997,-1.52748664638049
0.779961065827096,-4.44299028684459,-0.565800393819731,0.515126179493676
0.324790128207292,-3.4962379849783,0.400273230200524,-1.15312986115332
0.211371454684281,-5.21944171768069,1.95787137798699,-0.280348934328627
-2.7264673161454,-7.21888142905685,2.14420030902731,1.00427353578092
-1.22785648181074,-1.8848092391057,-0.731275035292549,2.14919923294515
-0.200243076375898,-5.46987921062522,1.52155971226228,1.38416257578975
-1.88259175101328,-3.01438928127202,0.233288890018135,1.88527497686026
-0.828240064035463,-2.85070840143344,1.29342515858183,-1.40312843701168
-0.803972955307052,-1.49073707677456,1.14956730747504,2.06159053068397
-1.91434485275532,-4.12301262859843,0.0918665096010302,-0.164060780527758
-0.275425195664805,-6.24914849732118,1.73146096027711,3.2831136797442
0.0151287914635074,-5.20456976253926,-0.167213373249866,-1.91887229113701
-0.149407521131143,-5.44668966363231,2.20014614593762,1.14563040370457
-1.04439466311809,-8.30687875014621,-0.190682795755466,-0.279793366367411
-0.568179036188426,-5.51554663345085,-0.607726769642808,0.678574537095818
0.479398743522399,-4.52222986085915,-0.604340981253862,-1.5059738414048
-1.76294247082848,-3.08263365893508,-0.239293947164464,1.39333510465008
-2.06131872262153,-2.57994574345104,1.08977625364711,-0.819112432035688
-3.2552196343581,-3.07396262778495,3.12183560340158,-1.30800721169227
-3.28759846503676,-4.87150456179009,0.938460550505369,0.325157641439077
-1.53155547362808,-3.21072739897345,1.16388660943064,-0.206023642284385
-0.363107031619514,-3.54081757674731,0.637809315022898,-0.793819159646879
-1.69883201438009,-5.45240398618946,0.105563833015363,-0.357360749185506
-1.56443116725769,-5.78545674804511,1.76120190029898,-1.98933662931861
-2.18302966505177,-5.17554097893765,0.0451841137153826,0.16233072901121
-1.51296407741264,-4.71251263066502,1.55640771300044,3.27942050574379
-1.67095587236726,-4.59430505870611,0.60064058210444,1.27409616220711
-1.48179974909222,-4.24170731677853,-0.224252973990506,0.472938319178415
-1.30656222937089,-2.45809853134836,-0.91286318868918,-3.17052229039776
-0.727784767968546,-3.48211210222576,0.904378034601887,0.501554440783296
-0.257980188657891,-3.7604782632867,0.829292794162535,-1.31057612437493
-1.62559962271865,-5.26279137387618,1.88978495792291,-1.86523696632763
-0.640255745063023,-6.86760634640284,0.0768447791594734,0.172725642780619
0.0666585791383406,-4.68778604916573,1.35919970780816,-1.35344133302716
-0.973299221914204,-6.3700538409431,0.523048306934221,1.36242393409558
-1.37422642873659,-4.35082453123072,2.28067805331348,1.11610053614197
-1.06882480773391,-5.41398395890284,2.67845649914533,1.58002365025718
-0.183029975644274,-4.33089879004354,0.278683066806707,-1.47947435768756
-0.0065480794386551,-2.5666280074135,0.22307028332553,0.312504611154161
-1.61221133168023,-4.31303581822675,-1.82531012979462,1.14063418724884
-0.0661471859421885,-5.53666039807439,0.0377595650899709,-0.253703989729118
-0.762609364514339,-6.58436682969228,-0.86917041260286,-0.992283142343914
-1.93252117632339,-2.20398696772147,0.17645245796839,0.797148059562053
-1.13241706121685,-6.32155831912,-1.17448724629039,-1.19809065118377
-1.78792612248508,-4.74848990587234,1.55422556172963,-0.154643426385162
0.869736332471056,-3.43091469257091,0.483149522606187,1.13149657317847
-2.3760938481918,-2.74782012749838,-0.273365814111694,0.551112425598773
-0.508252642959734,-1.0896145530425,2.47457998438268,0.627108967341672
-2.49511997269137,-4.48466968950772,0.873892208742635,0.938336754046301
0.63096480911445,-6.40330222550345,-0.678371481463119,-0.560322056913727
-0.181553239780977,-5.32605980554591,-0.405080813175153,-1.91711583858183
-1.90270792230882,-4.09497241263396,1.18445488738083,1.33051936898802
-1.61759921086946,-4.55195542036582,-1.60732995443542,0.44395578417153
0.927606986933491,-3.77037103481135,0.620293008526121,0.42898257048798
-2.77543584396158,-3.03040646631087,-1.30975907906635,-0.31882134708178
0.133776383671942,-8.16085254949864,-0.608951410369672,0.999221967147073
0.700968359842509,-4.75803674868877,2.03182934681369,0.0220791118907284
-2.46834690207597,-10.6129223623203,1.94385863384067,1.21272897258687
-1.19950792964343,-4.61857626063807,-1.05608559692455,-1.02533403624873
0.00706339691501834,-6.59992999246469,1.43230806532578,1.19503677014451
-0.4442162697297,-3.39159079811438,-0.2847433996871,-0.231404441453991
-0.16921487742064,-3.39087246650115,-0.0373528734177195,0.73829350684067
-1.21604605194489,-5.99823710984488,-0.0920339346214513,-0.585530067241099
-1.09666731079644,-6.46413939076526,1.85976884626472,0.10677207168422
1.31724379791152,-5.27357027109422,-0.728274049594237,-2.10767091992815
0.011662479405424,-6.34320784350513,-0.267476755449874,-1.56642079300294
0.149282209053093,-2.60951032288821,2.39607220857596,-2.01547092419339
-1.37016066799773,-4.21736510559764,-0.644057332283349,1.02170956747474
-1.52073927925521,-4.53194230304004,0.141532057971807,0.534317285303219
-1.41983415385373,-5.03768879637581,-2.70496810295021,-0.205523149382067
0.0444396179737155,-5.63158294462974,1.60979501392801,-2.39409124585887
-0.373293382265156,-3.82755659578673,1.65780372231303,0.841454506095308
-1.39880092106885,-9.17028601710465,1.83187228208602,-3.50634249381814
2.59447135065069,-5.11591134418106,0.6009438370467,0.662885913195795
-1.52681433905198,-3.76284386191864,-1.00085240317518,-2.86182195042224
-1.86691669399528,-3.35032724388296,1.46043542183883,-0.594815705453968
-1.05949558626628,-3.89410922114881,0.681841626214973,-0.735125321644784
-2.38134858497913,-6.18655684957448,1.4102688536774,-1.1114926672738
-0.4985849905189,-2.52855857005852,0.717713280902855,-0.547362283896344
0.784732835231804,-2.94010013115705,-0.395717527443159,-0.666811872483011
-0.772838392775387,-2.70387226591492,1.28761651511257,-0.317793053718263
-0.915409001103761,-2.63232966177665,4.50004349992138,0.710772074102908
-2.32761046247735,-6.13099151667754,0.685690141923713,0.723439946097982
-1.11756754555988,-4.55317676622421,0.776694469608029,-1.37681760550047
0.363241237702846,-5.74680345558192,-0.20573160845492,-1.61472286634142
-1.63028452907676,-8.5245734857796,-0.674380261678854,-0.513238332618802
-0.412577530345778,-7.39547291711629,0.228795700211058,0.961528624907701
-0.881701585868178,-0.749475708993642,-1.07310953971843,-0.531428863158631
-3.08616987056713,-2.72312801702874,-0.677465833581411,-1.19730412155603
1.15501582664167,-3.35135974264145,-0.816372090614562,0.973807987485951
-1.63363051452359,-7.86571131691718,0.523889559252438,-0.901395825750757
-1.75810159421668,-6.86577244118266,0.0526540949057202,0.877353577250665
0.723313416274263,-3.59125778201561,-0.849994103436235,0.288961587507763
1.51398145648148,-7.01807052440183,-1.80078219114472,-0.43892001482939
-0.54993315309492,-6.2200100747888,-0.879693542632138,0.624915057789852
-0.550476107965179,-5.94663014839523,0.206994781544024,2.95679865617238
-0.0325214937903417,-5.81942231832849,2.3400180624124,0.00298705826398782
-0.170994565672368,-7.43404157076511,-0.431334838991412,-1.12090549150056
1.22239897245399,-5.18380687550034,1.27124247393007,0.156647654061643
-1.00764505117461,-5.35939814267407,0.195554341573377,-0.865064880123141
-1.47782424037452,-6.27998101228545,-0.908410891248245,1.67987740778024
-1.78104969789804,-5.57608250321915,1.59363229664881,-1.79495796768688
-1.12615559196343,-8.4244529634748,-1.09924181621124,-1.65392680605367
-0.430471346894592,-5.68144893788749,0.512468564832952,-0.106299863760298
-1.03823748896815,-5.64047437650649,-0.537526152919315,0.601675760887842
-0.256356754580692,-6.66749142032058,1.42622622449377,-0.404201640386373
2.13545727059601,-4.75299169800502,-0.889382355076993,1.1142905334888
-0.320527853491972,-3.83894255721504,0.308579052614532,0.896291304931214
-0.265514481158138,-2.26659469796208,0.444489244831794,-0.13404812547681
-0.00689213573062538,-5.55690722604506,-1.3787204420847,0.0432640949156579
-1.31844645973465,-6.03427961061159,0.107666198297087,-0.605763169831412
0.916712377905442,-5.52600516592196,2.5376571602388,1.03428397120074
-0.892025659444962,-4.32388206545606,-0.831449045193874,0.375113571617801
-2.72119792688257,-4.88605718737923,1.75679512340037,-0.365037906370881
-1.20755435443725,-5.48572546918677,1.79228946894618,2.24553274364851
-0.0697112772484368,-9.24712894776004,0.841195066605104,-0.775818213169255
0.0268048795862806,-6.24649466002465,0.311772732761754,-0.170930153016532
-1.22708050988975,-4.49991189338024,-0.261565217568043,0.167579595804871
-0.92996142051553,-6.32918966901819,2.97221901045671,-2.29595378005985
0.0451320986269171,-2.52628406305157,1.65964841108292,0.000411208511756633
-0.771287366991357,-7.10331067646155,0.628699924212941,1.53799431127455
-0.263204114420602,-6.21237618892081,1.62067722589154,0.472335062456339
-0.992143558090889,-3.26462534452836,-0.731941216737081,-0.0536459425859965
-0.736244772153543,-3.1685955183686,1.41713522533558,1.38808762530828
-1.07925736971492,-0.364591988485717,0.929970475626271,0.0430552437669802
0.196562722897681,-1.75897541313431,0.0341070319694615,-0.786566997235009
1.62515235814319,-6.85248612401446,1.29254491273723,0.789951224436018
-0.680706565327454,-3.84095166495698,-0.860803514848927,0.289570864401346
-1.34330438436208,-6.42690411638349,0.421007563158158,0.385025549179921
-0.397001714804813,-5.88651716279645,-0.165109347237565,0.212072909601711
0.49648341252358,-6.56102412238714,0.267137100330631,0.708162251858716
-1.01910297296066,-5.66157502136718,1.32756354529943,1.18616829197407
0.433435100757911,-5.41254364767391,2.17606087524587,2.09803193910435
-2.26253075451323,-3.71591179284192,0.753993727167628,1.00164340867592
1.37086110472984,-3.99009201155931,0.307079292511553,0.220340777308003
-2.3428549031052,-5.56131542524772,0.830769237239478,-0.707753070897125
-0.59480589420551,-5.14552415090211,1.05980509339611,2.38812296679503
-0.147099652264,-8.06828952536287,1.73135863692184,-0.603691079589702
-0.785601915893751,-2.04734637023394,0.947100503121588,0.243928436526118
-2.92110624921847,-1.5249559024785,1.65944792064279,0.614021173357495
-1.59972501972422,-5.53653009897655,0.135098789112724,0.680188745554043
-1.05043845019974,-3.95695918789194,-0.833156649132571,3.01308335321915
-0.0240883601851086,-3.89241800739056,0.287581374827861,-0.0519239496626524
-1.25408892197506,-3.22606956521851,0.0394696380232955,1.56895268117669
0.137664455940115,-3.08531108486775,0.817219497429494,-1.96705064005971
-1.22394355590656,-7.12288568773394,2.20407386528138,1.39756598142011
-0.504529356893639,-3.6906941717991,0.172660163025559,-1.74022506194316
-0.0477460706106951,-5.51529252580976,-1.0903101389535,-1.5769130528087
-2.04656544428858,-2.66933990714961,1.24022041630145,1.47092404026018
0.507382016904073,-4.29223616443765,2.34297599157718,-0.515835845984188
-0.467335998258339,-2.78538444439354,1.85439720110132,-0.315339134135489
-0.586179109598513,-4.44755936060406,-0.245300212390765,1.37379143848799
0.621924508525693,-4.01543704329767,-0.717736960005783,-0.475092767534446
-4.41670590932491,-4.36233613377138,-1.45508408793268,0.659542799417175
-1.19747145946277,-4.28389366653857,1.04454137361544,0.729990791067938
-1.06544294600473,-6.42596536905056,-0.305594275127687,-0.665431977924008
-1.18256859410483,-4.82708753625048,2.53298744106638,0.683877750308337
-3.27577838781451,-6.64061002274008,1.3412362004075,0.206216602646717
-0.285428869355144,-7.67346027726514,1.13564448480716,-1.06578413840194
-1.984224643238,-1.14696901549947,2.17642806800064,0.0347344823498359
-0.352591173214898,-4.58950707590501,0.260790015825439,-1.69625727974315
-1.77582160630194,-3.42486975788691,1.70930883305784,-0.0867349456028285
-2.56137529339157,-5.70810583938697,-0.0745281272150869,-0.443830976352722
-1.98593602455453,-2.41799470309155,-2.29902647900969,-1.03189641193782
-0.457768501262827,-6.5928486754076,1.54822722552478,-0.0238377644596207
-0.18065979015689,-4.0641599003521,-0.787502796729842,0.40351666894722
-1.98399350628562,-6.78496672818822,1.54572961581849,-0.953225564506145
-1.13187268475465,-2.74493038769665,1.09955914230383,-0.677199491923614
-0.471893973417792,-3.61708265925452,-1.35354007537982,-0.635849660708176
-1.65534214803751,-8.47113531942316,2.22354573994105,0.666277665069059
-2.41338927143456,1.89251728703696,1.20796254361621,2.46753471459638
-1.77294547159848,-7.45459793633846,-0.123987895661633,-0.667826635957818
-3.49785494434051,-5.82325506235429,0.574704792991838,-0.843067265836472
-3.25975801679311,-8.35982459928133,1.00613836026351,-2.67963605122854
-0.19593263703813,-4.98148844384046,1.03682122544075,-0.427091704555416
-2.08958960988703,-5.30632016798146,2.22868606152664,-1.66145096662129
-1.82728397429565,-5.39079601766234,0.803444799494451,2.02432551573126
-1.12160764357593,-5.04928062608078,0.7674557734159,-1.8764542256255
0.118871040860319,-4.88407653884633,-2.88513603845018,-0.477346489995551
-0.313075973852189,-5.0329150161652,1.47571329166432,0.524083000322674
-0.800973482431084,-3.63415483090417,2.39962499747258,2.04395453350825
-2.45604299920844,-8.33927506177453,-0.978618757479866,1.31111637980972
-1.15636374652344,-1.36291196729022,0.314209166429161,-0.903060496197433
-0.162709353834342,-5.77393489571007,1.5764662180071,-1.33043328703489
-1.96184085252826,-3.81854224566879,0.725554308403508,1.03815375326812
-0.733925475963788,-3.63328087989991,1.77996379618903,-0.726431465599417
-1.44762388487446,-7.51647974306654,-1.72494507927164,-1.11647238718948
-0.204189772395817,-6.14205843605948,0.0681329649032957,0.631386083442091
-1.78405801817432,-5.42896995124608,1.56950917323985,-0.718934402861379
-3.51576528204325,-4.47776578954301,0.215117651955465,0.178576479394884
-1.21052123442394,-4.08098170264144,-0.968518036710652,-0.191269003439281
-2.21691740548908,-3.30939806908104,-0.841703385175959,0.729293256258817
0.148545836049557,-1.79134761456716,2.50224156521915,-0.921662078151727
0.203019606891207,-4.23884515609309,-0.348868131018085,-0.123057076849617
-1.36255746487068,-4.23185382629998,0.3354477742923,2.9362248572566
-3.41825497810818,-2.94393205589937,-1.20198078342099,0.0232054247997387
-1.09099685523531,-3.7953692527112,-0.575831368918389,0.983614523391487
-1.24076891515773,-1.98043154528768,-1.489331422089,-2.06565520605335
-1.61524401163497,-7.78248770141562,2.11584703409682,-0.373536777548112
-2.3162642695408,-3.91725052959218,1.73454095194521,0.922364714137949
-1.36406876751727,-4.51756756306813,1.03875614519426,0.175244250371677
-0.523457119005093,-6.32125617196169,1.21419001076831,0.814343885262004
-1.40166134057745,-1.92172539103991,-0.0994467756535517,1.85303908051156
-1.69671110441948,-7.62320875708231,-0.432122307873252,2.70661268784879
-0.32388920957568,-5.75708394753176,-1.8258764373658,-0.839751389601953
-1.59040070921538,-5.24910641203851,-0.149350959389943,0.297597829492597
-4.58987309899831,-1.57283774770521,2.36175582816653,0.999965562122424
-1.38346743118461,-4.38497867054454,0.321460636554463,-0.396391299639416
-0.513513921221166,-7.3505417963527,-0.00172237709573514,-0.133813151854781
-1.36170399952056,-6.10111832682212,1.229060826105,2.71798420263085
1.57610364368102,-3.84123823156256,0.536065694724079,-0.855830373015053
-1.81117513614453,-6.77027358132192,-0.358760994864343,0.0715156923667054
-1.00030425505498,-2.5934784904043,2.06846368287086,1.43585527821491
0.156828619323625,-7.95672852482527,-1.22557440532815,-0.102267875158163
-1.04098214804771,-9.10326855397961,1.10332707611273,-2.85990211478953
-0.513213517019339,-7.15579470550345,1.15415184630838,-1.40873873780453
-0.971411177650312,-2.40014359621523,0.61778145182739,-0.7830724800638
-0.0906357358388467,-3.7148933611138,0.826153318858403,-0.749177374627402
-0.174699707093341,-5.498426687214,3.63743107158965,0.294538992821916
-0.582433239942727,-8.37941125351695,-0.182930448688475,-0.451806680139414
-0.556592991382842,-3.43131068244601,1.20949687556572,0.599873393728961
-0.589066419021538,-4.28048561598026,0.266787019235558,1.26612894412826
1.5800250032185,-3.98021796983196,0.710028204158643,1.55073113232185
-0.875368296360756,-5.38976698023313,0.614541501436301,-1.2060316138204
-3.88926366195235,-5.73309185374525,0.89021627312934,2.17924033137021
-1.51701743530536,-0.574967097998657,-0.634712268072402,0.624171049545758
-2.48116812061389,-5.01932389626499,1.49059508406919,-0.481871205101212
-1.2496888449971,-2.72527131206602,1.31733205501822,-0.0224155673219896
0.855254044377096,-8.45916765802356,-0.636930061949288,0.928394082844839
-1.58626512807803,-4.0507240761325,1.63211522274162,0.313573586923867
-1.49345416864247,-6.30942569004839,0.800787267482034,1.96622149472665
-0.526562010203456,-6.88546324283129,-2.50987107026176,0.249153859895658
0.375560875573246,-3.70962365787668,1.73415578008541,0.679177086014874
0.0947248910509977,-4.20169035893393,0.49289560417946,-0.0143138744752089
-0.38526618272191,-5.46281525443527,0.887646674170125,0.0669764177097917
-0.797391990744037,-4.09121330048091,0.909592557253604,0.564575131236273
-2.39373985913031,-1.01827432878312,-2.51925012693429,-0.975139407304038
-3.28820148133892,-5.24348776139082,0.380719964569704,-0.462029678156749
0.182261190419288,-2.62473896367036,-0.169876309561164,-2.28452590271714
-2.87138260877051,-4.42498677641504,0.696384337724938,0.387223897829391
-1.27523334273127,-3.42616347657213,-0.556154795986339,-0.368319192751186
1.55264686934872,-7.21932432414169,-1.25566256595103,1.00273726891936
-0.472430956820466,-0.395651249285275,0.775393183496738,-2.16691959396876
-1.34076937727899,-5.42179451854422,0.137949456997852,0.255543886855952
-0.787290081554357,-5.32101213584575,-0.94957160117601,1.66981656069848
-1.78465826052712,-8.35915977117997,-1.1141168866908,-1.15880812297573
-1.12073340865398,-7.20349772531007,-0.00885827903505754,0.404242339102004
0.302469364184535,-4.30080774664498,1.60390210208554,1.39230816346274
1.40053819556664,-3.22655565949369,0.527055111526617,-0.839372869013517
1.23974062056399,-4.00890992754614,-0.901216366760892,0.2338063195156
-0.38328651894688,-4.72795162870193,-1.54932226756633,-1.62229899261786
-0.466729008326123,-7.50856049579074,-1.2216039496271,-2.40253075823487
-0.747818803429796,-4.33172085605179,-0.465788494049051,-0.272966020082677
0.395178758740681,-4.65516854329872,1.67908935437178,0.648884552562982
-1.48479116608014,1.10862050075775,1.08725048829049,0.989547382587303
-1.7068874048749,-5.04356762004246,0.0864019056268981,0.417010283148687
-1.40291025621657,-6.70133355181944,2.6905113841347,-2.21267603430687
-1.20852453140593,-4.97883204747555,0.975656722072984,-1.4897697393726
0.380605148819723,-6.43483315692724,1.7627515044198,0.373372402360713
-0.756646051685061,-4.94710710233888,0.199631667774114,-0.424965524646007
-1.69291590266404,-6.52315358936775,-0.292235933890123,0.989848712829779
-1.96472598118316,-5.11379667254992,0.490649073912829,0.315847884540809
-1.21339164050762,-6.7558320301975,-1.47833832142378,-0.053745187373327
-1.68923053141585,-4.90897037869172,-0.527067596787693,-1.09025787246609
-2.37223042435361,-1.99538353600245,0.769496868094334,-0.034571839928541
-1.36168153443514,-3.23039819774914,-0.632690547898171,0.520355333921886
-2.36528868489019,-5.25236676609171,-0.296795853279436,1.49176790921933
-0.426957133912444,-5.45134987679562,0.30579704615026,-0.633770313100105
-2.78407736519579,-6.27290362726118,0.242566889726998,0.484877723260263
-2.12142277425779,-2.69596189899469,0.618756876183378,-0.0549118524404204
-0.487592820323094,-3.41886090792381,-0.115529600624136,-1.21600281740172
-0.252188567335866,-4.94131229158385,0.486560837938918,-0.976589909015362
-0.653087838361755,-3.21740173951814,0.263161151796805,0.129537539457488
-2.61291592333072,-3.25723716922265,0.078347121664507,-0.0849134508148597
0.758857715024969,-8.66307578607938,2.04535288222253,-0.585813221009903
-1.03211671754847,-5.72536578957778,-1.48137883957598,0.231279555516586
-1.5175736881417,-4.30624519456689,-0.775812349736492,0.130097391389996
-1.5599619679168,-4.38300461293,1.05194574897702,2.92930736595662
-4.6276068501276,-4.79702563888128,0.0333312257179934,-1.16249055725799
-1.88449947704661,-6.38270216718355,0.267486814035372,-0.438255723356723
-1.33152160333673,-8.27678386136314,0.562073145540128,-1.82694539404772
-1.65053958054979,-7.24859650076522,2.58198678251446,1.11002073147321
0.321804787419769,-4.82161725057412,0.82983187616846,2.52865500780755
-0.512112114118051,-3.69237149318601,0.276045073775932,0.146716828846636
-1.64706040811709,-5.49710891684264,-2.78444919268792,0.442616598747246
-0.134818017953512,-3.9917956328761,0.536312535733285,0.364653659974833
-3.17806805968315,1.65410302263814,0.294827927266538,-0.0365242431549373
-1.3277813521919,-0.406106672108149,-0.244344746598379,-1.43708880260316
-1.30422284897509,-1.92847330126339,2.41895066087489,-1.00841357917947
0.34022365589785,-7.27993244186017,0.0836439103379626,0.566135875566737
-1.23004240040515,-7.38633230059354,1.35904632213873,-0.651743147937303
0.0329242660952088,-2.56328484049363,-1.98653908010221,-0.561980455671718
-2.1786250769246,-7.44522916425672,0.562683741162856,1.33433990655289
-0.0168726513486231,-3.72766461271237,0.736066119378336,-0.915256937860212
-1.2021892636372,-3.75796852191918,1.301323745404,-0.2884030329535
0.159285849073601,-5.19642559420688,1.60302145873113,0.00859496286592437
6.25036256879,-7.11023652481394,1.14756746000136,-0.456074270259935
-1.72076560584152,-8.43488659081244,1.16905775802462,-0.519164937880408
0.0657060670386461,-0.917708284158589,0.560574567741948,0.603923034004693
-0.938739002113191,-3.29492568594696,0.865426532723527,-0.275815661607804
0.0908901623623092,-3.83683821479738,-1.28094428867431,1.14373666748756
-2.55500408929875,-3.86399360110764,-0.150800447425437,-0.470086905016375
-4.51233808479793,-2.27958505774813,1.50504605202056,-0.824178655414273
-0.837462260770296,-1.02397017591241,0.702104423765913,-0.951843030637671
0.674152668061463,-3.7839709482981,0.416607233076199,2.34971192322568
-0.819385280971439,-7.10033596879937,2.242297253981,-0.944215065883521
-1.2967837153518,-7.48590244286038,1.24404602668876,-0.13491110166943
-1.08109106822583,-8.63247563210161,1.09642662075971,-0.640638090238958
-2.21419126164662,-3.40291104102768,-0.582031916945208,0.177228988033927
-2.54278128741981,-5.29143576166633,0.400090588891005,0.303729289545605
-1.77974700709991,-7.15442626405501,2.21824700823328,-0.171642834191567
-1.53140395740914,-5.6451560326959,1.40318392637213,-0.842319138373238
-3.67873125502542,-5.77686048842104,-1.74143637239575,-0.0489280906970955
-0.796323423532411,-5.52666469128646,0.224704691409219,1.07157634301147
-1.57290215739043,-6.81422972013625,1.94338968826258,1.1592453060372
-2.47629253497333,-3.89388501922525,-0.523143231877002,0.277597432561195
-0.457998494661771,-5.37644129026866,-1.0193577189923,1.45188452723654
0.270969995340252,-2.05035945752949,0.406052525448572,-0.0989223222121757
-1.58415112574025,-8.64364523517631,-1.17580590999595,0.205383180883033
-1.62061856420691,-9.31727023050591,0.948103580643335,-1.41319315007919
-0.54014339141873,-7.55031436202813,-0.558221416610571,-1.22537808333868
-0.375197844574467,-5.44438561234653,-0.276787690599289,0.699150594841915
0.834656856251109,-4.89300647536133,0.826906036613697,1.14898150987284
-0.699003255232521,-6.01689471966015,0.469650609695041,0.554278410488615
0.492544707104368,-7.57010953323829,-1.17638455721201,0.985942262985709
-1.57461347838181,-2.91458841442809,0.964866284388741,-1.63223318099579
-2.37759975278348,-3.22010238428248,-0.204476950511719,-1.67525002948367
-0.804700472855955,-7.08408740869654,0.889432824793897,0.432587178627514
-1.05643998266934,-4.11568840743849,2.31051418677889,0.23553365962837
0.00168114842031342,-4.83552946796296,3.14711370299429,0.306286454639875
-1.27651380166706,-8.13901801845013,-1.17845085054154,0.588331394392961
0.54007126078609,-8.2495637312219,1.15751789707506,0.220667683545975
-1.24879595041069,-5.00919514598387,-0.913044103657003,0.276476882696519
-0.739815796129022,-3.48940700345567,0.705820628942487,-0.588263063268646
-0.687945986462808,-2.95570542771992,1.55334663745206,-0.943433982965188
-1.13871833792756,-1.18755323720989,0.612774760764727,1.74120012120837
-0.471374137075207,-3.98273399826025,1.05964910966193,-1.19008103102107
-0.519156781693753,-3.90732235118648,-1.35102083884977,0.705554762252359
-0.453990442014108,-3.36621536809922,0.950727631201553,0.865364409298043
-0.393056600566144,-5.16723396664075,-1.67526479885496,-1.83966684348396
-0.625063632311507,-4.73709286361968,-0.0774821688714375,2.24961376605124
-1.45824317892475,-6.48080945962712,-0.152107026321188,-0.572451658154408
1.70203079569784,-3.48507168721432,0.801158130879887,-2.22005937007899
-0.0808820627243766,-6.32470278665322,0.843452941053638,-0.144929744283086
-1.03153118438041,-4.38619199232889,1.48952267647284,1.98816320702076
0.425518415695602,-3.34487349519638,-1.47743422640776,-1.46411390836397
-0.0169448147763278,-7.80703120193115,1.50499279993826,2.09546281494056
-3.01407208815316,-3.6469528607889,0.67016332763619,-0.562391649760168
0.100550119504439,-3.53531056591669,0.631779372805875,-0.785606834835253
-1.89601664672195,-5.80427628060963,-0.632683288536794,-0.967055545763492
-1.03026085574699,-5.79069588133114,0.559369023795321,0.328986101663004
-1.45590196954931,0.397659298011127,0.922950794981656,0.0228500191780115
-1.43332663648373,-3.74604187804055,-1.00515024653149,-0.307159526170069
-1.33008953923144,-4.45314268546503,1.26581203119198,2.79134708791242
0.0543537899400821,-6.28074033471563,2.61157407345059,-2.15547257351097
-1.35954533049128,-4.23197282889509,0.432579916666675,-1.15695470797429
-0.577273223679105,-6.95602410502619,1.09066834394578,1.15534399869962
-1.33129748265761,-4.94605314474766,1.57770572655808,2.16418622584214
-0.745328609888962,-5.74156238438008,1.68177186013355,0.0790971861541516
-1.69621758104022,-4.63186906647948,0.411658395584457,0.152990112676883
0.272992992328566,-3.89086368499068,2.07785359915645,0.25350597681822
1.06465251831626,-2.35672481168284,0.824596432756108,3.39328991275052
-0.945558732586638,-4.23519753303339,1.95297158308124,0.907999047647423
-1.33891130561862,-6.27539688729269,2.12505605535347,0.318972864805881
-0.739432190074608,-4.75530778431171,0.984103280048156,-0.656689000409351
-1.81253376810557,-2.67456921205943,-1.35738133109159,-0.661273079245676
2.26385228562525,-5.11278170424101,0.211000728805375,-0.14403392030629
-2.74843934939004,-4.67943480850435,1.11213723120708,-0.211283958464527
-0.941402626436039,-8.18047977204457,0.539647938189561,1.3961330185007
-1.01720890447562,-6.27703992433287,-0.596511422634936,-0.313249383803538
-2.22517104213609,-4.35079689318695,0.9980450244246,0.114326914583237
-2.24440118960279,-5.08112136462887,1.85523805988667,1.30792048575161
-1.05186240678564,-7.01210065356528,-0.651614772260847,-1.04302369597938
-0.842917676341675,-7.06926099332583,0.797968992956709,0.111175088376119
-0.909416792251916,-2.60357384033669,0.514635561638156,-1.80191323347838
0.287064566240375,-4.87888974957699,1.02797334775665,-0.27119872486185
0.146912435316013,-7.39731497759743,0.153600423623686,0.176226694552515
-1.10850103884578,-5.74064427918374,-1.78024243551891,-0.398709704721602
-1.52689361519253,-6.61923583550791,1.17463573863479,-0.635885199390111
-2.44600639134215,-7.41856057787484,0.710010517768963,-0.24987712940771
-0.644230635881968,-4.65459396933385,-0.249489568000957,1.46640662690347
-0.817003624232513,-2.19608608865298,0.493379342132463,-1.08200463532963
-2.18407803332322,-8.89436737896867,-0.0815775892772579,-0.471146405455015
1.18226364249229,-5.89818754908586,0.284438674295664,1.38812470475758
-2.22317786950831,-5.94624803985312,0.824659654839694,-1.04027659773423
-4.14509237154927,-4.01381721823717,3.0119413069099,0.918114720835083
0.346848344617941,-1.34631659422694,0.649474541523547,-0.826020821755779
-2.03385796216966,-8.13018023740318,3.82438338691358,0.286211060774653
-0.564573241510024,-2.03001991070127,0.620717751474573,1.39356005254879
-1.08613782391083,-5.49121948901865,0.623456206949355,-0.457533859002355
1.03223031177642,-4.94588359124171,-0.575558129490576,0.0301437774655451
-1.98645299121893,-3.33198217266525,0.0365452383073774,0.687685900645139
-1.442863641408,-9.24535307316524,2.32907921130583,-2.6006519542072
-2.31214429586057,-6.81532377942035,0.629853629506943,0.246097692870931
-0.79868242093261,-4.20100438192805,-0.843184572324305,0.895863657376962
-3.06903819199056,-8.03663399941384,1.66634322257944,-0.0809921462111418
-1.48322302821295,-5.9735880292855,-0.0783762790959284,-1.01317927580832
-1.83625283076213,-3.2987124636786,-0.933439549226778,-0.903775323520489
0.787730659640792,-7.13720486550735,0.0916425012400338,0.764342994192289
-0.837216295689652,-6.12472455511913,0.482956029385457,-0.5502131112796
0.0409384939932033,-4.90531794375528,2.74127511933572,-1.2736744070097
-2.63043492681537,-3.63104371774968,-0.715676903256363,-0.000858465005796505
1.27909425625143,-5.53137478565728,1.80571615436607,-1.30196707218439
0.267156707312037,-4.85625107540756,-0.111518965018601,2.56046816617122
1.01704691970764,-1.62620177666052,1.55289069644239,-0.0749262868520167
-2.45583634815035,-5.58404864254697,2.34137258235387,-0.689071694364171
0.900955886465801,-2.95291231702989,0.895852907157247,0.198139552569434
-4.08723696793577,-5.3625309305448,0.715886990724947,-2.37742837418922
-2.86759935577224,-8.14994762365923,0.547273536024714,-0.839279526203312
0.332808753009983,-4.55175088436919,0.468672790318216,1.26159910102373
-2.29793194492128,-7.14262275729241,0.13623934368022,-1.17770707924207
-2.43573098616358,-3.03531353661815,1.04704049242271,-0.165975493256758
-1.30364088634658,-5.63440396755575,0.671469108463973,-0.809491030990486
-0.836998776612681,-4.90375917099779,0.760483597776553,1.79136138141821
-2.42631327752098,-8.27380607259423,-1.52624672931858,-2.31835053009724
-0.231900657945666,-8.11466005627879,-1.98727693502888,0.200351292080896
0.744154104323814,-4.51756229088846,0.941114282473646,-1.2710113292571
0.148766613891265,-4.88984299606433,1.17748158384386,-1.20593303763852
0.272914044524756,-2.85626652319237,2.05669067220747,-2.14433290302753
-0.292863207070758,-4.05736922835917,1.27401512021085,0.404448113220762
0.165404677410097,-4.34498111135249,0.689388815199975,-0.311078869493708
-1.99039922792881,-1.54797291559826,-0.623261768454168,-0.335196903120652
-1.99431256515951,-2.13476201375122,2.11402137081201,-0.0151103863539861
-2.19249597075428,-4.93545423173545,1.39746067848955,-2.5237265233295
0.496226151915724,-7.43086730052383,2.09858453514038,-0.506159389766554
-1.15181257030304,-9.80492428148702,-1.16670500820783,0.724092710314991
0.0209549450394446,-3.52946650841023,-1.13358219207497,0.433132134536092
-0.536890707358423,-3.45455922652703,-1.0231029727546,-1.26034515528377
-2.01763536935946,-3.15296262208773,-0.157536538201044,0.674020158809684
-2.22253222663032,-5.91591794630718,0.895039806762819,2.45110361085048
-1.8008363911411,-9.10952044196397,1.02354883592625,2.21844380340527
-2.10414276838544,-6.16370559926336,-0.320409951410475,0.114233424020427
0.656888325707227,-3.37213866848349,-0.298298329355499,1.15310093085615
-1.36714353472988,-1.68134694369008,-0.147069914163634,-0.11208779782246
-1.37007655825529,-5.27905410936735,2.08928217484661,0.807438089671285
-0.32959924488989,-6.87574579493938,1.87315731338089,1.64282724101254
-1.59049393556094,-3.00652041974942,-0.051646734574693,2.04084985869008
-2.87977398623878,-4.51173040209806,1.83281947658644,0.910512401708304
-0.646619521061475,-6.93375418648833,1.5756101153474,-1.25452015027871
-3.19285196551462,-5.03410058702169,-1.02063336415083,-0.0110840153683686
-1.67869209390807,-6.52862597297309,-1.39246697018685,-0.915290184728101
-2.47301365375967,-5.73418740712935,0.166813473026951,-0.194275098538218
-3.08724394802366,-4.93857632015219,1.51379265298943,0.121626138614686
-0.0392607687160152,-2.65905409908786,1.01054800776618,1.81724198460525
-1.91949358519695,-5.90074552477304,2.23037428036214,-0.680418953074651
0.490555251011292,-4.9243162449695,1.34845373407088,0.549935517473789
-1.53213542249406,-6.70715958700362,1.38462146881715,1.58214510204071
-0.772781296803716,-9.75616054203446,1.02797794813282,3.01295434104671
-0.710941558204019,-6.31384915353779,-0.0432040758330907,-0.238219440639751
-1.29534809012984,-2.46860940330231,1.24464016835732,-1.1886584504118
-1.30226238239019,-6.14054624789753,-2.06783707123029,-1.1511032726206
-2.84864156315167,-6.86238970060616,0.192891669855657,0.583640157986334
-1.30127661148261,-6.62036313304619,2.10494820542686,-1.55037063813256
-0.587980374422027,-0.471351363091171,1.05151743935509,2.78845165428819
0.0869889241838147,-7.42572821893532,-1.42763400477629,0.766016141333225
-0.3969993651457,-4.49088961848547,1.21038060840466,1.27393379575545
-0.308941715973502,-6.68969227328385,0.1996442859011,-0.352549992166134
-2.81971496499212,-5.30916064894639,1.04761234632343,1.2739615275316
-1.47084054653839,-3.68286730246359,0.0649221267372443,-0.454028993302381
-0.213715170468152,-2.8439252547753,1.17079288462346,1.98244238126342
-2.16240914685347,-3.54111030815456,1.79484526728822,0.943166827768298
-3.65053787539984,-6.69992595064764,0.260751824753548,-0.687995381195402
-0.477354038985038,-2.77546381006999,0.0085192985210869,1.10121056866744
-0.237865115537058,-10.3416089889365,1.34938591912183,-0.298600027444843
-0.912515767018597,-4.23783881585639,-0.039887487385703,3.66156152474738
-1.42290086248726,-1.91692730864422,-1.61736969550647,-0.88838013470427
-0.525413986495905,-9.13355551027825,0.660713774155216,0.27295491239825
-1.54746580573802,-2.22069662268257,1.60755863098201,1.03049349159064
-1.77630894274993,-2.37118829662685,0.987666307391347,-0.182164869505415
-2.22158541485547,-4.52204216731541,0.828756419796225,0.0910807186009863
0.749931202838058,-6.76292805207009,0.467140939332032,0.206644331984348
-0.46409232774118,-5.36649500315378,0.149519378723627,0.179075505214979
-1.71399204734317,-5.66379676208319,0.203129555517238,-0.54530006728437
-0.552604566850502,-5.54690664613129,3.27103570196873,-0.370457363428506
-1.37311883545685,-6.2119349302202,0.285005201018499,-0.575895784831364
1.05718874293794,-4.76870808975921,1.68277330569327,-1.18148371356555
-0.145114190370583,-6.24841404666938,0.07808366834743,-0.195308865480777
-1.63528097789896,-3.7168009437106,2.14335165324998,1.28100168472758
0.0616736265326311,-0.071968137956756,-0.555611872496466,-0.287646575940302
0.458398415471275,-7.28393818478631,1.45089561972437,0.125919197911379
-0.404342274411857,-3.30201888558792,0.43675425236487,-1.23956126125229
-0.358743620627526,-2.47960806623819,-0.261657174409686,0.435884236692438
0.947053441681703,-6.36190306370225,0.304863915462015,-0.383727374985377
-2.01338935920772,-1.74960064029518,-0.691034179453676,0.8180622523455
-1.29199465088737,-3.62294212600516,0.229514814187418,-2.01091061505561
-0.825863395768407,-5.91618127039839,3.72283453367387,-0.676041917420242
-0.120850610810092,-2.33195327557571,-0.355028364791553,-0.0608799890641691
-0.820539011257256,-0.639476977705144,0.868304143867783,0.901628489102978
-2.13858494951786,-5.98422428627554,0.945071396880129,0.20149580893721
-0.916054156788249,-5.37705306541207,-1.56053382447743,1.01853221670771
-0.530640718337289,-3.7101934080195,-0.436747062296385,0.0686407942887158
-1.90080040734762,-3.83893302858341,-1.81610390698856,0.137003979571266
-1.47008606991429,-1.36972336278458,2.11078999640428,-1.02294005164315
-1.71679583859501,-6.43888721935867,0.143317963222249,1.56884717751016
0.16672090253637,-7.04056115281008,-2.00843440648392,0.579700842838011
-0.876152380255991,-5.93415981017437,0.859285406822461,0.992093542591974
0.217139952787835,-5.42764317446095,1.73969660774237,1.30272124429502
-0.0196262175371502,-4.31474246225078,-0.470212955867941,-1.40150952555889
-0.260390478276834,-5.80136607074153,0.0770162688337427,-0.687654807176317
0.267927453282898,-7.57736833147837,2.86407459865943,1.67658881477102
0.711223904427534,-3.32760639999899,0.213571443510332,0.309559091726958
0.8875649648731,-6.49750572765899,1.67780371022726,-0.150350440939546
-0.71566847686018,-1.05540395317088,-0.990568325388929,-1.43022413031237
-0.191728632322802,-5.51992254694649,-0.869907562769376,-1.58010798988316
-0.246680899771322,-6.5978288360109,1.13969644638912,-0.204387439011581
-0.120377661279044,-7.04386423744482,1.198235481088,-1.74696093281745
0.201306063741229,-4.24483240944634,1.01717802389797,0.816290657731563
-1.4533350414009,-3.31280989350413,-0.511808382762916,-2.54185035354809
0.50424649345165,-8.80003270123639,1.02925497367645,-1.45489172115255
-0.917276240798548,-4.25026502082668,0.628372847552012,1.44375110153558
-2.00340307219111,-5.39617563782668,0.940018044054765,-0.553140987402544
-2.49117684557485,-3.96360784412772,-2.54545905114861,0.900507549545221
-0.240360357723566,-4.70906602067395,-0.106604838838951,-1.35182302652732
-0.653630867992391,-3.03769875727942,-0.205734647897924,-1.72406673901906
0.489942666275253,-1.73417604432177,1.2068074697726,-0.942011388971869
-0.545864926274929,-2.80143939264514,-1.30469041222161,0.615042328032634
-2.22561206811998,-7.50547269642384,1.99223799069005,-0.179331142666154
-1.40599898191955,-6.66416271093702,0.57194052997411,0.19174643335939
-2.58541730362558,-8.32336734503375,2.23570125296604,0.107155061258772
-0.795959252620309,-5.80502746824505,0.384902929621013,-0.284423346299622
0.466204931204723,-5.54439230419631,1.04615962655186,0.425400207423813
-1.08021896940636,-4.70518295789247,0.261055223424928,-0.354765258778051
-1.56624045742966,-6.81804196528806,0.0129802483579092,-1.41750299060761
-2.001326339267,-5.19314237145215,1.22949713224675,0.193045037365158
-2.57026767483109,-6.18445601640433,0.98396083040424,-0.0722226208991934
0.140988554418143,-5.66603739059675,-1.30750949795047,1.0399412755029
-0.501113227623714,-1.86475255532298,-0.571641755337583,-1.61712187069239
-1.83700109794975,-3.18810529722521,0.745007854138041,1.21290281552403
0.0490508310510239,-3.39127104877708,1.1551173940518,-0.469501943840536
0.133789042145749,-2.17258858825491,-0.00917153001825746,-0.245537273852761
-2.9356419511116,-4.62323561197479,1.2381524146376,-1.95818904811351
-2.064890932943,-3.80553917254315,-0.497172893794624,-1.42250999090616
-0.583346483626305,-7.74261436553391,0.865855317403063,0.00531645645586859
-0.64479086472107,-7.51326863171473,0.439335555942062,0.844008389084349
-1.38151803436986,-3.70369916224169,-0.625483014089399,-1.20106193365533
-0.702699753169499,-5.81829637480004,0.366371541592134,0.654327496979389
-3.14293366883229,-2.68022678631389,-0.0788176310477915,-0.350460403217564
-1.56080728471002,-3.86471058731289,1.91632473357985,-1.49403934946328
-0.506942349129574,-2.89582784154039,0.0427739294006453,-0.73301401634626
-3.13768171052695,-5.39445235624419,-2.06952343171269,0.0154604544257538
-1.3634306796454,-3.99112676752906,0.380655801348412,0.429725231997186
0.620049461680946,-6.33471329364405,0.698445632337039,2.31414264328416
-0.757524867211149,-4.94923024587328,1.0365723778761,-1.23419795981379
-0.533210595341887,-1.82241337933121,0.782813980229368,1.47306660522393
-1.79749478004407,-5.30444518294209,0.405663210722979,0.352690917013494
-1.95273996462666,-6.84095911929862,1.3467527780348,0.533974536119873
-0.138028258239521,-9.59073367408456,-0.321681740984471,1.55247142488746
0.295062156017754,-4.63620929489727,1.14985782823184,-0.728242594738681
1.51048203718111,-3.14410322402832,0.903751932710469,1.21507460198008
-1.21040568187698,-3.66352428322611,-2.39975903598746,0.781120773111205
-2.81486326298683,-6.87078328694552,1.01668396775533,3.11947071332653
-0.81938430789294,-4.79108865339929,1.47866396683782,0.93267545751963
-2.74715976428185,-7.56393176506286,3.68596089514673,0.250762516533707
-0.107148319154241,-7.47878220433146,-2.34922401161455,0.661809442803148
-1.23403108136431,-7.99976154616426,0.620979256146852,-1.19018446147506
-0.559469013262374,-5.38392641216747,0.353479237649661,1.22912486599431
-2.95922200063625,-6.93756799048874,-0.87242977098429,0.130783221148148
-2.07955053930205,-2.97991423075111,0.761039927697348,-0.115113198602557
1.48445980071583,-1.62878880511106,0.480235548602126,-0.440439773300956
-1.89343400366741,-4.02365264917698,0.54922807044508,-0.270192300031556
-1.57114707939026,-5.12045986894161,0.706490625495133,0.871509529619181
-2.41968782744369,-4.23577203528413,-1.26971916811469,-0.114423601530136
0.511092847281997,-5.36355935453274,-1.04535500334429,-0.0110876630589838
-1.19355767918391,-5.21508977340834,1.65285493655322,1.37464222720602
-2.54732536385289,-7.34621793148936,0.863972776093052,2.2035042806193
1.36856372793773,-1.80486634981631,-0.711606325184478,-0.712739491446506
-0.642890342098489,-3.69269069691843,-0.0233651151482394,1.23395469533451
-0.574619955166804,-4.13480646277085,1.12155933276291,-0.594099053676951
-3.47039646828686,-4.43209216824327,1.10103232380429,-2.46619785122795
-0.479835814052702,-5.58925948129982,2.03524477665775,-0.568524037567987
-1.13176076403765,-6.72754400655152,-0.0894056697022776,1.89793560498137
-3.90893074900385,-2.24057300006608,3.23998182771772,0.581996903351824
-0.40774349087906,-4.19720568120508,0.691784828803412,2.39433899173926
-2.45693383983077,-5.61411903098407,1.58552108589199,-0.195528846950846
1.21418397097466,-6.9588284664138,1.69080518703499,-1.06805012377206
-0.639143675561421,-2.76917423101141,0.514899008976222,0.37568046988474
1.40817948328292,-5.59322576343737,0.451251243344401,1.32682368386517
-3.0495505844776,-3.60089002782419,0.340528671723879,-2.14239764681128
-2.09524546603,-1.02567575517944,-1.37013832346936,1.3462347318853
0.42369354232595,-5.73509256697038,1.27084196404852,-0.0672350980566912
-2.72250168852004,-5.8012524488852,1.61672334846782,-0.392042938467171
-0.00642873735788463,-8.12096558179047,1.15532233918391,2.09103204900846
-2.98508582173794,-4.77969865877671,-0.135260797141469,-0.414162405791809
-1.40981943384215,-2.84540634933728,1.92486153973534,0.0468674595627117
-1.92822848889149,-5.5842450834478,0.318619984082213,-0.169102812162727
-2.03359209798467,-3.80916834852999,-2.84544436559392,-0.349910373113694
-1.60915532162349,-3.02054188464699,-0.116724573927847,2.11335500033089
-0.543342872938156,-4.58051971234455,-3.09826432777222,-1.46393424640566
-1.86533357836054,-6.80220893882355,0.581235199809224,1.00459526495192
-1.64546814556457,-3.30302958694707,0.589738774878655,2.68371128804196
0.620510409760475,-2.99514819153232,1.40748235357604,-0.0195340036171081
0.380335115733919,-6.18605111978952,0.5424627073837,0.47554607633779
-1.49781131409959,-7.54803253100335,0.648873135972275,0.824589641613627
-2.20607867516171,-7.01851132726805,-0.771500896160422,-0.71630983771463
-1.15469490905178,-4.25667288010702,0.64209311538898,-1.8133763426128
-0.956561271369876,-3.50041525293699,0.275243012359361,0.310328847231242
-0.650755843574876,-1.61636195981736,-1.29804144375141,1.67548924491153
-3.11130652314042,-8.27530428142288,-0.904172623906674,0.231784076573731
-3.95646599269231,-3.14127675927846,0.386763927844721,-1.02251303589185
-0.696350024696573,-5.59630330121948,-0.442553918997972,-1.2283443699928
-0.188857786665357,-7.17683818718953,1.05923992119742,0.639587240489904
-0.623554682218011,-5.7116871838327,-0.0986744690786918,1.31333464139252
-0.82751153880608,-3.17060781858527,1.6761474426525,0.670754030809337
3.50246430575524,-4.62659515167771,-1.09057877009923,0.0628066301492573
-1.5538295226267,-3.74071643990893,-1.22572938018871,-1.51043133443954
-2.21792597943979,-0.911403160457517,0.622870478511403,0.660797602977162
-0.351583564369564,-6.32856160983246,-1.36356897373577,-1.24046414461749
-3.59557543632844,-6.19782988521229,2.89038311576334,0.194472729634136
-0.807993464245675,-3.86254659446952,-1.18605735551657,-0.118769686505956
1.86786015935514,-3.37110344272709,1.89606028934801,-0.29284317172434
-0.783640688413094,-3.13050515971619,2.22030325408207,-0.119011093860575
-0.799082436680137,-4.41145722548646,-0.805406782798879,-0.893137503948147
-2.57213728904431,-5.37240986233078,-0.660932586443938,0.498555068082087
-1.39516871243966,-7.12071789638639,1.71771044589219,0.432415877555833
-1.72279555859699,-3.81321368028421,0.424914220860979,-1.81430980459672
-2.5063932647644,-4.38099047022262,0.14243569006649,0.585384682891282
-4.1157085963037,-2.78296850654804,1.01388397967596,-1.22076320912158
-0.760324571252952,-5.75177813133689,0.566686865074661,2.1851247349255
-0.0874116183396871,-8.07452769289675,-1.61030078342057,3.7877296951809
0.602269855508525,-6.53575365236636,-1.62251145451179,-0.870480190595782
-1.7130740352229,-4.04269195276278,-1.44456164609109,0.630804806762003
0.139933099699045,-4.30701444618755,2.548385959769,1.08838471581659
-0.665547391118136,-4.63201347043936,-0.773090004421074,-3.19687446184504
-0.580203646022922,-6.90183205470882,0.348470679754777,-0.924774352784894
-0.331435705135509,-2.10271221733108,-0.729046594905995,-0.126657326045325
-1.0341507353853,-8.1984013754982,1.58196378612685,-2.36434384390607
-1.95598612109995,-4.948961981904,-0.966993283029963,-1.65965348800918
-0.156313907347773,-4.65413291307614,0.510640360474049,-1.14952316757967
-1.4435855468175,-4.96574084090985,0.232212406320367,-0.0514313094760209
-0.635875811140153,-3.53947552751045,0.676100536877681,4.16379880442476
-1.56364773195334,-5.05564286623655,1.04877306572715,-0.742298314235042
0.0615043913131731,-8.63797886559355,0.952261162775484,-1.46601544846384
-2.59566273201816,-3.87123805001735,-0.537345979936163,1.16505001561332
-2.57636760636923,-3.30872163215813,0.842920277390179,0.348114604989596
0.239979796371411,-7.24869132406122,-0.383925404734401,1.57382777199799
-0.170700513913707,-4.76481880245268,0.810528657481297,0.716617263398367
0.472255863689063,-2.63919544033937,0.854862380305529,-0.416612151208751
-1.43395657769934,-2.64224849690632,-1.34697225303027,1.24823802137157
0.107405818914343,-5.30005652982795,0.37722516116673,1.26831883766103
-0.162170826071425,-7.61818209672506,0.909995297989571,-0.911614238142561
-1.6252034789744,-8.21367305655316,-1.69379046393987,-0.573966825410411
-1.07611441307787,-7.71903504272149,0.261964430601475,1.74539661376754
-2.08381167746203,-5.1036686359652,2.11996725065261,1.29099688394906
-0.774471676832665,-3.30216537758182,-0.441429915595885,-0.14878539554086
-1.48506221469984,-5.82697751197096,0.210027595583928,9.45383293191546
-1.72680772346917,-6.06718501117874,0.897368407737031,-1.5517366548464
-1.2049633136931,-3.53213268466996,2.62740551530616,1.24947266631471
-0.73022396623992,-5.53546128392305,0.19421277401379,-2.09523081852413
-1.411925356341,-5.73766518815724,-2.12029461975479,-2.47109107549912
-1.27256085681199,-5.87901244311854,2.9573427755453,0.110871887862116
-1.21742669221783,-7.38297353140982,1.49062138279357,-0.410375759460865
-0.269173023025959,-8.56144983449172,-0.349942114168809,0.37919150230229
-2.13867241075388,-3.46898951351394,1.82127901280303,-0.170650084275546
-0.784669355248601,0.332005585027986,-0.917767553852085,0.570089475159918
-3.36155886320292,-6.26963816462223,1.71204669775579,0.131625581056866
0.418610821098226,-5.93603043876479,1.57584790480899,-2.21932806621255
-1.80485869485654,-5.43148228894258,0.188377017768819,-0.361106782211703
-4.37860006083316,-4.95539386680945,0.506695339982661,-0.561712226529977
-1.45302440947254,-3.72674060649519,2.03197449803021,-0.610687692168245
0.241681925509211,-4.98104683820877,-0.613338786565855,-0.156224347665777
-0.153879329372176,-2.91288617109315,0.0122834961646602,-1.42081210419873
-2.56031435870751,-5.780599853672,-0.150982994777022,-1.16092712292654
-0.443816110355173,-3.88363043773608,2.19440442359477,0.223794243299269
-1.55567670303106,-6.7569344169911,-0.514183814385795,-0.383421963963856
-2.35465482235132,-13.7269183451883,1.67347498800992,0.721059667881724
-2.82166880493765,-2.80722447070388,0.0712416312346781,-0.701297905785233
-1.90216357504136,-8.79485112496914,-0.320234800508251,-1.01153911202385
-0.394466088143505,-11.3314777676608,-0.149990499567021,0.506183572338284
-1.64457391756962,-5.85764479093856,0.237450493212919,2.27417666496463
-1.44298920455537,-3.51662059982769,1.85856298436677,-0.548206371216403
-2.66121203861369,-3.22470842326078,-1.65476213874306,0.712127387770522
-2.03372597684052,-3.64637262651689,0.119408152577178,0.521814640287097
-0.94598679630013,-3.47429865779321,0.486490499338805,-1.56862031283179
-0.637179343957201,-4.42695803917323,-0.985706439655291,0.102514547321581
3.0984959285237,-3.73080591636879,-0.911336709352822,-1.02701050630304
-1.05375320318924,-8.32839449456067,1.45338479759734,-0.391295847987175
-1.98552572890734,-5.46077971333142,0.917545544311546,-1.00736623321776
-2.30975228966525,-5.47105929184267,-1.96380588875668,1.17063442023337
-0.360656366459915,-9.68129135334222,0.425077719470377,-0.152017255550633
-1.55163421471808,-4.24260193093928,1.67946647605915,0.809419880994124
-0.278168928339,-3.66994848485216,-0.933863187176199,0.436806208035955
1.1272733562656,-4.71485345322541,1.04663960054083,0.724956277275478
-1.3759394601637,-2.43639374375812,-1.0181384269186,-0.441486320391848
-0.584815837263647,-9.0123448354231,-0.36525972884443,-0.51640563180868
-1.0418863815813,-6.65747722243901,1.63594396390651,-0.151517597481626
-1.61111883218557,-4.1914978275791,1.04396638045749,-0.79761612508729
-2.84738931994021,-5.06620098498787,-1.16937139324051,-0.342399503852805
3.11473073569841,-10.5852139019609,-0.436739221103619,1.87962896334189
-2.428120589626,-9.34669146371707,-0.0505212044568993,-0.847025649851452
-0.251749871750161,-5.97345771082639,1.62866256273914,-0.0197932551062656
-0.986904463169525,-5.17242544262938,1.26276885536009,-0.0331979024520606
-0.00827581923072412,-8.07505754884466,1.6224292895832,-1.08752100636728
0.786548867518297,-7.59789107833632,0.909925629167584,0.778395998639739
-2.07042928311953,-2.63804014034445,2.33915047218713,-2.71912478748734
-2.39540352475954,-2.39934912988043,-0.0786344709006795,2.11744037349434
0.566018664520199,-2.30597559634879,-0.643618533478848,-3.34547446061227
-1.73961620808335,-6.83139876586023,2.16331669545328,-0.498419901551445
-0.741595687791651,-9.05374069917078,1.97145459226481,-1.4356495421702
0.0923534802818413,-4.462640219952,1.86293539134873,0.576695269268863
-1.30098554945147,-2.57322324532128,1.37264773125374,-2.53055463569102
-0.249176125041474,-4.66094188484627,-0.774592698524797,-1.63065278144782
-2.20784837382892,-3.23359554679613,0.422973942361594,0.592244172408484
1.15000610300946,-2.82328315649573,1.20638858265964,1.26321510292802
-1.90371387955651,-5.19536157330898,0.752478085572844,0.372553688667535
-0.265393085887836,-1.42924954929696,2.15148372196966,1.40909369379124
-2.9226120407432,-4.85721185020495,0.679651900449817,2.2004668381426
-1.55185933263807,-4.53114785699045,-0.299255410847671,-0.9292099059196
-0.383693471275446,-5.99780708361674,-0.664393167549707,4.0681176256852
-1.04341820791496,-1.89170310037303,2.18403818694388,-0.246691721566991
2.51014487685992,-7.29058155123138,0.54040454931512,0.155324038303777
-1.20637680797018,-2.77440638034017,1.27147197225946,0.465438077262425
-1.09242318572931,-5.62256280079152,0.384005112125084,1.23785670496461
-2.72962326175755,-2.33389247440363,-0.596949086936247,-1.20202294732334
-1.93312127347237,-5.09069669999826,0.659727816241151,0.14356200475242
-1.7337390159294,-1.56457092781779,-0.110228749476744,1.18880225947592
0.0561115316497853,-4.96472266721269,2.59023782940909,-1.05034484582267
-1.06298457152014,-3.74932747667078,1.40948939376752,0.0923826237287437
-1.91387312569878,-5.01370330009668,1.45822873147208,0.540556431223243
-1.3148120343886,-3.56937201377242,-1.01274409934153,0.506220843205629
-0.737919835058327,-4.07248065606845,-0.048965519101007,-2.21872635400334
-1.61076055923891,-6.35627286392994,-1.04889250226303,1.33107650268493
-1.60487954972714,-6.99229086863036,-0.754170288200943,-2.09434834183158
-2.46460045571255,-3.35836710853169,-0.257133240392443,1.71401490939346
-1.40988720067042,-2.69841706139883,0.403817477785083,1.36330933858155
-1.65043680748784,-5.15545388881216,-0.702866720058196,1.29860923810236
0.539275829191651,-5.00554769090977,1.22519759219562,-0.824448068735746
-2.79429270217122,-3.69476004667355,-0.585043734281363,0.970983862767932
-0.667450707536205,-4.26056527454529,1.56684734726728,-0.345146215411545
-1.1681448440851,-5.5076357230379,-1.44203151617237,0.420022699967229
-2.52910017989863,-2.18582535671403,0.813819384484105,0.395507192185143
-1.63728366172471,-1.03453734019106,-0.938293031998184,0.325415103719381
-0.547459404524329,-6.97040173467976,2.75466797830414,-0.923231458936539
-2.38339190727085,-3.59530564420934,0.993049921098133,0.6253813889436
-1.74859799111458,-7.7472703703605,0.856464218396282,1.37340979741032
0.314155170569206,-5.76103260652254,-0.0728721265307115,-2.06484734806154
-0.987575868250601,-2.19394007256741,-0.899267390908498,-0.116426571628375
-1.77787636472733,-6.21796720941553,0.299400188500261,-0.590735873193286
-0.0639717630809184,-4.19164060823326,0.191387632932335,2.09845530696732
-2.29685095641428,-4.84659190793881,1.24169633382285,-0.0245516152512433
-1.87865649349848,-6.92883725501288,0.0629424518579487,1.54804766437551
-0.751821496447833,-3.83801045076763,0.377153511524508,2.24511527074112
-2.6305833611637,-5.14505567075184,0.383982154611931,0.078871940062772
-0.813318960647546,-5.49752098978971,1.12696966846391,1.4369198153313
-1.37294887267215,-4.25231412794892,0.16070776067919,-1.10256998742495
-1.31957230517773,-3.92575444691882,1.46318115331191,-0.0865117560112849
1.08523094967711,-8.68595436477949,-0.751359126534507,-0.755763282417745
0.181917692651312,-6.06441025777137,-0.616747908531764,-0.572337521960772
-1.38895624087565,-2.02869366744756,1.32269217726048,1.34579957953104
0.534508418809086,-5.59726712750401,1.44491062169567,-0.714886199603976
-3.10967977570506,-6.23855405276908,1.07509352018342,-1.85399098581254
-3.39090472864059,-5.30832233135603,0.187095588553943,0.669081410120839
-0.800188823472674,-6.38826499242729,3.18863397525643,-1.22984959212885
0.0729313482748601,-2.59402731555552,2.36408885140882,0.0643494670989879
-0.408771011066178,-6.77325902014727,0.334808648906397,1.1094692062427
-1.65374556795819,-4.04431721016352,0.00772422134874917,-1.08296844497769
0.726123774908827,-7.10197614864556,0.827906256066066,-0.0804281917067955
-2.60788548453189,-2.55871217260872,1.56489168874977,0.00167164550599302
-1.13431144522373,-6.07484105419521,0.212229059805645,0.0552188389565743
-0.65534952786717,-6.47530164911186,1.41449553716366,-0.323143506131469
-2.85401015362299,-5.39828109486294,0.483360829404334,-0.862730995454777
0.752519068611727,-4.60258648250893,-0.00786779422886402,-0.626097608627433
-3.9193737753829,-9.78608071790871,1.12455645862554,-0.172728965850408
-0.967064385505991,-3.06753436121129,1.60944417179375,-1.31005296254556
-0.0428224465233346,-7.41367505031207,2.77671696276944,0.456775282567108
-1.49258037098329,-7.56128171695822,-0.142199695780311,1.12227365904335
0.630109223601435,-4.77203131852351,-0.968125946136331,-2.87883682083365
-1.2183912795576,-1.4466566252082,1.97983677950776,1.24680270137286
-2.60607407424016,-3.17816165392041,3.45047703861789,-1.01606495163116
1.1157058193672,-4.17188316826626,0.9043226168058,0.358882315287603
1.48774576691598,-1.15059122866924,0.206226056985551,1.95030612710465
0.593054516654369,-5.08887090352445,1.40887418725429,0.205746864400001
-0.864088221401169,-2.08721604162349,2.34338456171891,-0.0662227690701253
-2.3755036619713,-3.52739298367459,0.527837961429026,1.57711777582271
-2.29491750306861,-7.63097443567662,1.10925493335024,-2.41434772498636
-2.37464660218314,-7.40861528389224,-1.36175381239836,1.15050843126593
1.30141546159719,-4.64647328750055,-0.0230601193151445,-1.85915106161313
-0.070127940288176,-6.69508352866346,0.879247072728368,2.11320103072176
-2.65015132173748,-2.51642201234259,0.176920331163274,-1.57145255210514
-1.22251932747801,-5.63852748247466,0.336585938970024,0.958481482315295
-1.66070448166497,-3.96298445699132,-0.314542389461971,0.176694906880053
-0.876208320786977,-9.23543465528637,0.600367855921799,-1.25517192278319
0.220267279107725,-6.5723044125405,-0.53612885752234,0.651691352994767
0.050415735178864,-4.69390652170217,0.142134186599274,-1.16094443243376
-0.353586641087013,-4.38858516568455,0.487067550463081,-1.80855106375989
-2.52666491031566,-6.35394193207741,-0.754338677308499,1.39541763009326
-1.57803976347938,-1.62562381369592,0.831765354641521,-1.32205869495507
0.276076212797042,-4.44160679666895,1.9631018148033,0.729995585780334
-0.506755709828226,-8.50758891195967,1.88392715537717,2.18334733311751
-0.0739871244187775,-5.26263717560843,-0.00276351560126886,2.12143352901806
-0.809433627791246,-3.17188956727303,1.33681836848378,1.69447185884829
-2.21815986304802,-3.35806665430847,2.15715890344151,2.62802509047299
-0.437508865176654,-4.83565519460494,0.155060961938427,0.0590995825894518
-2.57761046576535,-3.60144879833981,1.19407414269425,0.502940323402114
-2.00771418460662,-4.62206311457151,1.65992670409265,0.362424543210598
-2.77063117107123,0.101921297193022,0.249618914880895,-0.66365433609614
0.0197047671747088,-4.40432545524585,-0.585398417169247,0.980391382389511
-0.908368850739773,-6.32379768237695,0.797036192206434,-0.475165148015717
-0.232425647001345,-9.46966825459379,-0.00724198940447385,-1.00648702144307
-1.59431866781839,-5.67287241442682,2.57823699058945,0.665525775109264
-2.52486249349448,-4.5971487521471,0.864746502280185,0.165749718385122
-1.01879510793103,-5.22138443354348,-1.80912571306892,1.45234181682603
-1.01755403863943,-9.11210518376506,1.89978899086504,-0.296681083237798
-0.0491300016860653,-6.88823516771178,0.130275369841294,-0.98088176290797
0.818797847920318,-8.01210990236321,0.611403725389986,2.33262956709863
-1.87803692006698,-6.53298553946869,-1.29470849474067,-0.437435850839751
-0.440379101692262,-8.02149854896381,1.09579195953676,1.92745091979289
-0.805356317513456,-4.61217924116113,-1.05591775063984,-0.281615411685374
2.22999416881361,-4.88856144563153,0.300335913985551,-0.939875382405172
0.45228394316794,-6.94421157692326,-0.314226315818576,0.722402275994264
-1.62826570853657,-8.65275709923156,1.65777521106176,1.19651360011802
-1.21686971251344,-2.50726583765888,1.57925959024107,-0.305329006917741
1.2520699055511,-7.16912172752314,0.587000926950782,0.54433349079639
-1.37892698488423,-2.40164714265973,-0.18622500558846,-0.578579586613034
-1.6636748269304,-2.89228571078821,-0.957139721386738,-2.91319726522755
-1.91688713596139,-1.82226562300425,2.16235929273093,-1.22289328045905
-0.00598584608411823,-3.76633072098897,2.16118282899573,-0.723514952277055
-0.574507306887794,-3.22958119342166,-0.634108646924438,0.499047779273191
-0.52639598578053,-5.25466896166223,0.710764895781046,-1.05057721033472
-0.829955845363304,-5.47697241838853,0.38028333631831,-0.730622422781396
-1.84250173339578,-7.93419197611602,0.15696908636521,1.24036961497253
-0.9293686852106,-5.89977631294034,-2.84546940320243,1.90317699359724
-0.962813892627708,-4.59046949955316,-1.66104477096354,0.83265131225189
0.316549916422828,-3.08717975144882,-1.28423344011972,0.506154334704484
-0.464467421581076,-3.19385936565242,1.14395674837475,0.229481174492925
-2.90696213433354,-3.84998071012345,0.876228121098329,2.07235606291446
-1.710295028708,-6.58761823129016,0.731890185146719,-1.98281163998651
-2.74916173315607,-3.35456497138033,2.00565133662404,-0.224797675443619
-1.05032289800055,-6.60599812186756,0.249509959717776,0.367638406551123
-0.560943665101632,-5.67961327428856,-0.90617749211149,-0.503814423971171
-0.892919635526834,-7.1342060877988,0.65860084223723,1.06433213521656
-0.382596877329313,-4.4077843369112,2.52339885200212,0.971796695007187
-2.79982418575706,-4.01440711975368,-0.514075464785393,-0.285400592683448
1.38601068861336,-4.265560185753,-0.275523677931125,-1.32545162413403
0.150178491481968,-5.55200277682028,-0.964442287741568,0.589255129339067
-0.481778550284458,-4.46667285381084,-0.427662003506584,-1.18697375013182
0.304423878354392,-6.65257926125751,-0.0971866886751852,0.33483070914492
-1.92825110869558,-3.46088735086417,-1.87000207091333,-0.644456559792005
-0.474266628737841,-4.81781360026358,0.357056380855143,0.543628037095282
-0.638768176517768,-3.88672821136774,-0.913263716196198,1.17711202527178
-1.50169027124278,-1.97031346205449,-0.604952546577268,0.422330162285111
-1.01127595331583,-1.75481847856765,1.04780813535361,1.61384720330137
-1.985506655832,-0.373317636365919,-1.29332597285935,0.406497021082599
-1.10283246317252,-6.01919355077484,1.45062247484026,-0.896043968949453
-0.46967303792916,-5.38654310119127,-0.551294039465167,-1.71305530033429
-1.76597954578431,-6.02339346502479,-0.508896799359029,-0.323506795846544
-0.550993786054742,-1.59933388948667,-0.0730906670474132,-0.610296173349908
-3.10434130626604,-2.87097456931622,-1.30078153698938,0.592775652812224
-0.769638190543395,-5.14906743378017,0.301301782292529,-0.402671412682806
-1.8328589377372,-3.69208566417487,1.66351360192035,-0.615565608970326
-1.16399487393902,-6.85709661459441,2.88278099639086,-0.607999769932618
-0.896536356143414,-0.696039046723072,1.08149790543364,-0.212626716478879
-0.0574579206043893,-6.01831786788862,-0.179518339189017,-0.240289088153332
-1.15827652032747,-5.57003553847488,-0.0707816946110813,1.29144892654733
-1.98774473253335,-4.7473007324185,2.27757800159061,-0.378626365819109
-0.281659004399668,-5.88025658273664,-0.577254327836703,-1.00121874026276
-2.02329508645323,-4.78039427468791,3.39332460401334,1.525682701553
-1.24043962249532,-2.4253604378291,-2.18500764950587,-1.46166324379642
-1.31910797245873,-5.80855044984127,2.5953447677663,0.174056273114807
-0.251264480974514,-3.68596865576522,1.06863701767731,0.943453987917246
-0.619562780381581,-3.46566230848155,0.561344919761934,1.16324568900306
-2.17316053996657,-4.35328058114755,1.90187405919274,-2.13185700553866
0.0676783548581066,-2.43115510530515,0.491173410913645,-0.584873576824184
-0.591604292542918,-9.00356268042702,0.508581509690886,-0.385262191651305
-0.513532417775518,-7.65959450254388,1.54335789813265,1.45605907763124
-1.00112142945101,-7.18274607416895,0.661005354308305,-0.22507759402908
-2.56885301042588,-3.1325155353121,2.63163123557433,-1.69761693791887
0.052047057077749,0.507553106389486,2.58043768309366,-1.14834123204049
-2.27763150346578,-7.01532913544429,-0.0615174247072923,-2.01325497021899
0.0299898023000522,-5.31391808211053,-0.181229246188321,1.15987309967186
-2.33520016233551,-5.08214769164661,2.11874529332565,0.313425483218564
0.0150999751125092,-2.25217374680336,0.214800610099852,-0.925281164934297
0.40348039702259,-6.40602758686879,4.49027600405448,1.43709080857813
-1.9022004703166,-5.01504570602864,0.0323617289164144,-1.16361291932365
-0.500674276890377,-6.32982818782155,0.876708439475339,0.383768723293119
0.112793029092779,-4.07765672602784,3.40525061710346,-1.46599876392496
-1.96710481527523,-6.35931484167943,0.638989848969624,-0.152022726118276
-0.0988582757101793,-4.32741130853682,1.93120583963109,-0.275611349370455
-1.84307036723204,-4.49594400804797,-0.925287809462638,-1.17996994548978
-1.24203688716209,-4.67790524777637,-0.149761161446325,-1.16028170975448
0.97612816738644,-4.9850542788832,0.100088705607211,1.60674315399159
-1.7003993946342,-6.22840317013731,-0.437757085363154,-1.03829709593308
-4.97492712305236,-5.4898951927402,0.222707188478157,-1.31425976617731
-2.38809360382141,-5.02630757300821,1.28939028774977,-0.797483837779131
-0.529844891429906,-4.99422097059384,-1.1314265924737,-0.0925423029098222
-0.070532528336034,-3.18555464651094,-0.783418642158191,-5.91346847885061
-2.92090421373259,-3.78415131018865,0.483626110639659,-1.15077882431832
-1.15082142292825,-2.82370531824657,2.26302216581118,-1.03712217560241
0.0333809827190835,-4.94511710729352,0.991634474612489,0.0325114217680144
-0.325872026163599,-6.56970108590071,1.16132012236752,-0.708745477335263
0.213718969449314,-3.94390852157394,0.338835900646849,-1.26753848502651
-1.5032997939698,-7.08711968799259,0.846984518108485,-1.81562767632986
-2.04184520732936,-5.24322978604313,0.108652765852963,0.470621841140709
-2.16887828425549,-2.37033389022405,-1.56470046494996,0.43175597475207
-1.86119787218708,-1.1397051563427,1.03860922129205,1.27218936632323
1.63890561991343,-1.06598570529894,-0.0873738338374068,-1.941310207418
0.0927778722094679,-4.59253533975252,-0.327602740224429,-0.475598562424471
-1.49404520419515,-3.72510526576339,1.53914113617078,1.23901406860766
-0.33195864001416,-3.84828807885813,0.882525988368433,-1.33287966975961
0.00620896506674443,-3.49665080378154,-1.05660310281388,4.0907534815226
-1.94138473475297,-3.89722784573064,1.87221871433409,-0.680644995222202
-1.2926624488056,-0.222171329666638,-1.65941019735896,0.255729990417984
-1.99785875352037,-4.91717861827566,-0.115571883345535,-0.476714195600629
-1.1947885535845,-4.78243415749624,0.222442357346506,-1.37946956693194
0.794714433562826,-3.72300937667088,-0.958902653772521,-0.414781312273026
-0.491849110679896,-6.33069520681998,-1.74469498991264,-1.99696417367022
-0.315664712271522,-5.46046565091821,-0.998659843124197,-1.47440787839236
-0.758255287580933,-4.13570078279927,2.01123257751235,0.640349798865556
0.0685939007177211,-6.97901857363722,0.776622418137002,-1.05362778534395
0.995064424291803,-3.63108937115409,0.460151750456063,0.214680948370373
-2.02146507692071,-5.26877982910258,-0.86627821985256,-0.0551161825877984
-1.73940914845275,-3.89972871853285,0.528676792074564,-0.376062972173031
-1.41250535699724,-2.71884690284842,-4.66267635649126,1.72205403053843
-0.208240637447784,-5.02871562750392,1.36743972350289,-0.320295113936157
-1.83357016458641,-5.55210311107808,2.35208727590209,-0.558170255358543
-1.50661659036476,-1.93524938770464,1.4424940185232,-0.0720894649545641
0.102084244098734,-5.31731023812422,-2.6628004570445,0.877487446433296
0.527704747116965,-5.00617721360417,-1.29065011247875,2.90610886652278
0.573083587554629,-8.24154936466196,1.03457853106597,-0.3136108588485
-2.75725866564071,-4.93136387250401,0.908936418826983,-0.42541120154151
-3.01075727930104,-6.13128255269236,-1.62956125065194,0.384855220141025
0.702567060115779,-1.66632579877683,-0.268430217354874,0.0507042508748083
-1.05741027674682,-3.07903241101589,-0.155043255968362,1.02135656534292
-1.24489200302005,-3.97425823423283,3.25357376997652,-1.05664921560086
-1.7019835338474,-2.86043106544746,-0.618555147032581,1.5359510108807
-2.14391885685942,-4.45961646987174,0.0849128770626885,-0.909159078287313
-0.498313367323652,-9.24639998055397,1.63080936142556,0.375488880168461
1.24680166295843,-2.77021228862635,-0.498815182818917,1.4344651703273
-3.37368249618119,-7.09453960122003,1.53216289427211,-0.404123504691108
-2.36193103820826,-2.74417648108051,1.48701502976044,0.561111754333592
1.42156112536683,-3.83839951058461,0.493881631384344,0.250684860799957
-0.507105252111713,-7.02439514002629,2.53774293790208,-1.2415832000129
-2.46340463428122,-1.67749308014771,0.399292977113539,1.81434058179531
-1.15238002087845,-5.13918215263249,0.393696843707307,-0.874283776772736
-2.79277184952116,-4.15484957977543,0.873668245070355,0.0561815947778063
-0.636548341430544,-3.06607205603983,-0.343017466811382,-1.63651440353136
-2.2344357790162,-6.1231868751621,-2.03731545247706,-0.421464328514791
-0.0631052100808513,-1.98490524133073,0.18244064876126,-0.712385263547343
-0.434246013769335,-8.74771296710635,1.31236783796226,-0.371796672079825
-3.06839639926315,-7.14609637076656,0.100356736954192,-0.382571334527613
-0.804847938795236,-2.21226247401363,2.42965070834098,-0.269151379054837
0.368657627818447,-7.66011291564432,1.31225445933499,-1.46135993302811
-1.09681512848982,-3.40802269066038,0.913717536365891,-0.757500366121941
-0.856917754794207,-2.7939750124798,1.12987297132389,0.778382081061786
-0.387354804050525,-9.54145081332128,-1.82015993645162,1.59719826993886
-1.71366086206963,-5.49224151941148,1.03338577301768,0.318395332155237
0.728151416238346,-6.05451579818914,0.151259212727695,0.898745114984923
-0.238183542925799,-6.08977731198911,1.41223895170845,1.16028240613944
-0.737073032551895,-4.37689145519624,-0.601855399615888,-0.413797534678575
1.14135217152729,-8.20356065536422,0.730753972485866,1.04580280990351
-0.609293468468378,-2.97827598784315,-1.32040824473738,0.732419918749511
-0.53678035686391,-4.34643788834396,1.24774902675333,0.353553469217607
-1.80800177107376,-5.38598945051607,1.33514582665819,0.90041092742117
-0.658541384651574,-2.80846914329854,0.575248542596197,0.390795242885009
-0.991789009700825,-6.16852853299498,-1.08268010062679,-1.73377237200273
-1.1000004594725,-3.85127549686086,1.16656305335729,1.26531686580519
-0.828678119141434,-3.6285647247203,-0.598914938294046,0.693784591506836
-1.60551985491881,-5.14876294174921,0.655691941471948,-0.897657363505812
0.105400477490012,-0.927151213254795,-1.25695959630493,-1.12613480113023
-0.129599678659237,-4.0241268305333,1.28286034287876,-0.317320545284467
-2.7527945503,-4.24024002991848,-1.02845682342292,1.08871981918514
-2.05593976889921,-4.3387482531963,-1.3021207032689,-1.99719941392774
-0.383954308567095,-9.93399122532401,-1.32159149242084,0.827785267621152
-0.72809045784902,-5.51197617231394,-0.530311567847788,-0.329712836680801
-1.12160558142265,-2.56932632064042,1.86898298486524,-0.200418979744486
-1.45489590718001,-7.7134486091657,-0.435780096719486,0.923161129699412
-1.13127716323073,-2.34400270486152,0.865175741990248,1.57032906111291
-1.76041047372033,-2.47799931903782,-1.13240335301401,-1.5007301311244
-1.25213304872148,-3.04227787617673,2.89691939852201,-0.201493402781176
-1.36108129349545,-4.16868892470093,2.16188611735906,-0.390028269606142
1.53620500496814,-1.7459262595886,0.884909221497271,1.37847180217967
1.76909598932845,-3.72163269819629,1.26821843586651,-1.77252613008806
-0.776878233337551,-7.80968939653099,2.13905247041083,-1.1508969473758
0.690403081691467,-10.4279422500269,2.85462218052551,-2.16109458716706
-1.61229919169954,-2.21366909279373,0.744279188236989,0.772652584980642
-1.81531913509059,-4.7647076718296,1.45832629995128,0.51566539914696
-2.66502564261868,-4.95129361815874,1.13765530386971,-1.2423320083454
-1.75196987334052,-4.3445078692704,2.80944598114733,-0.578941322580804
-2.32866947821787,-3.61211383273196,1.221232531895,-0.792677302554104
-1.48641372852224,-6.30671700963762,-0.83600932166788,0.167811944208646
0.273925941118426,-3.5030649425561,0.539529859175296,-0.350295245878694
0.0797780321204589,-3.58294666041487,0.00860361194869503,0.675991903124434
-1.15450813520358,-4.83361053793058,-0.315343300268128,-0.301448250294015
-2.76096090721301,-4.76781999341556,-0.227693384186027,0.242156852766269
-1.74307850026186,-4.40400935172528,1.73500953819787,-0.223242255850973
-1.8358840084449,-3.87928541615158,1.18153137789464,2.57269147760012
-2.55734775793238,-3.63647817250831,1.45492613790903,0.533742345489585
-1.65698737372435,-4.88912086687703,-0.696619205714641,0.725102191511472
-0.894703562996922,-2.21060793376805,0.928967186821913,1.2551482044677
-0.756495246212361,-0.672571446059791,1.16422903912508,-0.841882201575061
-0.138884222236521,-5.9678585462393,-0.467464365479944,0.524873919082481
-1.12946640857104,-5.11956656297713,-1.41243756837856,3.23485272567997
-0.635271942584934,-5.6072526814787,-0.602551703545868,0.804061601073009
0.145186228108515,-5.72318230954802,0.625403583066655,-1.4416365140572
-2.45398678451638,-1.20560065013988,0.455013815073885,-0.415596706937268
-1.42963177453957,-2.4056277610661,-0.0192991202725111,-1.32394931117067
-1.26029644394151,-3.67238770822289,1.2372236724823,0.510714603144436
0.475817747936522,-4.71996380644282,1.72873671177101,-0.0193141348681216
0.568299453016463,-4.34778537553119,0.766332516186286,-1.826396850345
-1.90813469334836,-2.28317119645151,0.917667288028,-0.139852014819919
-0.333075220341074,-5.47652962428587,-0.00316211361987617,-0.424216282258558
-3.78010597787621,-1.3342495315259,0.56817565604492,-0.744745437429086
-0.624894542835184,-4.47685420915743,0.698348326404459,-0.353780065030883
-2.10420460895466,-8.76156955804093,-0.0509518638365181,1.07017567912066
-0.675246950359292,-6.07625690733906,0.900750798872928,-0.949773083147841
-0.92504277067812,-2.02831186674279,-0.938365817864797,1.19221077310293
-2.84555164832557,-3.08693311195134,0.0697095915529599,1.4404288097514
-0.303536239984124,-6.70416205994237,1.03851199613422,0.0575663385339155
-2.12060268751199,-4.45585261258758,-0.190440450254815,0.43921779525714
1.15416907637525,-4.65925368304538,1.47234423055248,-0.130662904159058
-1.43984039283837,-7.52350904453781,2.14651653187488,-1.07028423518516
-0.848490296051288,-6.21864252376529,0.407229958726114,1.03489431281368
-0.851079978785121,1.1058393337842,1.09119784771467,0.55544311851827
-0.933870446998663,-6.10533519597515,0.913938339743176,2.04824939345987
-2.26101068034201,-2.74515648030726,-0.164348490832362,0.372030112900133
-2.25059232808237,-5.41852016708635,-0.710387681560395,0.616491060781551
-0.704795181800559,-0.67829870832647,1.45749471086987,0.0290863676858741
-0.362842880634236,-4.8299134140096,2.28113456002956,-1.39614189545652
-2.40970850483157,-2.85997150183752,-0.00555024197422089,-0.0375646532289409
-2.79460150822451,-6.26904552375487,1.13303308976491,0.997735061906862
-1.21080491689697,-4.44466008634116,1.92578188894186,1.5282729417122
-0.0978002909024636,-3.69178798504517,0.649044320781749,0.466387623941253
-1.28834758305957,-5.60499659579819,-0.56327323382514,-1.02077775655787
-2.11660420777259,-3.50366695737726,0.167803459663775,0.716097514691914
-0.871092491191907,-3.24724179052993,1.8521625894971,-1.05261797400826
-2.23981451588998,-5.93425086165565,2.44045515382505,1.24123376350118
-1.76604356263899,-7.1688839292647,1.05784439714237,-0.0621604912678375
-1.18011709379416,-5.84763010929693,0.778818254088228,1.68187053193511
-1.50228929652359,-2.89485326867938,0.675204899390665,-1.68874238129265
-3.06517392655057,-5.36817885418453,-1.3167437057849,-1.77119600299197
0.95937186329174,-1.7927540712669,-1.13988910204829,4.19182745787161
0.922833437389829,-7.92960392054114,0.575406064108853,-2.29628234229152
0.281923783798863,-5.52164761296631,1.60536872433851,-0.466109175305771
-0.348582604421909,-6.89444013959876,0.762022239414765,0.171610496172011
-0.152490802232976,-3.62748980062297,-0.155134216212001,0.0243890012006684
1.3353432217772,-6.26858082488088,0.250332224024486,-0.0524375235368537
-0.129832239025219,-5.73768622139523,1.75107505328894,1.26314105708569
-0.087303869698905,-1.33304884686777,1.61897883201105,0.425441474987337
0.138056461097973,-4.87099220894908,0.261464300805985,-0.642118905138493
-2.3390841826002,0.118030376572204,0.912646729209568,1.45075055471837
-1.130109254991,-5.75163115995951,-0.752455829540674,0.323293466121262
2.09843802620449,-2.24057940500348,-0.0126105630655675,-0.339925640740948
0.645922297383089,-1.4321499477151,-1.41407250157343,-1.38241032834379
-2.53649225018736,-6.14700598221841,0.230610016958547,1.03306808892407
-0.817637383046685,-4.46551855598218,1.93855043618457,-0.379095316765759
-1.06321991791392,-6.262271811838,-0.260899620141258,0.281626869104998
-3.22167331891954,-4.85010018092467,0.958655878137602,-0.904519229795711
-0.943075215422464,-4.14152493346609,2.43788731422627,-0.429380808181561
-1.37328045571875,-6.96006674816444,0.529242211441573,-0.896700653101971
-1.95255609341558,-2.94415888195748,0.87226141492635,0.365707472504965
-1.26310416273453,-2.12728592605008,1.70639409160333,-0.0431955164820781
-0.432888017699405,-4.98046341447472,2.35810959061501,0.922444324796315
-2.5274517314646,-1.78852903457373,1.52814579515621,0.37826310750689
-1.51513380085762,-5.6639781017193,1.9513481156442,-1.81821316957769
-0.757975659096903,-3.13867805489111,1.80781706271276,-1.15335978950785
0.577674225203664,-5.24059902780024,0.780009227152529,1.56149418907927
-0.221973220154841,-3.73564929241546,0.161771028295219,1.88875967057618
-1.59720256505098,-4.33020843134596,1.63471979498687,0.342990620047966
-0.595990090789961,-3.64394404275799,1.46466024342995,0.639032242194645
-1.17788742633012,-5.96049020418515,0.142538506752597,-0.0428180537201256
-2.27913541363269,-8.22920580358678,0.0396235891601615,-1.51402012594055
-3.45860773737346,-5.28084729351608,1.43361399544594,-0.573403090861869
0.460109107660746,-7.17549542593929,-0.900360969918742,0.509799856693905
-0.627003061098527,-5.85598478345909,-0.296934656878311,-1.16866832855167
1.61014127530568,-8.63470125426193,-0.60216034573726,-2.49166359186628
0.895435990459029,-5.23933204002663,-0.296191253691296,0.783307610422626
-1.38839844880731,-5.20462844101259,-0.0479712493439108,-1.54446506979629
-2.33931996387705,-3.3761071514838,-1.18309695678527,0.0949387967398978
-0.727023360583652,-4.48832829149629,0.576403214632179,0.769010707291055
1.69103266058264,-5.66468307260378,0.93773823201876,0.45880270839958
-0.283661902525979,-1.00316662191573,0.628643429473221,-0.107502221910499
-0.29685647023748,-2.28475724536108,1.70025952965989,-0.474421657383639
0.369298790816079,-5.41964703227422,2.95196575641927,0.948713680988131
-0.0573499828132356,-3.20085792650286,0.255163135759902,-1.18992844222064
-0.940868269128172,-5.61323653801985,0.428559474082214,0.186593568408976
-1.61221348954025,-1.97547888952987,0.239558978805916,-0.34994698426294
-1.92979205983947,-6.71854146038612,0.934784670281653,-0.431213372754425
-2.25469106457608,-4.94726756966062,-0.657045770375794,1.80625658976623
0.681304201927435,-7.11777165503041,0.184855776111946,-0.284604275160504
-2.14823502044831,-7.37482127446432,2.63720754408155,1.14137824841827
-2.32736006911158,-4.89101990454398,2.46284095650798,0.411959249441796
-0.84040684080663,-3.19856169655786,2.78900999499899,0.727444227735965
0.158996626344872,-5.77130906941399,-0.531741359449664,-1.11821195890775
-1.36925222215471,-7.2972572413965,0.342440158953665,-0.648564569955418
-1.56742200516987,-5.32199230338188,1.0523248092439,1.54476544484578
-1.76100362703793,-4.56817893063742,2.20642977673999,-0.811421310900328
-4.03806361024052,-5.40260526148878,-2.49770507384483,0.603413661558302
-2.15715391889922,-8.63074037346575,-0.275054375647569,1.02492854614211
-3.55301742832679,-4.24118137898559,1.42766946970528,0.260116273696608
-2.87219566403076,-3.47659051831336,-0.636890486550542,0.56150351975639
-3.50578436822101,-3.44983549905437,0.768366708680585,-0.330800108912115
-3.17020047421193,-2.9202484932489,-1.64058340497776,-1.25701448106984
-0.0439791822019706,-0.742125884237417,-0.202695143740655,-0.729489382148323
-0.154658608344856,-3.70744907178936,0.477932996390079,-0.136879848322563
-0.949125325029296,-3.95586252206261,1.30432213035058,-0.991464814975212
-1.20827866353853,-2.40191452475223,1.87521557072203,-0.427072507680768
0.847512081156303,-2.75830950691252,1.59294460662747,-0.0210903918620293
-0.715177197839123,-0.229694895281229,-1.49220525523301,0.740311219214591
-2.29234053978166,-4.19966514073365,-1.95756405942851,2.30206820373365
-0.617137958741985,-3.78633176134937,1.47388924894,-0.853111791812024
0.00127910939362791,-8.61179489831677,1.92791635165558,1.29472011851964
-0.654232423428297,-6.97927496519298,0.425568214712887,1.43732432117258
-2.39868989018908,-7.93191911048533,0.809664665618308,-0.500766947701722
-1.19138146366944,-3.64503133413536,-0.642422562552448,0.516328181160565
-1.67769543805906,-4.73967607387949,-3.70962911166817,0.531644804370883
0.621835455662907,-4.0680312955093,-2.58420854453343,-0.505962129894491
0.206741339414903,-9.16085226598405,-0.312401560733529,0.178494622791081
-0.932466097337662,-4.59463321923375,-1.12017901398509,-0.0727833430752519
0.0533491216969501,-8.80750266828515,0.047566771449259,0.354522035568228
-0.898417211864029,-6.66624641484946,0.0678979389372677,1.18939880551882
-2.0300288302369,-3.62116693302828,1.55550933909332,-0.446036892114923
-0.78774629675246,-7.51445621528664,-0.491470884344405,0.25241962821761
-0.0407294209464598,-8.97705415217185,-0.394321748609302,-1.85134933518031
-3.91243802482654,-3.86614028306736,-1.20717669138854,-1.05297770216288
-1.68798458940993,-4.64327197189005,0.335242435716554,0.551328732370265
-0.494017870745707,-8.0343683844913,0.152251773344251,-3.52105458433049
-0.346531314264942,-6.03584065050364,1.06644126029974,1.53779956396826
-1.65164121034976,-7.65724612976816,-0.354660619829368,1.04850674593015
-0.617945890156841,-7.73926179637572,-0.436124709853608,-1.56773799407296
1.08627536699336,-8.39380714257898,2.98499531868348,0.198722918407417
-1.28173876834337,-3.24236256715173,1.61500835875006,-1.48547615059487
-1.4653459958748,-6.19109908733205,-0.271744828671117,0.567678233134913
1.50752093986552,-7.06879298800555,1.47637634866213,-1.58463823222547
-2.44901044391912,-4.83435628489496,1.46828070867538,-1.58158178406868
-0.959738838629375,-4.86292150953911,1.35794675785148,-0.746758474654065
-1.29906309078231,-9.10477637577119,1.35626807711796,0.265927593435957
-1.33234812923945,-4.43000257287325,-0.539621783089476,0.127601914457806
-0.816262617519016,-8.66770544881843,0.83750893331902,0.704240658363959
-3.10115450348018,-6.9504585318531,0.704005523043186,-1.72933351392087
-2.55128330511637,-1.6675317375054,1.95516437888194,-0.249183348033277
-0.0788841634758245,-4.98286513441623,1.836056972034,0.0752286407713182
-0.508241383628221,-6.44827691783263,1.29083681010439,-0.357120577573158
-1.54115972252735,-6.44584667236971,1.19459230535914,-1.5725435919294
-1.41880931022804,-5.31156390582501,1.92444892720897,0.524663337920275
-3.15089963876071,-1.58884323470938,1.8300584835471,1.16767806626801
-3.74720249751764,-6.52068446494231,0.542027253340144,-1.09186132950273
-1.9409994975149,-6.11375695382235,-0.426735976396831,-0.911571734459459
1.72677890089343,-6.26624836079145,1.33861403034412,0.169005719331953
-1.65860410233875,-4.50291864149575,0.452993952620966,3.55380028743317
-1.40300527434868,-4.46326966854723,0.38608072813184,0.0824470951000238
-1.91621032300981,-4.58475511336222,0.682478528856969,0.20266166044462
1.67923288398017,-4.47375489679508,-0.291037353479238,-0.874323554729437
-1.57427867860568,-7.09069255192159,0.58911437347252,0.27453473056588
-1.8212571794053,-6.11069896027495,0.20187076469931,1.40151734689497
3.96532627116502,-1.3883397911808,-0.20398639898634,-1.14951425174558
-2.44095894279071,-4.39499893478028,0.707238842776023,0.36906667911569
-0.13553546874065,-5.32711316335429,1.18279828070624,2.45140601836386
-1.08617100518109,-8.81305472318198,0.307776980303073,0.0879532881352109
-0.843837025094167,-0.705552091303314,-0.34871090150484,1.50635301891894
-0.476847711979616,-6.21638275905607,-0.66405418105502,3.08490738749353
-0.62008101241902,-3.62832957338087,-0.0899446429280947,0.635456452327381
1.63984954541871,-5.24554036006043,1.71272439232393,-0.553555859954585
-1.69612028044332,-4.62007409674801,0.597402409350748,-1.81518774730138
1.36804015295448,-2.83090716955298,1.74450378575649,-1.45621900703733
-1.73617988756203,-2.54461629541609,0.954989751661991,2.22535994866404
-0.83576599552194,-7.22427485461492,0.605013550618562,0.889308043139792
0.308932621566276,-6.83180759944295,0.42811575576977,0.621967256328609
-2.45101937275974,-7.0867746346926,0.195583285533435,-1.76362935253993
-2.41413020117207,-2.82022010412414,-0.566384407677378,-0.0321620504610653
-2.76462530467962,-5.55580304569551,-0.614114470242842,0.0469516544430258
-1.77107374297909,-6.74382585074539,0.269860300657294,-0.598546205191427
1.38343106761431,-6.1888164615125,-1.45602024859625,-0.402915903788123
-0.82697053387207,-2.93037632494916,2.87716527379863,-0.730254672964188
-0.693609088109021,-4.73339670892397,1.08765170690157,-1.49107772874516
1.18845040773061,-6.06832699731278,0.779732499483419,-0.141633835095555
-0.781521545697521,-4.48812096867421,0.779745132260176,-1.30855675079917
-1.34813595683875,-5.0519280536435,-1.70229710412368,-1.07025361364912
-0.606795571978695,-8.76117534619524,-1.13053499988917,0.335228473802092
-1.22112623667538,-6.19436337907502,2.22985162539706,-1.86337759552535
-0.202504283641049,-5.62849404357914,0.795881669725585,0.0886682134741087
0.603959767115563,-3.363366298943,-0.794225659783748,1.34395659401522
-2.64952268792412,-6.90805923534315,-0.28501862286827,-0.200502693701804
0.206503909024972,-3.77739140033456,-0.587452360867871,0.0771145200560465
-4.76799741481748,-1.76665559801872,1.66365420796442,-0.83009605613012
-1.21893390204361,-3.76635850147328,-0.349023977264914,1.59624168950687
-1.41260159887427,-5.39011093607241,3.36887472699489,1.6618587298482
-0.0359468733350624,-4.59793427628605,1.2288906241011,2.28742928703686
-0.325601169168836,-4.36992796669926,1.49030614721742,-0.522846741110414
-2.1507454294957,-4.64358880300057,0.43954369948422,-0.93451848445651
-0.360922197998022,-5.76912354151724,0.31392212035257,-1.85593454818793
-1.32365848690821,-7.80519136687746,1.93442854922473,2.13169750712024
-2.23034911235699,-5.27829923436989,2.56957953938648,0.213748222393464
-1.95144246426226,-5.23376745316507,2.1555291820221,1.92505425038963
0.849244514785588,-5.5066346453271,0.974015547490816,-0.523621208954331
0.830869153326344,-5.97926171064232,0.194794576099572,1.71863219439424
1.22814809721586,-5.64288274734057,0.495716162105864,1.31476851291076
-2.16983417696401,-4.45080878750971,0.652270881153876,-1.00245329089917
-0.413276073949342,-1.80020460702868,-0.125329440021652,-3.11180793798501
-0.481970903479965,-2.28306840845565,0.358137395745298,-1.50236199085996
-1.34071377048526,-2.36456447040415,0.306687875355649,-0.545300894130815
0.766680994438549,-6.3547614900504,0.0408416906185749,-1.86551472842613
0.691434174504277,-8.81012660877638,1.85561852639619,0.237239247156729
-1.0728634915087,-5.05898846358868,1.211090425876,0.0665205508605089
1.45540250330966,-4.14106461462497,-2.4493505009316,-0.597513869263906
-2.17135957761554,-4.7861863317114,0.532555512385957,0.22876684992685
-2.05552499955078,-3.95663650188563,0.383153248772993,-0.14718353143639
-1.34421022808053,-7.19356231669789,0.556637652189653,1.65477944123817
-3.66608264410971,-6.47933768705632,0.352719805965564,-2.11679593036114
1.2113912800179,-4.08783961869765,0.159951932593618,0.327110659215436
-2.93201976251574,-3.68147684699307,0.839650537302398,-0.540531940578634
-0.615528566693891,-1.86365571069201,-0.0492313107805364,-0.779344488389638
-2.91465369222721,-0.80809033079655,-0.227741885639364,-0.169714349489304
0.404179192351315,-1.92361153284056,0.184648684817843,-0.0894013087555615
0.326986309988978,-6.03190465375057,0.778302142454318,-0.65321611324303
-1.25698520012632,-4.40998822013179,3.45559753687225,-0.370826557127224
-0.277389110057963,-0.94889786704419,-1.26341016901041,0.267507642289191
-1.45316735937763,-4.20183177055115,-0.238556429761204,0.17139655862532
-2.49764855066867,-7.74930511708028,0.795287907534656,0.27322391613626
-0.377852131123834,-4.34443266616713,0.0333933921538397,-1.28053987568309
-2.25500396722629,-5.53302275847162,0.522152664175936,-1.17965987888128
-0.795390789636223,-3.9447926313763,0.719755064130563,0.569315090563331
-2.79882008736461,-4.28538853900194,1.46150725730578,-1.30134972404052
-3.68729785567585,-5.20730734094639,1.11854773789153,-1.10257596391565
-0.603169174315864,-9.1402110828975,-0.573245374110144,0.0449357648368908
-1.65052703177624,-5.74359539616594,0.0234930463140918,-0.418485255871764
-1.74011530028404,-5.71716222470487,0.0697698456798208,-1.19709497781959
-0.655327622523351,-4.52087571264124,2.60750783354111,-1.32273804082414
-0.733475000211061,-2.44070058836305,0.875050289302315,-1.14385626656444
-0.168237501007093,-4.8129351099435,-0.339376841120528,-2.1355737106222
-0.220534991246374,-2.46081912600432,1.40016175424662,-0.268194559171728
0.67108691886272,-2.75448146545527,1.34347153621887,1.00494146729419
-1.46203503489747,-6.16102792596362,0.0430112556231749,0.0196318085122962
-2.47176199749307,-5.30815822612902,-1.13919087781901,-1.63917783613724
-1.42641262179947,-0.516339930317755,0.454215662809224,-0.884804756947725
-0.20739289333794,-6.82669146134508,1.03331186260829,-0.606342369855384
1.57172694746747,-8.35647795895908,0.873962700952805,0.608818403039225
0.0384773272783189,-4.50964955891485,1.14144205385582,0.71724248282707
-1.27906774414134,-6.95213208248515,-0.327816511599149,-0.104348405110327
-0.566749712144414,-4.11229147456299,-0.20008476554371,2.94296457262464
-2.92893015853094,-4.80781092686226,0.109723867674817,1.64663118217842
-0.189155748545557,-4.18297072291822,-1.86256249870408,0.798270114010986
-1.63694221337228,-6.28836300494153,1.79225922271058,0.335783636577614
-0.68233406191157,-4.63902672483146,0.548364321467424,-0.177721860236619
-2.00210719405991,-2.12538097273251,-0.184463324202608,-0.58327803236808
-1.91058128882143,-4.66390670619308,-0.553315669973646,-0.269769686570742
-0.925511756092536,-3.51570597012884,0.972289217195491,-0.767687307162347
-1.3262326016441,-6.33261681822332,-0.00387164064435419,1.68383824448528
-1.77829983289518,-4.74092709349852,1.6515991213013,0.414808752076083
-1.89856044054759,-5.50016347271034,2.28426643650278,0.590477238071017
-1.80287679961622,-3.59264299500098,1.63859603671619,1.15616531401379
-0.919971183012628,-3.18302801292516,1.4754613780375,1.62662976920594
-2.46493416761188,-3.4588767496008,1.82891795926971,-0.879780846039655
-0.137719392792555,-4.07230269945451,1.51754199716724,-1.8855355347498
-3.23864993779317,-4.46144516951027,-0.689429218002978,1.23439011937057
-0.46617503325577,-3.51182329837593,0.267742230711568,3.07789602203827
-0.664133542588778,-7.96885440075999,0.894333641351953,1.09552763321036
-2.03123381863011,-6.17404299435248,-0.419226353039962,1.02590974637143
-1.10660390287026,-3.99391756681146,1.21629528950774,0.82648373854016
-1.94131733418686,-4.22231649955382,-0.564869241074045,0.324541083143516
1.27153145156504,-5.53991952563219,1.05918187675742,0.967675829772229
-3.55333941957601,-2.20507246915694,-0.535171761403428,-0.244191680380205
-1.219004063,-7.02639235497467,1.58297130181433,-0.7065388981798
-2.56788668826579,-4.03313526030667,-0.768648883557559,-1.7441301002203
-2.18630500325371,-4.30735202744143,-0.134856109472088,0.415861626524095
-2.89980255942072,-2.36501451882811,1.53324390295973,0.00371712522667394
-0.904305434484767,-2.05968000043904,-0.1389182944799,-0.0530122739828582
0.579564094277176,-10.210330770724,-0.918242163095871,-1.34987630388589
-1.27936684082948,-5.45255997488844,1.52174786460572,0.264136095380567
1.23199620548768,-4.34762658160727,1.03957226525782,-1.16153191019098
-0.984542539202574,-4.89081925339216,1.91174840288836,-1.4372321944054
-1.45660566578664,-0.996862065645822,-0.841579708994076,-0.200539782211589
-0.822621792262707,-2.24746940703947,1.26292850851714,0.370288326971504
-0.677379848714592,-6.01640448486086,-1.46139561216337,-0.975927349149755
-1.43387553432205,-3.68390569324689,-0.136955700392529,-1.49600943962075
-0.249603772819867,-5.89396944957021,1.94023740055764,-0.764543074513343
-1.12997135969603,-7.2918892399367,2.06270534332694,-0.036442353887778
-0.184777064044678,-6.33603297803327,0.972499464605443,1.08168055478407
-2.31220606623798,-4.77086756063466,1.07869001210908,0.841710378546638
-0.652672633551909,-8.72006591588206,0.0612758723523794,-0.125062801783436
-2.25269218939157,-4.33473510984263,0.0828681878447692,-0.583862470696272
-2.08114025871491,-8.02549515811702,-0.819989084568822,-1.02795212943729
0.318062702542468,-4.88030072510285,1.19829334818505,-1.24773539067959
-2.09019223151602,-8.12803824008308,1.15464039162132,0.545363474167124
-0.771016289666907,-0.821396193680081,1.26293332925535,2.41497136149467
0.477367612579644,-3.27217456903708,0.455574390230763,-2.4180417867295
-1.68273471657652,-3.01169822166739,-1.31465493084607,2.05772194065616
-0.645182190807498,-2.22890278414028,1.96616521276733,2.03825595656421
-2.17123531815755,-4.7259136892348,1.489794679514,-0.845288517277971
0.205883164306612,-4.96819920708846,2.28967703751691,1.66602757863283
-1.32649093030196,-3.29313145129026,1.2139022096337,-0.865845927731449
-0.513627342202529,-7.66744002395885,0.906901865045958,-0.0339130924558014
-2.31485739407609,-3.75737714584455,-0.527436166028204,0.218651750717004
0.344936143717498,-2.70532259094528,-0.169668199612185,-0.811505284954988
-1.59553027601337,-2.0850129881713,0.965273167566532,-1.7140982610809
-0.870252961381851,-1.12482096342219,0.749433895267914,0.869003924788185
-1.51744359966455,-5.01495628441918,1.1887905024486,-1.2099361884471
-2.54711167347075,-2.59464247578548,0.743226063605314,0.585473089674613
-0.450393672888807,-4.41888837047246,1.47294173710841,0.654131551776227
-0.550599443151547,-7.1584459047441,-1.38335143611559,-0.589639085517276
0.124394815107633,-8.11806365004547,3.14265346356256,0.197209308301061
-1.15691129340602,-6.73928526412109,-0.282918095163416,1.04099940433155
-0.702534403527113,-2.97058838771158,0.433132421168123,1.73832362800131
-0.343450367014048,-4.02056826415043,1.53560194716655,-0.890624353564628
-1.1596851654332,-5.48649598315691,0.123721294401672,0.846489226730205
-2.31208751493364,-3.20888739732961,-0.550164106110377,1.27076760499301
0.989228826954614,-4.96006322627203,1.79427454129183,-1.02700789090654
-1.3441442043008,-8.92644820480296,1.44700662434249,1.31812606603336
1.12813036290539,-4.36419276581158,-1.80615364623851,4.92544008615079
-0.268057997886272,-3.3614219137602,-0.48369226130017,-0.543698660577818
-0.763355574927992,-3.10343011400704,0.179646061385986,0.699961984750388
-0.622706397260737,-4.9382338850449,1.74213734421893,0.321128772254749
-3.30612183432316,-6.52534554364433,0.351160509848423,0.584743405659939
-1.46504911634398,-4.80597001177948,0.880181617176564,-0.45493595570797
-2.26404368755111,-2.15427135463483,2.88044821098505,-1.03903942436414
-0.975525292983948,-2.67313236328847,0.938349447597303,-1.2660158690292
-1.4593767718607,-5.89289864127232,0.986316309785972,-1.91296235516348
-2.95079703465806,-5.15131146127949,0.411240673693471,-0.86346383954046
-1.60122979765154,-4.37866243239961,1.75851327285069,1.02578734686084
-2.35709172791511,-6.37260317598693,0.268047253397716,-0.730324905916236
-1.95033270352526,-3.39293675015088,2.38560188645815,0.0622954063130626
-1.67968220660583,-2.98812461992094,1.05920991416872,-0.0755763933999838
-2.4320382778879,-7.71458930167365,0.262722807399863,2.67193477578775
-2.11542131472489,-8.59018481363733,1.54768307264726,2.59076832752156
-1.89947169639765,-6.56111773297115,0.182565456185686,0.012893416733356
-0.462675615007958,-5.43011413942033,0.90702172185947,0.75583633740035
-0.199247911273328,-6.63552189051827,-0.0312556210158891,-1.09066817189078
0.437296574780968,-6.60612742533459,1.34032268764785,1.1522379733361
2.35999711016862,-6.21885467626916,0.389634094697899,-0.0443842656238018
-0.74576843604898,-6.49176518054905,0.452085646187416,0.129880058154653
-1.69062231530373,-2.39036377956003,0.827702850571675,1.39778850956362
-1.15647366382131,-5.51069234069733,-2.10678278974272,1.60329083479398
-0.169497406316789,-4.57009146674596,0.87750399344367,-0.342138153331326
-1.21598443508883,-4.95425493752873,1.39985062800465,0.502334764289441
-0.0680701797866942,-3.93726470954601,1.43413008920634,1.04723407008572
-2.47054633454681,-7.05631520147261,0.604511876491293,-0.771294066631236
-2.71602185082925,-5.10220121174803,0.34160605177641,-1.03098469715917
-0.233928251647126,-5.33668567979431,2.56878541205127,-0.361775604658646
-2.45077536280134,-7.01256924316816,0.964910373187325,0.675882617810479
-5.14739217654266,-3.20450907233656,-0.353750224172601,0.745623274439337
-2.04640153433119,-5.84200366769493,0.988513263148172,2.5848631460697
1.05789654621279,-4.43798723834336,-1.35947252408449,0.429700742395222
-1.1159505404315,-2.13367880469797,1.88236692800166,0.847756504877925
-2.84364977186239,-2.53634397842356,0.416397313437902,1.68511767356372
-0.752342906653982,-4.44421703594617,1.69475881919099,0.067026949778518
-0.874679654309523,-4.59329441587585,-0.546747486398491,-1.04051025881605
-0.598335465589278,-3.68044160874488,-0.902122563803196,1.39166267085381
-2.25252204150589,-5.47082118334423,1.28090442571768,-0.460638368362962
-1.24771443459173,-1.94255188645453,-1.41946885836546,-0.265470290339688
-3.32058996216144,0.12934921690667,2.04827570187636,-0.661670008629775
-2.05406180425317,-3.80852585769975,-0.30171454011484,-0.553852725225204
-2.39579845083307,-7.13101301881441,1.53550358561791,-0.223313686828494
-0.348400264393644,-9.97138079802525,0.74148128484485,0.507910581386639
-2.62731141451366,-6.6325110601719,0.645019423914878,0.974546781518841
-0.712004303879415,-4.02389324525219,3.11603829308446,-0.837512664454573
-0.991389100064501,-4.18114511013841,1.66011587980084,1.36476224375233
-0.458492121485602,-4.86819678213338,1.48334700176517,3.55399226143109
0.0175440396714985,-5.68019829046463,-1.02610572058573,-1.39795839175272
-1.38933603616213,-5.78078822398259,1.71929970956596,3.16696730999415
-1.32835182110132,-6.3473323954385,-0.0986731374420465,-0.983773322061856
-1.03468724419607,-4.36742967499698,-2.19237594782963,-1.2466022792337
-2.18845210149074,-2.05699151747191,-1.32505418170619,1.41205507348189
1.871375166321,-2.13452824754557,0.829802851084516,-2.79430534685291
-1.86089219827425,-1.11646404315708,0.777030929112454,-1.64121170651715
-2.52549778816212,-6.06616704543796,0.847859596195973,0.0136166255613864
-1.44478834288257,-1.40881309804583,-1.10777839176669,-1.44102817748278
1.16410779519282,-5.37323551797182,0.375262416338703,-1.42695752158682
0.128967465629707,-9.41440748247628,0.464313984778144,-0.434077745339124
-1.41844882436169,-2.81452682092796,-0.0397864735272503,-0.312094009305149
0.110193503503786,-3.09600348728568,0.343220100717206,0.474654737848131
0.0295998740955441,-6.58276074425782,0.0450991672637662,2.13122970926334
-0.679017838564569,-2.51520006906759,-0.237310455672509,0.153574474783872
0.583634729122825,-6.65030469570705,-0.664658450773458,-0.213549452773805
-0.417275936204357,-6.62675007518736,-0.344028861145665,1.5420160949404
-2.76063766165779,-7.0719666388276,0.924522433072055,0.205005349743313
-0.157879857805451,-8.4108084061402,-0.166264269049858,0.475755485167744
0.430174386827601,-4.02122643518958,-1.22443858185283,-1.399734350444
-0.85936799563727,-5.2629089573283,1.7779825299906,-3.56438604857128
-1.24955030700287,-4.70223016228496,-0.400890317068577,0.258949738108342
-0.470441329330288,-3.14736449233583,0.175732786683046,-2.02639400942695
0.881314811209421,-3.84442705193621,1.24458333434294,-0.179696332507258
0.719827265828871,-5.14503371945972,0.712012081120737,0.76334828192912
-4.23186206073896,-10.0675052304987,0.453570046822843,0.771752357906917
-1.06669203640856,-1.68752429921041,0.235128769775887,0.469208357809704
-4.37121117712601,-3.23594758577775,-0.287515269145395,0.601360601393073
-1.08039442264954,-12.1915687571004,1.26031033474223,3.41513863279403
-2.01733533677121,-5.26136057147311,3.78995605059372,0.849746427453264
-1.24052550001962,-3.67017276299067,1.47410748549883,2.00264263807946
0.147113835969587,-2.49302730913882,-0.00429729483871599,-0.619277586927611
-1.17576937899535,-6.9465782101387,3.69812246432554,1.92587872434249
0.920691257302614,-3.11951568222138,-0.531185045694944,-0.248526218810506
-0.547458505473021,-5.77743238615272,0.133600224937303,0.99441763644871
-2.3124668100668,-0.728568818236409,1.79038861482551,0.254875200887735
-0.259734708396573,-4.26056654044071,1.32894786577184,0.376542079658822
1.21983481429425,-7.81473556971013,1.79734178637015,-0.666186933097748
-1.0959905753686,-5.12121797370786,-0.441341497619455,1.98613358151727
-1.34920711348093,-5.56255426125008,1.76618325551341,-0.509578872430525
-1.15388367528272,-8.33514250587138,1.22092378914491,0.663684348297364
-0.197732570149155,-7.94013146161801,0.404699418055479,-0.457394786268925
-1.27428982818446,-6.46344593543755,0.179206616386272,-0.691054944817004
-0.0773085164600452,-1.75292289683137,-0.422513265864886,0.998481787293254
-1.17718718523323,-0.81061141251723,1.11378230958175,1.53503860730465
-2.07080981239675,-2.76165382939046,1.46946128420339,0.581089309975828
-5.22983394442332,-5.95001194132917,-0.71482131110121,0.519705992646291
-0.323468059902431,-1.13425304242705,0.224891784746425,0.286504292944171
1.68225194483678,-4.48424956285163,0.778695282709312,-0.110375253331724
-1.30393602321121,-2.61875228649041,2.0320435866292,-1.38039124954636
-2.00655151041649,-5.64216080631374,1.19526607961621,0.258532814265615
-0.0799806129656786,-4.24432023725098,0.174049176002062,0.0829300927699798
-1.36680329994837,-4.67786646700029,1.48187698758117,0.244441635330966
0.154340898456847,-1.56390416427268,-2.18242031971875,-1.98615554336009
1.41887026489527,-5.57491937838594,1.41584149006912,1.93657367870542
-0.81870148320605,-8.18732917239546,-0.120374014728817,1.05100545991287
-0.649887089833427,-3.72325810343871,0.255542441612004,0.407129130489815
0.035011565101443,-4.41866806441416,0.342334165302447,0.667131659018237
-0.801512795886628,-7.25962399564174,-1.66126182358889,2.75894636442762
-0.165439332931203,-6.27313617001848,1.34777844868072,0.412518077066099
0.363226513120747,-2.76939869453188,1.23986295010155,-0.381592584467358
1.1632847034556,-4.84616917354072,0.115731715474262,-0.0677396170457384
-0.894528666902412,-6.96286483191991,0.607921909057781,-0.703508581433434
-1.40075563276082,-3.8160539189568,2.33227943048973,-1.02850538797802
-1.48812816840677,-6.70671334625056,-0.619992770478092,0.433009736800175
-1.51950555620469,-4.1527472571216,-0.820991159524584,0.926986095021424
-1.04656486901717,-5.33489710204145,-0.31822344299865,-0.595117446601587
-1.89262438346468,-2.88661696047436,-0.690441948048411,-0.918953606824461
0.123532140965015,-3.61264770115453,1.27390629106563,-1.3431661438263
-1.97700911656575,-6.2990373294557,1.10578122446969,-0.48539480154303
0.242370804090402,-7.23302370663179,1.97357535355822,0.540132741533105
1.80739901382012,-2.02148423361084,1.11944658317217,-1.32711620154647
-1.8972712964439,-4.63368037635403,-0.0481374690484862,0.697675231680361
1.08886224640656,-4.4013512565085,-0.51843567178478,-0.878219298384156
-2.06336857654737,-6.80329277258069,0.318089505369583,0.723803673140749
-0.0927470668911456,-0.0640662332046609,0.56290964979886,-0.158339945527759
-0.117352271579487,-4.45781262542011,-0.699890831545283,1.55632464020429
-1.49761381648186,-3.38165893294594,1.59311049410456,-0.970539077850816
-0.718880192968056,-2.48049839780235,0.689288997702327,1.80063251261525
-4.08019731918732,-9.73298329879405,-0.721615383623629,0.567806668319706
0.0240747232361768,-2.69883322534729,0.52430107553137,-0.170981729575398
-2.9561401861965,-6.87244235364735,1.09564437502328,1.24691110950735
0.0305212802618277,-5.56721104786107,-1.20481669553982,-1.08061365339866
-0.883562886813672,-3.35281313336851,2.16315887828176,-0.111068270195705
-0.123377066655761,-1.40826189790967,-0.560791211681795,-1.00265300639634
-1.45988153583725,-4.4240584284994,0.884196705668398,1.06877120109579
-3.20295746025611,-5.31264946965847,-0.121792448989366,-2.07556463939957
0.338918711346584,-6.15476786432417,0.964873524089838,0.0961856189351996
-3.42510330795581,-3.29355718780562,-0.772039119622658,1.86312837601093
-1.15221706529558,-4.73075934302455,1.40127207981469,1.71067590611971
-0.845814158773458,-8.57287975080814,-0.260933666981992,1.1457186281464
-0.649754185542433,-1.74841262521367,-0.583308750119329,-0.846152665952605
-1.46229201088502,-3.81782604575616,-0.364414673104415,0.846540428665221
2.04325454312358,-4.57403978214004,0.0577665514975724,-0.321027811076781
-1.35223630841065,-2.68320283673456,-1.06525664509994,1.00607145032105
-0.455212316458865,-4.2205186979473,0.290679748335947,0.8786522220269
0.538539958287547,-1.5815472084369,-1.26991601181776,-1.0822361091192
1.0965405103297,-8.71864458430674,0.0752455633223666,-2.74652325405815
-1.63311924620567,-9.24968047977989,0.598914803901683,-0.566315815920666
-1.92325837273714,-5.06883242798078,-0.223042518789411,-0.975087972232971
-1.2425099156008,-4.18576138515322,0.102679645552507,0.285196235365123
-0.899389565997167,-6.74398819542453,6.20236586532791,1.23230538587642
-1.79489586964805,-6.62623675218268,-1.29958211639427,-1.05437430944043
-1.8368249819133,-5.70554034172721,-0.0438320536936573,0.47193107306539
-0.424796386680101,-3.74974652914045,0.407629686803537,-1.97796697813886
-0.382822622433512,-1.97500131095387,-0.642372430987458,-0.6873776428993
-0.431499001099882,-4.61313372106784,0.734933603060894,-0.625959674722766
-1.33751155081101,-4.28083037949699,2.09613689960238,-1.5622500465654
-3.50053835027234,-9.07345737718685,-2.2320744189039,0.329082428016391
-2.08415411791195,-7.37452887561522,-0.156415494468829,-0.492181589771062
-0.254513591632631,-6.85181753461411,0.785869494238397,-1.09691394375014
-3.25029263684007,-6.42593570532988,1.70782153916367,-2.19931422161711
-1.30879259217223,-5.36270049366048,0.598270739579233,-0.669467621947031
-1.1201441327213,-7.57123620463032,0.353227243326458,-0.737756241105293
-0.253259016067748,-3.16473797464778,1.68769328485264,-1.01272778935788
-2.00940337771596,-7.67882338290972,1.32784797758821,0.761716351988039
0.257135887726812,-5.83350178974133,-0.127456652199501,0.383431213454677
-2.13858633943132,-8.11196989009091,-0.107598195086244,-0.814336663746716
-1.92942500785725,-7.19504353971481,1.8562057373276,0.983845209333706
-0.789257195216899,-6.78472279344434,0.679122875042512,-3.61469553090465
-1.96888081003143,-6.04624215067216,1.49192343946632,2.73965205914353
-0.0482876396539293,-2.80446796783721,0.570950403167296,-1.57690692064897
-0.186636347823846,-3.41594020011389,0.548531263414357,-0.551753931281035
0.502366939256041,-8.80032226615354,1.78149075188867,-0.462838517714027
-1.01718600761161,-3.97006374658936,-0.629208386412292,1.52626799120868
-2.30337554655293,-5.6073428457891,1.96787728275608,0.143550414974536
-0.65586051447977,-5.62563540705764,1.63634778247205,-1.43501470924279
-0.559985423555533,-4.97712582152822,0.727198389877358,0.408584568359157
-1.00058955532537,-2.62263352391902,0.827324577576405,-0.435789674499895
-2.44234104316247,-3.35022956747223,-1.87484495828379,1.05536463283048
-0.798138408750601,-4.27343543868094,0.564000192636664,-2.51435997253236
-1.00550612084913,-6.95688557180195,-0.0854024278130128,-2.08614498833984
-0.473985916455628,-2.04816095456084,1.66672159721112,0.685847578450431
-0.620970079641572,-7.33319043705041,-0.512790422720444,-1.69663594478429
-1.54245621624707,-2.89001941295573,-0.308577340573275,-2.27075504000768
-1.16963797044718,-7.02609777192365,0.0968699624053506,-0.52415066007289
-1.82983257398687,-4.87583461371299,1.16819754067735,-1.88180316593263
-1.81929978045935,-4.87225740069383,2.25665557136022,1.72572618086883
-1.87063737614764,-6.38269157026011,1.09694958204587,-0.496476135886756
-0.314827502938673,-4.36791152391086,0.262123299781415,-0.708603623032968
-0.633329081706568,-4.92092049959615,-0.111833987144551,0.422949808386112
0.838573286244494,-4.0345251711931,0.163075946833571,-2.41331635084996
-0.580002581376857,-10.7488274329929,-1.69359711974694,-0.805250805012046
-1.11079616236837,-3.22476112776016,1.76499342419183,-0.16819199369719
-3.6976729067913,-4.0761219805211,2.99887558167111,-0.862088772425123
-1.04979187599754,-5.31977675640374,-1.15223220504998,3.30093304566168
-0.942670875296452,-7.10189518219308,-1.2121506157817,0.454017224723753
-0.193380228509746,-5.18979440123299,0.620456777690753,-0.118710606990064
0.0912015936507874,-8.1230291690338,2.80261495501902,-0.211941296553279
-1.14655145266127,-5.78941642646557,-1.20288915170204,0.192212344712204
-0.708998358907322,-3.58705456654919,1.33106870312301,-0.0110893882696091
0.157798826349376,-6.61437572455147,1.13740915906053,1.49108078566018
-0.374180718160335,-6.20651663676099,-1.10089950865815,-1.20147882500962
-0.192544515101531,-6.32981660896437,-0.265852826219676,0.170714426727162
-2.11817449313758,-3.70116955100423,0.325398527931531,1.70792871832488
-1.20336426528466,-4.79905608983949,-0.143643384087625,-2.67814643909448
0.343978082500487,-7.01912818823622,1.41087246233885,0.4238558470632
-0.296587360277952,-6.54247901641147,0.906727303090424,-0.247713869198838
0.442958803656995,-3.95828383896825,-0.0505595238591974,-0.849504537205142
1.07243361575554,-5.73174895994723,-1.77361180169442,0.310056248974001
-1.91516056436915,-5.68431038747399,1.25766076428212,-1.52439312488955
-0.30600645541111,-6.02733742822528,0.141776640796088,-0.364196331438754
0.0860162194209126,-6.11725499071415,-1.24730757366255,0.772219015906218
-0.47489408518705,-8.04660519388003,-1.29317328952814,-0.561793084425675
0.0818986619814889,-5.49897072383333,0.154190441677173,0.285005434641285
0.0784528686350487,-4.1724260573111,0.262712034806417,0.262648408751896
-3.04255613874521,-4.67049071986498,-0.450859304500415,0.385111925862763
0.359992709405719,-10.0628535940513,1.47211756429551,0.0744975065750923
-2.1095473449244,-0.741565064216651,-0.461477909244207,0.241108080599386
-0.570719198511641,-5.3728386526465,1.65686999377146,-0.56572330328019
0.114764398082834,-4.27632770201244,-0.379213064829171,-0.686990818031801
-0.439248695234732,-4.04471739595554,-0.448259022271118,-0.892414552133135
-1.62983386114952,-2.93570067997316,-0.210460383301468,-1.13412328213311
-2.39886227985716,-4.86844671736492,-1.35852961464259,1.78913910860997
-1.19251691583651,-5.85642939542704,1.51189456529943,1.26291668928453
0.649715059724761,-2.32784358636325,-1.16515787638127,0.473608400603389
-1.13251272198756,-3.14323303672851,-1.14478651227316,-0.731564714480216
0.0686216509435036,-7.73261222572139,1.20926468225929,0.629176372818185
-2.34416749586657,-4.49570449916119,-1.48549283294774,-0.065223567020301
-0.9392054959552,-4.04387153905873,0.0249154861646255,-0.763864485494599
0.1263037927049,-5.81927246303555,0.00279472520758779,-2.24959120072674
-0.703676562538466,-6.5990969927727,1.37223343204435,0.0373893898047899
-2.02963746760284,-5.67476027452408,2.56556859283788,0.62005549320842
1.77618113162135,-3.49859791149783,-0.231164836278993,0.764641015703623
-0.991532628993266,-6.90786484029351,-0.692086082609539,-1.03296142885125
-0.722152048920146,-4.08827150061573,0.799478303708316,-0.605557031938696
-1.91041582390326,-7.91056619588343,0.997138213257105,-0.38963579569344
-0.0303143718384106,-2.09327260304712,1.62781175000083,-0.018218310938626
-0.680952461134299,-2.55244476432713,-0.0620757053363962,-0.381611840679384
-0.497940386934308,-5.01649164249583,0.930628198853456,-1.95668730729121
-1.09382831678247,-2.96390367043422,1.04640024382753,0.0575598028118346
-0.963323113995664,-2.79901074100807,1.62017377853441,0.625907735364132
-1.27674281385264,-4.55862034718206,2.01874572502986,-0.993799673583776
-0.216491098924769,-7.94020060521921,-0.716233794873815,0.0446007388260673
-0.799399528822899,-4.10690537461877,1.37941444986544,1.39051777470706
-1.42915807030196,-8.94815468550539,0.920843302086656,-0.344246361672035
-1.68662324356712,-3.5299198271849,0.385775770845434,0.423748687827489
-1.59551776902335,-4.68092534438583,-0.313464667753415,-0.591774189205185
-1.22948845902395,-2.64374090454016,0.32819465654876,1.3968254392934
-2.88624750649707,-7.24321551151545,-0.311172071764474,-0.0568962074252739
-3.57149454016532,-6.53001084441851,0.512988237649732,-0.371692231272773
-1.48288195146759,-2.01775718949894,1.28239112613162,-0.42345185068633
0.286210563699546,-5.3557075144914,0.173828255231609,2.34526837693724
-3.41178689562104,-3.82065747891197,-0.587638396716074,0.616777555379086
-1.49761455381411,-3.40877956769762,0.825551524738058,0.0982608003165635
-1.66466471051164,-7.7813136100282,-0.223633285843782,0.654955196011576
-0.501524186398769,-2.8681950917776,0.741587607206751,0.373652090262839
-0.140714194813886,-3.4854712980915,1.68204698697766,0.958876365103155
-0.957392387374619,-2.56480012429685,-1.17140702804892,0.952289720356142
-0.393506707409517,-2.01005112136178,0.751138089200811,0.258325425046789
-0.473194834206796,-5.171425198974,-0.0955939910779183,0.0291831803574544
-0.58395679989426,-3.96340060288961,0.0113186306025299,0.0763553133284358
-1.09874385654846,-5.42167455629211,2.214545700734,-0.755383691718671
-0.706291072488066,-4.07029697651477,1.25526324326031,-0.363164165038205
-0.0547499863318582,-6.8489896882081,2.30524123589922,1.32450317566263
-2.88492063688607,-3.4759658738818,1.76710860900075,-0.296838185150601
0.423531067208249,-7.56429216018527,2.26717947819981,0.72915048683211
-1.51770799606782,-2.11820614569948,-3.29027634615294,0.118285381096995
-1.4350042750415,-3.9452327140129,-2.51873366388607,2.87965615722087
-1.78617972064919,-4.57458599040917,-1.42944351827031,-0.525591435735931
-1.04069669130824,-6.05879575153591,-0.472303813086914,1.21463172240865
-0.723122172734219,-5.16999442001498,1.512368516794,0.478541316177051
-2.60534011999015,-3.93204942159643,1.86558708302457,0.173823513028572
-1.93166036517902,-2.67344197913811,-0.346086806154365,-1.93020568597217
-0.450481150723398,-1.67551645323639,-0.366706028479843,-1.04791683032748
-1.64428964711955,-4.569864410354,-0.336917045638913,-1.05001414225127
0.755963845129752,-8.84386449033067,1.69460316277035,-0.183407574212478
-1.77747719966447,-7.12769665914079,-2.67766848860883,3.10802965623789
-0.314197339255687,-9.00393114253852,3.61423203417127,0.572514916069237
0.347456527908533,-1.89220175634525,3.25494192535173,0.427021969027445
0.22810598260766,-2.68758582524928,-1.86592123873988,1.24739365816413
1.8744539794353,-3.85879035067448,0.611644195166546,-0.466031856142841
-0.474956224241939,-8.70577261353275,0.575030175218688,0.0237740857960572
-2.10248541679078,-6.42973897464049,-0.00142946956041334,-1.0559583885819
1.20705488327536,-6.24888562741851,0.64216927886475,0.662360592419764
0.217815109093639,-2.88190185769428,-1.2450655623849,0.620509464789511
-0.772565848010944,-6.19761401558561,-1.12775817577383,-0.657273398975658
-1.29876824559458,-7.05189802892478,1.59544993996494,-0.749512442231165
-1.23324046939775,-3.04579119412399,0.400366581714289,-0.425842779053705
-0.0965468775084509,-9.68208986629341,-0.653702039380219,-1.94620094235888
-0.445453468314205,-5.91227430373699,-3.22019692513779,0.698677001592748
-0.459450137079712,-7.00735969249964,2.40907840512892,1.73667178162158
-0.359724254547826,-4.70359131404286,-1.17611516930524,-0.785827437103853
-0.50653554340927,-2.57648527014201,-0.401220553615445,0.629147375302547
-2.68287443413541,-4.28930040077672,-0.0671761058226301,-0.0811382773830372
-0.61991038589087,-3.47034749763048,1.06122954109612,1.81317125665939
-2.40751588343266,-4.50664928540748,0.693462138844423,0.760741199736714
-2.64600736264446,-4.79783266752311,-0.0880530630928263,-1.69847143777884
-0.549535848611223,-7.56130167448879,-0.00174825255932398,0.263635732604695
-0.753773650286621,-6.12713751269721,0.535117365052044,-0.772100370535678
-1.26724417396549,-5.12897329993097,0.719105434861556,-1.80141506354172
0.339863863811814,-8.20325123711812,1.03886842071673,0.53573923550933
-1.19038658427411,-3.86408397886254,2.55544937957631,-2.22090783477128
-1.45106003558128,-6.67973693388731,0.311841112269593,0.176167586314327
-1.13445230461735,-6.17815433070028,-0.802569787909939,-0.178630704636755
-2.36946252456829,-9.40017888578723,0.972240956680085,3.24663733773684
0.958482163916024,-8.02494720535311,0.0325911852911616,2.52035974388717
-0.984259915763821,-6.49041059967436,0.688662756670817,-0.0396737276464759
-3.65482041759595,-7.522794059695,-0.238823088081706,-0.129858708132453
0.14964394017748,-5.49143539244624,0.0425033628995889,-1.40096728143174
-0.541547398397475,-5.04371938856483,-0.0428369117351597,-0.0353075414585212
-1.30145393700173,-5.45517793594932,2.09715423068397,1.33727579731167
-1.31346410113422,-8.76206187721284,-1.12751925432866,1.84717796367013
-2.98370003349339,-5.61435885351022,1.17575057390322,-0.283840954175398
-1.58554242425204,-8.02372917924232,0.416214068055844,1.12968183909492
-2.66039411494978,-2.69724015148712,0.00734476077106866,1.34010202567111
-1.9975265762219,-2.00625765484782,-1.99292188388958,-0.391978764371594
-0.183398795214731,-5.29456758814962,0.0494224425901409,1.21766902372531
-1.34464061718757,-6.30996311273695,0.205076907919383,1.38012684348232
-0.822432654469811,-9.02033749709795,0.689209308252542,1.72700504679348
-0.9930417736634,-5.74876271724773,-0.880084950363477,-1.14136344993754
-0.975005338520898,-2.69669172236571,1.41529644752462,0.359270179909096
0.505180711530905,-8.09394389225563,0.763304888632851,1.69973648447557
-1.44206741697747,-7.53319812034488,2.92726229853564,0.0448362840768644
-0.198114597455894,-1.13762838012616,-0.307605496936908,0.269473107704578
-2.76907877233016,-5.38007639772496,-0.328479739350762,-0.0494173731400518
-0.329787759364395,-6.61167734440111,0.863125678811613,2.45800298323584
-1.13650909197985,-3.92010989713759,-1.78903541559377,-0.750761817663783
-1.13721123161181,-1.17656619775342,1.28704867683034,0.959426770383412
-2.00071019490219,-5.01600241453607,2.17582843295687,-0.808782350054209
-1.45912047268455,-7.31853996046189,0.813383039781401,2.76342924352121
0.423047187570133,-4.25154466138287,1.389278008456,-0.884303463841124
-1.78996605101463,-4.95954915075352,-0.163589006145307,0.128801448190678
-2.41481251714331,-1.76008574809913,1.88479745355806,0.253017752923287
-4.24097710707885,-7.34844968157919,2.34352165494236,0.792457811406762
1.2207859837187,-5.08588803931875,2.63293844912172,0.907565410054016
-1.6930524535192,-9.04056952815538,2.89224196776902,2.3731735854487
0.406441412224412,-3.41831039707346,2.3441566241896,-0.328310036649607
0.598805160450225,-0.723416163262793,1.72310609953868,-0.209025818372045
-3.54353000789959,-5.58012910801538,2.0459097087435,-2.50139742475308
0.242449983866725,-4.38636373347417,1.66286537155262,0.79760464050336
-1.32228715754859,-5.53487272109857,-0.31564630513067,-0.179011812353681
0.769662040401942,-6.9589073428976,0.458090413513844,-1.15524125589872
-1.80582471349398,-7.32761132372285,-0.558338186242608,-1.3229199237669
-1.65522082210526,-8.14895505306381,1.59229958731557,-0.683181733673675
-0.0886142054105902,-3.44102636229276,0.26113198039671,0.683383534652943
-0.215278427232552,-4.21014253113891,0.0179120677623366,0.661278875599581
-1.76868537708031,-4.1775048424226,-0.172931816563653,-1.24400870287752
-0.48344371851537,-6.82953779460008,1.47611859740452,-0.511773623061141
-2.26953504637215,-2.26726522657674,1.07133976097948,0.233200295699975
-1.26238284234702,-7.63083920559788,0.15976579814585,0.088903606334943
-2.33986833505914,-4.59693656572297,1.93302840712822,1.63873552579796
0.545111699712755,-4.06062884727212,0.323801771937379,0.0547070923747275
0.596881292670591,-5.02988319482366,1.18463748351741,0.748846827854418
-0.543744084644072,-3.67171830422107,1.33923634462287,0.244489813201759
-0.711995828726015,-5.17935201007331,0.873189960852255,0.694876463511417
-0.404250425124759,-5.56262758941946,0.497470031299675,0.68631914832614
-1.11276779816791,-4.72453616330619,0.642012714225366,-0.804973773542833
-1.48328458599852,-1.8639543932021,0.400760946008785,0.453987818542466
-0.430066759752023,-4.69942394352994,0.333885073538075,1.3511509234822
0.284976548421224,-3.32111908674184,0.847487295410698,1.22056191928202
-2.36577024760324,-2.97861166969681,2.61160156072934,-0.329379558414203
-2.37460254696375,-6.22815895717636,0.091484702666536,-0.107808761029466
-1.24876249214809,-7.82609890393321,0.0347894719176224,0.0874438205190813
-0.40287649434118,-3.63934636556377,1.61975484744591,0.484246233407179
0.335754445674409,-3.33684164826168,1.54349422358466,0.593190012081707
-3.29447417018739,-1.38795751560708,1.49230505347434,0.121962847436455
-4.82359268783055,-7.4209537270529,-0.987642965457266,-0.310484445269335
-3.22248226638104,-2.95772493586331,2.21073040602128,3.21030117299173
1.84210443525254,-5.42129493462571,0.897261301665268,-1.09453153025954
-1.05516262913769,-5.10572861149301,1.28950582751104,0.884443767969335
-0.0647983651614588,-6.29895995109209,3.1617739526522,3.00474487427822
-1.44236420150754,-5.70550610514948,2.75343846677169,0.367720370801557
0.210467979510071,-7.29542055247149,1.88492717595337,0.953633768077802
-1.66592310656399,-3.0491220398786,0.607212678380162,-1.4049551564977
-2.55650789136043,-4.28920127834108,0.877745236100704,-0.267585111645933
-1.22249218140923,-5.44847410289606,-0.574946387313443,2.22714571445026
-0.492960389906706,-3.6566851922472,1.04905547547161,0.322371752149659
-1.54986666532065,-7.1052854611709,0.107633243632992,-0.0525608696108602
-2.31267347815636,-4.96214222277526,2.5296370685321,-3.49745671896475
-2.96753084381808,-3.76003772283249,0.93600997514543,0.815800748866696
-2.56294005311507,-6.68478184215763,-1.85707377886874,0.229830326872961
-0.581857776383632,-7.04901061799135,-0.688143636684354,2.10047272913398
-2.3778048643891,-3.77305450345413,-0.497085466332923,-0.345620144292809
1.23184262542753,-5.44985216333779,0.00542807878411977,0.0809998089968901
-1.57565202242577,-8.63713324494293,0.82856608641286,1.63824200546539
-0.319006181886808,-3.90535462323825,-3.22402959479261,-0.37309513241421
0.916702235593101,-4.25394563150082,-0.991440771816426,-0.628744233619197
-0.688601264705017,-4.89438940363982,0.247168886954669,-1.41267050369907
-1.78895935901661,-3.79294459576411,-0.718887186576983,0.462368906810089
-1.31444759022228,-2.40867251749167,-0.181422559771546,1.40891311502744
-2.65103921137215,-8.63361317063808,3.21314656906192,1.56614055572614
-3.15612419756421,-4.07512783333647,-0.431330374300255,0.178619917765759
-0.312737574464046,-5.76951983768122,0.503633625302979,-0.254741773260497
-0.339373539442815,-5.67833321243425,2.98071593117027,0.224112233788479
0.821634269554327,-6.28003278607956,0.0142259236267954,0.365037581608414
-0.258118217244936,-3.52954938659262,-0.062481003612937,2.12574279919124
-1.26427860630866,-3.99683911134906,-0.170921848035656,-0.618608274599489
-2.36653607438784,-4.60438812815575,1.00983097360728,-2.52082194048691
-1.48905981629229,-7.14082762370383,1.50274425475109,0.798069253644557
-1.91350323258932,-5.30822704387051,1.58813162093182,1.75055337016456
-1.66730228560881,-4.85068473098888,0.565474305948737,0.285696191763892
-3.25066882183451,-7.31491604400781,-0.180183392709495,0.262540092861505
-1.7170898854277,-9.298294135512,-0.155857499872716,-1.70447410578836
-1.5032891170894,-3.74155907537588,1.98621011570912,-0.624539939111501
-0.849691598220241,-5.32521699446556,-1.67581858895867,-0.711791817430084
0.870985678821617,-6.48605711711224,0.296042123252249,-0.919624464107197
0.956563554389888,-6.09098449223054,0.00770182596107613,1.35554033781987
-0.784437805751277,-0.204708926899966,-0.355242849483953,0.742931550292333
-2.81022422472286,-5.65373980042553,-0.783842490070118,-1.57187763240038
-0.246358751539245,-4.33208543735421,0.379036470088046,-0.00573660300278817
-0.243133244261747,-5.68175898459044,0.574375508451194,-0.678199203039279
-3.20838582978312,-9.19335156582436,-1.05419050065994,1.65068459014246
-1.60734643781109,-4.85299323892978,0.377436270557959,0.056100704861611
-1.08541871709258,-3.12972591896789,2.53349440232785,-1.74843890883958
0.43709468795445,-4.95272808768667,0.72934982239303,1.35863287203329
-3.02505956994252,-7.54185445624182,-2.32609588494439,-0.598132429549573
-2.56727272417738,-1.50141432948921,1.98881862584797,-0.991075516754292
-1.3791295301773,-7.21594232108394,-0.397430700609929,-1.01256271406491
0.723264355507296,-5.99615155124236,-0.457508727925231,3.46926390825948
0.472220568297815,-6.7002196745167,1.52575051434836,0.54859596543215
1.26321809459942,-3.7606209538242,1.79046087684648,1.45498461437192
-0.990707843122083,-5.65097589102768,1.80996769877204,-1.29953612500533
-1.45278054719221,-2.32236032101614,1.32254981504728,0.267636670268265
-1.55903618795411,-5.82769376276547,1.7487880946563,0.0277933167421996
-1.82482275219939,-7.90801984631197,2.05782510678069,-0.706988171249911
-4.89688917635918,-5.46786892602592,2.62463799394871,-0.416662138403756
0.85615206796322,-0.968113625552382,-0.332474296287108,1.82905077633961
-1.58112591067583,-8.59389726541513,1.06759564722306,-0.741461192657144
-1.09353961407554,-7.98238051790375,0.585277366888413,-0.581676452906054
-1.88256717015305,-5.76594147619912,-0.18338735009479,-0.834248922765351
-1.9637722184025,-8.6536688794082,3.02430851936456,-0.0912506879003483
0.0945292090571013,-3.08893079480622,0.832443742228919,0.0544484698770303
-1.47020084739685,-1.19370686166568,-0.837902727919136,-0.622181343160365
-0.134100609850528,-3.97550952232248,0.14879228305746,1.00296136172033
-0.938925595448243,-3.44176927873068,1.14803317046893,1.78261810557125
0.432152254842506,-9.15965016013032,-1.40380118993765,-0.202114923322574
-0.760536917375286,-2.08313365549521,-1.66167668780968,0.485416229927739
0.335245698850505,-5.79817302735004,-1.33549173768296,0.258666023538407
-1.43172814675444,-2.63280063837868,0.719646603521565,0.84483358801815
-0.577525839315054,-3.20270212619152,-0.659413847954914,-0.143491708341886
-1.63445790047085,-4.49255459836758,1.61266109183367,1.10083240201661
-1.52635801052716,-9.69482684510025,-1.35578189994211,0.678733951704433
-3.4347500562103,-6.7804001460831,0.117600853316461,1.17056633864717
-0.482982471320139,-5.34736258957534,3.02029975255187,-1.1831562347798
0.212029427103508,-2.11362791860736,-0.165946214539559,-0.625354767957296
-0.26566237328321,-6.03286819857273,1.64527293202773,0.380064270087249
-1.7046150443315,-2.87831638914629,-2.7842284101895,0.620231429447241
-0.0319745853526459,-2.44599696182367,0.752733317087305,-1.38434840741942
-2.10173798628724,-2.43534977826062,2.38809340094143,2.21551321026035
-3.07166921888722,-6.38955361046617,-0.975537203278066,0.0615730949014923
-3.19744313785622,-3.54516097270598,0.088581252743812,-0.665790159761871
-0.275574535326257,-5.73651601241675,1.5148474337105,-1.80579629798981
-1.33907329791558,1.19312785909754,-0.373227833689315,1.32632384896016
-0.915606600320907,-10.9961163421573,-0.812763857419404,-1.52964678420905
-1.07661009017793,-3.05170127256364,-0.387249247029848,2.5254996463013
-3.86135769873974,-2.62742642239649,-0.644875016853459,0.725963312156766
-0.743912682516904,-1.77463989548906,0.140746312909258,-0.819718450843715
-2.25489882230992,-5.05670867806429,-0.382907493973627,1.25953598957186
-0.414768160524284,-1.41373300885677,2.76468525995817,2.25326510871699
0.102865672167803,-4.06952742320587,5.47937703424271,-1.22838404162052
-2.48456268740966,-4.04037003725754,2.58582567140588,-0.149719346469676
0.209371148387667,-3.63736606297002,0.970894355624864,1.68040407453311
0.762806951182378,-3.78468030078156,1.49452186426371,0.0135903578724934
-2.41567610837035,-7.88619295338234,0.209270296096978,-0.349005289966028
-1.90778564088166,-6.26508373946306,1.2807286284193,-1.06276119341501
-0.837282814153381,-7.3840939011817,0.042098386234396,1.12638184874573
0.968905568364004,-7.15260512030009,0.777201382929479,-1.97411648897402
0.305759139716481,-5.15827494036375,2.98196448097852,-0.805473161568973
-1.85764688750783,-7.19980549839599,2.35277661588739,-0.0576907208195838
0.170555079110364,-4.3427623954067,1.16981188936642,-1.9648304129542
-0.898817774135687,1.47024408585947,0.596725839693306,0.230079702591242
-0.605844011007925,-5.40449811903748,2.45418261743408,0.397154904199606
-0.140891565323264,-2.99121060919432,2.19694667432452,-2.65724825337317
-1.82064981705453,-8.16001960431423,0.853873466342768,-1.09195831115872
-1.08671361807156,-5.97728027885822,1.54195974047521,1.29207033776754
-2.15908868073407,-6.29621610010803,-0.0201413685533552,-0.827017854216679
-1.0801396102152,-3.61105234526082,-1.4989752445321,0.319886291835962
0.108669207410517,-2.90760229914985,-1.51194807983043,-0.304851659840284
-0.125280623353541,-6.46525894107783,2.06131197281846,1.69425263292768
-1.5535624935795,-5.87646347626393,-1.17230681108742,-0.840004513441145
-0.439567113540698,-5.445281903972,1.21102218859599,-0.775440056684195
-0.514591428668528,-5.23239508916249,2.22410064697927,1.06423026158629
-1.64634519442004,-4.57065426900533,1.67455239249695,0.9714975916234
-0.665727922616869,-3.11697098048008,0.670977863444766,-1.40437896676262
-0.583000245532422,-4.61979693969841,-1.17068553056907,2.80623289028464
-1.30090335702698,-4.67601658023712,0.663850153989685,-0.0683492179087582
-0.926740371644011,-5.9754569057067,2.24404279118205,1.04058594334143
-1.541914195046,-3.72079440276153,2.1032559659285,0.175082201497208
0.552819589010239,-3.49502574906929,1.12045303582271,-0.814802375214147
-1.87654828590449,-4.01125127276919,-0.469143392953096,1.20627594340572
-0.940263966150328,-4.39646901596607,-0.731375959804503,-2.07836948696552
-0.864563473393226,-0.582089301589084,0.840596348196873,-2.34625844661508
-2.11179725853549,-10.6920599462763,4.34839776276848,-0.751910487182732
0.33882362638672,-7.81061510904456,0.92524899025675,-0.975773918012417
-1.03269859795102,-4.77607755955843,-0.312604918508272,0.0380443712380508
-0.466640650103681,-3.12475680229031,0.114588798976555,2.3880189990849
-1.48797617706739,-3.47367890976404,-0.326142023295327,0.452043374225391
-1.15700972629151,-7.57675402342071,0.218896207349252,-1.0690212624942
-1.41928820281238,-1.63764400948569,0.587836946551735,-0.364742866352288
-2.44385995520238,-3.29207426954257,-0.584402151569041,-2.07830741905655
-1.61436951586586,-5.71333434468061,0.975664526058834,-0.748688675016936
-0.371426051889217,-4.86527142722615,-1.03569672735233,-0.696257901751787
-1.43033672640577,-3.88758686403141,1.45879130682156,3.1268476346162
-0.495260714603198,-0.169822519123248,1.32115699572975,-0.527772641961661
-0.338078559480203,-9.0945072544443,1.22176954829804,0.0449709829209503
-1.74524228279305,-5.07864876552676,-0.709832360988428,-0.778303001533065
-1.10975945747024,-0.422875189632171,1.32545729336285,-0.705735217151838
-2.53317668577974,-3.69234027789561,-0.280970207665269,-0.115974948366106
-1.97874522177623,-5.51194489407286,0.130756653704733,-0.613406705532084
0.924733101138884,-8.39439163804461,0.507845815587492,0.537514291360501
-0.267906023640273,-4.51295946236,0.531924403793739,1.20401515077218
-0.00331784163457083,-5.27211885866402,0.481820323105858,-0.650384132291537
-1.30796941915978,-5.94662707065377,-1.68013979618295,0.2040548899449
-2.48896141974408,-7.73066368038227,-0.435656959510385,0.0637488792874853
-1.75219220898024,-3.75827349306279,0.770981165624158,-1.20918412785848
-1.68451022270416,-5.58643248437753,0.850538958297661,-0.73393928734564
0.0235757468873936,-5.65411756097065,0.588233951726177,0.855980262619869
-0.861712802345796,-4.42796260735181,1.72848103507136,0.700231693444135
-1.72889508382235,-4.03205021248069,0.237199049812477,-3.41128791871815
-1.70486680109735,-2.91633243682881,-2.31029364293691,-1.13272216659121
-0.551522752550644,-4.77965371030797,0.648256673788412,2.17990277349707
-0.970313461765944,-3.66839581795109,0.662383445562249,0.481739656456934
-1.7603926093728,-2.21865155312271,1.13878336387386,-0.474477187600998
-2.68065255920444,-10.9734660567659,0.74687132191985,-0.722734504046908
-2.05627507582309,-6.31815457526645,-0.469576239858487,0.597902904966403
-4.4403991281889,-5.33327334308045,1.03992270153487,-0.543385935138589
-1.81203523756346,-3.54715160291016,2.48371903380292,-1.67197957792437
-2.98588648225422,-5.86111211228007,1.32472167682445,0.237200264187351
0.166476492558649,-1.65309592574284,0.996341851901406,-1.47645291508755
-0.350241761360136,-0.57661968107441,1.76333838763677,1.39514454405578
-0.46356070550506,-6.95478740547531,-0.300824279231277,-0.788805894386051
-1.10606659525659,-3.31161991610029,3.38656206747643,0.540459950987993
-0.381654522822414,-6.64797621292192,1.13927383906281,0.279276811033441
0.263702193978663,-5.66224439138052,-0.0626178642820384,1.57173095414562
0.850642792807774,-4.70356736091864,-0.470318737292023,-0.0340779265377585
-1.11806535964603,-6.14997093860699,2.37985685546831,-1.59724459232187
-2.5683846466009,-5.19122549326515,2.2367740212454,-0.227979295444046
-0.62379332177665,-5.73224823490676,1.99835056438218,-1.76006250236065
-1.91072792891589,-4.19707460121745,3.39249995651249,-1.008186832884
-2.84326301686062,-5.2617004091869,1.19737949133428,1.79936962001007
0.132484242353453,-2.66684108166839,-1.19857739992445,-1.34487884057291
-1.93072697034816,-9.45514123372481,-0.477265786469945,-0.883538044220757
-1.39586187114363,-4.20444614920762,0.335847274823563,-0.391655911123549
0.830757893998926,-4.48016365396673,1.23180808983529,0.976171326129768
0.631902659254797,-2.39977986772689,-0.222869605975901,-0.0856838422027985
-2.00494414084651,-4.94269572400028,-1.95183456886642,0.559051342652678
-1.89256101184299,-4.68782769710968,0.380325349736539,1.76285278741196
-1.26807487686651,-6.46387355375874,2.47854347447831,0.27725400238136
0.525620949204742,-5.13721776664477,-1.23567091104603,0.732122470038029
-2.1148054246145,0.22799425878974,0.666743997567848,3.16946917239823
0.111525232375342,-5.26976554130823,0.204665310882388,3.10877643694611
-1.8996610377521,-8.39657002460182,0.158577550256871,1.13935999907387
-0.834791944543328,-8.72453364444767,0.834425681285635,1.80582322816482
-2.38942200188251,-1.2277008243155,2.35425003842643,-2.05710760796494
-1.63053867545304,-2.77253654219562,1.59613994748554,1.09908928851308
-1.52742329916849,-2.15456274750501,1.47960508631577,0.320877556943646
-2.00655568560402,-2.16821767157152,0.688000693894051,0.889350950965292
-0.187115532285753,-5.42980862963243,-1.79000985772225,-0.561753463305831
-0.851089321747362,-6.1474312295841,1.88676031008666,-0.45125447151465
-0.0463844087024262,-6.216373392107,1.74308481869154,-1.6645623870277
3.22968637790455,-0.976895374078859,0.66652940231027,-0.315225041858661
-1.47162800575857,-5.52358058682936,2.05875164476503,0.551437916684412
-1.20062978962908,-5.74193571006674,2.40227717295046,-0.964641628367413
-0.999753334692616,-2.64888364071074,-0.034362517221238,2.07572370158295
-1.37945345449214,-1.30243022534784,0.129567657170012,0.366332619059806
-1.2611733903556,-4.96918153938967,-0.442561375435868,0.232442518424721
-2.28687787455992,-4.5312055963589,3.07799072262664,-0.899932601514011
-0.996856235791067,-7.86252707283196,-0.458163363432364,0.746546011417768
-1.08933028688715,-5.00846619270983,0.707538142356283,-0.695332022302258
-0.201060315268482,-5.81788271239164,-0.661367292299836,0.130667507894699
-1.35334369734249,-3.41587777154602,1.74073198636409,-1.27149275021918
-2.32996066130164,-9.06442652049236,0.8611455818794,-0.694509994278536
-1.33523018971351,-3.62480882562127,1.65319107553461,-2.19403688335076
0.268548905787039,-3.91916682595803,-1.07011524578433,-0.618521030428303
-1.61348676262017,-6.47630662803441,-1.65470828303942,0.659027885353155
0.379016702171243,-5.62145409067417,-0.0439827792856429,0.487026311059734
-0.861119108229559,-7.14376760144992,0.441494570314944,0.778291656416671
-2.88874947524338,-5.65856503622647,0.257790471522738,1.2660391554882
-0.411461710103238,-3.22614553981105,0.0605048500492274,-0.461134199659137
-1.66538154360619,-4.11319064300247,1.61859913278421,1.95182466596685
-0.192519343890448,-1.97812323938417,0.955822767064965,0.0200918734520614
-0.72990862528964,-4.86688510434489,0.575565501185339,-0.752739577400538
0.46403326903839,-5.4409234291081,1.47598853991663,-0.51373061064074
-0.212470929198808,-7.85052012803672,-0.646867082277808,0.0278098183957372
-3.14302924076099,-1.42223442413439,0.308510178101996,0.413262721807978
-2.12240327953792,-4.87759453969375,-0.874522236491433,1.07970955456432
-1.20925273468933,-5.22815639337414,1.52072478753937,-0.167281062098768
-1.75901986542589,-5.47674769333378,0.00444709537085361,0.847087800963838
-3.07016104273705,-7.88265833477498,-0.590438712502428,2.17885589480741
-2.48289117919329,-3.78251434111058,2.33808453159066,-1.47175836704212
-1.90858343429335,-2.11047468644242,-1.34770450612827,1.51760331085388
-0.543917810631613,-1.14028060741824,-0.312172484230057,0.126986088308323
-1.95770851080328,-5.42360421355907,0.116639746264992,0.988207946967988
-1.62844702167427,-2.99641041679173,0.422410365868569,-0.15200200367896
-0.214452862479434,-6.37051187019089,2.11968716690527,0.925609468576461
-1.62294727164572,-6.89497422355632,0.994578811077118,-3.33947264205927
0.364813980581234,-3.00690279136026,0.776460813246604,-1.13282068553722
0.234887606302705,-4.22773278561145,-0.438993189571245,0.503470756649368
-2.71177876196972,-4.22192711420513,2.65347640302744,-0.674100703918713
-0.833971070980308,-4.63758092611867,1.51619740161546,-0.1356370248875
-1.68382690055054,-6.28118531149859,-0.76955556653795,-1.08903626107027
-2.52425166474418,-1.99768004701771,2.99175973113728,0.0742076370079648
-1.69565344743511,-7.76165169969031,0.154063559875718,0.344294504041151
-0.603054415772276,-6.15884467407322,-0.344478860230777,2.36843244521336
-0.630218562934178,-2.90751345169931,1.20949028543501,0.600816531010672
-1.98187710438496,-4.20565066760311,-0.916065304461685,0.339767332701014
0.550364282782064,-4.34960951987197,-0.00453661273028405,0.256766809981849
-2.96417742047732,-2.27557112433694,2.76510386177767,0.957962428612122
0.0463114591615625,-9.18766957885151,-0.0950868136614527,-2.0114994615373
-0.488928149305256,-6.55272974685662,1.10311443406975,-1.08994068882184
0.809391782099308,-7.21710462202065,-1.39356852656064,-0.812729841503382
-1.88775816102253,-5.22945768527738,-2.28021779925953,0.904874954781142
-1.67949817891583,-4.13113190976192,0.0330272482983677,1.77168722606599
1.05912280210652,-6.45899372451544,0.392295740770497,-1.31627187055526
-1.78695979609163,-4.16285373693874,-0.0277166082090026,-0.50532467631482
-1.30851347358614,-6.67248267079571,-2.0903785613257,0.417187374052263
-2.7757757631494,-6.7781363283352,2.52605920410119,-1.40230587863334
0.809867765645948,-5.36428298131445,0.49892608905451,-0.591991847242231
-1.83772755300019,-4.85531659449046,-0.301349600541166,0.396650026536965
-0.59204243037053,-3.73403041037414,0.795345170336505,0.570776274456956
-1.62016864261077,-3.27201406753439,1.3493657095736,1.62569920753691
-1.79986936550859,-2.16483425998157,-1.17743540850344,-0.199256399363476
-1.4913252750902,-3.31199431782425,1.96779738663732,-0.901071947477212
-0.652814498496756,-1.87793195895155,-0.0460016114496734,-1.31641180673917
0.259936323139813,-1.77157159409523,-1.20189383673641,-0.0345095555259005
-3.06446526716488,-5.0389320580586,1.02724898861698,-1.91118915430217
1.02759709873412,-5.99796586757161,-1.46301421692698,0.00141286838213978
-0.34000329470773,-3.74888344247176,1.01151101406446,-0.958478254783935
-2.96601653074304,-5.10965771625429,0.446941324071992,1.16356609327928
0.933197955647794,-6.00013183303712,1.13697562176196,-0.740674713187532
-2.11288739397921,-7.16424182128306,1.71074904635259,-0.834408194691199
-1.42611896789117,-1.64233364071418,1.15421040461958,-0.989130101930353
0.330659045057119,-8.34393981919095,-1.93279312539834,-0.0313518900071224
0.279477416196027,-3.78613342209377,-0.766041057207403,0.400281390744149
1.66995897507994,-2.37049847158301,-0.435869136382149,-0.965489589264006
-1.13765777152454,-5.43232841244517,1.0590060978341,-1.8080097558448
0.778655214403657,-7.88565166142063,1.52728799923508,0.00330848243487314
-1.50129031451981,-6.11696346473536,2.30213554269809,-0.797314817650892
0.250857335420747,-1.46430907674353,-0.588490225942754,0.796935605568822
0.345543672401101,-4.56143936590646,1.49900813199711,0.510210630698862
-0.119194539785931,-6.72261184631633,0.971810909357273,-1.06251769399331
-1.63390441227228,-7.83311222536291,-1.01535864899395,1.06706499835464
0.632589210487702,-6.15427327473444,1.89135402885849,0.315671069729868
-3.05032424631474,-6.97003394121437,-0.658763957591576,0.525847194683355
0.750092846649687,-5.38672630302722,0.971316349110675,0.279763194294315
0.473638950493677,-9.33417956354662,-0.355125628161908,-1.52940625811146
-0.276019285061595,-2.31591136200077,0.213671084975273,-0.437204515534302
-0.830245886985982,-4.94424811836654,1.74777057225098,1.80787611734158
-1.33510603630966,-6.77992178493852,1.68554721903934,-0.44954142867222
-2.83758106943023,-4.71980113588736,1.26121697030051,-1.747141836391
-2.64062497797317,-2.37768762807914,0.844658764529594,-1.45527529817883
-0.215305726811487,-5.60987828442619,-1.3886096211677,-0.268431445882049
-1.67191957929482,-3.07307522991227,-0.0296318039944702,0.54926914024442
0.3603167431033,-3.22210402927841,-0.0244253120412757,0.132264053995495
0.284230351461713,-3.03280284143995,0.556953062409064,1.05313961699728
0.162922150657688,-4.37804897940346,-2.77876510639671,-1.3342377840033
-1.41385397120112,-8.29026363827639,-0.0381832123014581,-1.8026019908707
2.62329897662249,-3.35305936345544,-0.0468799201970591,0.271598660312569
-2.08438242270383,-6.50655690625982,-1.52016879167525,0.588270125415188
-1.24875655195777,-5.40422037514354,0.257323865035904,-1.05537955695531
-1.12394619112898,-7.60142635529387,0.696259943066027,0.737793680210037
-1.47084656894744,-7.06637905500307,0.874062870740173,-0.934627867088307
-2.01486497857738,-6.50193600186729,-1.25890640889009,-0.118941127005554
-1.40920493641722,-1.49563763857281,-0.0390828025904457,-0.794222095001366
-2.23582913820864,-2.61085886412221,-1.56472635171553,-0.257438276567682
-2.74717646875167,-9.01161874728422,0.393609908275055,-1.02845470823629
-1.22174040439209,-3.25207027896122,0.274192758628906,0.110786263340615
-1.30289597672533,-3.75515655554233,0.203621979383346,-0.248869566015581
-1.57073341828666,-5.85132185381628,1.26822084911851,0.188431957472182
-0.199725625378693,-4.30401187567548,-1.5544701013453,0.0826901869439264
0.596593344872239,-5.14113636200139,0.00573191928742831,-0.645695801586344
-0.873215800687038,-5.75973029558402,2.42360241094073,0.403722466197895
-0.956198332029513,-6.37623740903582,-1.50822390545594,-0.591006080165663
-0.657473958365092,-5.25205736671696,1.36217286403584,0.632101810762511
0.742061103698976,-4.11217349512924,0.295992886487633,-1.47996441659641
-2.04103353751465,-4.26090407604751,0.911486683034748,-1.54985624897641
0.106021578935763,-7.10236091401618,-0.147493728664316,-0.6817431185639
0.523339050817071,-5.62043596642497,0.147182413711311,-1.02339577292118
-1.00260466060473,-6.19403429821922,3.61498158066712,0.575627555608845
-1.15539636666017,-4.3136500648321,0.252503365317623,0.751502215745203
-0.679256952653177,-6.13390421278301,-0.941579088314344,-0.982901986836561
-1.65290767162121,-3.50642979464651,-1.72118771468201,-0.214380023233811
-2.79688761364433,-3.49549136820045,2.71343375924707,-0.0942581206764034
-2.72418004940432,-7.03756368639415,0.0229813726203133,-0.145698704676147
-2.2970144558151,-7.29470947999057,-0.28075850450247,2.14016574481055
-0.100836085652145,-2.77518561803578,1.65241501557936,-0.930360366930723
0.145361043875001,-1.02139992441124,0.0223115548619189,0.0558187260205867
-2.88739346448403,-2.32660524360988,0.241871949853781,1.03157788187429
-0.212104764232824,-2.79516560328878,-1.28742801265802,-2.55528410796452
-1.59208230881324,-5.27850644986578,0.493472502440766,1.75175647526321
-0.487115730950647,-7.88620493391635,-1.42395256276734,0.0894209591197113
-1.28326492341152,-7.47726704507303,1.66611936379818,-1.01165630678642
-0.456165569210303,-7.74354461228681,0.652880914849227,-0.0785961669330538
-1.0642494853797,-3.33739929007568,-0.917853936428196,-0.138101204753459
-0.889036759346801,-7.50548685550209,1.51568130265925,-0.627148313720902
0.0745123630026998,-1.19682994112857,-2.13626543467366,-1.07773056631556
-1.60026934928847,-6.34916487477169,0.363143668105852,0.670717321750187
-1.60361371475695,-4.80736166304982,0.835978036696763,0.07041407231724
0.116131377658546,-3.55263057565328,2.11976046726179,0.927284909803239
0.851122635692234,-7.45188950388105,0.0664549176595404,-1.27400884566843
-2.68381799839983,-4.32835296761962,0.345710161706913,-0.285396500524445
-1.55972391413462,1.85303030711537,2.18979007713987,0.731254431211452
-1.01094995999364,-4.45304662374765,-0.245388874838118,-2.42117526281683
-0.183550570768988,-2.80302510978268,-0.820862392243498,0.700424583528582
-0.725864292262353,-3.1535287601222,0.867772800767016,-0.430859070045341
-1.74692730915931,-2.47495437093908,1.03713253501669,-0.171137055234884
-2.05752043260317,-6.01260291214839,-0.519464717855742,1.45912959037511
-1.80502111976191,-4.01578967758061,-0.51257530556812,-1.94057674920438
-3.02728464615087,-3.15965342604013,1.74764772280703,0.533958608388085
0.0842133481137835,-3.05052231221092,0.0510766619002233,1.02476488223177
-0.0820074080672031,-4.01375275845723,0.79799785951002,1.3619124573198
-1.41010496939616,-5.70479268054899,2.75909998928079,-0.0738250956377041
-1.3906165554072,-4.57409881123833,0.962040888578722,-1.63153454514486
-1.30010357566479,-5.6177591197777,2.39398924126989,1.40338558992976
2.12328411640881,-4.33900965760217,0.265799500705043,-0.0287972884695606
1.02553586848862,-7.2171440965659,-1.62991929085008,-0.039061916334565
-1.39157170024424,-3.04754386351913,2.73016336147517,-0.0644540666722779
-2.38891573795703,-7.65335835847285,0.441170426853606,2.34963192995059
-1.09416493784292,-3.36984709685997,1.07815046717308,0.290911619673794
-1.7783344809974,0.251060415642209,-1.83566945463222,0.8558551604842
-1.11968669355818,-4.46843889402505,0.73418210287582,0.155596288899043
-2.93756453000815,-2.70095946367241,-1.28547195482072,-0.358091443609051
-2.73893615701599,-4.72210706129638,-1.47286291380199,-1.44104478637691
-2.71616430461434,-5.74882325192026,-0.173145870212518,-0.110737840863916
-1.99412527966371,-2.71320305256035,-0.496829419058513,-1.31417690700388
-1.14820715287341,-3.3603095626527,-1.12377622331609,0.265350976580063
0.0306455523999395,-6.53696958916099,-0.249370220922432,1.33439348882128
-2.20957692170986,-3.79006411455336,0.650592225739346,-0.187482631584864
-0.0532787397094175,-7.06890778466253,-3.00758161919181,1.01157951852149
0.0752178828499847,-5.34320418801365,-0.425346721772297,1.3752673073415
-2.38919350909738,-3.46456325975639,1.85436579762778,0.0896725052104167
-0.429986558534722,-5.74600078180756,-3.411441981271,1.41552228266935
-1.59104668106531,-0.561605539092635,3.03394026577992,0.503516263356358
-1.56159726023429,-3.88779828996494,1.32622708082457,-0.204131297902953
-0.675201794644191,-3.21538021566801,1.79195426318476,-0.0297068254646533
-0.098540980132777,-4.62970639198731,-0.239118920046925,0.629776403157365
-0.233043725246222,-7.99704435587031,1.64286766289295,1.66596134130378
-0.582687494223171,-5.8552475364386,2.34382152737743,1.35417714726595
-1.53219202589116,-7.86160397404201,1.84121600748864,0.21866857491448
-3.08963157391526,-5.54935285343026,-0.547739787601938,0.544447546063695
-1.21156732709248,-4.10441614907186,1.47346513117025,0.0964588062503308
-1.105911794945,-6.10682985243429,0.786347864463407,2.0533500361045
-1.84355355053634,-1.42256315653467,1.2472395409575,0.437245937085979
-0.851608719102422,-5.25531786093188,-1.14506290156633,-0.767839514871329
-0.111739650870189,-5.41350814046959,0.185130922045233,0.443903498113036
-1.12108207320019,-2.93421827606233,1.36744866851656,0.103742187855643
0.0836185737059223,-1.53164942928688,-1.31246493083281,0.484847668173188
-2.22882694009937,-3.50179740406116,2.09550443014269,-0.269376582576114
-2.47500080787232,-8.7150881818527,1.18489162274727,-1.49073582112886
-0.873663693146232,-5.67606978986665,2.61709619837226,0.819139038256357
-0.659467582924024,-6.69629262473396,-1.94191037430284,-0.322559285249515
-1.05887318166126,-3.51907548233262,-0.0407365992806568,-0.309167871010132
-0.745149217627644,-5.12423402610446,2.15860845499424,1.19858709173127
0.593581708662563,-2.64813953663447,-0.289961745966831,-0.427754469554129
1.10202210862739,-2.95851855133695,1.6467526977896,1.42528240228756
-1.54467073252295,-6.30592368042075,0.343815916965901,1.94667882817176
0.639494469602383,-4.95761920512104,-0.412107193225148,-1.76281286507124
-0.288643123703688,-2.83062706165323,-0.278403477828037,-0.463283940664622
-0.044031813586275,-2.45735451489395,2.24087396050288,-3.37154231280212
-0.175971949660881,-8.34133316650509,-0.814781241872182,-1.96334172154204
-0.00691404895758763,-6.66950749736503,-0.470572322070417,-1.62935778949124
-1.79383170701399,-4.48990770513385,0.408271698473014,0.383635745697543
-1.71260546496616,-3.86737026063291,1.07570776125987,0.922881257914866
0.145710408797645,-5.50529467204585,4.57120459460699,-0.522191563736241
-3.03946173794582,-3.88676139875298,1.9013195090283,0.606065254470295
-2.05912575845013,-5.50731171225546,-0.373364400502465,0.472402313553329
-0.472394186541136,-8.07081585435101,1.14237379464809,2.01070873098785
-1.08179771478267,-4.74124996149036,-0.510847033667981,1.58087846543422
-0.500319193065057,-5.86285152531995,2.35516703785624,0.27249079491359
-0.311158619745079,-10.5931873416735,1.49293326034666,0.968402904673525
-3.5724947480829,-5.64722408822096,0.0336481239598451,1.29268909934855
-2.5739118661184,-6.24084875371042,1.35976951144399,-0.280745597231726
-1.17767330637832,-7.58614815379468,2.66000431262428,-0.939261820079206
-2.36123597069461,-2.2445129795572,0.1821949205261,-0.672852728486807
0.773233735111953,-6.69184134332669,-0.40506199892339,-2.6984501403404
1.09749533051816,-5.35834524520028,-0.945607249857894,0.624348685302272
-2.34856449645114,-5.35956083725554,0.207634679904777,0.621596533330139
-0.481697604881793,-7.5920460970625,0.330965806836818,-0.081244788822856
-1.92497190200817,-6.15901581997638,-1.90365276500005,-1.30136297980275
-2.16846079200987,-7.30518573953093,-0.40248210798967,-0.572605003817903
-0.827865418100215,-3.47809184974142,-0.903264843285497,-0.361475130760958
0.459320097741511,-5.360548206651,0.287055842666236,1.04660494439044
1.53101686605341,-2.20933031550439,0.0951489279486913,-0.279340013552267
-0.66633164076672,-6.54008516426324,-0.110083583940908,0.0316950026999216
0.233582106612445,-4.72206504297954,-0.534886307149341,-0.424322039141212
1.39698605084423,-6.88817183472595,-0.335017942744699,0.269722126147754
0.0778484985086892,-7.56655681189692,-0.0796839943723005,0.628805364272
-0.912951431964609,-3.68803791899636,0.78093838569646,0.460183046887454
-0.803885036477037,-4.82081486555554,1.70646616069325,-0.0285672182937629
-0.0693876360977916,-5.52528376033353,0.5577532814622,-0.4849580582621
-2.70624777178714,-5.28328890592047,0.589994512086627,-0.954250969846415
-2.03859000822737,-4.62205876563921,-0.302165002541287,-0.852576549882979
-2.42518484182323,-7.82614990177162,-1.78292199566037,-0.348733820956012
-3.81179576667922,-3.91097239220452,0.992351016234694,-1.20678024406581
-0.924381206243261,-2.1730697708147,0.311710366912689,1.6241197206246
-1.37933347677801,-5.62342576379611,-0.506179352184304,0.230882776171122
-1.93884722675023,-10.0566867904339,-0.856885440050767,-1.59550551826537
-1.55051013206881,-2.20409084488691,-0.938206596378431,-0.502199809641671
-1.53768589843116,-2.88733897014968,-2.85967581132543,0.575213956800005
-1.11737888322548,-5.25044384617817,0.564025228198552,1.48345064636022
-0.385426692797242,-4.47762329031397,0.32222643366245,-0.393691165878807
1.01431589488499,-3.76394697848503,-0.489045326083544,0.0652935574558786
-2.0633016874008,-5.06879671236629,-1.00328128977125,-0.470099000699315
-1.04074834247908,-3.71718015440341,-1.11849055209253,1.4424759282593
-0.891138779826073,-6.59078502375802,1.49127183811291,1.09351448583542
-0.152508845293324,-4.75852258636692,-0.710573833716699,-0.595868406222801
-0.976004267466467,-3.79951891992568,1.85026321382416,1.4371894470821
-1.12615736578381,-6.2271386705876,1.91517559685886,-0.211310168108845
-0.751934186991054,-4.59231324851927,-2.9400357845177,-0.582840305312691
-1.90320246458378,-0.311821658544723,-0.799522469195326,1.39475401683661
-2.71093041528178,-6.08005333735954,-0.276067072088342,-0.902292538421959
0.847133834648765,-6.19940234026784,1.76984831002023,0.857011384833351
-1.40554005648217,-9.11869634980418,0.34663919951956,1.38837722495047
-2.06025963099033,-3.73612595423672,0.183484155272515,0.777816124223538
-3.45955093510334,-6.18204720674354,0.020641744137939,-1.68195335934386
-1.78905571300116,-0.628605616301301,0.170000205623638,-1.58015713012722
-0.970165188512043,-6.76978214919554,2.02295204744472,2.23006926985819
-0.306203250913488,-2.76660042822222,0.765281875163597,-0.0213077774254327
-1.28584621810794,-10.6277221915047,0.868366903685535,0.103074379821034
-1.40409871926278,-5.03297154385525,2.06915685273021,1.46264878612695
-0.650083467613394,-2.53111804584962,-0.0819949773606551,0.405197873292496
-0.44466126036195,-2.857097965594,-0.491879806291074,-2.84613335546263
-1.71780057719302,-3.02499420423563,0.208398486112727,-0.815523320298718
-0.728880621379908,-3.60678978239619,2.04050992668314,1.09379308326984
-0.509817516197901,-5.27999816701282,0.840622190553436,3.03790126709671
-0.560004588171899,-2.84185318671272,-1.6142940593967,1.14092517773696
-0.344703695173485,-7.15551878523504,1.63137904323326,-1.00347586376913
-1.50399400489694,-0.703945860437598,-0.542176236385091,0.179117789528275
-0.902522578376352,-2.307570826625,-0.845962700093826,-0.195588726124301
-2.08485180126741,-4.97949643909127,0.0642025029446858,-0.690236963047842
-1.11623274010606,-5.69992086065472,2.65409091494968,1.29664252370185
-2.67241132614367,-4.94151702999723,0.442161847309945,1.13017975123224
-1.55426778321168,-3.22608334053218,0.579101097905728,1.80401801050371
-1.03356323977997,-5.11482164036323,1.22045851783479,-0.930259043119734
-2.5541784694614,-8.58008504937864,0.471239495550344,-2.66410554046724
0.0303660482311031,-9.51825275146932,-1.55488281176051,1.35402032757496
-0.587998276395008,-6.61122433277473,0.672886526324052,-1.14919141202454
-0.581380065829621,-4.75709362636489,-0.873330868273041,-0.768713608590187
-2.55615978765198,-2.89172388703284,0.824033235841416,-0.499752146985021
0.990313722580519,-6.63021006913939,0.563668384610305,-0.023131368578676
0.165900002143742,-4.24131910193509,-0.270754754831553,-0.496651363525017
-0.16195672322822,-8.47216323030272,0.951427746678435,0.154510962100121
-2.91462247897613,-5.85236019863028,0.313267161796836,0.602854947594937
-1.69140515057499,-2.64041296190674,-0.931340671932161,0.735668389246525
-0.49196851036304,-4.31984212489401,-0.764097010566051,1.52495706066523
-1.51330719046606,-5.89937837841461,-0.730414270540875,-1.2415898292218
-2.10014294872685,-2.07506395488669,0.150469980692818,-1.9720273155911
1.10169016837353,-7.49777458459426,-1.32164981517655,-0.147829963665823
-0.354027927509644,-6.99696826166067,0.068476528611541,0.0545593821032257
-0.900590926879549,-5.90697135728757,2.70402007176479,1.67655147745391
-0.41667200556489,-1.18685834841198,-0.0728004388570745,-0.871999228016914
-0.951948528361868,-6.09686559132792,-0.213395611954803,1.85194095686219
-1.99861706584536,-8.90013709561718,0.100522351600166,1.26414177645267
-2.88764025637962,-1.3421200688698,0.218732947765066,0.748077618501309
-0.0263451430428243,-4.88556381663966,-1.05210913377144,-1.30601258865937
-2.05301486134055,-1.9228442753521,-0.034170172157732,1.44968284927048
-0.0188884719911135,-8.80307174866816,1.25831780240981,0.436726980934659
-0.238595690581556,-8.29077868773576,0.636612388676471,-0.187213382039732
-2.63404797644591,-5.6950183737852,1.06293615999534,1.66001153582436
-0.44417027475231,-5.45655756444078,-0.282198373440977,0.064448612967405
0.0725284586135797,-3.65617046841596,-0.996631167322827,0.572727945901028
-1.95055259376645,-3.23775537190146,0.505286236597092,-0.264700827868133
-0.614131681619899,-4.30289797825025,2.77277983843365,-0.333311403527095
-0.0221763278399001,-8.67715557431564,3.77771460169805,-0.0398051167257656
-2.98703195438832,-5.75102634970036,-0.831184272207398,0.546952993158347
-0.206018736469532,-4.96566449712265,1.66494787485087,0.54141978464238
0.361158789333566,-7.9541368234657,0.320300229068239,-0.189544807993582
0.0215597789519212,-9.64704286581914,1.42185941662022,0.227473149688321
-0.840592584943391,1.48739082785568,-0.88470327789919,0.473383869576832
-2.98233674959662,-4.4939401745707,0.504902387398235,-1.08679718032074
-0.58817221223162,-10.4057406016507,-1.04630253390751,1.31987108555651
-1.21680197916132,-2.72866520263714,0.211033741287033,-1.5162106379589
-0.391637563305909,-4.83477387198039,-1.66873805740956,-0.477192946256649
-4.04167093857627,-1.40828714273515,1.49207350574146,-0.713350366413563
-0.438563388323922,-3.40220534952776,1.78266681006963,-1.56391783933568
-1.78130252433391,-3.09138646755342,1.81570010537541,-0.391672166280996
-1.35260998322337,-4.88579465804613,0.784605539141246,-0.624812375912202
-0.920158113216353,-6.42285853485557,-1.07669331538869,0.699796715908773
-1.80540574748638,-7.13301867885632,0.394739841069055,0.710948006274964
-3.21969293461298,1.12311158304041,0.749953888144577,-0.147481359618369
0.724819076869019,-2.84216614404898,-2.12742788787215,-0.185504531429037
-1.53667536137853,2.21282495340954,0.813516475040713,0.305805341777706
-0.220171113647983,-8.45316532642537,-0.653910086819877,-0.246995714879189
-2.27736601079479,-3.94336412682414,0.00701800799360801,0.739213629551714
-3.25156848552888,-2.35014544428932,-0.197368310265608,-0.930986713178458
-0.88885804039653,-7.04565239145392,-0.570480745307549,-1.82698754519018
-1.52626663914092,-5.52388438181757,1.46921976236728,-0.206491801189269
-0.990080121494979,-0.453143563746103,0.238227003609561,0.135308648723038
-2.05231819501587,-6.1270565283591,-1.00411457558208,-0.0439931460014826
-1.327666944648,-0.437913028776251,0.308812662690688,1.20502102179705
-1.26635891448755,-5.37947494288069,-2.00436017728725,-0.910278403389442
0.577113236285627,-5.17679642244056,-1.26849504998036,-2.16503999268003
-1.39931984683354,-5.23560109307735,-1.46765492187778,-1.58890217591576
-0.256199936578151,-9.25763403809091,1.52850598767718,-0.302093007510224
-1.83241589783838,-5.57705278773981,1.59001088849755,-1.00052471021706
-2.05333760606377,-6.97376446627464,0.659085207114252,1.28294115221734
1.08072579176126,-8.31820271064239,0.498023650816427,-1.79703020685423
-2.13806447031275,-2.9196267538678,1.62816270865877,1.27233257269438
-2.85593482542462,-0.893533265120057,-0.529969515395694,-0.526363050098478
-0.92261235063814,-6.54780249908887,-0.0378715801227814,1.93761396541224
0.00463164565454197,-6.75396123330187,0.7881711391915,0.299597744019603
-0.582299795218966,-5.35138753205169,0.0557761251335992,-3.60273846214568
-0.740778952723079,-3.46643179032196,0.296124533949499,0.482788062840249
-1.1581362608506,-4.89652206787046,-2.24131443336941,-1.20417683847652
-1.1300476828616,-4.16348159773494,-1.29915167923966,1.94210284628867
-1.60005975286954,-5.39145362333034,0.148517279870181,0.936841536651139
-0.704822489884863,-1.76298112231903,0.363372228528556,-0.601014517386991
-1.64957510193322,-4.25057168099278,1.07044876350788,-0.137755974939901
-2.83538827285606,-5.71459951847327,-0.463051632086551,0.0320252482982434
-0.492975163531521,-8.00605746203334,1.20793185053551,1.13098765639142
0.976895768300977,-5.4614183909922,-0.377562129769212,0.389146995713834
0.602970898310949,-5.85946318604291,0.842985209498807,1.58546117381221
-1.64744098947393,-2.18117649357875,1.24388475125348,-2.79258872932327
-2.27579987807327,-2.81750410981481,1.12179043808892,-0.794839710916133
0.16804997160468,-3.41221049688256,1.72122712241843,1.50672696109117
-2.00350304422206,-2.70082095791532,1.76045365847439,-1.08268782992977
0.298199864226797,-2.52729253394416,1.60220574433898,0.24626560002902
-0.455189788688754,-5.18853928309853,-1.3288898032843,-1.18675499515906
-0.240070028071524,-4.90544663104059,-0.212265465026023,0.135505760794843
-3.1180130650147,-4.90262110979829,-1.14456950141486,0.468392610924151
-0.508581117868887,-6.11231326462298,0.907258811316811,1.12104777076862
-0.680655188335209,-3.65266051282898,-2.17119320391646,0.140303127308863
-1.75738882000243,-4.46930402541458,1.32644277941071,-1.22914404093575
-0.0687987415080404,-5.32459859377627,0.484206639001651,2.1196215694355
-0.859296271393579,-2.05152368819975,1.2941915355113,-0.651022224499987
-1.07614617187875,-6.28991371291969,-0.11501343063179,1.92363829599227
-0.194421333179286,-9.51440925458063,0.8329067207171,-1.63696688061903
0.414881978197074,-5.35088321559324,-0.0116687243305093,-0.462479398035355
-2.82053161139517,-6.47496441633823,0.142175713093798,0.441314393196587
-1.17767078544856,-6.5049118818271,1.65948515743627,-0.33439457483933
-3.54114857801352,-5.88259552898005,1.08363617589852,0.499484734897609
-1.87521494024875,-9.84026070816025,-1.09783107293863,0.202091714286373
-0.771726558739645,-1.35191432921345,-0.71079843814382,-1.95313012765261
-2.47860605778356,-8.05584508808408,-0.164924705610618,0.28666464626074
-1.99661157435853,-4.21871993649788,0.39628413755112,-1.93188690668592
0.34659333231057,-2.2558143454941,-3.52988105371721,0.0821640257907906
-1.6582903919822,-2.58937254014829,-0.0932109599727124,-1.204757466016
0.653423166451684,-7.18498065264817,-0.455302363730747,1.17432147005619
0.870322228381263,-6.22784002485616,-2.60670029583245,-0.652978520983778
-1.7712935988875,-7.81572880876692,-1.53558837585805,-1.60693216156449
-1.52661018643361,-4.30201987435396,-0.542377047869036,-1.50941909930412
-0.314039729662523,-3.6057275467015,0.261138825830405,-0.695246642593032
-1.6078072140763,-3.10661175424145,1.0748889536201,0.0596343406452309
1.44220294745002,-1.43991218424306,1.1618558012687,0.857743179764674
-0.642159140996264,-2.70890828569855,-0.499192612249942,0.754845377524044
-1.88365213743938,-6.1186642084549,-0.0795608905327169,0.475745057835429
-2.05739911796356,-5.00076841390656,1.37212110438917,1.0369939822898
-1.75020425807214,-3.56343889221361,-1.10594914452387,1.64973972031342
-2.68263882717039,-3.0036732102772,0.672428565331165,0.798532404789302
1.86366979904155,-5.72986698192932,-1.56463816876704,0.22010835071677
-1.08417221728542,-6.11482681600132,0.844146472343299,1.62289579388143
-1.02308977410761,-2.66549868547021,0.326240780295957,-0.158174020704113
-0.47282810660619,-9.37198481114034,2.03888296145096,0.834159116537201
-1.3095180159185,-1.93453495485502,2.89689562379736,0.263425238113032
1.02386935808141,-6.57260711496603,-1.19434527152493,0.684955710915389
-0.612120426953557,-1.69252640611148,0.164157850163405,-1.13445729355892
-1.45619330429566,-6.62132095112549,1.75833113238054,-0.713904505749045
-0.624246512280627,-4.9974298682592,1.45003877454077,-1.75631805207442
-2.03077128428656,-6.86501106139083,-0.101990418684728,-3.37318908843148
-1.25260605924675,-4.83267382028086,-0.40685827284798,-1.64272766009936
-0.774243044359759,-3.82763393687096,-0.611531524159685,-0.0395936998595491
0.672831429590813,-2.66840346387248,-3.03660386101049,0.584878413209287
-1.71192559466572,-2.03466733765798,0.893307416142917,-0.805952050125719
-1.24479726606658,-3.00048269795399,2.39336670021645,1.44543209711958
-2.11849271777074,-7.15652211101932,-0.535931305116382,1.97530698622896
-1.06880998471137,-6.51123552726104,-1.72067360931982,-1.7845750056725
-0.187651440890221,-7.62880657289047,-1.32686670521819,1.56042223379045
-3.04727801648118,-4.71004601525528,1.62220399331029,1.83679867642457
-2.23517987115488,-4.04720485416927,0.419508313911983,0.33379905263904
-0.450114006919796,-0.950729116247894,-1.81665272848015,1.42491431031973
-1.22641899176655,-7.84397113368139,1.15152461724183,-0.281686911984523
-1.59307210549179,-8.13623984145462,-1.44277349069818,1.87934391029272
-1.80179755533548,-6.98596038107042,0.676797974966777,-2.99417256959649
0.035290165929124,-5.89720621993717,0.126620656959007,1.0410019204808
-2.44187026342804,-4.77308612926661,0.13618788127447,0.150805268939445
-0.030042248383724,-2.40821910547086,-0.34150522048529,-1.24763851678793
-2.08030401203989,-6.31346226361898,1.23893459747744,-0.447871548660376
-1.41412688632188,-8.34565677913007,-1.9388476024172,-0.278349570440884
-1.90603256931394,-6.79479664180852,1.85645296764074,-1.45757213345125
-0.0015141908533623,-6.14358761761487,0.539695543754249,-2.11794481956234
-2.43393409181002,-7.89488129376811,1.15338844104372,3.73679729798749
-2.89546538345652,-2.55323816950051,1.83536895301659,0.697663448468331
-0.959346574148003,-6.32965893687017,2.43584918122524,0.0953376250362487
0.52130576809607,-4.02308127183937,-0.206984892843776,-1.61892216085412
-1.5070503025621,-4.63973133810378,-0.89086312459594,0.505269373218854
-2.73342798289526,-4.62740473949945,-1.01671159903659,-1.75945694033005
-2.26621910812836,-5.25406183296294,0.73067444978104,0.287201302161245
-2.17122620446714,-3.33258792248957,2.56366196740471,1.9608337443604
-1.39658691764046,-9.52534706877431,-0.967465861242997,1.26114712677261
-1.57133057028319,-6.73805016572535,2.00134271582977,-1.08234709708686
-2.04990794632743,-5.41658459944589,-0.0944903621718332,0.721403419136956
0.17888127888595,-8.18573832455188,1.72385098704374,1.58305018407028
0.0702532422340841,-7.9234772447408,-1.58844402586151,-1.37138053811622
-0.421462515173488,-3.5817981295144,-0.501747871432013,0.232498446303678
-1.95736634604664,-3.54853992038696,0.773712819687441,1.42175007373002
-1.35657153709847,-6.91546851990881,0.965102020752913,3.57104526710181
-1.54156616688968,-5.42188688595574,1.03168886159175,-1.56750391594814
-1.17770962234344,-5.18362594535989,0.212545525941727,-1.89604750180203
-1.31325132079138,-3.80583439781343,1.670617458434,1.27296351465279
-1.47158807355248,-4.22965203986422,0.940363981228104,0.770477019098822
0.132380528173997,-0.397294509629997,-1.54144135363329,-1.44756512751712
-1.14839166264764,-2.83137941359925,0.134654189219773,-1.44042042605962
1.81709570307496,-4.4211611148484,-0.682712667852993,0.129713458217833
-1.32377229164939,-5.26580345428511,-0.558335209069972,1.68435226807666
-0.526350858776247,-8.60246684959551,-1.08979839795158,0.607838206863025
-2.09826129587045,-3.78043453620143,0.632254380043346,1.5794650007421
-0.75476228165198,-9.39477894613457,1.15216336434565,-1.2079956540047
-0.327566163330692,-6.33656683527457,0.166000516442219,0.498175003627967
0.203690212430431,-5.15194795090644,1.66967749239153,-0.993977218361401
-1.69368315635387,-0.79758659488497,0.0312284518865628,-0.0866258505497582
-0.674443379480934,-4.96176359641297,-0.586583796709053,-0.799375390359423
-1.61022957246815,-3.59727702838498,-0.5656332980622,-1.4194219813097
-0.803017831614217,-4.60188975007617,0.721977500325599,-0.191530997014619
0.617205400467492,-7.57667261282592,1.48753903671907,-0.385060765598425
-0.572796981292964,-5.58591105836808,1.30022201352256,0.657952977024303
-0.260184597846431,-1.30570084925877,-1.32601670880279,-0.541502257517956
-1.05376732195593,-5.63223648823355,0.494265763174659,-0.174487986490615
-2.24256811121246,-3.54388920454962,-0.141859193873709,0.865369523896349
-0.577567428152144,-2.27351657761543,0.686035228868058,1.52293218210256
0.389449651501126,-5.93658493246042,0.328871897029617,0.753539366275284
-0.779507823004042,-7.41207587401226,0.629308000972913,1.10430357519241
-1.73476092489383,-6.97951932975599,-0.741707234035423,-0.755619925211888
-2.08389530880197,-6.33728862584422,-1.04802774973673,1.10275369315152
-0.62716596926191,-2.24329290060423,1.63592222768498,2.33773040506942
-1.18132433629678,-5.18568163159251,-0.679448255707402,-1.45721280291803
-1.26765399107567,-4.44345343721116,-0.000681744118579297,1.90148449949475
-2.59426757446948,-5.04099390401011,2.82611114791051,0.101480900674274
-1.00324447417616,-5.03110024258482,-0.319673619202082,0.49602278695938
-1.24010963978131,-4.65782358234713,0.836209299586521,-0.344317634770759
-0.93318591329644,-1.70825642570014,4.0080262194363,-1.95182863190291
-1.61019333287452,-4.55052401388264,0.00697818491444611,0.27419593782472
0.699186810750738,-8.86581677702058,-1.8718985139987,1.36818373925711
0.171397966898429,-6.30833063282928,0.350576171456949,0.548126536878255
-2.70497904592804,-6.65240297742768,-0.0443712937177829,-1.38878655822588
0.59008090294557,-6.19247332534905,1.17110015893653,3.05498907316215
-1.5001133621314,-4.7384836966212,1.13036975187997,2.01478613688126
-3.15210923203239,-5.30671550421204,0.326220456171951,0.526135559421979
-1.490021818859,-6.03185263648792,0.608935618556339,-0.124440703871187
2.01283214609151,-4.70154050311494,1.22761611905374,-0.673365155840361
1.00726728091006,-5.14349635798486,0.916311723407961,-1.80167650580747
-3.5810251542589,-6.21632420064404,0.978804488993693,-0.539748875529404
-2.03232066537723,-8.48207548893702,1.73781832652968,0.0981350292625721
-2.6618102555438,-7.15713300411465,3.65629853455008,2.48753194859884
0.118023044293532,-5.31869117848697,-0.167629507082836,-0.793398433711964
-0.880148536543881,-5.26478358196364,0.0167183294989078,2.17755496820026
-3.44381512237957,-2.51458952825284,2.60249703679608,-1.95516401161581
-2.92082511842775,-3.10200666363991,0.808527649013429,1.00473314049579
0.0221535172392751,-4.79641307694706,0.987665030939962,0.665762586884892
-1.22141534960104,-7.90404459937317,-0.132843229437801,-0.140249924838992
-0.434640813417349,-7.41368512878031,1.4951658950456,0.00280170967870301
-0.0623202597299915,-2.09245746683892,-0.558277239455602,-1.68017543981605
1.53700204967541,-5.35704061021735,2.40025050650534,0.112214687519999
-0.833182006982421,-5.62695289737836,-2.95467557114961,1.1202258493344
-0.962074085440083,-1.90607172472868,-1.10189648385975,-1.72579278622622
-1.03490474755588,-6.91361327786767,0.914224677415691,0.570717599501211
-1.82431614434512,-2.12224857984886,0.939100999236854,-0.740029331594591
-1.04107611884458,-7.66993763930923,-0.316542093626396,1.26882901593825
-0.914093659894174,-5.82788144329017,-0.765075178890779,2.87007432389995
-0.0788221544644938,-4.01159562596473,1.38270961352783,1.10488534227966
-1.60944905017418,-5.96145141037148,1.10215539240128,0.0184707093735067
-0.399033196390769,-3.60685649886133,1.24174907114037,-0.743753448278871
-0.301331110498898,-6.8451658138513,0.0617968183649201,0.055928099734004
-1.18617405296834,-4.40176543176093,3.37126515184765,-0.917714775338632
-1.7249824101943,-4.53870133134361,0.323989458854268,-0.603289887526716
-0.344242308873892,-6.50071448988042,-2.18052766183155,3.06647115875866
-2.81720210523293,-1.71326357808297,2.21658712318271,1.25773879794654
0.942291828536301,-5.33527402198762,0.627270952412648,0.0292186419312721
-2.21781425017843,-0.306971999103346,2.20910385424975,-1.25402048065036
0.295544866256024,-7.18552703653079,-0.455545442671941,-1.72146612863804
-0.883815815293389,-5.14875813737981,1.88210173472079,-0.283160986704827
-1.04763533459159,-2.23524624141918,-0.591124078942724,-0.259929723443007
-1.02817314688074,-3.80500311361778,-1.91777929877087,3.00335332248827
-0.6695683602335,-5.40182923823775,0.735001242566983,-0.280827343154325
-1.45899194005486,-3.76444268432941,2.51584900672765,-0.901870163772315
-2.05276822904064,-8.12167889614078,1.15776372281149,1.41894087194542
-1.17591295617716,-3.1440301724033,-0.0703199248675332,0.760992585569922
0.265669796340739,-4.39612779564688,-0.473223580106364,0.659420953484935
-1.14326735708853,-2.0021248790608,0.932571436074653,1.37798652198209
-1.34478719073969,-4.87095807403457,3.49225011219136,1.10631462546427
-0.467604467328869,-7.46545613484862,0.333479338289357,-1.14453828696348
-1.00352442852162,-5.73093356538632,-0.500807896210657,-0.974679776721983
-1.54400667232322,-4.41359209174379,2.67104990643447,0.890917203644659
-1.67515710994519,-7.77079403713827,1.28330084465703,1.4196089920378
1.04437137182147,-4.97690579816521,-0.348862068043438,-0.600562091147153
1.17361252680825,-2.79108201009847,0.0839965706558064,1.01401922806298
0.640270406198119,-6.31014778281276,1.19811401139371,0.71653779940311
-3.31716669216508,-1.54093712786865,-0.0651462251263662,0.367882925290025
-1.74701892968051,-4.02650316791703,2.34012724211935,0.832493487691233
-1.38075677903996,-2.31280748050857,0.409028018694779,1.00202244909235
-1.54651994380021,-8.66864134483442,-0.627504853452906,1.6041817827685
-0.256034255585228,-1.80911038097943,1.08105664214085,-0.0576357749440536
-2.83494022218732,-1.86317325091124,0.308226104663856,-1.41119466074006
-0.929248124074249,-3.80298626872182,0.688184867318375,0.108308811535277
-1.13757835584598,-4.57590018026402,-0.1363476080235,-1.1732506855785
-0.000536033317238782,-4.9957485397483,0.775567665198219,0.108872386088987
-1.14411866072799,-1.87677792011088,-0.544209351977025,2.35262069117707
-0.761277797883175,-6.14776551458499,1.9642577115651,-0.121526091779342
-1.52697398776519,-7.5628272652267,-0.58222663317362,-2.85242006515009
1.6891297715151,-4.41865393256879,-1.79551612301094,1.60144231537711
-1.40770144922061,-6.47363180282592,-1.783788812298,0.63803407684239
-1.05176853968608,-6.0175919969689,1.59893178379788,0.0716050220630339
-1.20600990053027,-7.44464790254042,1.12892774379403,-0.812951673000907
-0.282924236702312,-5.56748772991925,0.367350315710764,0.367901107756292
-2.22729539816237,-4.73454517501797,1.10702393785332,-2.51273586935346
-1.10780372380888,-1.82274609198371,0.336978763290515,1.66746848594602
-2.36852741143996,-6.6139370019044,0.88254473051382,3.0389521234569
0.0376092498430104,-5.22632809759635,2.09777263369754,1.01501713328912
-0.509407525691449,-4.81164249125648,1.51683488215424,0.0831133437176846
-0.637162745482718,-6.61776942422676,0.649930377331849,-0.28301457907455
-1.60736673901017,-4.8591137142126,1.42385750972564,-4.34782416180865
-0.0322485252404619,-3.68683702845956,-1.54403499043793,-0.786231893086007
-1.4544898128841,-4.41088496842669,0.09930564583795,-1.35601665543437
-1.48816366086989,-6.08708024738531,2.1613603123512,-0.562661586549441
-0.119205556802574,-2.9834848793361,0.407019590191107,0.291895763913057
-2.22535434146579,-6.30059115356048,-0.432183649254745,0.943755201312682
0.422186874141203,-4.4643304358235,-1.2905681183753,-1.03653273778046
-0.639475983364344,-4.35362627519227,-0.513398740534415,-0.510316014047847
-2.80586296172579,-7.8543435114913,0.0437009822621039,0.53287305630354
0.497025454698253,-6.87827964780495,0.981582378618041,3.08471792729234
-1.50879317252682,-2.92559984130201,-1.45519402325482,0.631121514295629
-1.42269998381271,-3.05406122516992,1.43596778521237,0.030333114588445
-1.64203563301896,-4.496729772394,-1.30277522926293,-1.16478199417007
0.610588545351747,-4.48691159734238,1.97787501322707,1.13137474724514
-1.06590093334973,-5.52548665143824,0.615487397255163,-0.680188458651346
-0.136941109905784,-5.00183232741383,-0.405540611340763,0.313377069438049
0.907840955589132,-5.32464659202956,1.17551100595656,1.91857090648935
-0.32832926242583,-3.05465679447854,0.169682264041336,-1.80774616899484
-0.177357096642742,-2.15989761673918,0.291473970808027,1.33728863920791
-2.23339450260127,-7.91694600809936,-1.93743875876795,0.470824765279325
-1.86740115423567,-2.97835017873722,0.0273911619397598,-0.442587749260257
-2.01530683379742,-8.04749155533206,1.7919882835189,2.67104631306215
-0.86188843138164,-6.10012713900954,0.0645561859700781,0.941873015789971
-2.21263119941897,-5.85923447341931,-0.675074875903233,-1.85830946807598
1.05717905376221,-4.48375169514617,1.29450128299996,-1.16198705455094
-1.1322879423457,-6.34519933366694,0.53770281964385,0.467351428008174
-2.27163937589224,-6.3432928897583,2.05129238681731,0.796373970987951
0.098061532867693,-8.16265534415891,1.04224267637806,-1.14800461113649
-1.16366869816743,-5.23059691162936,0.771901072223629,0.46418083005237
-1.13842967934458,-7.15496033098668,-0.288059907504135,-0.636974590124992
-1.07558825223818,-1.57199292100888,0.117521454187398,1.26252505894379
-0.543726027572735,-5.87008011420984,0.304781929817559,1.04247129520925
0.0768792970073075,-4.80241596037949,0.435516267214321,2.67026930882355
-0.542271370141262,-1.99948968887244,-2.20142574756698,-1.39183878575927
-0.974684081166271,-4.38752076945438,-0.442462960873332,-1.28624218244325
-0.619525238497939,-1.47074698553684,1.90141769715934,-2.95463997545652
-0.395054373359437,-3.90961753445937,2.01708052320299,1.21323311320004
0.889108283728796,-2.36579040167926,-1.32573080089585,-0.483441611189474
-2.26220009900024,-2.43893422788633,2.18028883021126,-1.04084627511275
-1.53773867814886,-10.1276708183294,0.349898607158993,1.11857137569566
-2.17109712191986,-3.9200414511893,-0.618122474672979,1.17109771701379
-0.908998922706818,-4.0524667061858,1.84608831217359,-0.204540231577601
-1.4601691829851,-2.65698072556807,2.73790669529318,0.151634085440991
0.728784732016495,-6.52051447105872,0.443758830547747,-1.1108953204827
-1.83542152300247,-5.33673383088107,-0.855133098864854,1.21338352255568
-0.672155317513008,-5.16231151138279,-0.575753372223288,0.139919181334736
-1.08298542113419,-3.76730354129412,2.72368085271818,0.0549537187728338
-2.96728214351641,-4.91510876213157,1.71840066869182,-0.461500204713167
-1.19099258975868,-5.19814860972934,2.46071011489573,0.326997719425037
0.134611910643192,-3.52363093261324,0.608789312753174,-0.156358219546966
-0.757173471763872,-6.70600717095163,-0.268789561248612,0.0685258160095421
-0.50937693580332,-10.7121906121858,0.561845385056506,1.16675568129847
-2.45146852062686,-3.89244849065427,1.42324032844231,0.0594502557349134
-1.09840172873265,-5.29864476207311,-0.905623343793412,2.77217600622995
-0.820188764658864,-4.61144118517047,0.680272773739204,-1.33292838370785
-1.79957197184274,-7.40310925914282,-0.131155379156923,-0.56301301750128
-2.35671832117254,-3.39518995326318,0.901133428354074,0.469095070146275
-1.95839368807911,-2.44998003887816,-0.427096322159696,-0.594704252542114
0.656971672382838,-7.00997054036775,0.681904620068467,-0.56548891636848
-1.15303227966316,-4.36018262807525,0.389601274480684,-0.966843706264864
-1.96213334716138,-3.63380542503152,3.88417260545918,-0.204683984966562
-0.673757903464534,-8.63012778080319,1.22853933947021,-1.83997927439228
-0.195299326631301,-6.9261245129838,1.00834404321304,1.33355728831384
-1.86559813152794,-6.82638146671566,2.43115169981664,-0.735515627133346
-0.136062807214013,-5.13080720197738,0.298923175413303,0.30508067378074
-0.877959120691861,-5.98282461603929,0.301376257678561,0.754174571832773
-1.83847440949387,-4.4864301316522,0.735600128997698,-0.410608426901877
-0.896978281485835,-7.1401638807808,-1.71616310368753,-0.564312795962374
0.0895822582695993,-6.16055803715035,0.827666382443405,0.0988336554120434
0.718162361461209,-6.01491164012091,-0.0658382666238155,-0.601954808976284
-1.08495780289537,-4.52294850429961,1.83452305454501,-1.28636520300862
-1.92249019017853,-5.04760845216281,1.03732572913113,0.564771105343674
-2.97747246491611,-2.83578203663143,0.329349478287291,0.40078505121632
0.200725989543194,-7.92906142662909,1.32017027462687,0.534485271206312
0.0144757716406902,-4.91257272020835,2.23220895169566,0.10585374775431
-3.99574074931303,-5.03908705780155,-0.12246104928526,0.181460927150763
1.11917450023132,-4.24369095268093,1.15538108117772,0.98038612451883
-0.38931861533193,-3.45682485558481,-0.417039020995342,0.410377940898218
-0.637944157080752,-6.0819071842928,2.05316734921714,0.808624377992887
1.8849298607581,-4.9305361385548,1.95890543668997,-1.2171935316591
0.49114547143092,-7.96652059483431,2.16861129561237,0.72236502571754
-2.20096954886133,-5.69161294028773,-0.786466805918408,-0.244033944706138
-3.48151750499407,-9.80295420468015,4.80395622444442,-2.0897745620181
-1.7264345109149,-8.48229311091711,0.912387866658769,-1.18961552811156
-2.3718312765228,-3.0834944408456,1.31287573922356,-1.21299017836345
-1.8205410013443,-8.06947251921863,0.29333948157834,0.771841119003452
-0.682525731087376,-3.28518990437075,1.33245064468747,-0.335639524540143
0.450795063886688,-6.29400594456245,-0.424171101441736,0.979731495038628
-0.99660938726741,-2.75018463777112,-0.719078310957417,-1.56931039859017
-1.98867742501881,0.0967123087462571,0.770787799042432,0.465714237647868
-1.04956730581325,-1.23368118866246,-0.411633563750787,1.41107923812086
-0.0108557569706102,-4.93772052460564,0.885030439114151,-0.580060889523562
-2.42366545243007,-2.97705127325333,1.304828773917,-0.577648351419087
-3.78251962411306,-5.84823845995478,1.30371429132028,-0.73596770314553
-2.27099019255489,-1.63011675761659,-0.27604034727965,1.82140496294256
-3.12655746017796,-2.29322495788448,-0.509579922516282,1.14514398058579
-2.85300148477999,-5.83767296790119,-1.48367785721164,-1.01384231491814
-1.78668496979341,-5.98171332641293,0.944500405716813,0.460825495835342
-2.34974152210929,-2.58264491557113,0.215614975432249,-0.348065773758934
-1.27265326620841,-7.71022770398254,-3.79171104311805,0.212919908572399
-0.300740955145086,-6.8197941967236,1.12702132668977,-0.0231771799857353
0.669667987867064,-3.82434005120353,0.694910559645485,-0.483709989553768
-0.495027588761385,-4.07375891005676,4.77644951493432,-0.190166886404111
-0.511698787657797,-5.30406946377405,-0.448315711318976,-0.578594263493504
-1.38692635439416,-4.43881903252276,-1.24157450482169,-0.658850191742729
-0.330625766776137,-2.57486773613792,0.879332363886523,0.0992287441187087
-2.00709859522865,-3.46839639344899,-0.552897030302586,-1.65040445724678
-0.542451298061356,-6.17603050337256,-0.106477857378154,0.818321056176593
0.837720406947181,-5.41568293048286,0.122612342046196,-0.975280514347614
-0.649683144518895,-5.93103951194604,0.398539233855504,-0.109908526126044
-0.880626893195471,-4.73150777988497,0.126636516532812,0.520170468906321
-2.82155648038103,-2.31229253005854,-0.925626819550717,0.655545547038178
1.3007679365957,-4.99008591400677,-0.467010960295179,1.89769426440598
-1.78426469801538,-7.79701247104685,1.02981512604077,0.497291368999544
-2.26845192671269,-6.75331432274012,0.451702466838215,1.50115088079813
-2.11548567949212,-3.5793256185201,-1.22788566233873,-0.962516024009508
-0.161606022717118,-2.37771693721583,-0.59575239537351,-0.0803145637085703
-0.911325827975516,-6.0972947751813,-0.372994268703082,-0.991730846849956
-0.00146852098505273,-6.59400435507732,1.19200322279025,-0.550557970832807
1.80922082773811,-9.30127387347217,-0.0543495031592077,-1.47937723195705
-0.393516818602818,-5.5264148452203,-2.40756943776829,0.264878670894703
0.195944497296787,-6.16582811652249,1.82448144876959,1.27054678772212
-1.89083670994851,-4.00558270601793,1.54309962792608,-0.414339664594681
-2.25045336906911,-4.32967265607474,2.60761691847924,0.574569852255977
-1.64505549872839,-5.94219266756843,0.160435033935451,-0.137983697422724
-1.30254145189238,-5.19936839511749,-2.30056212039181,-1.8867861854225
1.0103055606044,-3.8396390984449,1.55074446737783,-0.697895156385862
0.774333981992677,-5.5707877380716,0.902854668786652,1.68997783738367
-3.61122984593341,-5.30833628958859,0.227608824305286,2.03930284867755
-1.10825466693836,-6.24069129091042,0.97746010782198,-1.06668150115106
0.562023647915656,-6.41020436166103,0.237258011358416,0.159984532429777
-1.16577801954995,-6.54033115128071,-1.33989355203625,-0.706219982417876
-0.610665100027965,-4.20996943418117,-1.64270930882405,-0.716984232987264
1.60011172255343,-4.28995578890619,-0.587322238774138,-0.537753805333512
-2.74515992796396,-2.29943235901961,3.46269698012607,-0.908909511822455
0.631096672671778,-3.96643067262192,-1.36919009048306,-2.25839215910728
-2.48238142616576,-4.22090544739018,0.555156645260094,-3.6901325272513
-1.41999912362487,-5.32376909645774,-0.954295803152503,2.03788383541202
-1.58056673595187,-3.29893399750045,-1.51067341075321,0.325276932252699
-1.85987813730002,-6.42010019352596,1.74098363508672,-1.58803983403542
-0.751852760044343,-1.75716657504152,0.403311101270693,1.87082416108556
0.0555014934796157,-8.10087768256787,1.94184258187689,-1.23055771236902
-3.30241616020724,-7.76879887827707,2.92739931074773,-1.00137955097504
-1.84820734256681,-3.8210435880785,2.51656737939933,0.365897497039938
-1.91977732236251,-1.8654282675076,2.21785438650322,1.49070116046463
0.669493656326036,-6.31289176576469,2.30368287408785,-0.6897960824856
-1.69629536692134,-8.39049474056949,-1.36396230161232,1.42623712098135
0.427840405878785,-5.62055805855628,2.15004760223976,-0.591359928262648
0.285707408958727,-7.96509422450732,-1.77568112496989,1.96863007246472
-2.57549468222882,-4.81758823722837,0.305174677272632,-1.16486028833329
-0.39520415987545,-5.73469008292817,-1.90784913936652,-1.79072930597681
-1.84101513625812,-1.12229446386338,1.29115113444875,0.583476648874924
0.40608345195978,-2.06770822648337,0.9945566463278,-0.627186084996214
-1.08787398984876,-3.35818525216288,1.37515783276847,2.64125262067044
-1.39805712987097,-8.11556029165375,0.545937574945958,0.674228853609731
-1.31478303478858,-8.39856033157839,1.0492217526981,-0.0638143188267125
1.38286162873377,-11.0624313199073,0.505587812744256,-1.62721990865081
-0.207949167041608,-8.30696065536788,1.47201305457043,-0.0349678703032068
-3.21568752653717,-6.33529467328709,-0.8343908797696,-2.56355135909481
-1.10109664549116,-4.03191894698637,0.574659205662834,0.029571451403226
-2.43820598553751,-5.35383472680789,0.419733389491352,-0.798232054259961
-2.88229443275151,-2.73004181470357,0.902895278271909,-0.138345430733434
-1.69024363440783,-1.94345973871257,2.42765543976079,-0.298493040855346
-2.75797796775854,-10.8451202028194,0.0106476945317808,-0.268878664536027
-1.63963184248393,-9.06479507699551,-0.720770112888462,0.221990113806776
-1.01106955730754,-3.80360479197624,0.428137122229086,-0.896010104370869
-0.912752913568548,-9.52727954931748,0.330014324124471,-0.245630019252065
0.169168043705656,-5.53065446646517,1.46983297361884,2.15904242593931
0.68774815241966,-3.69176830697416,-2.00032566192588,0.801201681646606
-1.87340484516898,-5.18173779586338,1.95029501400048,-0.292031678719233
0.657169775398482,-4.63121372916735,-0.318032012253009,-0.919303690599687
-1.10342920316016,-3.766646036593,-2.40563527801976,0.809737325018532
-2.75639633549414,-4.35645345146585,-2.91070223116909,-0.848038515232587
-1.30735683364236,-5.5367658721989,2.30240018532875,-0.675428351855197
-1.93545628327933,-4.60378769049932,0.460489659654154,-2.71930800144354
-0.817928927468377,-4.39601736391549,2.86113802349368,-0.252107753763819
0.136780497962031,-3.73881146564146,0.71342289508286,-0.248501457822811
-0.847221088765552,-4.93186607492941,1.63239165363137,1.36318448837945
-0.667465432111881,-6.31637498495847,0.985140792547884,-0.526152105870063
0.591692008549957,-5.49761852237205,1.16169271927443,0.712175663531971
-0.896496931846389,-5.37862286420286,-0.568855390024364,-1.13957363379993
-1.20870741204119,-3.72933916999617,0.176184334243899,2.05598822473739
-2.60832156414997,-7.21390145955103,1.67642866039217,-2.12483801503107
0.23761213526725,-4.78953491903316,0.729693893714193,1.0319017801979
0.498473385614448,-6.36746488058818,1.59847656129373,-1.48395070305452
-0.0668915350565467,-8.49744511627933,0.792422439630943,-0.187956438198698
-0.839827239758232,-3.06372536402349,-0.786136008086481,-0.511903347810134
-1.45104906761151,-7.03316156819045,0.445240690159563,2.0979263858478
-3.42638881953869,-4.88133861829972,-0.605826505644851,-0.554691391757433
-1.18130874933643,-1.40222797067763,1.12114643339827,0.9899248042574
-3.1507243508677,-3.4475250562922,1.36208402170898,-0.418760063052842
-0.670906916341506,-3.38675383422081,1.91125894380444,0.385785589934978
-1.08526304981507,-5.56063222919438,-0.273776150165413,-0.295479714395352
-2.49541698584693,-5.6110293962681,0.619607015386861,0.149001602720592
-1.32063439364025,-2.34838699923182,1.32260981601634,-1.19945385300934
-1.41533181558739,-5.22089044717961,-0.566403499148522,0.800162683234649
-0.168578441022238,-6.7125055248862,0.67760415326032,0.123496733508906
-1.15067089393737,-3.88155428334553,1.26591950448684,1.10026461172974
-2.30236077792327,-5.33445788679263,2.08063362812419,-0.384454319539379
-0.673361107216091,-5.21409848265519,0.799979426487354,1.43203323668934
0.640456058073734,-9.16128077477597,-0.166965010906214,0.384299786481807
-0.798860126866163,-4.67083205886177,0.875051035883051,0.456047074347677
-0.608256096221587,-5.85920841193081,0.496488632555242,-0.940061329429346
-0.691690483770368,-2.14029542806915,1.89810881888501,0.488803167228529
-2.80806873118809,-8.56591518441768,0.698169937029445,1.10345293681543
-0.474100947303227,-8.07115243808454,0.454393696008709,-1.40969031666312
-0.376031687154794,-4.67641682710657,-0.798218396090211,0.0962746577781356
-0.948308498590457,-7.54813107472935,0.69724540578663,-1.44213004716223
-1.8473420034897,-7.15013012496462,1.92351241187509,2.55930734960567
-3.13564571608513,-2.12741005246623,2.42890189374524,1.64792637233904
-1.89267707774762,-5.99565584121221,-0.33932366281199,-0.309576476092213
-2.95652552142866,-6.39780351328002,-1.60181390503563,-0.163708374745851
-1.32411691932168,-5.14517716529747,-0.0170431537576804,0.0396241059359346
-1.40719411900558,-4.59882118517158,1.4207357155074,1.53514939783283
0.0380640529623982,-7.6491836077777,1.82437482733429,-0.410230569892056
1.08547246355557,-6.70224467842868,1.0549002395872,-0.54187118319131
-1.96326565148029,-7.47232521331759,-0.165695772520029,-0.0405907523503351
-1.61736899358849,-6.19600552704762,-1.0947278316854,3.14682872916426
0.857254568344088,-5.1491903282403,1.22897742672201,0.553108980141836
-1.31145934465124,-8.10357473562695,0.405678473207137,-3.12124154016738
-0.904064804626455,-1.88133209485421,0.369456871924894,-1.48748492412686
0.0565284477667534,-1.64902670939781,1.35492948666434,1.23050796451413
0.766252562906166,-6.5420280007315,-1.60450503972733,0.311632902929881
-1.79447815049642,-5.29638787185338,1.33969306979652,0.149270226732251
-0.0832420614106167,-8.21180522684344,-0.569704176072914,0.449981862161047
0.123415812211961,-6.04663277218131,1.32287217035979,0.35268447188826
-1.90840950409969,-6.84570636762811,-1.03779041847444,-1.01368604537665
-0.41314154419764,-3.19157530458747,-2.6045884769762,1.36626274204107
-1.08247183979388,-6.29686266683716,1.24794942983421,-3.03141562353492
-1.00340771210661,0.555402303898938,1.17444182353776,0.736875157697934
-0.0355165354402708,-5.14698351597886,-0.607478880672895,-0.770785735719521
-0.628191160173089,-5.65073144242504,1.13157261444755,-0.784839192992406
0.477904317766887,-6.64745956422768,-0.108517469863322,0.617731934799654
-2.19233492157455,-1.14716021035506,-0.486748439360054,0.137946511571832
-0.367956836651537,-3.34619306585053,0.227731930302905,-0.164661328468586
-1.72395199392914,-5.98104848042119,0.823172187688248,-0.891886491656671
-0.416137749102887,-5.68036165981512,-1.19436277586624,-0.051644905715444
-0.641653862262879,-5.40294874790214,0.0756406850741626,0.42529250996047
-0.235010766253295,-4.95014795643326,3.48998869405674,0.598489279256776
-1.87711030008013,-3.07211949622518,0.459359797637525,0.306896395125025
-0.811851431420648,-3.18036365218356,0.413710021347729,-1.91313912782647
0.277578823105048,-5.07740089508019,0.0074091891991912,-3.40108212219625
-1.61326904873454,-5.59492624436652,0.431197492406644,-0.437949107660708
-0.403336499894116,-2.33164137602991,0.729692167155054,-2.06064992056568
-1.08172029312032,-3.79403546139602,-0.802636211388155,-1.30557621943835
-1.5036633731052,-3.03189166301712,-0.0286375482855511,0.442098812024402
-0.482034100457363,-7.66193783295947,2.47187646173256,0.414128220119147
-0.939608370592275,-5.97361434791559,-2.43044809419324,-1.39856329436306
0.58348088290606,-7.59362858457075,1.52965410558449,-0.456400385006259
-0.0433053205300217,-6.34354058940976,1.72281826801606,-1.79846082960049
-1.60773531914387,-5.30407082940881,-3.37863849079676,1.63120570338783
-1.21192746349389,-5.72711822019139,0.589407514372685,-1.51919562496321
-1.58531691901071,-6.18932260692764,0.926241009415809,-0.207192109328147
-0.0451568274578986,-5.89933343785036,1.3018494979426,-2.83560970281633
-0.436253600501707,-4.44185528115488,0.142419996216736,-0.123412263310518
0.395731461085845,-6.7503616913483,0.037842480263289,-0.287437285423034
-0.0365854895436336,-6.79249543054282,2.14635025222905,1.68828111041816
-1.59103238353353,-5.62538596462189,0.332181071129275,-0.263470785695025
-1.45995813272427,-6.01927594804789,1.20028397001062,1.76832259898195
0.554990275210714,-2.81508176398771,-2.55077361246856,-0.0708394780795681
-0.987531656825857,-4.84385767306982,-0.312938485153984,-0.457897138085335
-1.1368720315839,-1.40847733874894,-1.1288068641554,1.59605136742458
-0.210701623050417,-6.31522884347308,0.198223913641789,-0.8044392121979
0.155595472004749,-6.54927545485681,-0.677986555978822,-1.1871135153433
-0.777516554862611,-3.69702496824245,1.27858408467551,1.81206096226872
-0.815889300182606,-6.14366457255511,4.73339289419047,1.71271073050802
-1.86917843829582,-4.16094174668359,0.130137798084481,0.252933557481728
-1.79493552482685,-5.19182291242628,0.457457808215358,-0.606017147799101
-0.756103470835416,-6.3691032122235,-0.280630648386067,-0.760893598138331
-0.775296864252706,-6.97458707136975,1.32930744691911,0.87200427434869
-0.6368199796558,-4.69126785776235,-0.144671075187922,0.383678728950319
-2.31513468255155,-4.95413085367306,0.515923013165693,0.949730608281362
-1.0473463649558,-4.37030129022043,1.74293417004293,-0.843893678390856
-2.04993074533107,-4.86518019656238,1.85036703393676,2.85966132550777
-1.61490937782871,-3.59305869814999,-0.834883544687044,-5.68888793389709
-3.45206222135329,-3.97774151497607,1.6075544192261,0.932552461887552
-3.9498491625885,-5.86818538286866,-1.826421126088,-0.219692456616433
-0.905579042866565,-1.63813409728759,0.628128695121716,1.00434391179764
1.16201831415611,-5.28181783551618,0.561677521213946,0.909209974052486
-2.55203045672562,-7.20765030827437,-0.406787049318494,2.64419327105122
2.25996195733027,-0.103269102605774,-0.703711774381831,1.08135828946995
-0.647145517030859,-3.47191025908259,2.29790318668791,-0.571127825736329
-0.964619679950708,-3.09922570064459,2.2300846870894,-0.773852936914083
0.259000765757214,-8.32866979093608,1.53347364093194,0.102705587848297
-0.190283041240327,-3.3416453396192,0.00394089989102686,-0.58810699447612
-1.9054228612115,-4.77390104502607,-0.677105566384572,2.33690215959788
-1.68299199558978,-5.06016581793863,1.67445544167779,0.703893211779183
-1.32547667714147,-5.38844616848346,0.414448728455554,1.15032427361389
-0.219121558536996,-4.61964586128894,2.54040219002437,0.985841214240117
0.50597354339023,-3.50442188058133,1.93243034903261,2.45639217752478
-0.270004640372245,-7.30694821886101,2.00662106502932,-1.91972777309223
-2.24997863286434,-6.73763210647277,0.18699074437812,1.15672498082248
-2.67663787689577,-4.52345346495731,-0.527782060677438,-1.57165154668816
1.28930243582155,-3.91867618320893,0.216024969487208,1.43989042431234
1.21798451077553,-1.82452588630836,0.838644811766098,-0.236032155887683
-1.14319869627138,-7.93420837781407,-2.04569858265576,-0.805087989172251
1.42987916919608,-4.59464025902596,0.547976794335804,-1.11989072011193
-2.24335951405717,-4.59921363600394,2.13068565957844,0.156764462981275
-1.50119238956799,-4.70629075486264,1.59886406793236,-0.807133002799198
0.212206564882782,-6.53496913471596,1.42388999803686,-1.4035034084208
-0.330580749325898,-4.58731257575553,1.69306304538137,-0.16026496069395
-1.688425004414,-6.04903947097025,0.149879740896879,-2.41595511710871
-1.60684324840549,-7.88944124651147,-0.907468568846917,0.938618540023826
-1.47903518406776,-6.31101470345784,-0.249713933544452,-0.224353607098793
-2.75332936631856,-6.2476163568596,0.836503177084251,0.476493923835931
-1.58645869295654,-1.57337928790599,1.42033247744674,0.299245271783801
-1.79798300911452,-4.85832594901773,0.926710343804443,1.71840845082192
-0.782936228576781,-3.83674483542738,0.394160691648003,-0.327485911475005
-0.348785387743084,-6.78832057047142,-2.26234431222987,0.669299098561871
0.693683768630346,-4.82418390706339,0.169525156411252,0.0326036666126217
-1.86859700198142,-6.26919973390892,-0.969782528965808,-3.84951826347904
-0.187541696619619,-4.6245353179888,1.01259924085954,0.0658281115229596
-0.417497171616586,-1.96849236282468,0.0386276484196899,0.997306452463914
-0.67809934743876,-6.38458581581069,1.30292193690671,-1.50450641169236
-0.435689713846981,-7.22694503121179,0.181342161077382,0.601877482878768
-2.18723122248867,-0.383045997854681,-1.36295934041729,0.537619752252337
0.0377025397810475,-3.92364983858144,-2.19080586554155,-0.480859016260424
-2.31356340750438,-3.78278526343163,-0.679270853192039,0.458264815393883
-2.59401670067244,-4.70765836888846,0.807785745443481,-0.565308609975865
-1.0284341619598,-5.49157772955029,-0.581350919602776,1.77611474775688
-1.57610383469496,-7.79395847449214,0.707670761232226,-1.96634306767889
-1.74986491012633,-5.81774187025471,1.66723195855234,-0.440689437759911
-0.0917677188130502,-1.7649097972931,-0.199101080048378,-3.66827599065138
-1.22806267936895,-6.56901933370623,-2.18100947815966,1.3462525892368
0.592108950648247,-3.8522414589617,0.551863093604724,-2.39727020345726
0.84499779761461,-1.63903721423752,-0.116229007635804,0.208750509488937
0.129112494046262,-5.88054851452525,1.20134048405878,-0.838399152870672
-1.20593505079757,-3.79111080853259,1.15278056778775,-0.0122504747905702
-1.54458646523552,-4.7604488788877,2.13927271413848,-0.50722681895773
-0.734888032759651,-3.27628855859216,0.681082390562118,1.61574228927228
0.730605872179697,-2.48705335007853,5.91503154697303,-0.858314464421927
-1.17345384520425,-7.72414737956258,3.02005895625983,-2.45214038302198
-2.96916749312762,-3.12868379431449,-0.343630719171688,-0.153059629340363
-0.427966974663031,-4.17531322993049,2.29006707552637,0.0281226378028667
-0.498003018529694,-2.85453709797065,1.35047355548346,0.102852390940693
-1.08484291312526,-2.17422834583364,0.637715194996696,0.458838431060916
-0.379792044699125,-3.99220950793204,0.685761369394204,1.56362884458871
0.38146686056268,-1.27984344491295,0.105207149978535,0.492955676673017
-0.385916463279784,-3.09161394594169,1.83287367870166,-1.74990678840811
-2.82801636667818,-4.83259814574616,-1.7765954449204,1.61674687700087
0.120501488890042,-7.20099908785531,1.5831956252958,-0.292417774825433
-0.457957229242308,-7.54803046821284,1.49241567507611,-2.47154350992101
1.29478258098711,-6.63357895534544,0.506811297483863,-0.794567991857274
-3.48153013523727,-7.67372149721067,1.09514100220906,2.58084961310326
-5.45746729113961,-6.49292497627782,1.51566440313849,1.00799273941542
-1.10823875548113,-4.8672119008568,-0.996847006568806,-0.597378554008686
-0.192570566502977,-5.09663276516167,0.641616802019012,-0.200234788302519
0.331700204719694,-1.00682916941314,0.408204957379903,0.553495459513913
-5.56618915473287,-6.93435075083204,1.21729604514358,0.802882408987113
-0.979941577885729,-4.50342814993266,0.84552097816559,0.192749352925556
0.294804374497831,-3.39856678342731,0.377637081170638,-1.85068726551765
-2.02959203100184,-4.47469070549531,0.203234838259202,-0.0179087814896789
-0.624859029795787,-5.40012935068121,0.332772834677288,-0.841249891092176
-2.01069070176042,-4.19780994305441,0.195968986755913,0.394304450619746
-1.74267446008154,-4.78994045172401,2.64165191956132,0.747928121596429
-1.110594084254,-5.49378365232251,-0.185863818542076,0.579117458972501
-1.6921239401512,-4.55609785876775,0.326737198853492,-0.684045848870159
-1.01695828546164,-7.14846535583472,-1.52161666731948,0.299376940970202
-1.28213047557027,-6.0361189100698,0.22363404839317,-0.595106620995404
-1.10037568916858,-5.91585135855543,0.947176906974066,2.00722258791366
-1.60089775203345,-4.68074478583928,1.42805966473209,-0.632971814302433
0.0460237257743523,-4.40292495658391,-1.85023529340568,0.402858003413647
-1.97560052749661,-5.58172145291989,1.30702323925083,1.60325551655003
-1.46982658514834,-4.77971833265014,1.52683706304053,-1.00387912589287
-2.50696281651942,-2.48424284271146,-1.477631515874,0.528635264789919
-0.395636074015306,-5.25965053972516,1.59292368786344,0.00595259962852823
-0.987567859797492,-5.22583094403744,-0.335214370070343,-1.28077929855057
-4.03136358997629,-5.79064038361628,0.667716399092727,-1.36238023264153
-1.64495872202732,-6.82366991416765,1.16150083278811,-0.974575656641327
-1.14351031079016,-4.72948385689426,-0.443475388828516,0.188800642473823
0.327842231250043,-3.9378779139437,-1.26348997179803,1.38039933723419
1.12460611589654,-5.93427566439727,-0.923363944050377,-0.446980854763145
-1.29954750312668,-5.1550635782538,0.744717532528405,1.26818808178891
-1.30632487874181,-9.96996346675694,2.20568116568082,0.56922764433939
-0.786992248386029,-2.14123729809212,-0.0143404370874167,0.177990667503873
-0.469703839561948,-1.75095530975311,0.964275588842361,-0.725395877604075
-0.000831502190547676,-6.33499126781006,-0.00043195286721201,0.27118823119123
-0.391545564166197,-7.11835737728985,-1.1036424358452,0.59010376182061
-2.77039793018304,-5.24804039897482,0.749388589064435,-0.302780049847051
-2.73886228969485,-4.73307890181367,-0.193196057722561,-0.828148326873932
0.762506367963126,-4.72123851020546,0.402139857212954,2.22990436417501
-0.83521743859578,-6.03734727538725,1.20016801415762,0.876526656626937
0.119879340075105,-4.73150354560838,3.4409741398098,-0.764829931864238
-1.54624038832319,-3.18098414582319,0.0449943562361656,0.176260215136437
0.855987769040822,-5.77608771982853,0.395209734530199,2.08326605488764
-0.883636923502775,-8.34325684951403,-0.646338909109388,0.0364971497457346
0.246502530036381,-4.87470059377803,1.11205272905326,1.46063077738171
-0.156121004681143,-5.30345625757773,-0.523568930524217,0.640499023553326
-1.18416951066998,-5.022570003513,1.14139467563485,0.77532231469184
-2.55224346077558,-7.15150072165081,0.602430071442411,-1.04518783900282
-1.67555737893856,-5.50099703108326,-0.531540974443911,1.22869146999863
-1.238167206775,-3.5786704038809,0.773711010816049,0.560161193760766
-2.2163517085468,-5.7496521272229,-0.683072144612231,-0.513462525315965
-0.935556904711161,-3.93037079301559,1.64670303484794,-0.390975262781751
-0.169223187911557,-4.84636358441915,1.78632809091525,0.589928949334793
-0.0773626651136726,-6.39025390471337,0.711344694480904,2.29255945181955
-0.934096266322396,-6.63843105158421,-0.752877733109756,-2.00270505706918
-0.175992601023803,-3.92967349742101,0.730832026569458,-1.0362048357678
-0.291200729332357,-3.10786390972368,1.2155750147469,2.44335843759037
0.798970134199839,-2.14739107633042,-1.69661424744512,-0.439175578895975
-2.1775829885366,-3.04648062112106,1.93202754706356,-0.154018679283094
-0.288560711621617,-3.55188298918794,-0.435093485906525,0.536657965401482
-0.361591218946658,-4.35494782789026,1.77402440969039,-1.55732452521656
-1.0585040611862,-6.5281048268389,0.050340014407017,1.11733962178789
-0.93321938426458,-3.19033456917853,-0.659818164787807,-0.783656775063983
-1.44348676928599,-4.86019296890176,0.515998502182846,1.01900140349726
-1.09149776265323,-6.66260450890084,2.40539682053226,-0.23822901941168
-4.18875574379537,-5.0205340546504,1.94725289166142,-0.997694724681716
-2.5066341825252,-5.01936359193374,1.76529902052077,0.782466377882656
-0.251597833749671,-5.27631218671129,-0.835995662352859,-2.32253188575087
-1.10758252752915,-5.52580070515306,1.62057554448624,0.458508923191177
-3.65362210323466,-4.98694220779408,0.749936976011156,-1.18051808014318
-2.46164135276332,-3.89870927123159,1.7754209733271,1.60841433427245
-1.44592331422492,-3.6089132627407,1.09223498073926,0.849887072348275
-2.65484128254776,-4.14103973573168,0.533827222274113,1.26905839256043
0.520559763656986,-5.96250648691762,-1.04978933305622,-0.703109648508667
-0.436789475189656,-5.08049410320128,-0.878741486109599,1.19729431953874
0.10902486782954,-4.74183449632174,-1.52434752557004,-1.79252900370862
-0.563078311656792,-6.79358541625813,-0.731064649629676,1.95941975453244
-2.98570274208202,-1.69152861626668,16.0427695618124,0.183132150705168
-1.18555987512516,-7.6791852259637,1.48424672305221,-0.0921656400195719
-2.07339834756891,-5.2771748204664,-0.339700704129641,0.0968531298466438
-1.24434711328991,-5.90105149013091,0.682000386861228,0.679671687939867
-0.187506392851225,-5.49551844165001,0.15774646906593,2.21438702887028
0.479847092398433,-6.58230528015364,1.94679558392141,0.888980800588198
-0.882948282392034,-1.97316777072148,0.427442842379992,-0.228149692823294
-1.5923502452639,-7.0676953437086,1.58316418682191,1.65711638043631
-0.0511402402216202,-3.83048159392648,1.05183538595626,1.34090867712483
-4.07647292819632,-8.1747322671343,1.53023110504398,0.148635266990098
0.568032667362739,-9.67203975429799,-0.565288013858734,0.0970905321758362
-2.25339971459391,-5.98103257636227,0.328821955010944,0.0412384393112621
-0.903081624024063,-3.84714411911251,-0.0339126358437186,-2.88802616344988
-0.707086492592255,-6.20353176191462,0.337146812864093,-0.738831590370561
-0.0910330997303226,-6.28919724506,-0.218063707243696,-1.15295629413194
0.4869063310663,-8.84308429050618,-0.420967625673336,2.55661336740015
-0.397895105019992,-3.92571155754419,-0.290306986374679,0.196613381887858
-0.341107931427197,-5.41275123321247,3.08204717638719,1.7440631996897
-1.96646184627836,-4.54242172923201,-0.225029787720973,1.85446050789727
-0.338403377796573,-2.27633390295636,2.09021662537547,-2.88351385956111
-2.08841349176244,-3.55255797563703,2.1863860014619,0.738458793780853
-0.579404547062539,-4.73069113769788,-1.33576975210125,0.359277610859127
0.624664654629218,-7.26254146301607,0.769813823940725,0.941050957052089
0.223389967189848,-4.15670708060977,-0.829572422261971,0.706451996867604
-3.06633481488021,-2.55288322325366,0.338490872581174,1.1123196907023
-2.01197705809239,-4.67024040309865,0.39410479269837,0.552987495741561
0.0707881441606451,-4.3138551586444,0.124610757817962,0.601664622334493
-0.119154711484933,-5.95558151485254,0.306810008080496,0.983793096631337
0.20411955106453,-8.70776310454483,-1.33125799069469,-2.10579203965463
-0.960959656689667,-4.81735389826688,2.0859609275374,2.08735294402939
-3.05959779473659,-5.19795151870662,2.60680820423366,0.294687848778456
-1.7695400002987,-6.17283245365924,1.81269650304861,-0.698414183717627
0.194327090028032,-4.65083026611348,0.061351037684143,1.29891765983128
-0.0270419160971646,-5.33813677293253,-0.964518856824602,-2.1709617320354
-0.81218485539564,-6.87752202960733,0.660236478346118,-2.79752684352633
-0.254359930107183,-7.0900108150028,0.95344322754657,1.87623576001059
-2.24543308079556,-7.46472865903981,1.41792011163402,-0.856629302847366
-1.43647888882175,-6.15392767893793,-2.40491089499077,-1.3165482267411
-1.43146435701621,-5.58021376733241,0.504165135632563,2.33909643938342
-2.1458902659204,-3.39698885027328,0.62869912812177,1.26320666072742
-1.83985666686784,-3.4930329576011,0.719615701547065,2.0660131496049
-0.38031802301568,-6.47458218715295,-0.31278652372792,-0.318112174686277
0.127386482420682,-5.80258719820961,1.2608800974307,1.13341422988822
-1.2325197784447,-0.564583108193687,-1.40031211071538,1.13028255673587
-2.8961165969525,-7.02276903049147,1.36658007365844,1.24439615807763
-1.79343131717635,-7.34738437563739,-0.902544985178003,-0.415505116381939
-1.33812340052188,-1.66866725339763,-0.782764045643486,-1.20795614710146
1.26126184620813,-7.01110083099173,0.699483391252694,1.26064085789316
-0.816717838496526,-5.31472487026072,1.37210349678808,-0.89616305729811
-0.639132307791029,-5.15676311126232,0.702373370032246,-0.482236703728437
-1.81034596272499,-6.85823869106465,0.830699309486541,-0.829497548133355
-0.68496639791038,-7.41442644945688,1.11404754387541,-0.862987892623321
-1.1836743583434,-5.56329365098074,0.830646635285918,0.727827547112298
0.180454337232756,-6.86477343041552,2.04306853903322,0.445525607243844
0.30075182530917,-3.63659830221179,-0.738690455948873,-0.995292093920541
0.71984502100003,-6.68366483943566,-0.799758915856842,-0.464239323198139
-1.57060177877874,-5.518150875945,1.46292584237876,0.14283649737127
-3.30724699840881,-5.15649608348821,-0.132212355989056,-0.827284268822836
-2.0764978564505,-3.96611898290265,-1.5101756874447,0.386200676396983
-1.11686361962291,-7.41783915053946,1.9006934062586,0.991966360901015
0.232899585528859,-6.09551958871013,-0.769097642483249,-0.300927442556279
-0.890777452648272,-2.15457822457453,-0.22765997451403,0.736137120336146
0.113506343659872,-3.36154357701979,1.18840932393756,2.46475740893952
-0.677606213421929,-3.95422685278818,0.936028850207806,-0.830411070337409
-0.872862823599516,-5.90734244060419,0.833979786794005,1.03172622692976
0.836955111615757,-4.1256486256971,0.830109864495415,-1.15082508649751
-1.18717347211492,-3.6349715817165,0.506965314015521,-0.485218653515224
-1.36876507012042,-5.52875452990165,-0.998433247475758,-3.04025100733845
0.0942713539582715,-5.80637909770236,-0.185016897080753,-1.29506007816261
-0.680155216982816,-3.71804774416717,0.137221308236426,0.768625396865668
-0.142738198112064,-6.02901125414037,-1.09532982285587,-1.89594337478139
-1.08696175488814,-2.14511565796695,1.34157945155327,-0.730856613623484
-0.647387361433933,-0.474181607728299,1.75140166242733,-1.97172486407265
-1.95017175188512,-4.35564573938937,-0.443964574151028,0.230376166202945
-2.82789201862544,-5.60035134805206,0.698854168777432,-0.0342220603185679
-0.914545004314258,-4.83431442188449,0.768481535954985,-3.34822980386706
-0.291674343673311,-6.45301765896317,-0.304612026188281,-1.53649567570236
-1.11807152380793,-5.24330415373118,-1.038250558619,-0.0521999030111039
-0.165917642505736,-5.15210629075156,0.547181937119005,2.52951826752718
0.128429675891464,-4.61372325670051,0.241926233777081,-0.688348707073583
-2.05226688957986,-3.55971514962341,-0.588436592314226,1.95125487050368
-2.12853031709384,-10.0149133257946,0.308980927770822,2.47382846984244
-1.14656039930291,-3.56593208108471,0.47110970467265,-0.667092331341515
-2.46492321830297,-6.24912577192273,-0.494798637197691,-1.2677521433776
-3.14123281360955,-6.10170081530717,0.821129654226582,0.514813558070524
-2.15372329297391,-0.701338368510412,1.63337056085283,-0.831342789936366
-1.27989248325797,-2.69158178477462,1.50314453617371,2.70964604733655
-3.10319765867239,-6.23279068922848,1.63582562857526,0.67669336721311
-0.661856163232786,-2.53525445174663,0.619956101190481,-1.35393727253017
-2.75453525175624,-6.23811459420068,1.60203505035197,-1.46976354128217
-0.591595926688089,-6.2712823199294,0.51707638709647,2.44229534421853
-3.98218888296611,-4.58780164242251,0.917329425715925,-1.60857243978422
-3.54001852289913,-1.73121757814461,1.51252963512647,-0.579796990607251
-1.23932882393527,-2.7648880190181,1.54136417194002,-7.29977136523851
-0.816773914148887,-7.70986152249787,1.45891049516684,0.220190352478929
-0.213416523143705,-3.90045931940862,-1.90749433352409,1.12396979904858
-0.45471257436975,-3.36367460358949,0.353637861544822,-0.224990379284006
0.674554392208874,-5.96179001520335,1.61114378481864,1.37208270951492
-0.279739388476071,-3.91662421605467,2.53187789622457,-0.459068485750725
-0.357768028590521,-5.21353698410808,0.697003197008609,2.66454591879813
-0.483557943390491,-3.50184758254283,1.92958661112352,-1.74149144945878
-2.42301936564649,-6.07337669474462,1.36182945696103,0.20210885246162
0.46620254081625,-6.0328475194202,1.48057671553444,-0.604246613413101
-2.67913368783691,-5.49687752123523,-0.244308490906614,-0.532857241806457
-1.88002800687115,-3.7562488384077,1.10126475443926,-2.35929147787408
-0.872380547577237,-9.80754597943339,0.433951245307436,-0.124244932707313
0.440700241904969,-5.50550336110972,-0.321570124166027,-0.16221566603583
-1.97418106152865,-4.40668732368856,0.123703023679057,1.53768538603312
-0.62729383857092,-8.98711221654361,-0.220995042940872,-0.828141691797399
0.24045816347661,-4.02483645454542,-0.307359259223479,0.441121415451354
1.08750018627319,-3.01070719674715,2.69208172747251,-0.8779533330518
-0.778343122888881,-4.79216760633495,3.3265333138773,1.11576719739576
0.136540368886519,-6.69078538443247,-0.864547431465654,-0.612007627262256
-1.97378818551718,-4.7003011516009,0.0154828826984513,-1.03847916773633
0.513549709433317,-3.13941314228774,2.4186839825116,-0.0634521194887475
-1.16992822111209,-2.95803207563703,1.88962427818817,-0.0582266709396202
-1.47484913773579,-6.14679824347651,2.57620654131218,-0.221126880297795
0.279496949001491,-4.53566781319857,0.00725189220519931,1.57517719330949
-1.80399027216354,-4.27139855202099,-0.624324122319799,-0.76693376644284
-0.710130126401154,-5.69292079549163,1.24564080837802,-0.949067016098114
-0.762634834522443,-7.2381741558197,1.02880944897632,0.290611088995312
0.0606095284780639,-3.7751497082291,-1.43694324738064,-0.871917939638347
-1.8971147268337,-5.80348430374056,1.30462673614837,0.177763240265059
-1.43274981105866,-3.20275622666226,0.553149053802831,1.39277991421208
-0.448690561506439,-4.37121264762537,1.04223970400395,-0.15557387467396
-0.876461615503044,-1.56028882446619,-0.544383873867458,0.64794568437254
-0.186999339092716,-2.05490986111864,0.846052694700663,-0.421255382089884
-3.5827182902031,-2.22860995213181,-0.231024091902001,0.0804470964496204
-0.51474525721244,-5.54375882001777,0.439483004748466,-2.05718316443831
-3.08087344404896,-5.54189478403727,0.573358653795108,1.80930379780391
-0.667477061995668,-3.7256045927729,0.726575706660332,-0.727744842321417
-1.68798141065743,-3.46810711066749,-0.551380375573128,-1.2622989049964
-1.17528049934742,-5.70805730455196,1.72293663956938,-0.401899963484033
-2.32530376533656,-5.53052143015508,-0.0680172009972197,-1.33180447006809
3.76471680621353,-6.86876314728956,1.48405731445967,-0.135981757897783
-0.0281602851290199,0.682155378450913,0.00513178071409082,-1.96047249430487
-2.18874664273277,-5.5647836543204,-0.0758544342928353,-0.422605210745362
-0.464161125499304,-2.56132264372921,0.865701155388466,0.502271369461714
-4.06433459585191,-3.1088581659019,-0.979812254508585,0.0371409528961845
-0.725495766146773,-2.00351300913603,0.291796782298537,-1.72849252072929
-1.65800258822422,-9.2701232639121,1.76681562884655,2.36006388757376
-1.40710993733303,-8.09282519250939,-0.913030384373305,-0.53975953092294
0.283543487176115,-3.19346805705797,-0.376219091953956,-2.25435786494658
-0.655031049894767,-1.20177955880513,0.724890284033627,-0.659639414987163
-0.584220983041908,0.169901535740769,0.625020784331406,0.923019313546362
-2.42143180298987,-7.00574152928073,0.0641904291613719,1.08673205837851
0.843406240930966,-5.76547707171025,-0.346009633589755,-0.964244406563404
-0.77220960686585,-10.7372675868933,1.83886361812386,-0.314184983393119
-0.319451947348783,-3.6637476840816,0.24657734047451,-1.85610972233448
-0.0531599054315487,-5.32891267337518,0.142812152296791,-1.90059158079822
-0.76850076695786,-4.03884776230937,-0.909067229878487,-1.93727286620646
-0.476173417262006,-6.37852584488131,-0.0190620669303654,-2.03706542082302
-1.42180603629605,-6.02142791988856,-0.368652883310216,-0.0922455786754981
0.980294835113955,-7.03139621373916,1.11349785460346,0.957115053071843
-0.943999314853694,-1.57694441146749,1.9212878570901,2.0843056821537
-0.198305761145448,-6.36728881526035,3.14006856684837,0.230530417317618
-1.10265905512471,-4.24465425530727,-0.936979405060712,-0.184044377626288
0.37619049203576,-5.90032163742529,0.1122792338067,0.281182755660717
-0.832136934602289,-4.71846004531009,-0.452757179361901,-2.47948512091859
0.0255413952188741,-5.79360172762906,0.824089023738888,-0.0605360510364278
-1.64829765540194,-6.41370909970341,0.205987157951731,-0.390658792582467
-0.435663762232383,-6.77203434782067,2.40572073884152,0.210823858574299
-2.08137826971728,-1.62919841469127,-0.00133404965405979,-0.105838125522149
0.410574215455208,-4.99821087765361,-1.15422271297476,-0.952672735945405
-1.53481415180286,-5.99962564525513,0.797816383946607,-0.991747313274321
-1.45440504249754,-7.71961515559014,0.141466684970568,-0.760254936390725
0.193432421782699,-7.10537112134744,-0.079430363035774,0.21156475823021
0.386337830014941,-2.49787652471683,-2.39299951706698,0.830671115069138
-1.77587938569712,-8.000363285662,1.88850047505935,-2.25331437738247
-0.864616077595049,-7.34731586400217,0.447719684961544,0.90587799245008
0.15433371038749,-1.27697975962945,0.387688923074432,-2.41072657442312
-2.22464327574905,-4.3209805800339,-0.341142147472982,-0.308202908934467
-1.43630700074647,-2.829909520442,0.472627496262954,0.495903072278074
-3.25281114403046,-4.06164824423212,-0.0435907398913305,0.3942526325197
-1.29324693795492,-6.66223421814,1.6469216758991,-1.49150239581527
-1.67582955549181,-6.3876028722641,1.44663834085387,-1.55495987711609
-2.37728962343907,-2.58891172159057,-0.434516591860839,-1.35818326940844
0.446319986871808,-6.6228777931864,1.79650742930667,-0.128339624510667
-0.41022657089102,-3.89045358640523,-0.105113596441043,-0.356449082848737
-0.285508613293353,-5.19121209587794,0.150290913875476,-0.909406697521973
-1.91026477589202,-6.57893710399515,0.291042255513051,2.01802872906055
-2.46247463709816,-4.3120176381242,1.26157214394366,-2.29274922218295
-1.74224783919671,-6.41199640112724,0.766961520133015,-0.541128175124856
-2.40254539772478,-3.24075064800223,1.42358903548031,-0.23914560459505
-0.756947066540918,-4.24899925815901,1.71004872915987,-0.190107861549711
0.659039325149985,-4.78435545277208,2.66035230722422,1.02158097902198
-0.575399625036104,-1.65209017262877,-0.046218485397564,0.496748082642181
0.00354724689792507,-2.83863684245449,0.293640443351843,1.00552951598286
0.132671013896676,-5.84889053194699,0.143788842914987,-0.062497250271751
-6.99782022435389,-4.68134104904625,2.10220815660997,1.12167742610073
-1.93321869220264,-4.48355395430254,1.15791714757976,0.58184964599922
-2.70498658931502,-5.07026263428291,0.76434465682753,0.445850735131015
-0.916963892545335,-3.00043970728043,0.687012208976169,1.87902017137524
-0.450296994940114,-7.15270644827863,-0.674691294682955,0.682697402940385
-0.527286964544992,-8.23653136871757,-0.476774766483023,-0.0491954971564429
-2.02858022186907,-0.40444926897905,2.19086059247611,-0.100427632083383
-2.26859698599902,-8.22494208138227,-1.21035484669905,0.410001127195108
-1.24407989392907,-9.28544996207665,0.563777152135376,-0.652917273886563
0.264947061996997,-2.70999913520711,1.27432084840348,-2.14081057119773
-0.373642570529427,-8.57503474213139,-0.156500593131431,-0.706265948942884
-5.38238986055973,-1.6717649100206,3.04022566269985,0.403773637940977
-1.47957401117515,-1.54771045841081,-0.618252275726052,-0.494576426864407
-1.17326662831072,-6.65361424736864,0.957723900449622,0.357625983722824
0.0814281714973377,-1.31612884154168,0.190380097823729,0.919965120805056
1.3695409034268,-6.30485101469641,-0.62611241990048,-0.00817366978640925
-1.08723767676996,-2.32301161150729,0.504055469892677,-0.373723093453913
-1.33088455808154,-4.19304739861497,-1.39081265364676,1.04711640362918
-2.7377193268903,-5.2629120389627,0.216567485625581,0.63873830412409
-0.159424056404079,-5.33732197032684,1.20196494933045,0.155995391574626
0.122779711453483,-5.00309321157643,0.992788108365341,0.538888253741572
-2.28745203042101,-4.45408548016308,0.66948634344565,-0.853814482344309
-0.111341999787626,-7.04044371578048,2.04155701888083,1.4878294803411
-2.31536648535839,-4.28613938359229,-0.845506699649626,0.636496517537383
-2.42273483266845,-3.60994446093292,0.376288735395274,-2.05460007022107
-2.30722759419904,-6.09303762853852,2.57161476233694,0.889658313507118
-0.194210583419397,-3.86383842072653,0.620312002406795,2.00236144187646
0.66079427698222,-7.49265099395299,-0.963323945267553,-0.592009201691841
-2.42347428765262,-9.27098660992494,-0.899603445785413,-0.428691732116749
-2.90273985898694,-6.46264450547871,1.26306602713204,-2.52031701262873
-0.381550903912694,-4.70751233014121,0.815153605478921,0.708918875037771
-0.0920869305333759,-2.43033426677244,-1.44310547392589,0.366169985936004
0.373880571494295,-6.25923901257771,-0.00845798396406506,-1.70320174846256
-1.64410402345008,-4.35882472876227,1.92541347797993,-1.81146581781153
-0.672752410870417,-6.10068875369077,1.18933612219184,-0.611596387345413
0.394320201859674,-5.53938124619268,1.71403905006844,-1.55421406389003
-1.11338371267443,-3.7277948109226,-0.646884224999654,0.451234670964618
-2.62508733722734,-5.05156859966731,1.17342511602335,-2.52481709812023
-2.15143017198969,-10.8678029176615,-0.0660785942629425,-0.754967746233163
-1.67734893050368,-3.84201259036622,4.00505997175066,3.14607592901103
0.894488865022742,-4.69907395263475,-0.304168910596691,-0.832815272882476
-1.2170452795718,-4.31466554245284,1.78096361741665,1.88626464578259
1.23054280550148,-3.04141967420453,0.620077280429644,3.10206808959038
1.3452459914349,-2.02330638544814,2.18821616453797,0.253258341845197
-0.371115875032971,-3.6041339176478,3.49949754609364,-1.75263410471862
-1.1447411365868,-8.82188940350092,0.229268879927103,1.71756909000695
-0.225267788979446,-6.64895107191659,1.95836442746959,-1.40448398043937
-1.98406203423977,-5.87821712913864,1.96143473982542,0.651918225585148
-1.40123991659902,-6.28075511957174,0.874189909839314,-0.333711010560037
-0.0327218575360375,-4.47111985871384,1.69984583346905,-0.445853985225215
0.403104206073271,-7.7876660228421,1.46271822768017,-0.938356492214801
-1.88589565575033,-1.80006806891587,0.626393496712391,-0.0259423555614455
-1.35329746632939,-4.07516861088888,-2.15025863857272,-1.95894400370389
-1.70915392055487,-3.5570268252537,0.937337522783163,-0.34709843320083
-2.92863438807622,-2.80132338032084,0.288021241185866,0.425595254989263
-1.19593610429853,-5.77540339539626,1.88370090405875,-0.749671861823373
-2.73076160107725,-1.99765029405946,-0.490742131243899,2.19763148160654
-1.77567702611926,-4.74170476779361,1.3722289480847,1.11671831987099
-0.720272686385586,-5.44342665488969,-0.458718574608496,-0.421784646277873
-1.55571723081844,-5.24467391925988,0.909505414534878,-0.898324780643162
-1.26191564363737,-5.79717633477981,-0.151867085562855,1.15092735088931
-2.66148270850891,-7.08709772455527,0.656121211002611,0.40496587924597
-3.18588767192728,-7.4147530042547,-0.140001221673925,-3.01460171414472
-0.995021157065746,-1.90745851001541,0.635771504857719,0.00534608624283534
1.17528571718045,-3.15794736599563,-0.00760415966966421,0.704816705537165
0.189152258083915,-7.12856263144824,3.04128062330024,0.326865742080151
-0.348683459286902,-3.81083962166756,-1.3579602783298,-2.45090832873435
-0.584978384555924,-3.44772409936088,4.15395668940715,0.602345700113014
-1.42484179785888,-6.01350519680049,2.02370338073827,-2.69702428787179
0.498911476267526,-7.74090427462906,0.876048277423135,0.302106688339253
2.6556529484768,-3.22935703522125,0.468287092254082,0.898410057867676
-1.44778947104773,-6.30495030786198,-0.865032689942541,-1.11594248082308
-1.33494995992536,-5.57706401114168,1.28323821208883,-1.82742435503437
0.101253887876641,-6.26103697624957,-1.07108374457089,0.404189126104016
-0.922715604292738,-5.3080392250434,-1.22059347349072,0.0535305875618344
-1.9744449524348,-4.65039928074508,2.73059779855447,3.93156527475765
-1.50679791592436,-4.36517541425097,0.777239037275288,-1.50002159544303
0.317902113046744,-4.8050658266527,1.9868461157329,0.129969389642016
-2.96721939387749,-2.02104187353193,-0.806518877935305,1.0821356561532
-0.737916973750174,-7.66033970477499,1.14336608820589,0.409532639370713
-0.639686952473208,-5.02602022687351,-0.4991713567793,-1.63092301333335
-0.722054951073476,-4.31009348444671,1.29092349198121,0.246504580253729
-0.137384770622036,-7.12523805796319,-0.101913887344165,-2.1289291102595
-0.508489590274779,-3.8547137233143,-0.97059145704508,-0.528994064596376
0.800214477298344,-5.9752364018747,0.473174453863655,-1.48201503833354
-0.212436320867542,-7.64507990728568,-0.484746237719511,1.72687086712929
-1.66375019555719,-2.61428042798415,3.67194904948373,1.99503509194693
-3.73852718436985,-6.03346558897483,0.668488166189265,0.0652077269964857
-1.57421136715481,-5.37755808037568,0.484500717875679,-0.0726568940090632
0.800055541171914,-3.72431756245882,2.07316554324497,-0.474686357344569
-1.95963359580726,-3.19120289097983,0.106895834913581,-1.36061098920021
-2.10585747174579,-1.32886842263307,0.729570971048363,-1.48755658830543
-3.18018420003298,-8.20890139142169,-1.68378791114705,-1.08589953990836
-1.86586070262296,-4.21913944150568,3.10144013718132,0.434203297082868
-2.81820909850179,-4.28641602482531,-0.0356289576374585,-0.0500915171699927
-1.26965187778885,-4.54104499643399,1.39973511254431,-0.321299613272782
-0.712362308702626,-2.92345812425782,1.16234729641673,-0.166049907187924
-1.59249976115221,-7.29340769741802,0.757018224754927,-0.878141598932577
0.700042029515781,-4.42399276422768,1.22188898868054,1.12875679277171
-1.61625383346484,-2.61204023865725,0.9543443336224,-0.140065661382697
-1.07211970204857,-4.10461380059818,-0.555872050574659,0.548209068615292
0.866645550844641,-3.56496056145752,-0.834385933817571,-1.23258226223362
-1.51961338279703,-5.5162637514387,-0.418318994054455,-0.866138874327614
-2.03080888098523,-4.91929251397472,-1.43107619289119,-1.46726197462085
-3.16393191201488,-10.0971785902524,-0.402085847870394,3.58349259202217
-2.02742833847764,-4.85247568779516,0.504270609030782,-0.463051440248082
-1.94258623296994,-6.8924519761297,-0.297157910402939,0.838484833936079
-2.47173251039979,-7.51168612421577,-2.40879215534562,-2.2480662736866
-0.534457268578948,-4.40486288325581,2.61901749529305,0.835372585403954
0.590647667427176,-4.38060219870454,2.43359861102294,-1.47526402142258
-1.88025298735346,-6.38831497984317,0.655164227219614,-0.152845854311371
0.537048516384438,-7.17067095597411,-1.40782794144036,0.192391193225028
-1.96367494125073,-6.50827335489019,1.40308946674613,-1.49511633697936
-1.53181955511072,-4.00932538644577,0.0424494630449697,1.24561302171493
-0.244074440524868,-5.7903501373435,-1.13416342713851,1.37728670803072
-0.204149916504639,-8.21967370976222,0.826786321629124,1.4125981594522
1.56358523839679,-1.56904297827944,-1.54773563132523,-0.10219255024331
-1.35954509286127,-4.46223639898308,-0.106062448182834,0.0738942772771118
0.765281249584789,-7.16086717345594,-1.18069042341207,-1.06745492293429
-0.356953571294402,-11.7329935984216,2.03227559472468,-0.278686157890378
-1.76605530491333,-4.91654670263331,0.862819898650338,1.13470313237416
-0.939859358419669,-4.496736176929,-0.0874033924492017,-1.38705429672686
-2.70624939777662,-6.46244688590737,1.49249680110125,-0.0992615509600327
-1.68893067904895,-7.26413019615639,0.123734605629173,0.529478264032701
-0.693806545218251,-2.07966894397882,-0.796742766603616,0.0616682042578003
-1.85059256157966,-4.61621169275756,1.42606129958695,1.40382462066611
-0.767038444905962,-5.91011742791686,3.03327912999717,1.92059694499181
0.0348922763834828,-4.78438225363026,1.73880082904478,0.26014516483971
-1.803352594387,-3.70165298748588,1.5827778127397,-0.153886301907286
1.69312368751758,-6.53687807803592,-0.500618858619146,-1.29879119960086
0.273749771451672,-7.60933525286894,-0.621667523626269,-1.94323851888786
-2.29426548965856,-4.49962836846736,0.0779551564509653,0.093595796141312
0.363022902952536,-1.73498809439226,2.65671460937849,-3.28557914696514
-0.760065351416698,-5.2895832776257,0.0993845487590239,-2.39370500157304
-2.13944794963408,-2.82181157920149,-1.00444916869938,-0.0347476796417383
-1.97149858412956,-4.09458465919582,1.04778393059531,-2.34588054723885
-1.39391548664834,-5.21164229557797,0.14179357214537,0.953187466503761
-1.36702809404223,-6.52065599513951,1.64984906254568,0.09699347245247
-1.52291328216989,-4.72317021426248,3.06078741218991,-0.810863771272422
0.41615622023657,-8.86681982416948,0.710668684145287,0.712549613377184
-0.0619299016503125,-5.78997419306397,-0.026787694362234,-1.01348272954121
-2.51305237093675,-7.50693753225472,1.67342865246174,-0.24377440951665
-0.454235442555588,-1.61423461887323,1.33051224902008,-0.919518187616024
-2.91730016854665,-4.85733529141509,0.0796879917947058,1.53608519554692
-0.9237336352539,-5.24753071807424,-0.168312085828353,-0.675101220739994
-1.60344571436551,1.57317224088526,1.08602431224442,1.87741187647225
-1.44213009741276,-6.82263251430145,2.84964797118261,0.178053244682003
-1.27935388207542,-6.23164528687523,-3.6569436952871,-1.68507664960095
-0.761054462950902,-5.61455351312545,2.27049742003309,1.4078149450478
-3.23517751256997,-2.94297294929096,1.4123834619136,-0.115072545836646
-0.223834428491808,-4.34215471736993,0.146048870867676,0.763369196132983
-0.265341480474301,-5.14830526040768,0.0317371850270378,-0.500974475537992
-1.42338349878119,-8.44346472735395,-0.361814871959227,-0.54382049077143
0.1606831290444,-8.53274208218702,1.11887156420143,0.707343363711735
-1.98416916888607,-5.59529872615398,-2.41603830245667,-1.36322393216567
-2.41901078133356,-7.59067581376174,0.0356955575093158,0.621563461925763
-0.765707172438813,-4.85370664987583,-2.40305388653389,0.107873722037926
-0.630771732452847,-4.58572927351463,2.09817164033705,2.48506044826341
-2.34950797263537,-5.89445797802664,0.247236413204855,1.86993095920606
0.122176882720601,-6.58667519739572,1.04842219955308,1.63619679489513
0.0189079503447075,-2.90170712217904,1.38965690960079,-0.983999452316688
-2.08023996627946,-3.90343235122886,-3.7143875878128,0.758166106281332
-1.98888712273095,-2.04402553986818,0.370072148132039,-1.18215812308691
-0.990159721720784,-3.11480823692828,1.87633303299672,0.586516611164169
-0.498993225264206,-6.14473817875236,0.510717684344259,-0.575000593879919
0.0179660759290445,-4.75789535884816,0.875211940785903,-0.785921495146049
-2.15084192169612,-4.63643668353389,1.73871579974698,1.56727666804119
-0.863963551808792,-6.80044161158533,0.31272624651711,1.57302767372441
-2.63918143780688,-4.5115370831314,0.18039851420028,1.92938697064277
1.8375572465272,-1.04504358058733,1.51114591334437,-0.586052044217471
-0.184319489447429,-4.23893503059169,-0.126217997284481,-1.23551740771695
-0.778806128103175,-5.71714364051304,-0.428562410394603,1.67018436416492
0.495787439848709,-7.30958768061138,1.52629593177375,-1.01321385946239
-1.00583224233815,-0.819998046930608,3.0662481124096,0.655866783971584
-2.09927827877616,-7.02892281652828,1.02695520640898,-0.482499432166726
-0.371701610669094,-10.5338385750432,-0.0361103053706995,-0.514575267100433
-1.77714988703665,-4.89471077626084,-0.35537389954533,-0.849364303927047
-1.5864426121589,-2.49206077610522,0.527911123392923,0.501319052928926
0.377342760178921,-5.56544110295686,-0.526470961946353,0.63615658879385
1.0851118571513,-4.71059287454567,-0.469047001916129,0.96359073621302
1.11878879682741,-0.878871232640901,-0.836598182236457,-0.21325971511239
-2.09266015908188,-6.88815223716821,1.69658641855766,1.88640432910721
-2.66084262054816,-4.64544874389162,-1.08778695812286,0.0149664305891314
-1.49909027475953,-4.55283219798143,1.34409397326074,0.442787498272146
1.55636514206754,-4.74670185384597,2.98546402691324,1.5319854805908
-1.57682770056008,-2.91419050806677,0.951967761375776,1.32386141127853
0.499129110957032,-4.6175740032393,2.14963490465754,-0.105221996918733
-1.41807608259926,-3.90242073807757,-0.932298208371008,-0.235474306706955
-1.60036105593558,-4.56209877786823,1.33320731793827,-1.40417876274557
-1.51147265639101,-6.02584915224367,0.234530278212365,0.742789780112173
-2.34441780920651,-2.42559061373611,-0.161459750863293,1.06950042142285
-0.377675745054254,-4.70696460714067,-0.169255470617777,1.2788284267214
-2.44914742273336,-2.13546312756358,0.726283187596418,1.17689699386996
-1.40304604954219,-6.42531807646994,0.496474070208396,-0.761882542110958
-0.883468428524102,-4.22081688285452,-0.564918240551703,0.433119679729381
-0.959636510282276,-6.29871771311114,2.40634582923629,-0.936314853913135
-1.16021077773852,-5.82376004423123,2.00997690433326,-1.02778434542143
-2.80147144864056,-7.64436549881757,1.62521554139522,1.09527323114313
-1.17577780162289,-4.76945432943757,-0.357084139643831,-0.209160888714773
-1.55334692817369,-4.6523885932988,-0.801494896878185,-0.0712537857030473
-1.17667229494356,-6.22125148042611,-1.90655414748731,1.95790110756996
-1.58547598734531,-3.90632050922874,0.454878693468154,0.0394880403056179
-2.49549602241706,-0.656786221346257,-0.0595629951646024,0.0243766252761296
-2.20444783724808,-1.58720674041123,0.166788342271403,-0.316651323585467
-1.35733281147023,-3.87498931003056,0.450265790961386,-1.07127197616362
0.878913396701854,-1.26142132107014,1.80799121274075,-0.128361341057481
-1.6959998744543,-7.54921651951024,-0.149125635924602,-0.353167721982755
-0.563696181574527,-5.66122944616244,1.73803659287027,2.33195606305917
-0.266465189920158,-5.45480282450211,-0.0971359337196988,2.66934142877446
-1.73937183224043,-4.93473040961968,0.954796024271723,0.199503088482998
-2.56453524851821,-6.17489336680438,-0.054733603535348,0.894069746101709
-0.553735128181115,-5.70593194997229,0.786687403336797,-1.43501819592514
0.120249220095939,-1.85694510943637,0.467902367255911,-0.404407215843996
-0.590410681873207,-6.03954258950126,0.389530731707008,-0.398417878428873
-1.23060807842481,-5.56541694459916,1.21913324956215,-0.613887866850007
0.538883492561413,-7.20453041262259,-1.4151672987109,1.06075458223931
-1.73495790813357,-3.30922922522956,-0.00105517178360581,0.0310079435199065
-2.33036899144807,-6.84188917435699,1.40671650332213,-1.24951229155112
-0.892035824139235,-4.14016657951264,1.47649681337571,-2.84838837952454
-1.27029551794009,-1.86074569112135,0.23658820707285,0.0695042675716763
-2.40133312211978,-6.80623647193804,-1.04984031742166,-0.681688467376997
1.30484762154269,-4.83928404478245,-0.590253731718658,-2.97023600333258
-2.09841264169743,-3.18619318371574,0.272885246895952,-0.0332297334236697
-1.21980970218156,-5.38075406105257,-0.343871509982974,-1.0698037622096
-0.643691358930877,-2.85076950567312,2.44687809353123,0.273743495108508
-0.432255056956405,-5.15774521317171,0.890627764640369,0.700872029712655
-1.58826281097985,-4.77340523771829,1.17552037178033,-1.07561062232394
-1.57832493086455,-0.727589987487934,-0.315096594593257,1.4207967591611
-2.50038914821448,-0.485888973510272,1.68357924223406,0.742225085205159
0.442883420911245,-6.31050068715027,1.76721456039387,-0.299251335918723
-0.658679656122302,-1.43588532013867,1.74194275731276,-1.39959421349668
-1.10958886141999,-6.34968631312724,1.8969075221218,-1.58261292446163
-0.80394427833499,-2.94073061321385,-0.143128269604379,1.68589382010129
-0.896157332402686,-3.15473421617627,0.761715719076731,-0.294229743669857
-1.55200618936332,-4.47649002161711,-0.62818454918243,-1.81474895529857
-0.752624137551527,-5.53109141628386,-0.0353048628564209,-2.88298493451977
0.467529652812931,-5.99534813814056,-1.16152475766435,0.467788368051479
0.543310666647894,-3.59760490490463,-2.23697490236121,-1.63454093483352
1.32198269334256,-7.21530536872488,-1.75657209316421,-1.23427644147356
-1.82746628178801,-6.06415423502658,0.633746091931667,1.53048177334235
-3.30756128335899,0.206207564833076,-0.963044479248819,1.16345510821777
-0.491331644228263,-4.81067048122522,0.925258933840816,-1.07199082214138
-0.265091712892816,-9.53002341834135,-0.743289537286893,0.02215248342934
-1.63978371096564,0.587049753120606,-1.81541872072315,-0.905345106608275
-2.98285395886886,-5.15166913490522,1.40910883822666,0.526811685007533
-1.34394542754962,-7.82771076059031,2.07441422127628,-1.34707066698541
-0.536809477505532,-2.12944968501194,2.88803520341072,2.14440371953423
-0.665367082031202,-9.98042318573628,-0.172355653177921,1.37714230143924
0.305903290140272,-2.77368382244011,1.58378871430939,-0.627890521235999
-1.09482821906318,-8.41038722298637,0.261299359109824,-0.23202514038516
-0.24061723634817,-5.74481681839571,-0.34800339510133,-0.332527623432157
-0.0661304492016728,-6.74954046175522,-0.854458351393083,-0.580245425397974
-1.0625592371146,-2.85600127491153,1.00775832940416,1.99187128815773
-1.79721312184507,-0.634294738575191,2.66008890051186,0.5800969948887
-0.829971117996723,-5.59006236881864,2.16005333325601,-0.183126566593384
-2.11531142881299,-8.65049459793529,1.63563470762339,2.54236757599293
0.181403235448905,-4.17748079449601,0.668127842635499,-1.1307129162745
0.140577998937859,-8.0668142256389,1.01276751040303,-0.723733896289623
0.251302645469771,-4.8081018745052,1.05026149618191,-2.26859732446125
-2.76712541880852,-4.11781555990544,-1.81873297217795,-0.354559641465913
0.157566982322084,-6.86187364263331,-2.65582031583061,-0.388874067618183
1.00150964601036,-6.31067091374025,0.261922721268273,-1.22798611419824
-0.480255397076087,-1.11625824514093,1.05413432765331,-0.581136472459933
-0.271893412349336,-6.00716601659783,3.18970508933892,-2.16617458420392
0.426917992488207,-5.18330197360841,1.17670600692517,0.853879852187734
-3.20169610293186,-7.48295722538464,1.48160529171272,0.219485866705558
-2.56636168537067,-6.06808107228461,1.65932945508797,0.954592072126347
0.336051776819029,-5.65296491319151,0.70737259144721,0.683103435316347
-0.262616521667883,-7.87924673694959,0.824835811844084,2.46065656253467
-0.911757629607344,-4.06153159619602,1.308125679669,-0.971212072744534
0.184378575269192,-6.49092775127186,1.03334615747458,-1.06749206009123
-1.6982890727703,-4.66700151740821,-0.653207934573326,-0.661267047952381
-1.7709802889491,-7.72077306684738,0.627952226674539,-0.0149427338603019
0.289785558665762,-4.86921171032872,-1.47230821263641,0.624472801116365
-4.39860505221062,-4.92663116878499,-0.355692203298416,0.989738122563467
-1.66079659616564,-5.411284651734,-3.00105501803579,-0.510182583988736
-2.85678723730894,-3.01285882480395,1.71282395287327,0.104895133792047
-0.382434503456659,-6.40575270120574,1.23226964821841,2.06036994012425
-4.53040933327574,-7.47607891019972,0.30051881785311,-0.524622581598267
2.46457391842114,-4.01447983490718,-0.183440815890897,0.259420345220994
2.08942751621794,-2.49958853712605,-0.593549282706928,-0.210172881953972
-0.165657353283303,-2.82226885049431,-0.461035370195594,0.711605657651005
-0.549601920282117,-7.00814574016651,3.44705755406482,3.70761129456114
0.645467508228704,-5.69865606132944,0.612644269859827,-0.0726693347163881
0.496936042860345,-5.73443215050519,1.26074270295919,0.00869550525735163
0.100129706455394,-6.01413129779264,0.279764521038668,1.31965663551807
-0.800569403626011,-6.19226776858918,0.794682420755132,1.17996906584659
-2.56035497108261,-6.35806557979025,1.34832871390505,0.308455791934051
-1.97007116966902,-2.61246288466222,-4.56231679275454,1.33953268031181
-2.20428087359243,-4.82270930291453,1.30265922902702,-0.13214062053511
-2.19022388000284,-7.57286746061443,-0.207047584941252,1.337447442845
-3.74447573111099,-5.27004487678901,0.817790101557921,-0.898946278180486
-0.60287101615051,-6.55359269019122,0.480497123082359,1.77423024139699
0.0889141475339335,-3.24909250999852,0.255709408662513,-0.986392380242452
0.47345342954044,-4.50456420763089,1.24631583502819,-0.0995598071954719
-1.4098085508291,-3.72110904320055,1.54627346769353,-1.56117937465117
-0.232093707326386,-10.1246548870402,-0.273312451129995,-0.238094137036421
0.466041453595854,-4.92477044182372,-0.33272108228802,-0.994651456151897
-2.82049507003861,-3.39644616829651,-0.267980165802278,-1.97494791598855
-2.21688523094064,-2.70396486629565,1.78152151214616,0.227351950373993
-1.19580388094047,-3.43481281936652,0.558561067800867,0.209951902587254
-1.39571072716001,-5.92062958316164,0.408173835446159,1.04242218879143
-2.33704539035548,-6.1775621508603,0.012827333872764,-0.408652294720854
-2.35326193195955,-3.60401918579517,2.86648796722493,0.912928943468754
-3.17611060833185,-4.80107757806324,-1.10847354086278,-1.39349798899739
-1.32491986937874,-0.614735613029877,0.67807206549612,0.418766785652748
-0.954736459328422,-6.39786952441689,-0.323512587585604,0.574301169094585
-1.94058072893892,-3.11808944035485,-0.309692141086091,-0.225320997632142
-1.18952316072028,-1.4674677073591,1.34769132818518,0.863837757259122
-1.58375140088324,-3.36078654354984,1.54248634894449,-0.84593862559449
-0.847830054543519,-1.17630446916257,1.51879859113625,0.11259625097941
-2.78068765461274,-3.10335433898796,-0.276722104992038,-0.0716213114592352
-0.292490794469765,-1.44348722056169,-0.934453548867265,1.03762161338216
-0.624618647661507,-4.62483146127902,0.600947814002285,-0.24478756266997
-1.3287533361459,-6.94288913047113,-0.245076506371819,-0.259275610688264
-1.25383978921308,-7.33269417539571,-0.192931813848471,-2.00897012862563
-2.01267249171364,-6.64562603333782,0.945239687021058,0.253481975525729
-1.016592932255,-4.44727131798611,-0.941405109450427,3.18246212327112
-1.30725263801847,-5.26062544036444,-1.22394871793218,-1.40251369111651
-1.79316480148686,-8.79780881101773,-0.376038865887209,-0.586931186894356
-2.90733374199109,-6.70795213373247,-0.220662559469076,0.0167401882612618
-1.56003567885219,-1.91642928493235,0.549247598815259,1.70404671577545
-0.842219225154037,-5.85101076051299,1.31461476105709,1.34466783203095
-1.70181165775743,-3.55811822426209,-1.92124067208835,-1.30185690044374
-0.993841574885696,-9.46322867052442,0.546008761892583,0.53675636669056
-1.59066563817654,-3.93295852006428,0.78870323661256,1.21331586083088
-0.81359020325125,-9.30853242651165,1.51573321421924,-2.42068657706027
-1.18434849737121,-7.30995024570892,0.495120993328617,-1.75202365975592
-4.51906396250277,-5.29662062307662,-0.49131161679722,-1.32182209163375
0.550360318521563,-5.94572753011147,2.55123563362474,0.572130160744428
1.1164422093161,-4.31820095422872,2.08301747145759,-0.322097188164358
-2.56150874135736,-9.13534631514948,3.85159297910506,-1.05263937274122
-3.2142498994323,-3.69015433423924,0.481814366205185,0.145667443514988
-1.48664450930047,-0.152400106639892,2.10324644554186,-1.34082573824669
-2.82792085963783,-6.60585844919702,0.183485192362793,-0.330683134300966
1.25479412705887,1.02103585203628,0.693645299068544,-0.387956130273901
-0.813711800177557,-2.61268335612307,0.677882109642672,1.06031407335897
-1.9326721831739,-6.98946486675225,1.53002482983206,-1.43752158621488
-0.422451951705889,-2.56623677938351,-1.41384511758466,-0.412508854468837
-2.11359082973396,-4.20851336654376,0.863267411145832,1.38069629368683
-1.44482957736599,-4.90432726977737,-0.696851066260577,1.27848264849497
-0.951440985608895,0.940470443901869,2.16190706868198,1.72535269979931
-3.44673037613374,-4.46487143421815,0.762196298419119,1.54375553796654
-3.9835435438921,-2.89695296872644,1.65852743935885,-1.44842812715479
-0.117021336618594,-4.74527409802162,0.184604848528139,1.254103905208
-1.13824039478626,-4.50509094612931,2.9693525947248,1.17966733090252
-1.16546168178683,-7.31923065398927,1.32761106009895,0.804575827892399
-0.885083170245945,-5.15209217602927,-0.967996207211493,0.71735853201916
0.435033562538667,-5.10084490532096,-0.131298937461538,-1.49125774442642
2.67051564262826,-4.59573186064057,2.3439512290939,-0.41144157559194
-1.64258206710862,-5.72766219266056,-0.46257244539924,-1.21987097482487
-1.33412596962185,-0.831872453170794,0.904782552440431,0.71509842529423
-1.27200374144887,-5.26738799257082,0.691813896645622,-1.26408016572157
-2.57057903266804,-3.6938084914764,1.26783251320608,1.35904601719729
1.40353219168085,-2.59738865640915,0.135574770639397,-2.33233138083825
-1.32729495660506,-6.80714527051934,0.602865121196151,0.135294689236979
-0.728569491713469,-7.40253797549533,1.42370593593941,-1.18393446915939
-0.324346803381476,-2.22863334402818,0.699254472416542,0.548421447060686
-1.12572693822525,-7.76394196162777,0.628496560080144,-1.13005044650451
-1.26324069479332,-3.7750388044061,1.35394475909001,0.273672901719898
-0.0205401921712962,-4.72539372643372,-0.255011709938288,1.44800187731336
0.0397974700831417,-3.17782120758179,1.27618919756659,-1.95152398308154
-1.88353490021406,-9.5684805299712,0.894270912797362,-0.912768209431934
-1.90742246743117,-4.80431312505948,0.639388459859296,-1.01026775094985
-0.425494617962935,-5.18275408501622,-0.637650669003933,1.83213782341467
-0.0554756217483326,-5.08869035007201,0.153790690491556,-0.825635946844061
0.0205957384720435,-5.53546225293994,-0.678842728298205,1.08463435976329
-1.24385989701497,-4.06688808448931,2.40680477854635,0.63114630518642
0.130527016670883,-4.95242325117575,1.71221539080993,-1.07739569876586
-0.637891811825658,-6.89796644212241,-0.39795767465215,-0.334361766255957
-1.70724603971224,-6.33356965392098,1.90514664369049,-1.17702829451172
-0.0332333273046354,-6.15254340605218,0.726833282352434,-0.659894150217181
-1.6513595587947,-7.5678369465207,-0.899805879620231,1.08095611537264
-1.89231893921939,-5.99093654797206,0.47512482364582,-0.34815043805329
-1.20619671804085,-7.40121780958062,1.25587289732735,-2.22384056580164
-1.83425491311011,-3.85311951347221,-0.746537479842225,2.45953922247355
-2.30373943504732,-3.52565206943644,1.25387577961362,1.28669910313668
1.20577012647658,-4.81077731034321,2.75610136308596,0.611330891471694
-2.1867025062484,-6.33695810612853,1.03729496184641,-0.476759404784064
-0.694448393807902,-5.01306964392939,-0.991969442712967,-0.779062324088326
1.00786164752902,-3.16166394758774,-0.342660906003957,1.37087462802148
-1.28563043454043,-4.52527907185254,1.35981166569204,-0.583849207665163
-2.05317830518205,-10.7775025651863,0.345646041015357,-1.39902012430764
-0.964396567035108,-1.75595102948379,-0.627292772702162,1.44311933198197
-1.83107412640833,-4.15039216742191,-0.801561314177583,1.55679107301865
0.275203399287341,-6.62589845826034,1.11387377031946,-0.303896225338181
-1.32724393493954,-6.35625755972801,0.21097278422113,0.69698020552158
-1.46719278569761,-5.63400980330691,1.09303445180023,-0.457865819281642
3.07611173164387,-3.19501231457393,0.348061660380389,-2.48503691893805
-2.85289370419349,-0.223997218606953,-0.209098395563274,3.25261095310569
-0.975219811208375,-7.35067127006633,0.739561444068119,0.0127688763609945
0.129296604031314,-6.93268716921523,0.72392493949637,-0.813664913928719
0.0661768769260563,-2.29355389597445,-0.0223643358852466,-0.851138051096096
-0.354627046114239,-4.97247280751517,0.651123095734237,1.30657580667822
-1.50332381938352,-10.8371825872728,1.81161135647562,-1.92962558812267
-3.57860695010754,-6.49995522338451,0.404847058010913,0.414983678338163
-0.736303314726376,-5.15994394909969,-2.12097435163779,-1.25368030613021
-2.3120690405827,-7.28298126519555,0.881221611518095,0.896097562100306
0.607835637958587,-3.36646787850926,1.36021856488678,0.65138661974073
-0.149274730066622,-2.54799289239568,1.43053821569901,1.75717781580292
-0.613250871034695,-8.27226858718434,1.46329085358579,-1.60632673695437
-2.51650074386271,-2.1164711383684,0.679681916458194,1.71218774724137
-2.78833658588067,-1.53171691660806,0.969895147215038,-1.67610255991353
-0.25911892404594,-5.33136173269176,-0.891416848010459,-1.53534351223204
-1.1663297316646,0.694193698696349,0.761912141720861,-0.873119554371198
0.149262803525426,-5.18257847097954,3.0477857793129,1.24057877569093
-2.15547541337719,-2.91804550657947,1.27903455193943,1.06345226570676
0.0956625055808299,-3.8829711603648,-0.351209185288735,-2.12862163978578
0.171749349011892,-4.14679766216594,2.26238930314684,-1.09754866409172
-2.36570501678747,-5.6355839757736,0.37772428800683,0.438140168140025
-0.926255837452348,-9.75773015162619,-0.387968338711853,4.24475877794119
-1.6207198478717,-3.85910011641449,1.47114215332842,-0.658318202189522
-2.25699211033565,-2.79347304189064,1.58043867455105,-0.507274554118987
-2.0930688848593,-2.24425000638136,0.560712089432637,0.175195512707276
-1.4916694422911,-5.98902903590433,-0.106812608818533,0.211379536198857
-1.8589152512234,-4.79330757043265,-0.715301961467798,-0.78416633710561
-1.74412443195372,-6.0354260481325,1.06563394516955,0.706910984926689
-0.804936129032701,-5.77771791548041,1.46795335377948,0.911753368552962
-2.63902292759455,-1.26874151801236,0.964688927332106,1.26819246100816
-1.59915377628707,-4.81314895649813,-0.0997610569859781,-1.49597288697803
-1.4680693418824,-1.84803718853144,2.21944917319638,-1.00127264847368
-1.3572227554284,-5.35317248517059,-1.60460471626105,-0.0535904113014473
-1.86883074246874,-4.50005495801105,1.71331385339419,-0.843377226458865
-1.0644378077045,-5.11715266711714,0.164020295136782,0.971886304367222
-0.660429690411567,-4.34348798653524,-0.115854667029385,1.36016030847359
-1.59359253848515,0.979643811279516,-2.17750325881676,-1.21513597362321
-0.303779292634343,-5.6731920281661,0.0160796037522553,0.671626201701058
-2.70169591280854,-3.39759106365408,-0.225176894928197,1.29821984228275
-0.730340974408791,-4.14589078624832,0.954236120335899,0.714521990835389
-4.10745121227885,-3.14927558352913,2.43097208734835,-1.57771549887198
-1.00380035943532,-4.14406597553039,0.783014987145091,1.52195116087957
-0.722192610190789,-5.36413240214453,0.071949335172856,-1.41470014870555
-1.60732452232768,-6.34500905419594,2.05109335699148,-1.02765293197559
-0.408834031647961,-8.1032503145535,2.54090526180068,-1.25531165386453
-1.61626914044252,-3.62208605427589,0.0645036681732309,0.481450276273015
-0.317192463598756,-2.0467574246075,-1.88114549971595,-1.47480616795664
-0.111596787892333,-4.84638343340113,0.180730813246516,-1.09852447460368
-0.756526446320396,-6.74994631316444,1.41514105543197,-0.533319901365034
0.543015066578741,-4.97560637334343,-1.08265141240994,0.569763852389697
-2.80211201294827,-6.00978136144884,-0.319616623075842,-1.92082287630918
0.579360904462643,-6.558052519511,1.12510978751545,-0.833058634788334
0.429492477129494,-2.76586501233744,1.79394834653454,0.234805957673245
-0.791635530690726,-7.06834798403284,1.38564925236017,-0.179590685482312
-0.822819948639642,-5.1294110081065,0.243970733118317,2.08658512422876
-1.83729984628851,-3.35624252379456,0.459749391375052,3.10859157280449
-2.22558852110072,-6.24236187738476,-0.261972811204529,-1.18426898093579
-0.74893045397462,-6.58274243107902,0.153628009857034,-1.462434158695
-3.31288645467229,-4.92800893438912,-1.17067918274986,-0.025761470066117
-0.991636614612508,-6.80406741397503,-0.434880840563951,1.33019351506119
-0.30480464801664,-4.14645602017217,0.23159485606959,-0.144435823971402
-0.900734651245773,-7.87457791185589,1.63293772817475,-0.0383870695526972
-1.35804938382567,-4.08227649365444,1.36353977098581,-0.995326478537088
-0.45443566292791,-4.79779773784063,-0.874699493690738,0.935394918550785
-0.163251617542677,-4.62920009292048,0.162171699761538,0.414332614268665
-1.62807136057473,-5.88708806283746,0.617437307037656,-0.349700433308
-0.928164880255057,-3.84312939054177,0.878426931809917,-0.440152017503448
-1.78592306040498,-4.67499515921732,1.73341510737101,3.14364244059381
-0.871003980897307,-7.65986283293729,-1.05594692068855,1.47907332387026
0.650485176517283,-5.8808480171638,0.68871616925672,0.646006712839841
-2.33739632765836,-3.08030538058107,-0.335020804137796,0.324516878185606
0.66749074117123,-3.95319730902906,-0.615022204048083,-0.0646511902669041
-1.16194556595819,-3.73181437243401,1.99710616794152,-1.37454357756812
-0.903600641277291,-5.50560756778129,-2.04689360961028,1.66566653306753
2.04185313742681,-5.31364502608438,-0.589500069127677,0.289078718538166
-2.79091569947053,-1.25873509933839,0.100718792407883,-1.79238064611745
-0.912559281681571,-2.700258436315,-0.0312709462739385,-0.823498949822252
-2.38336310888261,-0.678162654305894,-0.292466157243947,0.590056016876118
-0.953744253629597,-4.98165908693601,0.167203131715606,1.52944173829147
-0.345220386177115,-5.98585878002541,-0.116026121329967,-1.43057261065124
-0.518715769341171,-4.01384646047292,0.318272841336554,1.42066427190816
-2.07257061185689,-6.01186351785214,1.6587246161932,-2.19896038143991
-0.414535893530518,-0.399412997052443,-0.68414287448008,4.47620259452177
0.966111933597122,-0.54739074866961,-1.13892618534607,-0.232667418143749
-0.492320936560506,-7.20034815444904,0.0681541402068125,-0.590063415614357
0.200011971687193,-6.15605784860495,-1.44248064858012,1.2263110504308
-2.18634064869521,-9.67855755503747,0.7963638461884,-0.550941465619134
-0.0547697218674128,-5.25374017539448,1.39140821693332,1.36148408838363
-0.701344514189081,-7.18612009858376,-0.832558114807169,0.235091563478856
-2.76017445544824,-2.01445610110214,-0.75494894813396,0.104627758726111
-2.43689565316478,-3.47780283414522,-0.501670463854054,-0.335867569294755
-3.5617021293089,-3.68498212860537,0.559914549402807,0.206290770381233
-2.89179176057531,-3.17572583442052,0.946758035721759,-0.526405111416558
-1.30163610708549,-2.23495475888224,0.364921678094827,-0.423372786540277
-0.61967436355095,-5.41164481013286,1.35975377776212,0.138633320260137
-0.605037534411476,-3.49854115903484,0.762887516785322,0.761324802643456
-1.68770272787294,-5.31660033246802,0.94071139181748,0.403581635604825
-2.71825352156148,-4.89668466226191,0.130113615648017,0.751470134371494
-2.42345989955674,-1.69647886456523,0.172595616671377,1.96088559736657
-1.21309420038416,-4.90096595529843,1.33170943866216,1.29030169062401
0.728802816282034,-2.29129237428758,2.1705829578247,0.826732495796703
-0.728493878414678,-4.44517211486095,2.70455611689159,0.395648601408311
-1.60368434721195,-6.26233090379304,-0.841131311818535,0.187349907732207
-2.12999894712653,-3.34696054757032,-0.0381322578019635,0.613906140983211
-1.41540512613537,-5.87070805171131,1.33757177772019,-0.0131540493731367
2.19551517823595,-1.32182042915821,-1.10102215067487,-0.0516268935329269
-0.429256890198582,-4.90093144834128,1.77162738909678,0.635779599752294
-1.11881025046437,-2.58575963907111,1.68717380832962,0.562092008949103
0.29740593105931,-4.21560339798538,1.34612771967466,-0.11049825776698
-1.63562477016595,-6.36695975048996,1.213934292924,-1.27920777064872
-0.646479604061573,-6.14238404141882,0.463535935256237,1.72597985003706
-1.62184699039087,-4.56541165135411,0.690049181483967,-0.152783507916701
-1.31833407650775,-1.85390233230226,-0.27812775330095,1.3343274460389
1.19927860451334,-2.88561760576374,2.14772772206831,1.18034418015264
0.276080284700498,-5.30477330350185,0.591622514706296,0.0153184898058618
-1.96015183791538,-6.10514495485536,-1.72270145333199,0.510900208779171
-1.77088197009456,-2.5765276495925,-0.337664071147619,1.9221921229507
-1.69127397373057,-3.29910617331726,0.378250492065417,-0.715419552082513
-2.00483563692397,-8.80994548889699,-0.9431269302998,0.713828314219808
-1.60976085841165,-4.90817186228422,-0.06424374974492,-0.486270604504218
-1.58604168111086,-3.43518087744228,0.89235206715449,0.676759019602735
-1.6594263182473,-3.59649787668129,0.576131024750333,-0.54153165266103
0.159286884516316,-5.03749704850694,0.793275637378308,0.201811986792881
-1.8114171405815,-5.47087887092315,0.570093298744077,0.167773575630449
-1.14740463133299,-7.3388373712256,0.0430777697914377,0.527559170289724
-0.439913256881165,-4.20894045863038,-1.25942778186371,0.559218078895103
-0.983132909680003,-5.13608874551755,-0.331980381387899,-0.79453328616232
-1.41047231748601,-3.68978911575289,1.41214408339948,-1.59520777195689
-0.44105468429984,-6.60148343359501,0.0396325487579172,0.664454371900938
-1.16219207751805,-7.82562561287467,1.04778376805944,-0.531403526323191
-1.26912979376705,-3.71696971397822,-0.153438673408107,-1.62749001487065
-3.61682387775842,-5.77754780129819,-1.29541184791592,-0.189795279950668
-0.235647609123788,-5.903052974444,-0.37761828457866,-1.17472945745071
-2.12973572355895,-2.24891901000112,0.699699009930317,-1.36557940787193
-1.99094569029354,-4.64601380460778,1.01880443956072,-0.0928773319579808
-2.66758835092639,-1.74423599848149,-0.213497689676812,-0.598466272637028
-2.16481516374965,-4.7294399654426,0.138701263769212,-3.4953533849633
-1.46734874527777,-3.92203456331856,1.64869443579215,-1.83945999307254
0.9907122978418,-2.55808362287451,0.0570695597323361,-1.66092765689118
-4.62577235934125,-6.09179387255857,0.391026740053376,0.133287384011714
-0.108572111290097,-6.82956145176609,-1.0770873287091,-1.94237323365225
-1.63227941978083,-3.68966978480222,1.43840336805891,-0.351626027902043
0.181007021572972,-3.24655285693115,-1.69619318342029,-0.40998734805675
-0.258117769263372,-4.85012253190411,-0.0748473638428866,-0.111249878905155
0.026070545791702,-6.01626972908875,0.62984752734792,-0.913194004483574
-0.133243364823756,-6.96073421292692,0.816368840980229,0.460755048620518
-2.32979066520154,-7.20282597547839,0.0728225045356854,0.466086291987215
-3.01142279172452,-5.9930333101444,-2.27191740777601,-0.154043619915601
0.284209021059525,-1.78540073823589,1.26219116568577,-1.85928479463152
-1.8799266940651,-3.84693452232486,0.392062932428674,0.819096583846807
-1.98520229996768,-6.35765141501329,1.20477220527769,-0.228249199885333
-0.725749403899998,-2.92249722666712,-0.502826949072568,4.09238995211061
0.607836021815337,-8.89357443665334,1.73120736550707,-1.25341285884997
-2.06519099838153,-5.58971540175041,0.713076216181874,0.24539737357508
-0.81724713768509,-8.16592152179692,-2.34788053828983,1.06359298174173
-1.0038054276569,-7.75238776969622,1.07010921462063,-0.145722262304892
-1.99511735300221,-4.95058026079286,1.11538562951757,1.62134247933037
-2.28604982053722,-5.78984143109297,0.841396456715914,1.3025061105172
-0.812771815087775,-5.42009148225034,-0.178582536056412,1.6887949582509
0.117456002770876,-4.47422406681237,1.87223201613012,-1.96009919228784
-1.0814363612698,-6.18533151309207,0.173781658993468,-1.62559488124586
-2.27709378076871,-4.75678677626893,2.82737558206935,-0.20460377343511
-0.696174703960206,-4.66015563600261,-3.53914255916063,-0.673870584763151
-0.983398201339781,-4.25453147711522,4.12699391083373,-0.758999095439599
0.299526055814784,-3.40048934722838,-0.743427821213878,-0.734079576434628
-0.173668319573752,-1.53766508553595,0.855578176599183,0.015157777346157
0.18230361961403,-0.903301282636835,0.0389030980990398,0.183880996802531
-1.13786541858181,-7.13027490293635,-0.230306365814559,0.700465715005408
-2.82048617495529,-4.07722158299695,0.165031012699082,-1.18147306078421
-1.27944952522545,-5.4416411963947,-0.709215684400398,2.12412422953776
0.391948094446488,-4.30262302496245,0.808037223260766,-1.10171366855242
-1.35811536031093,-4.62206173692223,0.762784686697379,-2.11745385591984
-3.18101640805101,-4.87355360268066,-0.229884530789657,0.280096236210625
-1.1906405262287,-8.33363528842293,1.33317643527237,-1.10967007082335
-2.43864281380344,-5.85374047484226,1.32582884806809,1.77723721030174
-2.5256350985868,-5.09547856945807,2.2227263851034,2.13631392906476
-0.740622923671752,-5.39430822155124,-0.457981322464849,1.7947368347774
-1.82928086624019,-5.17590163395228,-1.46202685031,0.581381242486887
-1.40098987298144,-7.54681320604563,-1.60465433625132,0.00937646476075457
-1.16186747394585,-8.47197995415877,0.58899088647298,-2.12264522318015
1.04919847037108,0.82155289873628,1.92307427776689,-0.0177844140681451
-0.100672133423862,-4.68011979860976,0.707487032987065,-0.43526189402998
-1.83060851786384,-7.39287126940375,0.384042181815749,-0.604639827816619
-0.690507523581561,-3.54145075469038,-0.368036612356486,2.04281333383731
-1.14527501254107,-3.65105843971942,0.766387516100518,-0.627591237267888
-1.81496763915706,-3.0775780510745,0.779649702966086,0.171917844918003
-0.753160417602785,-6.53828921108112,-0.409296602582061,0.194646150920264
-0.500652187668778,-9.54478946410933,1.29318768413158,-0.594760956217063
-1.13635448314142,-6.33435899604134,0.21199752435034,0.659126336462828
-0.216210264701425,-1.45123929539574,-1.6055500913008,-0.493437366278428
0.904810361371964,-8.37441008198041,-1.13984135197313,-2.85873549488344
-1.17687751065356,-0.986279729583194,0.0517640388016685,1.40157116820478
-0.88252716319765,-3.01567567162864,-2.15720816720308,0.214914243444391
-1.5554367190244,-9.61888573176739,0.782476600145669,0.504022009382484
-1.61678011846769,-5.40945932455019,1.63375418836003,1.42930011136342
-1.52375575847345,-7.33757976930888,0.0882623919817353,-2.22008693420058
0.306096599186284,-1.81214052230509,0.98430108369414,0.241301828954018
-1.15100874474363,-3.92604846955629,-0.334944180038734,-0.619681553836523
-0.478307231827502,-4.0452768136881,-0.115661986012546,2.17847975008475
-0.587694334926573,-4.00626181516944,2.52488936636131,2.83436145213362
-1.51532070558253,-4.23910228480454,-0.51315384021449,1.407713616499
-0.379757903075408,-5.72733663966469,0.303727291158412,0.387086240339213
-0.442199625217268,-4.9012677386837,-0.651107181476134,0.331410694673129
-2.32709642959095,-7.32887432609744,0.815206339000782,-0.348519569444037
0.733063283145108,-6.73519695703981,1.60462742401505,-0.439398074332098
0.243290559194909,-6.21803825158021,-0.528900422251592,0.289001832579591
-0.483686431963756,-3.79616603917552,1.5112598784628,2.15797521648904
0.812122966802525,-5.43625636594546,2.37520832691393,1.1248007706274
-1.7802247753188,-4.7982388747809,-1.93186882607059,1.16319723150176
-0.206528051069285,-5.92993339241311,0.0362285145743171,0.435350833813511
-0.938000329584076,-3.56624719648539,1.33072215767681,1.81401206233052
-1.58900775767321,-3.07758832514879,0.771589362409182,0.017168125363558
-1.83906263131556,-6.13322064600729,-1.16894413730987,-1.16814319882583
-2.13891539114256,-4.76039697592003,1.42497013144979,1.63267963308529
-2.35334750046741,-10.8138309606721,-0.920523118123264,1.35948219329214
-1.18571124780095,-5.89486820875899,-0.125117212046751,0.871818308676364
0.538613528153305,-4.41981369948742,2.70906279686146,-2.74284124920284
0.819165879091719,-7.91709637651506,0.361559651526638,0.123593067624855
-1.34968660746759,-5.08483595666002,-1.22736448238771,1.11679208139043
0.0499124326041018,0.200734280318756,-1.46057137379534,0.352096403382753
-1.43176053301958,-6.99392881325708,1.13201379427153,1.35686145625375
0.759991427157942,-6.44554997402981,2.79301358367019,-2.2600688150082
1.3648823891124,-4.64448249690708,1.0848754979795,0.975429433970396
-1.19150486353517,-4.64916806505476,1.59048604061768,0.690274434993589
0.122683245545473,-7.31669520343792,1.40517838033512,-1.41373848808523
-2.12191782591901,-4.03067484758904,1.01198180864369,1.06036928574654
-2.03823540956533,-4.08543810277414,-0.670893587857202,-0.483421067390805
-0.851275175720335,-5.84129977117132,0.973961722042216,0.446394348683017
-0.0879457382136833,-4.15360900063554,1.9187276629023,0.357339054373469
-0.986227667910484,-3.50105572539012,1.01998006679676,-0.765662982698697
-1.89614376537784,-7.03566032993818,-2.29128821548943,-0.42282794999181
-0.617174914052279,-5.31288370216476,0.945464744854502,-1.04879480817012
-0.0957677321233855,-2.6635056253531,1.38480419091969,1.12337121937004
-1.95451421694485,-3.63177786133736,1.06627873420777,-0.48070788444824
-0.440369758348562,-8.02530287695176,-1.33779062001854,-0.118927076573806
-1.63197276339342,-4.93461943129087,1.64384316963036,-0.423878937613535
-1.49926542926497,-6.44062941184898,-0.00873679677027051,2.3134190875022
-1.53354925640456,-2.2766861294333,0.620483639524272,0.0656136639251446
-1.72542143383155,-5.94688324403249,-1.45713207279092,2.28058693575102
-1.64495785713024,-5.22311837895657,0.825849674027739,-0.744556264931004
0.369717970899655,-0.526201538486429,-1.18011019941368,-0.716103162963996
-1.01961684943092,-6.07490697499358,-0.746087369661945,2.36560799048938
-0.404965575091515,-6.02303068763777,1.89996442895008,1.32268189006179
-2.44559058613535,-4.48490650672569,-0.66061844441949,-0.496847380745168
-0.798282360751648,-6.23514495945261,0.120071221927442,-0.601334893129118
-1.12793384372895,-1.519433907109,1.374925699431,1.01802598403327
-2.25180349919106,-6.83381713908731,0.863273958017684,-1.14250508763109
-4.0346678469897,-3.0255010762,0.776961824033084,-0.141394861299905
2.29348948674351,-3.54967754438287,0.438446438015957,0.378797600658094
-1.17487048823216,-8.51434997534748,0.208650502009109,-0.287682829929291
-0.751531885174479,0.174599562798118,0.600561939972281,0.913523045371777
0.144009890165298,-1.91318314863251,1.67075500522202,-0.0117002695321372
-2.53032088707269,-1.67153896968319,0.293528611179472,-0.984801065082338
-0.925184386416601,-6.85445861529316,0.247885444650705,0.0932009967680263
-0.205533315037515,-6.23198029058844,0.547004931068946,-1.89227477175307
-1.62866553105358,-3.79151737400586,0.920438411724909,1.15624673004034
-1.70658789604205,-6.14004237829182,0.738911231083386,0.350978422859661
-1.63096371929183,-2.4837930081133,0.271164037195831,-0.228157909769691
-0.718242906304456,-8.28469513396219,1.98194103289362,1.18112365648896
-0.214574831066318,-5.68641797249668,1.76300664499329,1.18468460022852
-1.90135165740787,-3.1239063324354,-1.05677859860042,-0.660260686748571
-2.08450029890976,-7.28691634877668,1.75749267289894,-0.730175334536078
-2.12430436518973,-5.35049063340926,0.50885927200946,-0.869173305362323
-2.1936836276723,-8.23847945630461,1.22599764398105,-1.14270129277475
-1.90861989979227,-0.508548080642101,0.720230603196292,-0.231164106195888
-0.763891613258958,-6.19733350258947,-0.551589045988635,-0.147206022719616
0.0751842114844642,-4.93511785963906,0.345254238381174,1.86698669491674
-0.423210797552015,-3.25596719507203,-3.48765435049999,0.402116791462468
-1.81779430026848,-1.09792731444358,1.4947910131101,1.77532712531494
0.655200411503328,-2.30866383443681,1.19878824768465,1.52299437162479
-1.70426230910924,-2.45084378859573,-0.138773402472504,-0.252335748508236
-1.49974921216855,-7.83437462548927,0.144314304163498,0.517737771287383
-0.313905274211288,-6.54044052459808,0.782902404419127,0.0454287805110245
-0.406105315327655,-5.76863857226912,3.45902046741753,1.00769528404777
-3.53350986207887,-4.91413340439812,2.41156384479381,-0.47399048878665
-1.78870579340395,-2.49617408056596,0.81974966535376,0.503631811162036
-2.33242410270189,-4.27453344180192,0.515996271225521,-0.87123469140687
-1.82789351213133,-3.20297418473908,1.70381324312486,1.07489536551453
-1.07166169964153,-4.44823984297209,-0.13602867723579,-0.882946849623408
0.303436316242411,-7.57617082220973,0.0710810918374172,0.9268786243908
-1.43199435499476,-0.486999332447953,0.189376379466448,-1.16552040975981
0.667093004024981,-7.50420539303753,-0.0836880534815698,0.217562579179344
-1.33567953382017,-4.594151540601,1.63463411511435,-0.800024431155602
0.00563859745017625,-4.10972283107488,0.619004151616193,-2.40925860592592
-1.7953309854219,-3.21492165136612,0.747089903280717,0.0633870890712262
-1.24232277219335,-0.677668853340747,-1.6417867690499,-0.303992018588053
-1.35544461029012,-2.88397689796087,0.883155768582878,-1.88302596713
-1.67162865525532,-6.56758618595477,0.981738302934201,1.31012541815724
-1.5578479067683,-4.98246435054693,0.180734735625319,0.480495286094726
-1.22544571756204,-5.33472992969495,1.83078838794092,2.26712646239474
0.548916973508947,-7.03598285241661,3.00777458796243,-1.48654613923747
-1.53796419381463,-1.79289303345567,0.666096210317952,0.610030761159047
0.951419033419834,-5.20886607163357,1.9420459692131,2.10125637162061
-1.18935829727452,-5.18530340341699,0.958761549895948,-1.71200809732575
0.746946075189883,-2.79300608067669,-0.762189013771158,0.12919375082832
-0.77551641884915,-1.86078491903875,-0.469105843120682,1.382785815738
-1.10551383266854,-3.87398627960833,-0.121334051220411,-1.44058341895639
0.70482321958515,-10.6989376955797,2.95979230794202,2.32708826067373
-1.13454993278505,-1.89155907712816,0.865519247105319,-0.328131937960173
-0.858286702040896,-3.10125136709049,0.425169002572254,0.332453723733251
-1.65227347168643,-8.1175868113509,1.44145420190118,-2.03025599864576
-1.68693031450019,-8.68371945868789,-0.913913573925636,0.778583429664864
-1.31020570807457,-4.0858266824251,1.24284963939229,0.0740916955483423
0.444039236073589,-4.11953225524258,0.793916710097791,-1.10076088313474
2.09115460085124,-4.93827967504673,-0.568519763476255,-0.801543446025623
-0.270830269714752,-4.67180722893451,-0.588806984422902,-0.503068252396009
-2.92577256097652,-4.34396495165189,-0.66601133462194,0.117057662037936
0.14643231561139,-4.95842288911581,0.552851198353567,0.278385201322173
-1.95024337334065,-3.56827179399925,1.03034217121709,-2.15446332588782
-0.474297358756706,-5.88369978751152,0.0581088059795408,-0.382849536454933
-0.447961681765026,-8.59195570284112,1.01117212662931,-2.00749824971564
-1.73412612342759,-7.64630518694828,2.05430194448563,0.401804375505431
-1.06966143985445,-4.12129517808567,-1.27901335959132,-0.863565316712364
-0.358863240496916,-3.98826192541302,-0.152438035862393,-0.357257777253508
-1.9850852361544,-8.68556043513856,1.00997759307666,0.123319999787451
-2.74930319449039,-5.9366093545864,0.885741479797877,-0.551426840930565
-0.0104142816966017,-6.14267973840398,-0.434856920779588,-0.353941839277481
0.148942300671953,-5.01366375549967,-0.0643465496016082,-2.41778093222905
-2.0328559124421,-8.92910804560351,0.0629515241197068,-0.726648200476174
-1.4289235872456,-6.27520407507176,1.25343972294939,-0.0612221314311637
-1.31889397425015,-9.11169245598075,1.36774237842489,1.91428475235574
0.168786522722561,-4.04940335212601,1.94094966711044,-2.04331490934067
-1.2323786415497,-5.12713767291896,0.883407882583153,-0.815918796169678
-0.968890280851414,-3.33413013920513,0.804981723195439,-0.880426334859134
-0.680416618127246,-8.12024319190362,-1.65648846079499,1.01157042858147
-0.578912738440918,-6.28145102952968,-0.0925417640753528,0.37630164716792
-0.870903878997684,-5.51300187904681,1.54481589770695,-1.37581469228808
-1.01850310437532,-5.68542070298689,-1.23477083605675,0.368891021017747
-0.106127518138927,-7.62944443174607,-1.49886737706927,0.469515661147894
0.555113235728176,-4.81568901256749,-1.44756817785261,-0.484302881726169
-1.89603422082627,-7.42195366109892,0.359353072962739,0.741823446893497
0.793525702183059,-2.30939336352052,-1.36486705535877,0.142879443047237
-0.385213141064022,-5.48402200777721,1.09672593508362,-0.597345483455806
-0.0403189832814941,-8.69193276236138,1.43289323781562,-0.715616025424603
-1.17574245583922,-3.32515859493074,2.48396345408183,-0.441804537155592
-1.15704088086687,-4.84225765376935,-1.52361116081292,0.426808307659768
-1.63847279825404,-5.5405418381253,-0.967310990176839,-1.08297599153624
-2.7521727117181,-4.34379258152873,1.5018844520069,1.88389300490662
0.599626433238125,-5.97132274613868,1.6686893361965,0.545330323598694
-1.24697527525809,-9.89600016519565,0.0109819028325311,-0.0507147512763659
0.855988803311507,-1.54211483796812,1.95749455554326,2.31165348801261
-0.0685790581901049,-8.85701360777122,3.53936731661685,0.687437932066837
-1.70309811225961,-4.09586810245978,2.63972323051801,0.854310896162014
0.141757201506918,-5.35120660670272,3.52276181936169,1.61678648211792
-1.88228094849629,-6.29674941652017,1.59117170946512,-0.298113344019716
-1.70631030002154,-5.74062202945479,1.86747582198216,-1.2692668889959
0.39552891702451,-3.90982555626856,-0.201643135247939,1.49173960961686
-0.0719405103712039,-5.50822778589666,2.11861400965981,-3.26804365684884
-1.61546120456908,-4.56764074065985,1.05600372343913,0.283023748933781
-1.73113063584497,-5.21369614518507,-0.319528216782015,2.13018478475278
-0.225076848477921,-2.93738491907736,-0.571645034913594,-1.58703955956801
1.06210878598126,-2.81279494532901,0.561054241765229,-0.572895479914337
-3.21959757387033,-5.43635213526743,0.641473125800741,0.557478282725352
-1.05874135236701,-3.97156421270125,-0.201190813036584,-0.601029066575637
0.822971023294418,-11.0727203963761,1.96398764245694,0.757783909967319
-1.80257866086161,-3.71186772646178,-0.750232957987528,0.239870628491628
-2.98585639129971,-7.05819438835333,0.951288248373767,-1.81392642310414
0.529303855825025,-5.74798478283842,-1.04768281453562,-0.441522300896705
-0.902327558992999,-7.00887761834701,0.93916352630641,0.890860250483821
0.194126103914496,-4.78788370594292,2.11624714421005,0.345714721257158
-0.712466208754235,-5.74525120629877,-0.396995572875376,-4.39330480101058
-0.538197655118814,-3.91935346017836,-0.30089803954531,0.106333732551863
-0.968872862519903,-4.55025030267652,-0.830902655169466,0.981797692377314
-1.16440892077472,-6.04893179522975,0.549913229001044,-1.5979379545482
-0.0310685839880436,-4.91777083041607,0.946642873380093,-0.601211732743909
-2.67792901126271,-3.94921793638843,-0.433400862858252,2.3957290980531
-0.731552026319615,-0.208192738401884,0.355008634080633,-0.465147982986824
-0.865343567909779,-4.3120421925096,-1.22719836214099,-0.00714209260167087
-2.29678447210996,-1.00178389969274,0.576493930368144,-0.119817222029061
0.622166862343109,-6.03202939889459,1.95762943540817,-0.954175671449978
-1.39674525230581,-4.28484830090401,1.12169110328621,1.41794991666077
-1.39355786609353,-4.29152703729351,0.462210041093585,1.39550630050748
-0.240027308829651,-0.503852876639095,2.43380231717166,0.0797036280131247
-2.11282318308726,-3.86196090791081,0.0690376765336155,-0.552724850233272
-0.385251217411548,-6.25542172011619,0.41916934124155,0.77061322712759
-0.188814902709696,-5.81018069424644,0.746874595682227,0.0292076238222138
-0.11255289994893,-5.9703127322451,-0.945182669490465,-3.10854771163766
-1.55423550090399,-5.11855279510967,0.72843741343691,-1.19930557831811
1.96872082286507,-5.2135725049698,0.296903775395351,1.28792212607537
-3.06339338455742,-7.09200077605567,0.261127773442281,1.42131928511565
-1.71740955163602,-8.52304561527447,-0.764801749524457,0.326855182871422
-2.82743508629529,-8.28050132176886,-2.38835462052959,1.55435084622354
-1.95777162642503,-1.73801752226903,1.37781749193024,0.0610783835834696
-3.4799283027086,-1.32129479818983,1.80229464161035,0.567667655920654
-1.2354625612798,-7.11452044259882,-2.46762744131215,-0.9508618014935
-0.827324299516624,-7.68260691405229,1.32697858137298,1.32861869498372
-0.516919332057508,-5.61691107177884,0.847869673989321,0.148578813701606
-1.62436990840533,-4.30968850792796,0.759980238769054,-1.44827125635218
0.810678663467819,-6.35151791094168,1.95281587561449,-1.20115561318357
-1.74364900039064,-5.44720068571602,2.09106351579427,-0.408612225228509
-0.132509948307009,-6.31553688958362,0.642155175539871,-0.594547379906041
-0.491985869690067,-7.00954338296247,-0.703841881411604,-0.933023654414062
-0.878673633035015,-3.59795337600394,1.12227190757081,0.713690443733257
-0.505081248449972,-5.47072739969783,1.43608938789531,-0.0351860677793739
-1.05877609815262,-5.94574591224111,2.40553672892698,1.22573570126893
-1.01530521716494,-4.41446889972036,-0.668361443664122,0.342090670155342
-1.10975576690087,-5.48629793036591,0.156167005230444,0.982834354630715
-2.39124013202812,-2.7116374443807,2.46243372560196,1.12400244758784
-1.35110840501953,-5.76777014082841,0.316235208956823,-0.613034466783188
0.157605031284627,-3.30037610456409,1.84915081442054,-0.194065427067477
-0.0692502500871617,-7.64131737120666,2.50937707023864,-0.329704165628403
2.05640658926224,-2.61244308100231,0.499486371824358,0.803477415049301
0.593646625134197,-4.94961613893368,-0.254489530092052,0.1729402501427
-1.81339358488794,-6.58832459606009,-1.70740078447274,0.0212696749988953
-1.35648791184099,-3.96883249415688,-0.82149270901563,2.57417073233878
-1.23699845457059,-6.03578477510941,-1.53508365306124,0.127964159927655
-1.50172876768084,1.51607198485457,0.971983545293082,0.450569248150457
-1.01821733970262,-1.64267408519928,1.30797835792503,0.192754974563271
1.43186889714556,-1.20846511355965,1.5059520847695,-2.75488927483375
0.0906357984120827,-6.64972496361777,-0.84043529530604,0.772213933339751
-0.5662116804092,-4.73115519559951,2.53418241600481,1.7307033369072
-1.89294741347193,-3.5210428936347,-0.715153777481031,0.434676590554156
-1.50333998938829,-3.85804868828261,-1.1853915555199,-0.387956970901685
0.435785957887551,-2.96200130654538,1.45171837498061,2.07013866308669
0.00643049647027898,-6.25651291860542,1.5179891607704,-1.00589353461431
-0.622094348013245,-7.01954383168924,2.51155679591473,1.02249714397203
0.80835603548057,-5.1184005781027,-0.549497063388066,0.37829092705572
0.83317232034508,-2.76675108195253,0.0550049346845224,-0.789344880921026
-2.76244860074762,-0.958021312814577,1.47690230315993,-1.36362491608667
-1.5762286570949,-7.71564581500635,-0.700447887972939,0.172549305404522
1.58993496458222,-10.7037171429555,-0.179852226751268,0.893796948149453
-1.76987167995446,-3.06773812436345,0.14538179087119,0.349267325463846
-0.833217924930381,-5.18530425616829,-0.528597772071309,-1.48877539672778
-0.185389723101564,-6.58699750152126,2.30234051748258,0.576854516993771
-1.42400277270395,-6.03872935914181,2.50346606611539,-0.978388229412387
0.456163877201825,-6.27912257703335,2.1629675630774,-1.31920083520656
-2.05986077957369,-4.74832361742132,0.405298693262112,-0.781378439489961
-1.21995658942415,-6.43322361819388,-0.174413397362011,1.37297176684287
-1.51868799984768,-4.72102227233855,-0.0778278828689955,0.0399836177088722
0.479164479176941,-4.1204587251772,-0.935498519544175,-0.934977673152725
-1.03362832277291,-4.29551193147112,0.916764877135771,-0.362545677562382
-0.932062720473439,-3.59576303068646,-0.644632025497707,-2.80353107803461
-3.03621936584014,-7.69732702475342,2.3892508041615,-0.0854342691422279
-0.257587213203544,-2.31059821717405,0.648099578805205,1.98186276976017
-2.19670450538695,-1.87717662741438,0.167296220657037,1.56753695636904
-0.235833567313777,-6.26729978813408,0.92034426806698,-0.796732094636184
-0.256220959416583,-3.48354922464151,-0.503517162918524,2.19914830416999
-3.35748420369093,-6.2584726561622,1.59948502086348,-0.95081758111041
0.0856686017959165,-1.25887913921798,1.11138243266099,0.526286548246604
-2.64350311422012,-2.09062705877009,1.72129539614039,1.16399443650002
-1.00327459837938,-5.51138951543995,-1.17129378545303,-0.809518364202947
-0.481614759934247,-4.4587833891132,-0.750663672307161,0.490987001483002
-1.62812700575852,-5.55503063735969,0.0629813278386238,1.24190357232321
-1.32491687360153,-1.96004694019031,-0.545162104182051,1.27453993095214
-1.89687625214389,-4.31344079163484,1.5406221558803,0.418772402538429
-0.583861659477454,-4.20678476848987,2.21169198501091,0.923841441716919
-1.18645825315904,-7.11279881465242,-0.83331781809418,1.01525893606383
0.146893578343016,-5.1122941973757,-1.17981893430037,0.463491464573171
-0.293517102971338,-3.92493485188601,1.48887542868607,0.861063012750491
-1.10944952120755,-5.3307372628522,1.0417779348193,-1.83097707410092
0.323469405401315,-6.1018581698834,-0.959251227926495,0.631949489054828
0.187126885289535,-4.19636030098171,-0.984468428475465,0.100989219733725
-3.77580461387532,-5.86161947858021,1.62568290981476,0.213209831281874
0.23106906255844,-6.70290271352517,1.38047080196796,-0.356759536239962
-0.234376745385289,-9.57008903622661,0.629027564671127,-0.958967212695918
-1.08829190971728,-5.28209131445955,1.85979296833666,-1.18195450141772
-1.16935852708215,-5.40722980231219,-0.611941919601025,0.000936943396226991
-3.41429252548668,-5.47161062013064,3.60862219111651,0.0221980008795544
-1.34399550581028,-2.71162785359515,0.22112795726458,1.33241418112191
-2.69365400296703,-8.07383576593848,1.89916288315616,-0.346924026520646
-0.514828668087572,-1.23299940326328,0.0842332518499072,-2.96748869963146
-0.436615334173309,-3.81919159829706,-0.692904974775969,0.362151838689047
-2.00564137482716,-5.9239363118442,-0.692025326906408,0.928383018496537
-0.791796349382867,-2.14298912506239,1.30400061712477,-1.91462128078767
-2.93990606960249,-4.71523039517131,-0.288167699010587,0.701134955659809
-0.564030090993661,-3.67461649869756,0.731691347043998,-1.70057389920331
-0.276935191064761,-6.69300707994149,0.278729960375047,-1.74880419371579
-1.83128220249241,-4.75687891074048,0.306958949796088,0.045867826755305
-0.514330291108721,-3.03628984559859,-1.31138121658556,-0.457517859881439
-1.78644876082233,-6.58620269159277,0.951961093038498,-0.550864431066349
0.611030148611338,-1.75101268130404,0.106680794418976,-0.0173846429846338
-0.810030992608771,-10.1392759820546,0.410643682984943,1.51231134904083
1.07064644281463,-5.80697306265519,1.47303224040896,0.351753604029046
-1.22079043703471,-5.94402299357982,-0.143824986002038,2.0707464226993
-1.23475147319827,-6.51053079866786,0.302271134888626,-0.309609643738679
-2.56882115929883,-5.04566362858961,2.39365116237789,-0.655887371971349
-1.26149261519877,0.525733037276357,0.247590690788461,-1.06355719886206
-2.00839066295015,-6.73639672204178,-0.648350315263708,-1.40776664697418
-0.445223378403913,-5.80033588523307,-1.03972848295574,0.112071344852787
-2.79542713922844,-5.29381853765091,-2.66353025110855,0.459781213221533
-1.42293618815879,-2.68689489239305,0.0438489342538437,1.06226043585957
-0.4302286318033,-5.52306323497472,1.42812711714347,1.01107792426724
0.828373065194467,-4.68570710272923,1.1702564868608,-1.6547979597289
-2.93727796194965,-3.14564922760764,1.00844674764772,0.362348164098756
-0.168647454610032,-6.55024239708142,-0.348933858116393,-0.520894901756199
-3.1317391060854,-3.0064162477069,0.364265431409494,-0.812438475083581
-0.277065303566759,-5.22975164423297,0.359057718472559,0.353929997123089
-0.656578511745258,-4.48365930048533,1.35447262578227,-0.925995797493176
-2.11512088879755,-5.14745321497237,0.724320809579433,-0.684355285176958
-1.5897027259359,-2.61285287933713,-0.312223877357129,0.457102489088672
0.193274771933829,-4.40411893047785,0.280630554736705,1.25064890710849
-1.32787863420949,-10.7500456465284,0.637058769173203,-0.873102273689548
-1.56793149150379,-4.2748884845333,2.14635705838829,-2.45216673374559
-2.58573214843883,-5.26149091255276,1.19189045907116,0.834369060979925
-2.25032036226863,-5.72809458486368,0.00544592488195067,1.98057370544255
0.310816363936217,-3.78489716112403,0.144805578084093,0.245130350941636
-0.435614721777114,-5.73964543921076,0.295190606253018,-1.29914404727244
-2.04260049038811,-4.98053241759614,-0.945555705305505,0.369379102515516
-2.21201528891118,-7.52224996508203,-0.297846724170554,-0.221487921654354
-0.628597070638005,-6.0062040123435,1.07335823237436,-0.388522566519006
-2.8677189913429,-6.17348955384832,1.09582573283205,-0.247947813119844
-1.56853497774547,-6.75653396208972,0.556463523196417,-0.359833493759932
-0.386900342774699,-5.34561817412401,-1.27663826364462,-1.05697219910136
-0.850668260234973,-0.593021629079524,-0.868703168557649,0.177882017842354
-1.6016238835876,-4.51512416315451,-0.369392560717725,0.430822146291851
-0.0342972862935934,-5.47144827426474,-1.74753025518974,-1.051595533863
-2.61393633201727,-7.44453034889861,0.821702784764753,2.10964614995985
-0.125945938302574,-3.43106655762413,1.46515315208161,0.837641551179677
-2.51338660507169,-2.43224851458137,1.70101740033567,0.480603648914197
-2.45445757333746,-3.95236826326675,1.42143842271651,0.166417403443206
-0.0828377359492995,-4.39275966335591,-0.603641052705976,1.34148619232124
-1.95133192953916,-4.82685659656831,0.639218215686683,-1.81704549732379
-1.59989621207961,-4.51450009779437,0.413998826800195,0.347693872310154
-0.749821206678797,-4.3973656372065,-2.57931610185897,0.475398838165837
0.0736471111716981,-2.78611261686692,-0.617549953320857,-0.927391880592169
-1.62062733180481,-5.86095830636335,0.942509357688508,1.64022758311585
-1.04375472648846,-7.24757252708048,-1.03473722813154,0.543622266438714
-1.46128847394406,-8.13600146213364,2.00913002219646,-1.76530672903744
-0.8207236399655,-11.8036375369371,-0.34648934689202,1.20633977409826
-2.25455627547649,-2.98459954057294,2.65302835474149,0.0140354483435502
-2.85602339288599,-1.95969191813828,0.52248551203055,-2.15801668888205
-0.565404197510201,-5.6952991614813,1.08075840414395,-0.548276464004828
-1.79908247973942,-6.93769086692301,1.51560218786042,1.16010285129851
-2.29475385392258,-7.45133270654434,-1.36929792046868,2.58027087121361
-1.14068385910086,-10.5767896072554,0.575121199838834,-0.686990935617594
-0.523146177826472,-6.0753254228776,1.33681968887439,-1.02153516279565
-2.08811357797382,-5.82411317005554,0.540608009632819,-0.647857119946784
-2.99316861482957,-5.68060789891369,1.06679353381638,-0.457149491521842
0.273706565768305,-5.6106904778678,-0.217856847889186,0.749824834760861
0.767338098512255,0.368503395089495,-1.81419163739881,-0.268102483887363
-0.727646701928149,-5.46183492231612,-0.308835420429248,-0.676424992084055
-0.469928475064096,-5.22842562226823,1.37647630674509,0.152103855963762
0.565420087925028,-4.09544316742835,0.286456874354284,0.806832366337267
0.349246927591247,-3.30919814835643,1.07404537183995,0.664758783963168
-1.5039306568023,-3.39708897467973,-0.206930598252744,-0.697630215584763
-1.23919869163833,-4.21961647439735,1.6471153339696,-0.384830238046606
-2.23859575602574,-6.29967435074135,2.32098636203655,1.16250693638308
-0.102599242862135,-5.52554958877944,0.344598715688776,0.985425017776135
1.6625638782376,-10.8210227410743,-1.2843161397165,0.178769459231824
-0.58048137284332,-4.1584829298197,1.69326247836688,0.00909385176215044
-2.7212492191771,-6.70877897791373,1.25641028479019,-1.44086979665919
-2.74867837305589,-4.02671665979179,-0.260927648072159,0.374291047247336
-0.196995530744376,-5.25338904210673,-0.177475627762318,-1.1196276628529
-1.3069876302237,-8.04048224715954,2.74712469404404,-0.983231074630098
-2.63496481114363,-2.0696038318671,0.936705780262559,0.457153672628044
0.0202146208773023,-5.65865227501091,0.736991297347395,-0.0785683199491128
-2.24016606747364,-6.31778867041566,0.785366163402203,0.778897293518006
-3.82843714526451,-6.50011356650888,-0.0972250566160243,1.86590515159295
-0.972558968280046,-2.19993959400489,1.89381817528097,-0.827099088946354
-2.26662098683267,-4.87633350382796,2.32104199040721,-1.15480315501042
1.40056997650694,0.482554563925027,-0.0943727269832119,0.218783192532736
-0.535244698932979,-6.14302633489611,2.70148712212899,-1.07119878185641
-4.96286903598519,-7.50759305701702,2.22640153049482,-1.19036756152378
0.05242470858227,-7.34214729255368,0.877895225191059,2.73731521659506
-1.69769757085949,-5.24552453785173,-0.841072013139383,-0.941263663651493
-3.19415580046232,-3.78109008130769,1.45289726157029,3.39407383205435
0.321945287256555,-7.45578656363337,-1.42657392323239,-0.414298722613323
0.804301312422065,-6.41283891796974,-1.28177351560507,-0.616143301571942
-2.58043683654126,-8.59601346043556,-0.0424381713923252,-1.17033601568907
-2.92366760038252,-4.29098285932061,0.0633081508275738,0.107557356916555
-0.431631036050587,-5.54483966553161,3.90772448707473,-0.294301101915122
-1.09257697807866,-6.73842873572386,0.202953504135574,-1.19471442003337
-0.13077880101854,-6.58662151818572,0.374715258283793,2.74453521128729
-0.255325860059986,-2.0622782573795,2.37440044800459,1.30866972815826
-2.56618119776641,-4.70273794244172,2.37331655378374,1.80701415899821
0.313312405546964,-7.57991452840737,-0.121304941919144,-1.8238503024261
-0.698898318317632,-1.31425421007403,1.7966670734741,-1.45636371953923
0.507060104230291,-8.79541991126798,1.37131150256278,-1.28468947343937
2.9664944349761,-7.71456671912385,0.537254473453921,1.76202570234653
-1.26062271462842,-5.01763285960625,0.702588438436895,0.666753852156437
-0.752815026035028,-4.85426420238035,0.796419451952207,0.101688429991874
-1.40693525224938,-2.72401181348321,0.362444703035467,-0.766997626354372
-0.217323750791944,-3.87125749840354,0.459505940493354,-2.73344774186338
-1.70245657242884,-8.02163632147644,2.63419200739895,0.823218001372747
-1.32131270943636,-3.69638262266904,-0.821051089652393,0.723553237430725
-0.598541916230054,-6.22863779059325,-0.590515003554902,0.101565477049824
-2.27321229977121,-6.75455102756512,-0.725876136019377,-2.0266073902593
-1.88718604983014,-2.82887571667283,1.90392874953003,-3.26498314387914
-1.24979179949142,-5.57462305736361,0.522675073410764,0.287192769073101
-0.305538859855758,-2.42794243689328,-0.494402667137937,-0.422514682705546
-2.54585159863736,-8.23330209898915,1.57733235680659,-0.188580344851777
-2.98783678694213,-7.16646136416452,-1.64990744020489,1.26587474994137
0.539001125827194,-8.45671285914173,0.780812456148547,-1.18155027270705
-1.59063721373641,-3.84559238884353,0.84321631006649,0.775943333662511
-1.89037857215255,-0.846436798438522,0.410826821871663,-0.188939871521233
-1.479261559725,-1.9358443593159,-2.39372635025453,0.615722421190682
0.30715306375865,-1.89079408005799,0.532269644354912,0.203482603465414
-1.13236927754932,-5.23579811177558,1.21574157912705,-1.24196097550334
-1.5492089623697,-2.95299034914262,0.512070435441763,1.34053553842927
-1.86194139900624,-11.28076802354,3.06841719328033,-0.00526340917411072
-1.24347555315989,-3.39301458314808,2.62103723287473,-2.14697035046929
-3.12323062300371,-3.2700188420507,-1.99078657793321,0.676552352181344
-3.47368280688843,-2.09159263020007,0.31056776600109,0.514019989661436
-1.91623664506396,-3.83807887359664,-0.0641353776894831,2.28432495474988
-0.315688552240112,-2.58353897490003,2.48368975965742,-0.509125597427002
-2.40451543918773,-3.92208743418208,-0.671393939500466,2.33183763391253
-2.24305838418605,-5.07504958955942,0.679188457687703,-0.845595665729052
-2.72751352645624,-0.784641164935927,2.16111624125323,-0.32089014285139
-3.12012770399257,-5.22192305306457,0.297806549384667,-1.87002621532171
-2.66446466752132,-6.59413148479724,-0.88376877312123,0.889224446789488
-1.57471837496635,-5.21819662010972,0.683623545059465,0.953984816340091
-1.68455744419007,-4.86714662279763,-0.349532845651537,-0.0124138553102745
-0.843660546365551,-5.81075569538694,0.0840572181495152,0.0688793743303436
0.474372251225432,-3.21792555236224,-0.0156569245498355,-0.860176561844368
-1.3204432504991,-2.58932063624037,-0.557988942894738,1.50940472408158
-0.705458783955192,-1.66252981979277,0.537846905782464,-0.272168651308572
-0.651484119987895,-4.72293887679769,1.13465684174784,-0.723150141079883
-0.239791009973897,-5.93776844212275,-0.938846564713115,-0.580334722420131
-1.88166009404793,-3.36600022327212,0.927242922152541,-3.0057208165294
-3.28450590497253,-4.7278953253357,1.62186943897289,1.0430250296779
-2.68783549843238,-2.90610220460124,1.78833656828752,-1.59374782898036
-0.610974163055973,-3.58859191583804,0.464316103342664,-0.676971497367288
-1.29145875080866,-3.16601205710073,0.00761921321972603,-0.375735853728549
-1.05008608342859,-2.20791059115708,1.40179048840556,-1.5775665967613
1.16417237168824,-1.32681277174928,1.09796345252562,0.0971575450457734
-2.33729666179795,-5.13131195526566,-2.25265925622893,-1.21410664220733
0.985104533780502,-4.89947115154292,2.78465084896281,2.95809568331119
-0.703506754158266,-7.09751999688281,0.737982489574317,0.497854414010978
-0.197061497568615,-1.38897694713059,0.658202092913299,-0.619761799998856
-0.449185084256654,-0.212814293116569,1.14983338167628,0.272700088780947
-0.310784363111139,-5.76574046251921,-0.357636221799595,1.23331331712703
-0.868976145623817,-3.44968151218991,1.11461252432988,0.610502986326954
-0.695823802553587,-4.5879741909053,-0.699687028024816,-0.403943348558627
-1.95909702192072,-4.90367446990472,-1.27638514467773,0.419717098969876
-1.5076706680032,-4.91785106854771,1.32035757168676,-0.221278289797254
-0.215971220245089,-5.03864870440971,-0.0776801787846586,0.467784595685688
-1.89754664579844,-5.28143012963485,-1.20512360126738,0.451645222733787
-1.38193593111381,-3.08169222851092,0.540864908189002,1.39511288111951
0.207347846106385,-6.42867503516272,3.79317830406396,-0.840965834064272
-0.649790298135307,-6.5944932765112,2.11192931786679,1.25800240239024
-0.537963463715823,-5.37817344647474,1.58543046924399,-1.24802817109248
0.308593307704662,-2.40011535523091,0.0723318273695476,-1.33937358700363
1.56975430838225,-7.89427877353666,1.16763270730866,1.44182045535925
0.43379740929757,-5.06586285718019,0.855657900164061,-0.871421130505569
-0.427658530999078,-10.2068272641464,-1.31555228193301,-0.70019027260566
-1.71665086273537,-7.06679648058354,0.0621180121427657,-0.0279726909744337
-0.0204318723770299,-4.87378154483754,-0.209861437598324,-0.523858673553361
0.108064055637152,-6.55383783317376,0.724357946609287,-0.124367802034494
-1.16811106897246,-6.41530201537721,0.380242388003766,-3.32103353565343
-3.21464521647836,-3.55720714213685,0.986454653112569,0.0162248125762492
-1.14920991667791,-8.3148936528475,-0.991288379393424,3.36721730079732
-1.73335039174872,-5.77478434901702,0.565031921370524,0.208662388867602
-0.778602294523243,-5.99259230506569,0.743417983836528,-1.09819319064329
-2.09238683496007,-7.74970405762207,0.923901684157452,-0.81847108387914
-1.43008972579367,-5.04595696885573,-0.192857258870388,0.493212128006258
-2.87199735368208,-4.89118427916821,0.417953653250599,0.437005444001732
-0.0472020534478317,-2.42317575637411,1.20282423092127,0.648474808328927
-2.2005461731056,-8.28253281157759,0.425071899789153,2.72005865283846
-0.192507646786198,-7.45290706167209,-0.567508530915017,0.0103361311161007
-0.0142162417036575,-4.96706120472845,0.680186072650323,-0.690163740852475
-0.0440766052873559,-5.3953362674923,1.86142742262867,0.082932282750718
-2.6412543891195,-5.63974260821576,0.974132969888905,0.299192908896016
-0.326588683919275,-7.24661532877118,-3.13362662184695,-0.226165939615433
-2.48164882949293,-4.42700467706105,0.11760930947549,0.957416920311658
-1.11387294331704,-1.02109821049709,1.96621565796347,0.619122098923336
-1.36423460347549,-6.51148049719835,2.73902981002138,0.319187976369576
-0.385423460228969,-3.67693960154571,-1.65523986424576,0.995742741097806
-0.989164934926969,-2.87429494093169,-0.0909585477866167,-0.920435915134122
0.345117422539541,-3.85540940468901,-0.723140542546335,0.46848736199577
-0.458443504238099,-3.35329772770573,0.857334546056089,0.215932813871831
-0.983229108364913,-6.91091162020406,0.0212801653414141,-0.889506128470134
-1.82193044212687,-7.0847752572214,-0.217044906904272,-0.415303865139527
-1.39072870340186,-1.76375656012106,-1.13188259886172,0.509721010001008
-2.39745145509472,-8.95187850392377,1.31431226376537,-0.700661216112534
-0.568459805899284,-8.79804382216875,0.215417195632115,0.710197189668459
-0.332210088178637,-2.4587915099003,-0.131970552766767,0.988046934231478
0.37975128642411,-1.28302015459583,1.81166154970726,-0.476602852880245
-1.71969456665945,-7.79421522672879,-0.611149890713771,0.383346336893523
-1.79060989537059,-6.73453843251623,-0.274028521559339,0.325133135242037
0.350224719487307,-5.11902588826851,0.24712209870923,-1.24137347413423
-1.2303760027739,-4.77434592173896,-0.651478221389415,0.314711847393648
-2.98956780093315,0.339144346147005,-0.164818399545616,-0.28089288143414
-0.57056001314236,-3.81259827406438,1.38211162029868,0.701108853773979
-1.12460494290373,-6.1281219461459,5.76568864037995,-0.565923129919139
-1.12215936680614,-5.35833132390728,0.126510272453445,1.11792330165652
-1.68967152856874,-1.63641968478365,0.51593635201371,-0.663846119873688
-0.156783691807953,-6.47579573135895,1.26674571133716,-0.0102722023038296
-2.12973699844616,-1.60938209794654,-0.028294850273045,0.565693227546714
-0.351939234823762,-3.87106152060594,0.124247554331165,-1.38198446061351
0.467576785602813,-3.79373320230313,0.301355935609886,0.215697358871041
-3.28621917109457,-4.0611167341902,0.0239245655469694,1.40773760271491
-0.404025765853913,-6.07968949529068,-0.388922596112986,-3.35958226243526
-1.74955334018498,-4.79237261088903,1.09810379901177,-0.374756164377486
0.50088287061176,-6.21264636658197,0.717009359175189,-0.411506534791349
-3.94582723679575,-6.06608163658094,2.19946394635213,-0.65144790214386
-0.113258509725292,-0.901826403267107,1.5158749638513,0.61043666277727
-0.131211371302211,-7.45019071210995,0.391417752965026,-1.83885501412717
1.82671791935881,-2.80793146363092,0.166960867402532,-1.68617782861075
-1.35327103488907,-6.35682877442396,1.41401620415608,0.82737542084774
-1.32004041852796,-3.6685006260728,0.726986906104637,-0.710328218165341
0.598389268893136,-9.60418266014323,0.803942382935999,1.7276477581121
0.608630900107914,-7.85382714277353,-0.244330652263291,1.23698754491714
-0.682918567312999,-8.15871399340251,2.19689701425271,-1.54937012043917
-1.23511353927877,-6.904634044226,-1.31377564069228,-0.850525243691826
-2.15172090337172,-9.97811303846635,1.71494518014328,1.04097072597263
-2.46249134355186,-6.72018033045536,1.0626738893788,-2.2030391368769
-1.44164484087279,-4.11659872067086,-1.41816998424719,0.417967926003384
0.28241044614306,-5.97428879153869,-0.878522410352851,-1.08254019270467
-2.91283812342896,-5.45711193902916,0.795786134628633,1.04652828250633
-0.391640698872861,-6.23862726932111,3.11593039449433,1.57267567613362
-1.20928571432817,-2.98375235508567,0.793496313370385,-1.02501052355619
-0.88959350315958,-3.95116381890673,-1.63884830107059,-0.870776186148294
-3.40821653504128,-6.27073818126523,-0.395021955525147,-1.84874281943875
0.209936107382518,-4.63357727611729,-0.363442339574219,-0.8804258751851
-1.73362111089573,-4.42792619393364,3.81141367467702,-0.84271367724298
-2.78732327789782,-3.99593002148239,3.00115508285174,2.1062985873062
-3.2855679859348,-4.59644999321267,-0.272065896589964,2.51859135715816
-1.25704008131744,-3.1643321364886,0.836436785117151,0.486700556621065
1.6232085082518,-5.06997077340696,2.09788456199801,-0.275415407497355
-1.82720635667073,-6.29820146403602,0.533491724561329,0.530099903926653
-1.16492891295038,-3.83818072771161,1.09470894005629,-2.02996483903796
-0.791627247507955,-5.45366613798101,-1.50377863502755,-1.61350274049996
-0.273019320156625,-3.23264937658305,0.319562990134721,-1.9585330704971
-0.269236014234563,-5.71377227249249,1.05555450770278,0.694967059345888
0.285982931399018,-2.51356779069351,1.29361751481069,0.161133083584925
0.402133755176736,-2.73560551576965,-1.08784575590496,0.212243356771708
-0.807832085357047,-5.43635403872886,0.732614815772831,2.27809027510154
-1.89047002765481,-3.92253674589349,0.661756357745975,-1.10620559809024
-2.17808049140901,-7.86669710376397,2.86831125422828,-0.984272943650815
0.323027973342954,-2.03038741983592,2.20510511183607,-2.63028075548838
-0.503798668621147,-7.00878073901815,0.730263931214705,1.26154516971994
-1.21026130972102,-3.67790385996637,3.3789785115332,-1.09097940194982
-2.41432148294866,-5.93233448451696,0.478329544944663,1.95240508387404
-2.78426065082122,-7.29078767620041,1.25473242796766,0.345197631940833
-1.81358002534805,-2.90142362910872,3.20389138410757,-2.08526277714805
-1.81489183926322,-3.55512956295085,0.848446343053212,0.345381998315297
-1.25094274865722,-3.48898727025255,-0.0178595519086484,-0.752897925951982
-0.365697140461853,-3.17583040851967,-0.203444285605378,-1.11695923525059
-2.29889765768232,-2.85261349791724,1.10020668020213,0.394271043858416
-1.04396143192996,-4.5951887539463,-1.40201452797275,-0.56221000898064
-1.05908093009128,-5.33948998085209,0.780703413878745,1.88666921982503
-0.677823552447059,-5.04067912246652,-0.474951795814055,2.06402469002854
-1.28181279935572,-2.22993063724617,0.870960342854641,-0.664825232117247
-0.0964767357089333,-4.61734493225418,1.08516506679991,0.899231306124315
-1.17901276867976,-4.48884384741452,0.016603029273885,-0.229681270096547
-0.759299764626465,-5.31801465354444,1.62946678696224,-1.54742047554052
-0.484864197796096,-5.04795195114183,1.06267260501557,0.344324851988696
-1.02938518384208,-2.56542323517769,-0.305460233598195,-0.466290850945307
-1.47196960603273,-8.03635080958063,0.434010115988835,-0.744469206943023
-1.41320650531058,-3.43573530231895,0.0320877682476355,-0.255847562184974
-1.4418015596306,-5.88854260460635,1.11703842243242,-0.615137494267864
-1.43596976169304,-3.19208681597562,0.149759282702466,-0.902010230802016
0.619545641183045,-3.41613477486602,-0.0728722486638524,0.0811526854590656
-2.3556869127052,-7.61697946893937,-0.327522872906679,1.40476530858573
-2.56430972619384,-4.18408644749786,-0.469333138283477,0.187478641929812
-0.177771235001989,-4.21877822499382,-0.783198023864784,1.33314063678057
0.0723639459224017,-4.43180305828432,0.552290992173847,1.29369240282563
-2.94286283455126,-4.9851130959717,-2.13611983148023,1.54474088824192
0.36092806160252,-4.13734092112356,0.161821644955258,-0.712176521055831
0.245068738436742,-3.04214455370486,1.87922712816407,-0.0676361066116285
-1.5537891433944,-6.29706336544741,1.01678108001712,-2.96916470442128
-1.79084363036614,-2.21245075539304,0.299390951549739,0.502651926660219
-1.00746273753332,-6.15883146211142,1.65410015476419,-1.76558222485206
2.14957817748961,-7.7550704245178,-0.221847952004646,-0.139372216470414
-0.776662900596164,-6.83309698367244,4.00235531860056,-1.98389828765409
-2.22895051661657,-5.21580714290516,-0.990138757375166,-1.77619853898625
1.04617337100003,-2.24690342188426,1.79048220097725,0.112421126496543
-2.92994859214843,-10.7643838506993,-0.109033280880162,0.792837856512995
-0.14704743562873,-7.67108297105098,4.14706893397152,-1.09398409503166
-1.97750644363185,-7.6228629225488,1.12313293936709,0.345771085986783
-0.847926890155414,-5.61568004795501,-0.180350121406028,0.0671219916304232
-1.90505078225082,-7.84784897919475,-2.0198085496682,2.38483883904589
-1.07838832644503,-1.76973338198901,1.16575550382197,-0.45059181478374
-1.37390029028238,-10.298931481185,2.29493685344798,-0.176338730654791
-3.61666017935341,-2.70278324789284,-0.0679134934371654,1.72275828583353
-1.58297936510236,-4.51022930767173,-1.08377743651391,-1.04589067140445
-0.566618522836909,-5.94401712963906,0.229819973988038,-1.02602565223749
-0.734143432325002,-0.107746097948756,2.04129997662421,-0.871294126464623
-0.8845409974491,-6.73966656759665,-0.320802132647548,-0.607871641004676
0.176093363235407,-4.38580460850984,-1.19043044155437,-1.61153922430985
-1.07441295986818,-6.64349470017452,0.669033826972712,-0.527963232987171
-1.04749811561068,-6.48478542907713,1.0756150214833,1.56764949364116
-0.201197353707557,-5.58427699645597,-1.2004225421152,1.24410263161588
-2.33660713099261,-6.73648583316249,-0.0773102869139762,3.34262543228175
-0.835527561901198,-3.78650239958064,0.274516591857446,1.62795783154156
-2.01420990112342,-3.87902771785607,-0.238825945748472,-0.944052664555925
-0.0920538623048704,-1.38490214770283,0.00992963729092144,-1.02805245972648
-0.972619886776691,-5.21067948147462,1.68634553453246,-0.759413129410633
-0.487390725081708,-6.99634634455967,-2.7160252509727,0.618595826239984
-0.303273257533138,-6.08992522419911,1.99617100866695,-0.11672551525588
-2.76913407896241,-6.34850559732398,1.1314051045459,1.66314392057895
-0.392529324153186,-3.60426115621845,1.26749004863264,-2.79857129908743
-2.81651480420606,-6.07242736672147,-0.0724694383184726,-1.43270111585074
-1.2289680221183,-7.39686437062057,0.41019944798362,2.91987167769636
0.320793628755152,-3.36994959300464,0.118259770683373,0.974834462083443
-2.1980867968901,-7.95209619119029,0.57314174327849,1.08550462199938
-2.22172433972923,-7.60114512108559,0.869713638007348,2.37895727029427
-0.999424539280362,-6.11824631361421,1.70227720023562,-0.857824984536687
-0.693916496748397,-9.28990078236164,0.860384245248895,0.232015897092841
0.713131060502904,-3.65101920036155,-0.513173034726672,0.27873994330278
-1.83763969277022,-6.94518790579585,-0.0295785744163943,1.33073507960292
-2.27809802103521,-6.23800689810407,0.622734461759252,-0.132065492298896
-1.51239411692819,-5.10912222544868,2.5893792501819,-1.046173884672
0.0113486216806986,-8.89599723151328,0.398791842534188,-0.676587585510069
-0.911049856933583,-5.37357585080502,3.74036416256176,-0.0983066578316039
0.173168086461027,-4.73051079330232,0.901683105037035,0.691305223911995
2.17199575978543,-4.73032774721954,-1.19812578659179,0.39827768141431
-1.09531818108809,-6.45216837537181,0.892132398585777,-0.866441054527518
-1.30663890724712,-3.63837294084153,0.542725400247542,1.39491238698332
-0.461114192693525,-5.3141899628793,0.419290915268496,1.57970855059577
-0.318115456332254,-5.49357189025698,-0.803752969323762,-0.821493174996042
-0.749014691330354,-1.85110273636641,1.07519013707202,2.33181335798072
2.92954780394644,-6.64840775063943,0.398579553266991,1.33446056383255
-0.755043567622839,-7.04854384621655,-1.19842243713669,0.144876083671509
0.105620023445935,-6.37447361500829,0.883600320276239,-1.48067693463067
-0.60574518160707,-8.09504730854375,1.1362690767804,2.27069984449296
-1.28510950070416,-4.9454692957212,-0.490516662586388,1.1581506386288
-3.67120304387182,-5.11839268460373,0.491808796688977,-2.46755978464246
-0.554470223049535,-6.72852487307241,0.0121913062603359,2.25071521593101
-1.8774772515848,-6.80611804702071,-1.18033175259109,0.463935672155804
-0.799170942985013,-4.49183258502157,0.233183630507633,0.117090558804544
-1.40421663914912,-4.48862899619812,1.22419828139593,-2.03579861390073
-0.462667685714005,-6.11836069994279,-0.632608686630596,2.35719843348101
0.0739961675988183,-6.29505954966538,-1.35805297847093,0.196647569025124
-1.31164545371201,-5.61346811413472,2.35302227050586,-0.0894542559791127
-0.786579334079665,-4.43892798744326,0.35470147170723,0.398966720719523
-0.366396263304297,-5.1831256636197,1.01614142929683,2.02626842214899
-0.399988487090334,-7.60024495033022,0.144663348846405,0.615847336918938
-3.58668576854355,-3.9465448964854,0.827679557216281,1.5873877743492
-0.696355501485932,-6.47730999291309,0.90446694919484,0.988640433039521
0.485570719836047,-6.42527021028537,-0.573293535708345,1.1549574084947
-1.63219165763518,-2.27722092064086,1.93290987287114,-2.2013501470956
-2.07937777864309,-8.26636879279703,0.739198976260583,0.878155604323705
-0.747217888690622,-4.55522217655235,1.2981201575166,0.521972017436484
-2.62954301680493,-4.28030334798533,1.84720825772293,0.697270493044556
-1.94178100519028,-2.20291866004226,-0.369324659206526,1.48942896085257
-0.457727268009495,-5.92263741772717,-0.829251455908419,1.3353695418454
-2.17037592967401,-7.96297216344871,-1.81571596667374,-0.156939928973452
1.18611004663139,-8.57632420360446,-1.1173293314109,1.07303907310417
1.94955177173573,-3.96116416408369,-0.0284717656579737,-0.142435615515987
-1.28327894333952,-3.1665359793522,2.13111445726999,-0.706651342785803
0.137690482578813,-5.45984648187059,1.87927016144333,0.171705614451227
-1.76049679400508,-2.68678375216175,-1.1750343086928,1.2041205277653
2.27034646236526,-5.69049031619424,0.0415398493672193,-1.27872847164498
-0.800630751630713,-4.47312845827516,2.37702067492189,-0.305910959429744
-0.920045124732957,-5.12107708764136,1.47261563517169,-0.770563794667656
-0.672243847912237,-4.45091534044902,-0.218225931797087,-0.612240011827657
0.611650513877637,-2.14612284395555,-0.17477030172968,0.74097534576768
-1.35751128170017,0.767531201572041,2.34543405108997,-0.402970416022302
0.796027323775132,-5.67991038945317,0.626637037813397,2.52179298375897
0.353585179412121,-6.3393424066816,-1.67436706653587,2.26609731004597
0.689618418058804,-7.51089316047076,1.65851508228658,0.558592586409042
-1.90147379288424,-4.48139794508945,-0.498768649382308,-1.36576311398197
0.235937234832802,-3.36973941128257,0.169689778855313,-1.356047515618
-0.792550959598521,-3.88964097288481,0.678031837373998,-0.04724268449589
-2.46754957734416,-5.4298881003425,-1.09342774416807,0.130643330288649
-0.854225073316579,-10.6706809795676,-0.0755636077059,0.548916278110201
-0.786995680982045,-3.5840251485628,1.78261337178371,-1.58715291994357
-0.364079123130465,-5.11995973995941,1.37982198449738,0.403705527821743
-0.581202779338914,-4.92141506639331,-0.0566962803351566,-2.05074194194434
-1.78557122851605,-6.78959053268165,1.97403346358191,0.503988829988419
-0.585215267207119,-4.02812577366587,1.27351903368227,-0.420983816966415
-1.03343173220426,-5.93886914177138,0.64199036451487,-0.629781250356456
-1.98563879864897,-5.81782601756356,-1.211949773559,1.71461572176373
-2.25913870240376,-8.24382742872891,-0.144548891328442,-1.70983085012748
-1.25224228846505,-8.17986290563286,0.0515820937384179,0.732664108637446
-0.655562004457128,-0.529962297626033,1.90845285529507,-0.815097981133943
0.358734220068837,-4.72759266530448,-0.126939809531396,-1.85123968297779
-0.898051605865192,-8.96281783738016,0.510444460107704,0.293506618879852
-2.28329472954783,-7.12165231623622,0.944070266959502,-0.294679249446169
-1.19130445272511,-5.98352860078698,-0.186778688501379,0.509673039706718
-1.4493977129271,-1.18651409095629,-0.26590260822724,0.560306779813634
-1.30474049509141,-0.112762965453926,0.375376102030464,0.224742837532415
-0.506567175843702,-12.2810855739097,3.0518116653763,0.824712396943547
-0.956181484586397,-7.22145379330313,0.0888672524359619,-1.01255561577142
-0.589421455606538,-6.03151898734678,-1.17992531803769,0.648334304496801
0.177852809170587,-11.0467286864334,1.92830518587956,-0.908818440290762
0.234211846445171,-6.06667822164672,1.95070491227575,1.6677286995116
0.00543055031624562,-5.13540678372882,-0.259293126578418,0.382276234351097
-1.16373752242044,-8.79255930647045,0.274401484558382,0.893672850778566
-0.465850042641545,-11.8522800501168,2.09482010686597,0.336948234427349
-2.64559578803149,-3.24573712624564,0.269974823874673,1.66376802687095
-2.60843999482353,-5.14511266176954,1.18739978802213,-1.07745828192199
-1.17784999560377,-7.99378336851261,-1.8653011452079,0.272924119950185
-1.0466628536302,-6.1308929543577,-1.76638719688973,0.101791117108008
-3.09227760021813,-3.60500433603991,2.72671457223715,-0.169102791471534
-1.24336006446256,-8.17109820775632,0.150223950371383,1.70362388549515
-1.12900452444157,-4.2973423555493,2.49506523821259,-0.532431086688079
0.134959727368887,-5.11735888953216,0.0714441229305595,0.802444775988251
-1.61868577412575,-1.95315438970601,-0.354379746521447,1.22008365378493
-1.82125764552673,-3.55197650843985,2.51860163904976,-1.77568958293937
-0.524373889365256,-2.45529147082365,0.428756623482339,-0.218146393377277
-1.1708197440235,-5.95207941279817,1.63875704487077,-1.02897611170028
-1.2975043596649,-7.20188243782829,1.55143982705036,2.959666914784
-1.38210591027675,-2.31030908249475,0.364920935992382,-0.566761754010003
0.869225033088873,-1.95788284683625,1.96233326785037,1.16425094199279
-1.32291566543495,-4.58811868626867,-0.246950743580366,-0.421307506366374
-1.79100300379416,-7.26154108657616,2.62031689305284,-0.18422269368977
-0.995233836936248,-6.56837696858807,0.822824204234383,2.87016013874829
-2.28246740278533,-3.14023366293431,-0.23265969453663,2.10024264614304
0.284407138294451,-0.823694922296696,-1.49786278809726,-0.155776605218233
-3.04751036991917,-2.137775267956,2.98268586450133,-1.06405648858012
-1.93159109720527,-2.63980696334187,1.22386850295965,0.505918774396887
-0.462182000351213,-8.92967662777425,-0.102047878059588,0.776500712148884
0.453583255948057,-3.93851422975895,-0.311479175095756,-0.0114069915360273
6.11713498564049,-7.0470734194153,1.29510832792944,0.661362237786003
-0.454806635693712,-7.08942406141737,0.375550597321225,2.05855841387303
0.258978296210499,-3.71980448338692,-0.293001712795231,-0.817747171889792
-2.59860804660376,-5.68685230976098,-0.432511468854405,1.48307954082721
-0.0731664360621461,-6.16653896227244,1.1810650332289,0.781657911997773
-1.60035224642368,-5.51617337230769,-0.355626694371491,-0.0595270841529551
-1.60355576037583,-3.04490364539738,-0.690597119237375,-0.057340162297012
0.707886720576604,-3.72187434671127,2.74568577022608,0.0882640041083022
-0.84558672040702,-4.5709946570909,-0.286880108072751,2.04188154500547
-0.628037781467833,-7.24765822150409,3.98043836866305,-0.92165999691868
-2.30688777220081,-4.32821767670458,1.27625172222465,0.419428762086328
-1.71883406864517,-3.01384410068342,1.2982816785778,0.339651416898892
-2.8574910108474,-4.88804868640902,0.818006279298548,-0.806582878489438
-0.524338423957732,-6.86804806395134,-1.40515706436684,0.790722181052857
-1.14504377405656,-1.21973606732265,1.96348810783003,1.83097388225692
-0.181769834169977,-3.83640221887517,1.78051609942723,-1.28025924777325
0.819435161925102,-7.48149953933199,-0.0582677610408551,1.78337749312371
-1.68996811512801,-4.28755339679143,-0.0625049926746162,-0.174967464836073
-5.44033585025977,-1.07243146620425,1.63859519749529,-0.0948543486489801
-2.51270443132928,-4.11180272492903,-0.268176625362841,-1.35886258760648
-0.5563279917061,-1.58912650557342,0.464161377444667,0.34098437796252
0.343168643732518,-4.59320480370741,-2.10877213747514,-1.15642478970443
-0.0891023821499138,-4.58142859006402,-0.482806217852884,-1.75983207007476
-2.75815457879479,-4.35323074028968,-0.729670814383025,-0.878918773001986
-1.07793893254189,-8.32381138441443,-1.12667465291975,-1.34670104682898
-0.439591180048513,0.478508290938541,1.8572933751081,0.358884545807406
-1.83527831763441,-6.52046903841033,-0.704876302822756,-1.53394927269981
-0.699253518864171,-2.53913546341279,-1.55887751330373,0.399252771426383
-2.04011130732054,-3.55186923557727,0.00507259497375362,-0.415231358869085
-1.0818509799831,-3.24444020091875,1.99732648305663,0.633502175588744
0.791770071292648,-5.15695630562292,-1.32443325867673,0.241708767183157
0.211331522015985,-7.37386441493948,2.71518983435631,-1.0114696708034
-1.70257269986329,-2.5101025547695,-1.32928008582152,-1.800606715188
0.528224788013359,-3.21851460855242,0.430854278631599,0.854508082135843
-1.69355556161101,-6.19034700858001,1.94942557507876,0.862644642607266
-0.369627253428681,-7.38319948906648,-0.592250432685441,0.992658397830031
-1.39906625881725,-1.93823498429801,-0.781385046556731,0.301141651506384
-2.00679112765917,-9.96616267585633,1.38480833845731,0.824155826751623
-0.279394447613034,-9.82449932119217,2.23905371202973,-0.203308445022126
0.595777826375793,-2.72080473590714,-0.264120865937511,-2.29842733533011
-0.381424973061397,-4.09515650266326,-0.923186012317228,-1.11918820838448
-0.583796987336482,-4.8220650148427,0.97134846505141,0.868904035276713
-2.98250889390649,-8.72334881676688,-0.0306612407531388,0.925432448606892
0.64432255884767,-9.47423873544628,0.597010615363527,0.671513023139331
-0.115392946989541,-4.5974041859786,0.0368532750274577,-2.14782274543617
0.0573380021556026,-7.38645411920984,0.0403316471602237,-0.529130162270073
0.38828011902681,1.49255396313228,0.551469294610276,-0.943241244937
-0.0186387621756474,-10.1063527272755,-0.908955906586531,-1.588816773396
-2.03552391006987,-3.8599354475928,-1.77896145557619,-1.30042627387154
0.643060335131248,-5.32898829477559,-0.242725480871133,-1.15054248388473
-0.941307487931683,-4.97162563253443,0.448663043275082,3.09594914612102
-3.07076873812107,-3.7122263663988,-1.00157465106938,0.156916481509024
-1.55086502891279,-9.32609191969619,-0.4179605364637,-0.847358986732475
-1.36364503356105,-1.06721271722083,1.72170286309858,-1.07284155313127
-2.69130643667566,-5.21797329482831,1.4516754495084,-1.28623291918287
-1.08512785064108,-5.63011929372501,-1.08704249042834,-1.62323628539449
-1.19660853090209,-2.30840618957667,1.57021999006567,0.0444643127275388
-3.06027117681787,-3.22928850590239,-0.337946566317539,-1.67841209383922
0.171258219258504,-2.7107343815545,0.473884798022989,-0.592815886894098
-0.878530814483117,-4.45877656360315,1.54748985860851,-0.160287697853472
-1.8579100735127,-4.80458514134835,1.05127554680938,0.197684960923638
-0.26032586509616,-6.82944346129336,1.27417158921264,1.18715335345864
-2.21035296316533,-3.36215635823576,0.634029805525809,0.928095709780777
-1.28455462703238,-1.5552592562967,-1.00159566215158,1.39754512888459
-4.86875532200614,-6.95496418894134,1.35019780831653,-0.600084615172797
0.683403477066962,-1.77533976942679,0.81371871177684,-0.316994034716579
-0.975329450270378,-5.08263568306085,-1.44802431893107,-0.348031669264374
-0.24886717800571,-4.26114541549449,-0.0178038197907229,-1.28817558928253
-0.353499557395063,-6.15668864839829,1.29489000390094,0.163328273977358
0.909449226852947,-4.77095558179645,0.395803304659423,1.61698515960802
-0.664099653149392,-5.0344333432679,-0.196618740994763,0.688967951339431
-1.89521205652721,-6.08536570575568,-0.138373703037864,-1.23139012100167
1.27319454170686,-2.87140533066483,-1.78694791820128,-0.239351792562792
0.104232263872367,-8.18726391804535,-0.582165188979244,-2.04700131711579
-2.65314028767161,-4.01873290622801,1.28976928914787,-2.18658284613076
-2.04045147096468,-5.17503934870079,-0.194453046102892,0.161111291363339
0.677458761768332,-6.36466808133018,-1.04734964697607,-0.407988753670521
-5.52115728842512,-2.33157368992165,3.83625192978432,1.74605160937641
-2.83484950959252,-7.28555529362115,-1.74608335182769,-0.463039289992322
-2.16419745556038,-6.67814850748137,-0.882902114159825,1.06827209754963
-0.650701857605714,-4.47017309378946,1.72304631784801,1.36630506435633
-0.534113986500153,-5.80351079059959,-0.759919243423912,-2.61919687889225
-1.07702958193656,-7.56069715713836,-0.477477977836566,-1.21361380685774
0.751012670619788,-8.75827246217612,1.21396906577094,-0.718174507382939
-3.13467674984426,-9.22686785047106,-1.99637408859218,0.46762171338759
-2.7608057035173,-3.21476445573465,-0.397190068137219,-0.915820569626413
-1.79130668960823,-3.7129394774645,1.91397738430641,-0.497587574981378
-1.30959401873504,-7.26435239676689,1.599926702727,-0.352756419728105
-0.845741291657152,-6.23380850591944,0.857857046749379,0.699018070701923
-0.0723265370201234,-3.40187441338659,1.49782817326383,-0.220527443205139
-0.815587289905843,-2.47958836818014,1.42552691703241,0.175823169355417
-0.205102212911399,-3.84830404406321,1.75864089032955,0.429020227968366
-2.78249305629813,-6.02176765768436,1.29515614207181,-0.819962314803575
-2.56437610491281,-5.67281256307248,2.67074504104143,0.153142646439709
0.291655269211171,-3.1675758459774,0.62443808649051,-0.922027100853618
-0.882740022957285,-4.52960816515481,0.526765948234859,1.01317480923893
-0.222079377560736,-4.09744032770084,0.277332784878389,-0.613315179621729
-1.20427791889169,-6.90618145052322,-0.288898298207254,-1.60021415558737
-3.1517251749825,-11.3799579591052,2.06796748356246,1.48162480951345
-1.50374859224317,-2.39666675638835,1.47807897409469,-1.46694788599875
-2.14643913966817,-9.56203019116652,0.88913003858231,-0.716044408811467
-0.838156082651254,-1.99899206736488,-0.20846477765441,0.232526124006016
0.587087799774998,-5.82067392792008,-1.08439571741352,2.03759106396615
-0.480658405767104,-1.51667037842756,0.510314516162445,1.05103051477744
-0.788261693388911,-3.65628279455648,-0.0658326168374394,-0.761199766937515
-0.229824879323297,-3.38729155792052,-0.190052016770498,1.44350909955726
-2.34739079422662,-8.92704813762442,-0.0291080703911203,0.341453045134642
-1.25304416719542,-6.03107710553381,1.8267920355276,0.165759347625519
-1.25521110414048,-7.68666454729901,-1.18988022595859,0.0584148403316103
-1.70891924810691,-4.39284855460511,0.614664943060553,-0.839657291441259
-2.32042555759458,-8.50807989457874,1.49202141928461,0.319138779486861
0.157085816663741,-0.141964622116701,-0.486120251138162,-1.24346028669292
-1.35825962025571,-0.793103255679216,0.683701831996704,0.148392504969135
-0.882907939380067,-6.57869169880679,2.99109805201071,-1.53509621616864
-2.46000700798723,-5.89759519672725,0.0940787498136595,2.04099650925317
-0.515229767318881,-2.93338441417982,-0.639537393261713,-0.358231353835697
-2.61135358762247,-6.22028086455984,0.231080886827211,-0.0248136035931779
-0.851269636447072,-4.7974606036363,0.12050549101779,-0.951441998454
-1.63537406333075,-3.22541706350039,1.49737350196125,0.858061209307022
2.62866402453563,-6.53591277277704,1.2812232565876,1.16092724061739
-0.159229562806972,-6.80306194187864,0.342356233733703,1.91567159381056
0.567006052171896,-3.99580749222903,3.90978095517671,0.0338559410867452
-1.58210563257604,-4.29711947309488,0.358197028747848,1.43327021095527
-0.361315994692567,-5.13749100213563,-0.143449882903682,-1.74233009335755
-1.92783177719509,-5.67762662181721,-0.502151844576723,-0.681509693479538
-1.29051398810281,-6.40389642066185,2.33960453253134,0.573107118694549
-2.98832667410108,-5.77630365163959,0.665246861349375,-0.00857908564850085
0.963102249566143,-7.78674165425084,0.217234164737736,-2.36901544489256
0.918311703450883,-3.89990615891138,0.0996564636983492,2.25130861892102
-1.96298840242634,-7.63160068418878,3.03737131626933,-0.599522273519488
-1.99853607888669,-5.28491007486758,1.09146966230612,0.735437910494101
-2.22721806412714,-6.69131513482443,1.99008979728319,-0.77001397751706
-1.95912254744629,-5.75709240507744,1.54959808951282,-1.94819240720279
-2.46477168920516,-2.21840750784501,1.47570111288344,0.054726303487498
-1.73123979700173,-4.67865616252664,0.506301989192144,0.394428574476492
-1.3081963757839,-5.63081612271597,0.832517779593477,-0.890643477778185
-1.42040933148278,-5.00352068983279,0.147008950328029,-1.11532898793695
-2.56070585384475,-2.47683470981994,0.171049742594901,-1.55763078632004
-0.148030378386227,1.12989630976829,2.10126744672885,-1.00522149175789
-1.05409551957509,-6.31168345029125,0.947550190594749,-0.0342783317766512
-1.48866772549234,-3.94306972784344,1.69643567042384,-1.61930431345069
-2.71413712048124,-3.65925489064693,1.85634028175286,-0.22988974394408
-2.21604957023301,-4.12927375374425,-0.321512158897687,-0.663285610926333
-2.36283793744039,-5.22665502529465,1.60886667542039,0.304224409993654
-0.290812682125572,-2.39172743109104,3.27406301151786,0.291752325285254
-2.5162358378805,-6.80766285551928,-2.17568259344872,0.0550026565556852
-1.33021176703939,-8.31993002216162,0.386009924466014,-0.05168165107811
0.375564807805273,-5.71269044502538,0.490196518847142,0.484064363874683
0.586578125311054,-4.30448580405385,1.77351805900913,-0.371521449849234
-1.28853708661982,-8.93325947040548,-0.378953319942714,-0.897493681234117
-0.386618259495229,-4.92549453840874,0.497779152368703,-0.0236680871726807
0.834392307456062,-4.30201061774522,0.938956449153403,0.664923839593142
-0.484064225096994,-5.60552643304155,-1.88543660345249,-1.42471748152358
-0.651079837280887,-5.90997626038126,-0.297215072485883,0.721151281131667
-2.70638395297161,-4.6683296142094,0.423268597074753,-0.240615768813016
-0.731309358761991,-4.91205430470182,0.159500743038554,1.96480978246173
-1.51533192806986,-1.65479172722632,0.130334743175958,-1.17347657057366
0.678719803216848,-5.45577485229565,-0.122511990869671,0.218936358576936
0.0730582430112907,-6.26510692304928,-0.123094730754107,1.05926266556663
-1.06850920748116,-2.20092587076784,-1.38636100333385,-0.78603971540592
0.618756202099918,-8.76038502993112,2.24630557607638,-0.290404037554023
-3.16078475971357,-7.67752039066677,1.27632317133217,-1.46578638079657
-1.45270663048051,-6.25951056707633,1.91393947396479,1.34943795480024
0.269687146511115,-5.31432603456823,1.69479799055056,1.89021588148995
2.15752223384841,-2.83207151538847,1.73276407312667,0.183745032751592
0.274853875593705,-5.17395912645772,0.256307775002194,1.35166192378228
-1.24229729799154,-5.67548605915058,-1.3355280449201,0.682209780489434
-2.06192034575198,-6.90379735445337,-0.164985862005415,-0.240984557832206
-0.386884226233953,-3.10593871156309,-0.367194090814156,1.05837531129145
-3.33763340862819,-3.76049062527099,-0.472013286690988,-0.13464300507718
0.0784858727311125,-7.98730340081724,-0.0335191582111942,0.106131656175053
-1.10958435068618,-4.86426483010647,-0.92990100765097,-0.289522678698606
-1.95157317202049,-2.70961472071454,1.40354909879348,-0.884806132633055
-0.802635306991856,-7.1636916170674,-0.715936612359976,-0.544786150370855
-0.00504005430140858,-6.54669648185533,-0.488373541624398,0.851102325136622
-1.33238167109273,-4.21914471578205,1.42025662436006,-3.1256811326869
-1.53351801829151,-3.93825395037285,0.27100069101478,-0.638730728133565
-2.47520347893749,-10.0690648544623,-1.36250584634254,-0.0340953405158877
-0.780530770363244,-3.65438812732957,-1.20470610552198,0.699433159532551
-1.07646941103377,-5.16599663328269,-1.40007034551593,-0.160666913410098
-2.06160812856992,-5.27869822676696,0.225313534605511,0.197946869686376
-2.26721646969326,-3.63884094303214,-0.492911982761752,-0.42441591495891
-0.750381894617371,-1.70833747993604,1.26103607275854,-2.51816712537353
-1.95610839830699,-5.19322852361056,0.495255175299872,1.27097738195632
-0.315164326927597,-5.41545093237126,-0.214900792555689,1.13460858042365
0.782623560021951,-0.553355114251186,1.22630539015434,0.0957949759605275
-0.129443298475398,-7.01923663657972,0.486825675148925,0.924943768632153
-0.961656565798464,-4.52797157402561,0.243363317510145,-0.562532896500282
-3.51815053026866,-7.31921053887406,1.54486571132249,-0.0245583489930866
0.444444823432766,-5.1686599387542,-0.022731447412422,-0.493341136948208
-1.42235797508068,-6.56251825739793,1.19121164197566,-1.43829512690459
-0.235334516387994,-6.56483268091697,-0.396665102653948,1.00069553002778
-3.62757187725521,-4.97539932323875,-0.392606404057698,-1.867360950726
-0.551493914704552,0.449116181130408,0.410860919795881,-0.371430716068249
-1.17761327764931,-6.21185048977906,0.689121557009475,-0.524946365871752
-1.29618594421675,-3.43191329563331,-2.05078363811491,-1.40917032648235
-1.63547670607695,-6.48614989502215,1.05846777025889,-0.500187571861704
1.01214438703892,-2.91909616370219,1.98907326863274,0.724883445515009
-0.149169843495758,-5.82370070494401,0.40463565128786,-3.92298856718282
-1.85278709561114,-4.09930971391529,-0.597967287867752,0.801600868493797
-0.758962285971031,-4.94002154758359,0.0761923351354568,1.0940413639452
-1.74361413929899,-3.86719168043045,3.28346103094173,-0.978623423153572
-0.645098133305681,-4.88771819981781,0.781841108924936,0.506393085590439
-0.308059180029662,-8.74096610026578,0.288818181825639,-0.253043835045686
-2.16585752994506,-7.39351163109346,1.87202576045635,-0.163025243927954
-1.61155848054354,-2.28689435016969,-0.832866327436079,-0.176412620731466
0.223775681618771,-1.37383177102949,0.332491039849489,2.02479291642719
0.813203984189513,-5.66439531240881,1.69080872383031,-0.502681250484598
-0.719973441802513,-0.149431109930803,1.80247180940609,-2.73038565521628
-2.68435286430719,-4.25660939643619,0.925259782939407,0.201610303274782
-2.05158051768365,-1.74582513484878,0.921498153891399,-0.167528129862328
-1.92553877719058,-6.67206515445703,-0.48109482021463,1.07058973916335
-2.08350893718259,-3.1479811669221,-0.492890107730648,-0.247014742604791
0.582832835169518,-6.05140059580927,1.57638758270651,1.73786437420971
-0.234322015215974,-5.09176217057068,0.623311608460246,-1.41734163333186
-1.07749891106191,-2.09019180480915,-0.204017797147564,-1.3744865625513
-1.16992334750827,-3.34490140850844,1.90218560682603,-0.0822534799001904
-1.33168146957224,-4.05898308336347,-0.84564635156302,1.52109132918904
-0.208657380326744,-3.99260686161794,-0.871759981301762,1.68003115037184
-1.80653939319448,0.377825918330766,-1.19075937444959,2.42612503116257
-1.50529486837462,-1.29292689100651,-0.211133114668865,-0.324459423050384
-1.59740873588155,-3.5586022706498,-0.488034102227814,-1.00865831537731
-1.03549954181008,-5.94564407753772,0.00740311430200744,-1.10447140204929
-1.12035184284317,-8.37789908536096,1.90046854148354,-0.208048591913773
-0.994520426301183,-9.34627708748888,0.540889819889936,-0.531595990304939
-2.87210701136493,-4.28751157239319,1.23361357741955,0.743696709904774
-1.51041220085288,-10.8612703397535,-0.878520779291027,0.324769447151715
-0.994068138870754,-7.05293984921502,1.44826940486889,-0.123287433929921
-0.745605003828321,-4.77470978511457,-0.363824533359659,-0.157518441455934
1.88303509360984,-7.51321338417295,0.123008279913912,-1.05961261548212
0.511350462170534,-5.9288968330483,2.08769348194121,-1.82305546213192
-1.34694041997978,-7.28744712088663,-0.929091846577308,-0.341965583383713
-1.15214980296875,-3.49873840281935,0.938600004118725,1.83271611494602
-0.767834930888291,-5.15026503327461,1.08024506841515,2.53852152026007
-0.888177833331306,0.332360132891999,1.11083596096129,-0.80391121415709
2.39154763497343,-2.82222758087897,-0.520123205801514,-0.636001395633444
-3.18297387932438,-5.25975020402109,2.52017699542854,1.35068800698102
-0.864192501171818,-7.87315706177853,-0.390961269899092,0.134750109892899
-3.45143212992909,-5.25789832861606,0.382954880969502,-0.107895326408866
-0.776335416290848,-9.0585118222931,-0.481020613645266,2.88118419337418
-0.460886157871346,-3.51808933693566,0.501782905607805,-0.434385091070388
-0.528738366205816,-8.37418852009371,0.210848142464534,-0.206355068218012
-1.20045920281697,-6.43040080711929,-1.28146196503051,0.290328008274614
-1.34480439527323,-3.5823736511002,3.93352134554656,-0.921103848133621
-1.50025389964732,-10.2911475483565,0.910393163480839,0.680799761347669
-0.995772636720276,-6.57536128586774,0.37090711811713,0.306586284009706
-1.55085502921689,-4.82323984864732,2.50463668681335,-0.285638897133252
1.05465551563114,-6.50194883527009,4.94818946855539,-0.111847733522621
-2.40651707670244,-8.97990550108339,1.31835351050386,3.07196866531774
-0.351593580604993,-4.75240139552424,1.27341364808325,3.35944843117746
-2.24474135988576,-3.98574960015306,0.547156857594636,0.642039589789018
-0.960084411303129,-5.25955879950881,0.622668526936344,-1.03801300368085
0.478438560892545,-3.87372557689346,0.275916955539603,2.50318498401349
-1.13512747338762,-3.48657696405867,-1.05608604630886,0.937590701997347
-0.358037560288841,-5.63109271257939,-0.500031086435129,-0.701398298905302
-0.0898156008306948,-8.16489226955815,2.78540506417696,0.983919316033325
-2.41073176410266,-3.85712495214426,2.06571436938234,0.237866411157304
-0.94677276091273,-2.31434795810506,0.971254632297164,-0.729331309045848
-3.30288429420909,-3.88365483236639,2.44226557351347,-0.196593683870792
-2.1972903052669,-2.09750711483427,0.62993588639504,-1.3032973590798
-0.352910065218555,-3.50854988915005,2.46080841982941,-0.1109410406894
-2.29100938231243,-2.16352005474195,0.556419925078366,-0.270133683776362
0.615104558154841,-4.90337361041835,-1.00028875682846,1.11729883370081
-1.20978832048066,-4.70656489863235,0.903188944418262,0.647087196852652
0.930745105804457,-5.78795859599276,-0.16776617055041,-1.65654485501972
-2.94350950540587,-3.50544027060624,0.114214198193639,-2.08147350661262
-0.534350344578658,-7.17515010974887,-0.84862208241348,0.190208552383515
-1.17227495918025,-5.3930743664737,0.589332543488624,-0.0218427528170492
-0.258203793222583,-6.15381021055047,-0.459444666782021,-0.489156090667253
-0.599872104586762,-6.09313805788828,-0.234729148178174,-0.725819652996261
-1.11249449170696,0.390715109364546,1.99991985739766,0.579087089130768
-1.960449136063,-0.60135018004598,0.943089244167025,-0.85682989670655
1.13188350003868,-3.72572864408593,0.93826911917097,-1.15117329980657
-0.975548567715826,-7.94901105821206,1.47329552385053,0.587259172429503
-3.19102494557084,-6.88682572588229,0.797569856147849,-0.473652251310989
-2.61210732751403,-4.17424186459277,-0.103937415473168,-0.126525485004102
-0.976244053713409,-5.14232626148687,-0.525130683054351,-1.10973701808003
-0.989756683558671,-2.43696528976818,-0.263374544542948,-0.360050204108676
-0.157077906902413,-2.69205274649563,1.58637856548603,-0.147418471762173
-1.31075524700821,-7.82468670738576,0.95574516584947,-1.47225514866578
-1.94614774006785,-5.0808173494712,-0.430277400601459,-0.207957865467029
-0.335209652225667,-2.30087828497239,1.46636326894806,1.11774780721953
-0.227867218803508,-7.34784642466242,-0.296263085391847,-1.45542771766153
-2.13618115790484,-4.41823479647683,-1.25832808977457,1.36813061552655
-0.789667288812839,-5.399304760246,-0.945728758239823,0.410453563128664
-1.8478907580774,-5.70089758558305,2.1918196437465,-2.70591746057683
-3.15491079191743,-3.76316784196696,-1.17555249769797,0.93148404692167
0.316802602395365,-1.26443881227364,0.449771559918493,-0.91390392311492
1.61770279789046,-3.2214905790937,1.32494460470518,0.558808136699921
-4.10811159520056,-7.40884494827544,2.37182216694644,0.0484946371818034
-0.315222650714251,-4.69457276042044,-0.129782378063376,-0.335849711260224
-2.06225903550703,-4.70154480154539,0.204855545313756,0.245430460527567
-2.26840292232967,-4.43471149298405,0.510324492324808,-0.500098263197275
-0.959090650684058,-5.37090855093322,1.43303801590274,-1.11754928884289
-1.76490382444277,-1.2339886673877,-0.103349525187965,-0.210521978722297
-2.28046573490322,-10.8793050705237,0.241242589524393,-0.112188048725441
0.111928925546271,-5.88837126947375,-0.551520633966513,2.23216926321721
1.59824029861824,-7.4448155350734,0.722306030241827,0.469898007521255
-4.25408355687816,-6.31491472400529,1.01066926990379,-2.03108094700068
-2.50874667656161,-5.14337775173545,-1.9826539870059,1.5203143429631
-1.15880980678924,-4.72805861662868,-0.51704923536551,-0.890636408851918
-1.80882736187373,-8.04604023123463,-0.499787632056586,-0.243967301329187
-0.108631464592873,-1.2807733828719,-0.664761368423464,-2.39863385906101
-2.26809402293673,-3.44415393545277,0.15068401055987,1.95514631790674
-0.322137754392111,-3.15281207547651,0.439292549984921,-0.182556202122426
-0.171176587883206,-4.74959283692561,-0.884941329549728,-0.411392298776213
0.0135288423418571,-4.52515837710604,-0.295148561695318,1.68569859949734
-3.58545751952704,-4.15512871104381,0.25956731194979,0.642809006373241
-2.26451318174226,-2.30645070363567,-0.744769818099722,-0.500518306569673
-0.375655695883982,-8.06135177325062,0.852716264003467,-0.445715662794346
-0.777265699126602,-4.503012421302,0.527774877047019,-0.0311023164020206
-1.60430207902745,-3.37791734247548,0.696063547438485,0.763502688648753
-0.119882240139007,-4.13442664986814,0.904502745466406,0.0995085807235555
-1.65984297789843,-1.68285390566984,0.996021418463678,0.469295862000778
-1.18516173712116,-4.73008585832364,0.494666881604229,-1.73734422150434
-1.27650902635559,-2.31588021652455,0.826812531374125,0.464755373727936
0.0107555386403337,-1.36965963043001,0.107355542129813,-4.61091586311128
-1.53313295822779,-6.80596583827985,1.16401572282628,-0.135082116443866
-3.01931305449128,-9.19953880580554,-0.381884768026672,1.93146930619699
1.14482009066053,-8.95536544494229,1.08479806921777,1.7067534275362
-0.675936836793555,-0.273280253787219,0.577237957159194,1.12488805244503
-2.59956199078472,-3.42523431412455,0.71952198252587,-0.628356478074215
-3.0620546648286,-6.47437298533304,1.38191289924265,0.816613479910413
0.131702432412743,-8.20187016865804,0.329067346304382,-2.79978985831447
-0.588388389061804,-1.58446206899152,0.409128629138175,-0.888535395914049
-1.41922718234723,-2.58417487611202,1.38495507343437,-2.45797069995422
-1.63089365906712,-4.21557841164063,2.09957066738063,-0.555257649817371
-1.02073645282474,-2.26229821509622,0.641538815540961,1.3878500263068
-0.76062968497973,-3.13033855545396,-1.16978771417909,0.754432224451422
-3.00829518894373,-5.05110259392548,0.660191986948498,-0.567928111088122
-1.24822795357584,-3.26136900808239,1.19115038975387,-0.497281593974604
-0.529804478453891,-8.30608346891754,0.356187762547928,-0.0989967711759852
-1.72999725821349,-7.23696482566195,1.77028238115162,-1.46491232385492
-2.60809847061757,-7.42062699496501,-0.0323284822232634,0.956629350757085
0.328982015087708,-8.65656341145066,0.315679900225719,-1.38693962102685
-0.715315476868185,-4.93376815196504,-1.45183729460493,0.00458248799549149
-0.349748174644321,-5.06843844179399,-0.400150782766749,0.84443553917699
-2.106123965317,-2.64720532264659,0.999921381120749,-1.06214241055314
1.48763502021416,-5.93844399827365,-0.642682972111274,-0.249456076955237
-1.85974684842764,-6.9040812569018,1.99628116823361,0.392618581837577
-0.0793156430858782,-7.39567597310428,-0.301342505185527,-0.527814270255114
-0.302909777881103,-5.06859503439872,0.358733692091076,-0.938324184723443
-2.96490933626141,-4.82511437088446,-0.179955771167379,-2.13271878888365
-1.23931584766749,-4.12969649388651,0.526910148845828,-1.16153030975705
-3.50085247621953,-4.49011036190914,-0.486862678710677,1.9055545166814
-0.985241740769152,-7.2608189086423,0.177486680983855,1.62890917530966
-0.203168605255533,-5.63723502205978,2.81786820290241,-1.03170251936786
-1.36027423020378,-3.05585472343602,0.460275357122312,-0.921452874140141
-1.08029970408895,-4.20904710631713,2.03318388976254,-1.42088688081405
-0.212623229154347,-1.03755935992633,-0.754164066021416,-1.56376810587452
0.668015230564134,-7.10247837093311,0.410898181026391,0.0796020736166892
-0.205959626310277,-4.25541137262523,-0.927701336298023,0.359118804650934
0.185771156638844,-4.56113183936063,1.00260549409778,0.550392239532846
-1.85932747445847,-5.10980658450745,-2.06994067705006,-0.367574389280158
-2.50208008112546,-7.52126945453861,0.024761796996522,-1.18075911018927
-2.12098195079978,-6.195176262264,0.177145210882343,0.264090307515937
-1.38955722545481,-5.66790822009904,-0.5949255468723,-1.81848912451083
0.6978032098596,-6.5924793827905,-1.37025641153728,1.59663748486018
-0.409582329633241,-1.2676119279423,-0.810188788013598,0.410478142084339
-1.99045801398939,-6.00938572151198,0.620255153212571,-1.83377160705901
-1.91826804778675,-4.56068152023512,1.02890795614265,-0.112285007527454
0.00481146112998599,-7.2476147818956,-0.450921199071524,-0.294040757792247
0.141616885611212,-5.44302890982947,0.71775020041648,-0.819284422355831
-1.65815369361779,-3.53943833313482,0.447150874352018,-0.78254981387944
-1.21839536923025,-5.82248673537207,-1.27056426724074,1.96564367405405
-0.914356950383908,-6.97132112552078,-0.881874875944769,0.339316632734754
