qu0,qu0025,qu005,qu095,qu0975,qu1,id,time
1.23986803922609,1.40771206046728,1.45668020340547,1.96837723244219,2.00458403287647,2.40153825872304,1,0
1.21893152052007,1.44680848575491,1.49409878593664,4.72419637659667,4.9342051846354,5.36631695952993,1,0.508474576271186
1.37625298388624,1.76616392267649,1.87243230401811,6.03934664757053,6.11076478035415,6.34946232620547,1,1.01694915254237
2.34694380258443,5.38812806286692,5.60459508395523,6.55349382347125,6.62744695164697,6.79727005645489,1,1.52542372881356
2.44154444436152,6.02057410843292,6.1213613469263,6.85035428239083,6.90519749731975,7.11543111683803,1,2.03389830508475
2.5475864941477,6.33053728635505,6.41122885766262,7.03121658188034,7.07286276349778,7.2255952243673,1,2.54237288135593
2.53852978654024,6.50190231588096,6.5835647134573,7.15043805274796,7.19562440120425,7.41113477163247,1,3.05084745762712
2.45420480139127,6.61418113862237,6.6962849295436,7.2484922477987,7.28942415647742,7.48275676258738,1,3.5593220338983
2.38477212043861,6.68668486588352,6.74147465167395,7.3095445066739,7.36420838065838,7.54701008653516,1,4.06779661016949
3.50695616790916,6.75835755327779,6.81118500690422,7.37097701087625,7.41036295706696,7.59527903759514,1,4.57627118644068
5.24258293078787,6.78675340722867,6.84244707334932,7.40761659546578,7.44466232531515,7.65695905268866,1,5.08474576271186
5.64421780004557,6.7763586372708,6.85379753136893,7.43895999289293,7.50099137505764,7.65315025361524,1,5.59322033898305
5.95922682835109,6.78310155608071,6.85652751001746,7.44319070800342,7.50015242207844,7.71251766272029,1,6.10169491525424
6.29094249858284,6.76349831822369,6.84867519793727,7.44535949343009,7.51717967573147,7.74769227098212,1,6.61016949152542
5.96608469262841,6.79166873975176,6.86150626139017,7.46693821892082,7.51222205241052,7.77120305929097,1,7.11864406779661
6.03423527778823,6.75386502691067,6.84183034113228,7.46691826337007,7.53634057412325,7.72544668553167,1,7.6271186440678
6.00830015861166,6.74092875458611,6.8198137487344,7.47024713251462,7.53292095916498,7.6937406905926,1,8.13559322033898
5.9631592288054,6.72116801538572,6.81294449180516,7.47314849411602,7.54298875174006,7.72099373682062,1,8.64406779661017
5.90869198776163,6.69739227432327,6.78919040907779,7.46986869397803,7.51879733536036,7.73141069787735,1,9.15254237288136
5.81580656849306,6.68555254828134,6.76314202300065,7.47646907710107,7.52080995686344,7.78687469376849,1,9.66101694915254
5.92672195282059,6.63751086955886,6.74469785833236,7.44889602889311,7.51903155426855,7.69459430587741,1,10.1694915254237
5.75540843795229,6.61426089518866,6.70993457368378,7.44571782149909,7.51140114044378,7.69256899919182,1,10.6779661016949
5.61921166712105,6.59740298082918,6.6814643950162,7.44722790880222,7.49983627575566,7.74987441581061,1,11.1864406779661
5.58608084620213,6.56279751675508,6.6578221232983,7.42970769594642,7.50974270121504,7.70020379128435,1,11.6949152542373
5.5970298310618,6.52718351768298,6.61872739574854,7.40959780815716,7.47279756447549,7.76745673127317,1,12.2033898305085
5.6177434557434,6.49423357149205,6.59124175354882,7.41888995439622,7.48841659622083,7.6684909989905,1,12.7118644067797
5.28197732788988,6.47765831264752,6.59568755397671,7.414096567203,7.451348885032,7.70144416848065,1,13.2203389830508
5.62808304801995,6.43492461419218,6.53920531606587,7.3744823053232,7.44443984432314,7.74148433334978,1,13.728813559322
5.1968705318003,6.37662441256842,6.51087539722069,7.37162979376697,7.43187725043277,7.62812427402203,1,14.2372881355932
5.2719996387959,6.3344940871051,6.46836408755361,7.34920813824516,7.4135110956683,7.60914434696679,1,14.7457627118644
5.006875641357,6.31782299379107,6.42226711238172,7.33795917731442,7.4187189456993,7.66915114195362,1,15.2542372881356
4.87077909809996,6.29160629971298,6.40308566515137,7.34149800990098,7.40136201152128,7.66506635971817,1,15.7627118644068
4.830847468654,6.23483314691718,6.37652029568546,7.31511447858007,7.38878303470835,7.67015444327078,1,16.271186440678
4.87323968941484,6.21226648145564,6.33959023499459,7.28844653787195,7.38055695413779,7.59095700154286,1,16.7796610169492
4.72834175179327,6.19075889001292,6.29068412889693,7.28658712827533,7.34834072691086,7.60427677305228,1,17.2881355932203
4.53048090800324,6.16174481292164,6.25806036564278,7.2609336877136,7.3381119326699,7.64381482109751,1,17.7966101694915
4.36681491769819,6.11037120276852,6.22292355437749,7.25327361089007,7.35028060122859,7.60627342924565,1,18.3050847457627
4.27732518125825,6.08213023724212,6.17829753757749,7.24390090225647,7.33080399368393,7.60150042315826,1,18.8135593220339
3.97283441861888,6.0155803892352,6.16076892717883,7.22286918276591,7.30213105706554,7.6609182946453,1,19.3220338983051
4.29035332331248,6.00507392826425,6.12917669679842,7.21707921266386,7.30507935626537,7.59999714110929,1,19.8305084745763
4.10879635897456,5.96628721627774,6.09027788755707,7.19421765723581,7.27478924025243,7.55414137797691,1,20.3389830508475
4.08648681776146,5.94183534622695,6.04586299088986,7.17372244407624,7.26209894269241,7.50556311276242,1,20.8474576271186
4.16250512759779,5.85199080191255,6.00992432423197,7.17056608623615,7.24955726611293,7.57970145818976,1,21.3559322033898
4.06860085962249,5.86935672054452,5.99932783500043,7.14250284769929,7.23045024622955,7.58355083297592,1,21.864406779661
4.05834876480262,5.81418472851784,5.93450972334904,7.13981299515183,7.23048601313046,7.52751824314568,1,22.3728813559322
4.21740513776393,5.7859068531456,5.91102303023415,7.13896260361381,7.20969040316355,7.48833805323051,1,22.8813559322034
3.92150785358067,5.74818743978055,5.87749647680586,7.11071038179235,7.18518492166693,7.51720717861128,1,23.3898305084746
3.64250768920424,5.69447391021158,5.82293499539948,7.09810780485263,7.20004320841781,7.49948935619975,1,23.8983050847458
4.01950409814434,5.65323972422166,5.78992226347541,7.09682699279587,7.17247982642084,7.47208780016303,1,24.4067796610169
3.70877374136194,5.60447586516326,5.75512192481121,7.0854849497365,7.16887533406345,7.46028346838667,1,24.9152542372881
3.69684609221556,5.56483872137872,5.70111355961422,7.06481290996794,7.14215027096409,7.4308285085558,1,25.4237288135593
3.70112174413093,5.52239237873096,5.67605525934379,7.04602435374721,7.13279902147893,7.46336526232839,1,25.9322033898305
3.46378053640461,5.44672511097534,5.64649027160831,7.02803480335885,7.10728066259184,7.46044108398119,1,26.4406779661017
3.45534803895363,5.41356227957476,5.60489109744499,7.02751433745321,7.11866248949265,7.44043079089869,1,26.9491525423729
3.57423545138011,5.35861866514323,5.56960205912841,7.00043686827493,7.08588950766755,7.4268877176649,1,27.4576271186441
3.6039735118186,5.32594009593888,5.53451359054561,7.00230436533192,7.08645155939988,7.40980452825609,1,27.9661016949153
3.58590341480144,5.25888715227278,5.52661889653597,6.96689060259217,7.07331301747905,7.4183595079028,1,28.4745762711864
3.62835549091806,5.24909840508483,5.44957078700478,6.97606159210068,7.04871664418141,7.3980305860366,1,28.9830508474576
3.30096349951885,5.22882614569644,5.43411379102674,6.93849535196955,7.03520727219953,7.43972211970208,1,29.4915254237288
3.26270744624916,5.15986946033977,5.39637660268728,6.94386478529657,7.04551605318072,7.39291684337367,1,30
1.23901328785158,1.40458099921092,1.45959784153091,1.95761501434261,2.00585833014884,2.60855683578955,2,0
1.23125678590535,1.46440942237669,1.53743651640709,5.06513347305144,5.18541052035596,5.60410055085354,2,0.508474576271186
1.247914161427,2.00779576187727,4.04247337982834,6.04691635425935,6.11866207266548,6.39846345294708,2,1.01694915254237
3.68957062103385,5.55052855739558,5.70794568833544,6.47653825721648,6.52726817530944,6.76472691565583,2,1.52542372881356
4.22817269652742,6.0445429641803,6.12244279041581,6.70855110005787,6.74430032602463,7.00596959317781,2,2.03389830508475
4.43932730201781,6.26205946130321,6.30380963721781,6.85672029555819,6.92575194750842,7.08013323996095,2,2.54237288135593
4.70554747707536,6.36568656586486,6.41517981696789,6.96509859337221,7.00709160987059,7.26863280749224,2,3.05084745762712
4.89755773244075,6.40078239792522,6.44952366767897,7.02541618814661,7.06584469714317,7.25425465723092,2,3.5593220338983
5.04297676902547,6.44150193649186,6.48463226012001,7.07128128688554,7.11075091770407,7.27908527476783,2,4.06779661016949
5.34148179880684,6.42846522391911,6.50091485415096,7.10667164750858,7.15947008338623,7.41537793869523,2,4.57627118644068
5.20999752167436,6.42319948508463,6.49330827465923,7.11212513090642,7.16961463426359,7.30404293610087,2,5.08474576271186
5.41559624347895,6.41495129634585,6.48375681910682,7.122390198133,7.17374817823343,7.3757480606244,2,5.59322033898305
5.32753758252153,6.37188403043624,6.46413838735103,7.13125349078719,7.1870957139921,7.3689409174459,2,6.10169491525424
5.27131282915954,6.33367697710997,6.44419011926783,7.13395685585383,7.17091239895537,7.37519100814167,2,6.61016949152542
5.21512618297986,6.33563545068424,6.41740452095772,7.12786165387039,7.1937023360309,7.35699691399031,2,7.11864406779661
5.03433993976255,6.29681934455139,6.39435859809723,7.12484713777731,7.17891800894827,7.39526951887301,2,7.6271186440678
5.17790218139184,6.25788343902259,6.37021660994926,7.12718191784462,7.16675622300062,7.48203196697224,2,8.13559322033898
5.09654910963795,6.2392227918236,6.33711310175226,7.09675009139862,7.15844085132414,7.36570051075625,2,8.64406779661017
5.25278640820223,6.20660655761944,6.29433298598428,7.10359533134431,7.15771743276734,7.33930776910252,2,9.15254237288136
5.13136067311651,6.1846446623008,6.27089347254522,7.09482284122535,7.13691828108024,7.34947821582926,2,9.66101694915254
5.0524886503024,6.15734489672153,6.21916849940894,7.06460422538095,7.11237108602073,7.35754688454053,2,10.1694915254237
4.96837011979488,6.11150242415223,6.20757031123439,7.04829092384637,7.09530809051224,7.33037686096222,2,10.6779661016949
5.15164917957839,6.08422725863855,6.18065104467488,7.04378401974463,7.09508479663378,7.31688169691907,2,11.1864406779661
5.07247618133708,6.04113727454255,6.13025292802471,7.01167134694227,7.08058219666361,7.33250716492079,2,11.6949152542373
4.9250204985443,6.00630508473924,6.09785767271197,7.00531009140998,7.05764147554604,7.31995387008728,2,12.2033898305085
4.78962644764453,5.99564579267537,6.06597779193106,6.99405330140486,7.06142078311871,7.33905420446356,2,12.7118644067797
4.80333015214064,5.9145460419536,6.04976934486014,6.9734351384698,7.03009424367145,7.31822648999538,2,13.2203389830508
4.83468444835348,5.8604173317032,5.97928952677141,6.9579780872841,7.019353102155,7.24579436982625,2,13.728813559322
4.73197162414025,5.82847277272892,5.97889327129907,6.92777602606352,7.00064699409873,7.28856501089025,2,14.2372881355932
4.68373531084756,5.79550545445399,5.93180585532594,6.92887703228602,6.99980172156263,7.29872809620553,2,14.7457627118644
4.58273504536099,5.7673354066658,5.90406890653772,6.89021695655567,6.98419018909462,7.2781055181873,2,15.2542372881356
4.418838607073,5.69716720154244,5.84256330297536,6.8853905677414,6.97168752725657,7.27942380173268,2,15.7627118644068
4.36747423751993,5.66981135358917,5.80800171677317,6.88004753102468,6.94872995008292,7.2204479072241,2,16.271186440678
4.27594094318017,5.62851715817073,5.79307296499313,6.85431483502783,6.91439382532756,7.23622661662977,2,16.7796610169492
4.27473856049551,5.57590633037694,5.76725004404373,6.83048140618429,6.91167030342918,7.26882359988364,2,17.2881355932203
4.10159973231212,5.54027905880307,5.68824929632294,6.83190162005381,6.89465363979355,7.21697905073112,2,17.7966101694915
3.8286922382029,5.47084905196153,5.66440278941442,6.81398824639502,6.88739461985718,7.12045446416119,2,18.3050847457627
3.89590623356471,5.41981913168323,5.62056541053015,6.7933906906222,6.8625023422945,7.11692711695362,2,18.8135593220339
3.80103440987219,5.40534934841746,5.60515872369961,6.77522697601882,6.85105822773432,7.18142823012168,2,19.3220338983051
3.69404466534294,5.35073846711622,5.54259511833314,6.76542675069759,6.8150464934102,7.20246670864595,2,19.8305084745763
3.71765931530965,5.32600749412313,5.48810194832521,6.74603565793723,6.79471413290043,7.09244206615479,2,20.3389830508475
3.65066777888826,5.23623876679943,5.48125193317081,6.72433397705896,6.79367241842774,7.09838270398156,2,20.8474576271186
3.56201093231419,5.17893985910749,5.42226444768848,6.71370433247291,6.80240195256885,7.10244452734957,2,21.3559322033898
3.2989465948313,5.12914484375688,5.36574328691176,6.71045374655644,6.78326348580344,7.05146955215134,2,21.864406779661
3.38511182805801,5.1040786329306,5.33060994790291,6.68952543584276,6.76038027318709,7.04667578515929,2,22.3728813559322
3.06245449029202,5.05085277061903,5.30821207881807,6.67955709926592,6.74146586281784,7.04617350008571,2,22.8813559322034
2.8649494181041,5.02956031697643,5.24738896897458,6.64374444404735,6.72244561758153,7.01082582613985,2,23.3898305084746
2.86568309950215,4.9767666554501,5.20022721165838,6.62494084614894,6.7229687985866,7.04416811185095,2,23.8983050847458
2.88380893537758,4.90383578581841,5.18689080397678,6.61355894447047,6.68475625476946,7.0056475205143,2,24.4067796610169
2.70025212411591,4.87416237745379,5.08330717596688,6.61067672082282,6.67907509534669,6.97729962606601,2,24.9152542372881
2.73419738360509,4.84057347694658,5.0678025181804,6.5982342594939,6.66790986594776,6.94150103945829,2,25.4237288135593
2.29373720913379,4.77144309704686,5.07350455727471,6.57962851690513,6.64248107881486,7.00386145765728,2,25.9322033898305
2.59946761992547,4.73656844333089,5.02867845174054,6.56369206615909,6.63119597157504,6.9444889523578,2,26.4406779661017
2.40471082244252,4.67431691658852,4.97803944003729,6.55352074458194,6.63511594330734,6.89433176946367,2,26.9491525423729
2.48965220932603,4.64267213042565,4.91723588881159,6.53098963945192,6.62312011647926,6.92577694201001,2,27.4576271186441
2.29173406027984,4.58812222163748,4.8819703153372,6.50286037791375,6.60074853815862,6.88644402279169,2,27.9661016949153
2.24759873724,4.54294399004386,4.835631725643,6.50777401912572,6.576798380448,6.85639176539671,2,28.4745762711864
2.00635553759199,4.52792625435662,4.81167987988373,6.48911403714447,6.57955868256536,6.83251700265685,2,28.9830508474576
1.95166749356748,4.45410646413274,4.74815772580438,6.48402378350071,6.56015594947296,6.91142939464108,2,29.4915254237288
2.1500771202346,4.39306827588289,4.73265098006229,6.45680080043748,6.54602809283904,6.87590835924726,2,30
1.17136965496274,1.40994366477755,1.47064976704594,1.98322793340385,2.09697486212851,4.33250772178916,3,0
1.45382898680145,1.78374253863698,2.04134528246958,5.80253418504692,5.89451562593715,6.1759969732237,3,0.508474576271186
4.90651149363043,5.64638056513716,5.74705609307304,6.51497822960471,6.57645998674501,6.77116691924257,3,1.01694915254237
4.94590851127114,6.20536785267397,6.27433956251039,6.86454078533301,6.90744759230872,7.10643694047574,3,1.52542372881356
5.38632768337457,6.46525773500996,6.51782556377871,7.08783359503872,7.13121471116428,7.32362605697644,3,2.03389830508475
5.46943893304753,6.63671759675334,6.67520678866059,7.22194859617728,7.27396201324615,7.50706662721477,3,2.54237288135593
5.24664740777667,6.73932845457946,6.78291701877918,7.33711058056475,7.38538048712178,7.5684957569927,3,3.05084745762712
5.38943103407514,6.80207309684761,6.84632920638855,7.40960662869371,7.45275557987376,7.61716854963035,3,3.5593220338983
5.23197593511842,6.83618704544535,6.89495252240761,7.4673427917966,7.50506762484958,7.70021130735273,3,4.06779661016949
5.44042295767773,6.85158153452515,6.90862214988309,7.49703451938314,7.55402642904747,7.66579427266005,3,4.57627118644068
5.49303448775123,6.85584108080118,6.93304685179561,7.53010628892018,7.5868610261707,7.75763867191414,3,5.08474576271186
5.3252265812262,6.85836571628545,6.94122709611039,7.54594267165426,7.59716585191349,7.78014281921995,3,5.59322033898305
5.43302151852902,6.87360947355414,6.92822027211654,7.54612097271543,7.61603934070028,7.73822824872008,3,6.10169491525424
5.32868146441632,6.84541815576428,6.92329693854807,7.56485626002788,7.61810951134831,7.75191557828899,3,6.61016949152542
5.37023556084043,6.84795757559841,6.90720655047066,7.55875785224718,7.6195843224326,7.7517293375668,3,7.11864406779661
5.31951754700697,6.81506027046136,6.89873574206396,7.57676244809656,7.62087374632474,7.86731340522366,3,7.6271186440678
5.11412560427911,6.80098350338609,6.8696105992302,7.57325621237414,7.63771832716469,7.85961043565611,3,8.13559322033898
5.22747358593353,6.78026146279059,6.87130969757142,7.57235526359874,7.63318877421622,7.79234089207283,3,8.64406779661017
4.97537634381065,6.77156830117687,6.84404221743988,7.56245796005615,7.62311782410435,7.81491008810765,3,9.15254237288136
4.90036018401889,6.74290684148282,6.81753949026141,7.55690361569358,7.624928486874,7.81250065847922,3,9.66101694915254
5.01169838235641,6.71845168685413,6.79626106224474,7.55727257121425,7.60836451204043,7.85920556857165,3,10.1694915254237
5.08252166378319,6.67261879870208,6.76850238182532,7.53963875219854,7.61243330626689,7.82835111417174,3,10.6779661016949
5.08665197373549,6.62958161608446,6.7318077336803,7.51677372171978,7.58191947772603,7.88598505655675,3,11.1864406779661
4.98239503587506,6.60971472266339,6.70309212513138,7.50252648216634,7.58057593805824,7.86511204133064,3,11.6949152542373
4.99477173173786,6.58291570837717,6.68312131566635,7.49100756884611,7.56155978305372,7.82820641238271,3,12.2033898305085
5.04890220216607,6.52829066331131,6.63084577300597,7.49837528303103,7.55666364812557,7.88900364677276,3,12.7118644067797
4.83403541070026,6.50517239466308,6.61828811790233,7.47093628269162,7.54735470639193,7.81743101388607,3,13.2203389830508
4.75255000761631,6.46824788112504,6.57785822945848,7.45530076751656,7.5391046434672,7.74060864369378,3,13.728813559322
4.79156448858928,6.46173018443887,6.54169141343868,7.44258394617055,7.53108744203079,7.78373672944576,3,14.2372881355932
4.54658748003283,6.43461759090377,6.52159295453345,7.44145735475685,7.50353855570448,7.80929145647078,3,14.7457627118644
4.74359209311713,6.39073566994387,6.48693524313799,7.40612148811855,7.49119398693056,7.81463420476037,3,15.2542372881356
4.81773857823897,6.34619178542728,6.44109317450618,7.41719318411879,7.50313170604663,7.75065838634782,3,15.7627118644068
4.82723007678792,6.32516357052833,6.41680264437644,7.38844919320578,7.47953364319674,7.75987654117049,3,16.271186440678
4.57005540763004,6.28736303040555,6.39107198551249,7.39361424175176,7.4576666179615,7.73232303684059,3,16.7796610169492
4.76689777392316,6.25630395751645,6.35264307911805,7.36273969280598,7.43570496889905,7.72993612372338,3,17.2881355932203
4.60675600233306,6.20005137683556,6.32094086488972,7.35165082159285,7.43092892630901,7.79907582622676,3,17.7966101694915
4.54909338600784,6.16518599839364,6.28626881544617,7.34216022168703,7.41349398430966,7.73259255298532,3,18.3050847457627
4.46739405971014,6.13057401156921,6.24048863511695,7.31796515012792,7.39264584932074,7.67952370845005,3,18.8135593220339
4.53742164027797,6.09534977016551,6.20165860695247,7.31756984274764,7.38199024233566,7.75755932190423,3,19.3220338983051
4.50490721593353,6.05728127341366,6.15590007117375,7.29738018209169,7.37552099263196,7.6297727504162,3,19.8305084745763
4.47784723168061,6.03627087920059,6.12959812865375,7.29238927727608,7.37063071097427,7.69781097935164,3,20.3389830508475
4.42896115456912,5.98907850414034,6.10333076712971,7.28030222470531,7.34399283942492,7.65293812048536,3,20.8474576271186
4.46483566200361,5.94787568274261,6.06799629395443,7.25549874040473,7.31209299558321,7.67889940986356,3,21.3559322033898
4.39293949247292,5.91318946024015,6.00362906032691,7.25443630866169,7.3130030352029,7.57874084249903,3,21.864406779661
4.40985193471636,5.89323971572451,5.99260016159924,7.23099768880424,7.31077840894772,7.60560420797997,3,22.3728813559322
4.49314211551113,5.81364439010143,5.94765262395299,7.23468267874532,7.3053376432315,7.62494280485356,3,22.8813559322034
4.33784896415714,5.78480911419883,5.91253177064662,7.20405086423907,7.28045876674483,7.66469563074525,3,23.3898305084746
4.40890752788203,5.76389621566026,5.87578023233794,7.19179539167178,7.26538945226867,7.52076329085603,3,23.8983050847458
4.31588815516533,5.69390043487649,5.83920104988819,7.16304117211469,7.25265972648019,7.56575612987606,3,24.4067796610169
4.36307588634166,5.65921480092654,5.8134646214162,7.1561800336039,7.26065899938557,7.53889562677214,3,24.9152542372881
4.2678679241773,5.61206836259998,5.75170907881234,7.15152849852825,7.23487867694096,7.58643405495905,3,25.4237288135593
4.10702088267497,5.56980044819382,5.72491311441387,7.12965569520207,7.21794218772957,7.50769095379108,3,25.9322033898305
4.14801881154128,5.52953820426923,5.6924102232346,7.10888656042336,7.20267803712362,7.59165090183607,3,26.4406779661017
4.09667448100552,5.46107263565908,5.66119493076077,7.10967363859794,7.17687017771014,7.54621966944531,3,26.9491525423729
3.97567759843085,5.42092296025419,5.63662582697209,7.09727660722128,7.19354442956829,7.53728770231387,3,27.4576271186441
3.9825674567003,5.37104459426578,5.57331326914324,7.07661086959829,7.17081689718436,7.53611168638726,3,27.9661016949153
3.85044968330895,5.33751770748077,5.527185839203,7.0817611945468,7.16095395137794,7.46755598567231,3,28.4745762711864
3.73351647897541,5.29491983231721,5.49594372421487,7.03917908220895,7.156793956679,7.49143303150663,3,28.9830508474576
3.61109003463384,5.2625126272102,5.45665383527248,7.04735001008725,7.14731430255616,7.42657478112886,3,29.4915254237288
3.56141524891164,5.21157635198051,5.42645652750553,7.02428687387712,7.10956354140364,7.39807256148715,3,30
1.26262153247562,1.3921817550882,1.45554126708273,2.00620810192824,2.2058180117305,4.21004530900781,4,0
1.53051977229237,2.32074466476144,3.77680285020752,5.76063154130593,5.85827884732948,6.17719919445407,4,0.508474576271186
4.19096030525411,5.69488095884779,5.76351632954777,6.44307760838704,6.48605327321382,6.64498604641533,4,1.01694915254237
4.55890467056755,6.15676094001636,6.19764223493769,6.75759521238309,6.79540120359367,6.93323760069865,4,1.52542372881356
4.55621390220272,6.37728808355828,6.42784902376713,6.95610388432107,7.00280980171067,7.17946619747239,4,2.03389830508475
4.88959605726583,6.50529394025747,6.56547547063607,7.09273411174102,7.14276870826109,7.24898026772548,4,2.54237288135593
4.74909969888355,6.58523364964024,6.65372247348096,7.17074747149063,7.21439395821127,7.36112378673476,4,3.05084745762712
4.90295496594531,6.65016338839007,6.7074077617117,7.22419827811387,7.27603945462109,7.49227475393802,4,3.5593220338983
5.00977728534218,6.65500611599202,6.71577960278066,7.28246300691581,7.31295146389847,7.60726986678696,4,4.06779661016949
4.83938647643194,6.68731095498862,6.73645660520853,7.29991256331605,7.33928539295107,7.64522256227366,4,4.57627118644068
4.89695449783196,6.68317916359137,6.73970765377452,7.32560762924634,7.36790516978133,7.64000126815627,4,5.08474576271186
4.92050803616387,6.65172622501067,6.72184289591437,7.33685743171891,7.38507561630213,7.60641186664027,4,5.59322033898305
4.89268236314891,6.65559575680169,6.72899174686562,7.34494668295258,7.39541725627762,7.70853701481228,4,6.10169491525424
4.67034644006041,6.61757699248638,6.70623306718774,7.33702506786767,7.38355256542,7.73068183315247,4,6.61016949152542
4.73461315538176,6.62947916935629,6.69261354148999,7.34228126492237,7.38886817371265,7.74541230382235,4,7.11864406779661
4.66721885821807,6.59531989627466,6.66427890196117,7.33388604071767,7.38605708704602,7.67932614327954,4,7.6271186440678
4.91804599751541,6.567467058221,6.64736028126081,7.32018327862682,7.3594842489048,7.71419981986419,4,8.13559322033898
4.68534534276154,6.56345674262677,6.62122049782251,7.31940629120489,7.36769150413894,7.68524879463545,4,8.64406779661017
4.60603436114542,6.50783017828105,6.59591763174299,7.30376659069261,7.35796203628758,7.67623584132171,4,9.15254237288136
4.7597979999941,6.49313248027147,6.57332949937793,7.31082200833485,7.34028401046832,7.72153862089229,4,9.66101694915254
4.59706004820469,6.46118299773346,6.54448025020215,7.28730066467813,7.34450576636022,7.668975090897,4,10.1694915254237
4.65426559403101,6.44222189060046,6.52143044109975,7.28080438901323,7.32653128496014,7.63878673349817,4,10.6779661016949
4.77982225113291,6.40559845075059,6.4817944466337,7.26697307386092,7.32023680487251,7.63113299988944,4,11.1864406779661
4.80340257679124,6.35784888160594,6.45302276751328,7.24829288400484,7.30234963759049,7.64081874178618,4,11.6949152542373
4.64690115689999,6.33530105450515,6.43033046471986,7.23219558770852,7.28953687709639,7.65213994341491,4,12.2033898305085
4.68868506937325,6.3005964101806,6.39256535025132,7.21250540646437,7.26800009906962,7.60282968036528,4,12.7118644067797
4.85231625796557,6.27689556334652,6.36848409878595,7.20359598524961,7.27631038230577,7.61400758421285,4,13.2203389830508
4.71575536714906,6.23512833205227,6.32218581679331,7.18873184415166,7.24527526072351,7.5713262450641,4,13.728813559322
4.73468453069263,6.19494464047243,6.29564483366832,7.17722668450081,7.23092869529113,7.66059591018568,4,14.2372881355932
4.81898965459453,6.15753158536931,6.26634712593863,7.1492698747084,7.20759631704579,7.58210977527371,4,14.7457627118644
4.77929858497419,6.13505495129582,6.22491986250676,7.13146689856784,7.19520249630083,7.51791800481117,4,15.2542372881356
4.75597225849923,6.09483677661057,6.19444689888919,7.11633440217472,7.16963472214441,7.56952921138696,4,15.7627118644068
4.60142852584451,6.05143697054285,6.16397103433997,7.10655902706719,7.17029461157472,7.57292510327645,4,16.271186440678
4.65163504790529,6.01001966445997,6.12387204288005,7.09107071130449,7.15439986397388,7.52374451134131,4,16.7796610169492
4.54921738372662,5.97953649402919,6.10203345747943,7.06671603436341,7.13280977947426,7.44711509284721,4,17.2881355932203
4.54672302128901,5.97849786022116,6.05348783544434,7.0548684432008,7.12369431100654,7.46514427435817,4,17.7966101694915
4.5436941680667,5.92391854000408,6.0116319088756,7.03496359419844,7.10004810653653,7.51150364574847,4,18.3050847457627
4.35562165688444,5.88942839651473,6.00798029326351,7.0298329829825,7.07957119558654,7.45697945742031,4,18.8135593220339
4.39669085691402,5.85822261061805,5.96930205563903,7.00853836500409,7.0687058991343,7.41667296336109,4,19.3220338983051
4.26492824912585,5.81037915646563,5.93959662862374,6.98451428298753,7.04977980118007,7.37368575966918,4,19.8305084745763
4.07743217139865,5.80313179383635,5.89076407558105,6.96798924237457,7.02829565990001,7.41496639078369,4,20.3389830508475
3.95424030557079,5.73065216608373,5.86882415170045,6.95873324482947,7.02075134955449,7.38583230392041,4,20.8474576271186
3.86076812564369,5.70009245384239,5.82592495497774,6.9424691336967,7.00458554938185,7.37283501011511,4,21.3559322033898
3.73097052118035,5.64974557985743,5.79114336136019,6.928645223208,6.98763477814087,7.30956469201545,4,21.864406779661
3.73189813828259,5.58593878315034,5.74948330606517,6.9252019809903,6.97031548146305,7.27333262709092,4,22.3728813559322
3.67780129693927,5.53318442955161,5.72048329745302,6.89503323046777,6.97892912383579,7.3923484838037,4,22.8813559322034
3.43914390790714,5.5298973990629,5.67307182523363,6.87021532029908,6.96268423291978,7.28443642543153,4,23.3898305084746
3.552607116687,5.44623568273929,5.64557073746333,6.87351705334335,6.95186792147681,7.29980830725147,4,23.8983050847458
3.50687264647491,5.47017605627745,5.60119692766552,6.84738472347052,6.92331503040364,7.25265443764917,4,24.4067796610169
3.41748026628667,5.39309893649356,5.5736761654592,6.84422142801684,6.90554320376192,7.28360858528517,4,24.9152542372881
3.43493643685452,5.35207155470252,5.54792788342889,6.81322051185194,6.87973392987733,7.22199745591981,4,25.4237288135593
3.42013794655381,5.31765817543442,5.489810225397,6.8024515019976,6.8780849102482,7.19347041021322,4,25.9322033898305
3.41329659960508,5.27373753945874,5.44700660273957,6.80271247894336,6.88742776837833,7.21414333887584,4,26.4406779661017
3.46687044722728,5.23351987487867,5.42007387291983,6.76988680460267,6.8572116162643,7.19547368465348,4,26.9491525423729
3.41901639022285,5.18289596383547,5.39494564338304,6.75625671812362,6.83075873151488,7.23460607584868,4,27.4576271186441
3.28958462123832,5.12665171457917,5.35563813669344,6.74354483053722,6.8262924987727,7.17479689626668,4,27.9661016949153
3.20850020946152,5.13742175278981,5.32889619903027,6.73522628964908,6.81933646530256,7.11520172214729,4,28.4745762711864
3.1821987171241,5.07439244608286,5.28184156994015,6.73267008438243,6.81364509705359,7.20469231118864,4,28.9830508474576
3.06764720790046,5.02336889829635,5.25944342313555,6.70984866510602,6.81111273770665,7.1647569267028,4,29.4915254237288
3.03079621502706,5.00575473230624,5.2184168511408,6.71182469803086,6.78552127439516,7.13807668784898,4,30
1.21576185474375,1.41916738015596,1.46102401721067,1.96916165529314,2.01493724554184,2.45277637568222,5,0
1.23672958123142,1.4137102943206,1.46697842733433,1.98947799716961,2.05624322833598,4.28126041021061,5,0.508474576271186
1.30642387046316,1.51475908391672,1.5658534638132,5.33031031822305,5.44109900392184,5.8203930406856,5,1.01694915254237
1.38021172596158,1.82500858436173,2.05228006008069,6.0339811003099,6.11389093781324,6.30454410674251,5,1.52542372881356
1.76960778422341,5.36021211715489,5.52165231997832,6.37720474747865,6.42248650866286,6.59493218975095,5,2.03389830508475
2.40502800709457,5.88417840835123,5.97028223237806,6.61081385879257,6.65711744393931,6.77810027277941,5,2.54237288135593
2.38800537993466,6.11933526189711,6.18389158223729,6.76565253436129,6.80494247111119,6.96163193177907,5,3.05084745762712
2.58841268989771,6.2669075756896,6.30936191052032,6.8754385053531,6.9096043790652,7.18099531484392,5,3.5593220338983
2.38961750365295,6.3411825352924,6.38153420399403,6.93304411539696,6.99825329182844,7.18639821231107,5,4.06779661016949
2.33874998381606,6.38099179817001,6.43113792118986,7.00331741442322,7.05587487403672,7.18268189092921,5,4.57627118644068
2.44237059997448,6.40734090130005,6.46161630416682,7.04864405513325,7.09241471309456,7.21114560189123,5,5.08474576271186
5.12223074801796,6.40765469195154,6.4889687888715,7.07073508569857,7.12325306889444,7.30760857709588,5,5.59322033898305
5.63333676233069,6.42987224336085,6.47890890336084,7.08065562763139,7.13373534426117,7.36407457871047,5,6.10169491525424
5.98401156559446,6.41489355906528,6.46499336557627,7.08900679210704,7.16525923696017,7.31530956159993,5,6.61016949152542
6.11730616840072,6.4058185055479,6.45511392781788,7.12568207455555,7.18454399849609,7.32296522194085,5,7.11864406779661
6.11309287369238,6.37458848249694,6.44047204513073,7.12311154119044,7.17815959447688,7.32364728011053,5,7.6271186440678
6.07233943236815,6.36317403210331,6.42580240589706,7.1169947442132,7.1714983990693,7.3949461481085,5,8.13559322033898
5.9641044320015,6.33505638945133,6.40539375962134,7.12656074883704,7.16752127960992,7.41531179533491,5,8.64406779661017
6.01256729244756,6.31369567785388,6.37870235082244,7.10321587309638,7.15382377024241,7.37137362246157,5,9.15254237288136
5.96873973370489,6.30616293883874,6.36629099319096,7.0874415113191,7.15170232788083,7.32776647399762,5,9.66101694915254
5.81324566242909,6.25096512746661,6.32833472944683,7.07542123607197,7.13628753656595,7.29923096150109,5,10.1694915254237
5.81041879554185,6.20852292589877,6.29611094192406,7.07140043633225,7.14475883699247,7.36493248687687,5,10.6779661016949
5.79890078577769,6.17302825324604,6.25834521821107,7.06059652827914,7.1261163332506,7.30672268749491,5,11.1864406779661
5.72667560400413,6.17620240170193,6.23258676007311,7.06183698747355,7.13142144133246,7.33668653144669,5,11.6949152542373
5.73615358767239,6.12231645184391,6.19488793379455,7.0435323106931,7.09644986801683,7.28711641469914,5,12.2033898305085
5.67671608183407,6.08246508925145,6.17501346863269,7.00745970621978,7.07247208533446,7.27664644976212,5,12.7118644067797
5.65991057636262,6.03582888667018,6.14605998816613,6.99292142878801,7.06625145509907,7.2616546256513,5,13.2203389830508
5.54016408265153,6.03263315384737,6.11761260188863,6.97482053705924,7.05277396233496,7.23735589169628,5,13.728813559322
5.4314037375467,5.98159091508663,6.07675766484196,6.96366038516062,7.02511600733849,7.26159583827702,5,14.2372881355932
5.36537361982168,5.94384136554761,6.03679930615529,6.94788076727261,7.01071153829473,7.25550537954201,5,14.7457627118644
5.45133791221142,5.90703376859906,5.97924236240118,6.93083227177178,7.00202165063729,7.26996964432173,5,15.2542372881356
5.36507003328297,5.86134619311496,5.95394741944213,6.91528144609359,6.9832293201133,7.2916426768126,5,15.7627118644068
5.41138517061804,5.8363618132451,5.91859757100866,6.90132376243303,6.98008861989526,7.28684685121362,5,16.271186440678
4.99516651911569,5.8020107816728,5.881041733695,6.87322678059385,6.94750952389399,7.26810281984946,5,16.7796610169492
4.95329858825316,5.76011173634539,5.84893328203657,6.86959579933853,6.94003614402521,7.29859594437612,5,17.2881355932203
4.99843035024159,5.68379101242268,5.80662369379715,6.8501173537056,6.92972233963167,7.26068705688638,5,17.7966101694915
4.69108129579116,5.6314126394345,5.74297407598278,6.83057662363432,6.9180280728429,7.22365559308506,5,18.3050847457627
4.53540361884195,5.59050409184349,5.73677489746612,6.81943995230151,6.90503791486019,7.21954828051979,5,18.8135593220339
4.46588372819304,5.54127329476358,5.69304907547079,6.80345345123458,6.8748596362072,7.27850202435186,5,19.3220338983051
4.49383604140616,5.51606027392421,5.63775798563912,6.78777099917797,6.85065201662601,7.21625510494695,5,19.8305084745763
4.20457891773812,5.4837237595428,5.59675759776839,6.77030014439974,6.84641584206009,7.22627632179804,5,20.3389830508475
4.09130867825211,5.42103783806962,5.54655980684295,6.75862681809445,6.8403314304889,7.19364123005972,5,20.8474576271186
3.80153323838303,5.37871404753009,5.50013786778955,6.73741584232784,6.82124805414905,7.23020595066033,5,21.3559322033898
3.96630734828611,5.32426438146839,5.46525804540814,6.72465015468615,6.7845526900345,7.15759887874993,5,21.864406779661
3.57199712503646,5.28663675816284,5.43565316099639,6.68520619655471,6.78768038272999,7.11574620115404,5,22.3728813559322
3.5389352629267,5.23254183303326,5.40588283656467,6.68802398297762,6.76262996626153,7.1671605278228,5,22.8813559322034
3.58140167647,5.20473135063523,5.3576014392839,6.6830023263914,6.74518038226829,7.15689243999737,5,23.3898305084746
3.62838889223555,5.14098181395323,5.30559094707705,6.65279086468126,6.7488022654628,7.07252747229396,5,23.8983050847458
3.57611530613151,5.09893134268219,5.29654175168448,6.63868322765603,6.71604948609497,7.08747867519698,5,24.4067796610169
3.10878657820005,5.09583061619609,5.26150646779693,6.61480464227268,6.69818585072202,7.13084272887635,5,24.9152542372881
2.94908735163855,5.01006977990245,5.2367424661295,6.62130329005152,6.68850972200203,7.10324745749195,5,25.4237288135593
2.97529370273351,4.98787628145506,5.18510307930643,6.59060602017607,6.68205792444384,7.15264368668482,5,25.9322033898305
3.12504302089562,4.89402483398396,5.13280446571469,6.57734740637267,6.66234896065257,7.09582347781057,5,26.4406779661017
2.95409822359933,4.84874371121387,5.12300729206736,6.56412178969279,6.65720405353986,7.12041815076666,5,26.9491525423729
3.0725620009376,4.83081020320418,5.06772729870501,6.54056278841668,6.62566354588373,7.0838413939932,5,27.4576271186441
3.01670251210592,4.79966691043856,5.04325964762926,6.5368378669452,6.63013843500805,7.11185205544967,5,27.9661016949153
2.8409975611524,4.72162264902927,5.00208665712847,6.50997135353327,6.59960345535181,7.14630704884386,5,28.4745762711864
2.38347990970019,4.67790023295199,4.96013578203588,6.50612829516979,6.58234134556203,7.03510518801738,5,28.9830508474576
2.56862184032245,4.61808650638554,4.89932017904404,6.4842471255066,6.57428849213036,6.99229722485189,5,29.4915254237288
2.60129903861675,4.60257290360711,4.91857246249374,6.47923560925997,6.56617912513227,7.02126061298973,5,30
1.26040674769042,1.39931713116584,1.46006319846172,1.9709447109228,2.0230001355793,2.41853256721188,6,0
1.257163226594,1.4746581109369,1.53585424578121,5.09887378404468,5.24222862086371,5.66039837178256,6,0.508474576271186
1.47934112216168,2.48096583899513,4.38005797223112,6.22261959883978,6.29363053945341,6.46279689814145,6,1.01694915254237
3.27426549480514,5.80107560564543,5.90297085672632,6.6952414156727,6.74373648269079,6.96594471350531,6,1.52542372881356
6.04938851278267,6.25030393537864,6.33330465796888,6.96449543329121,7.00745832428316,7.19741811275505,6,2.03389830508475
6.34864886124167,6.48498721743809,6.55115289501776,7.13505126011965,7.17873730738672,7.4118722828003,6,2.54237288135593
6.5134585468304,6.63596538825676,6.68182311067063,7.23220147862904,7.30595566054131,7.55439430373967,6,3.05084745762712
6.56588366957943,6.72186485109782,6.7772825438268,7.33192014216046,7.3936033924364,7.63339179837034,6,3.5593220338983
6.58392146321748,6.76831498851543,6.82187240104704,7.39837336670785,7.45319909551431,7.73154972762927,6,4.06779661016949
6.62888868629183,6.80702070645309,6.86151206669137,7.4373946827159,7.49247874354012,7.7771705211403,6,4.57627118644068
6.68090374509361,6.81099966579424,6.86868553163969,7.47479263569535,7.50701598956828,7.76212568142702,6,5.08474576271186
6.66021505705806,6.83010774148908,6.88863261225576,7.49497151625432,7.56369850867099,7.93508335249772,6,5.59322033898305
6.64673973798561,6.81297835998179,6.87832351805628,7.50879592827558,7.58772049701488,7.91636334619665,6,6.10169491525424
6.60579045459524,6.80710212280695,6.8764093374619,7.52660482188217,7.583554200232,7.95165879742374,6,6.61016949152542
6.60239687339676,6.78688107022317,6.86030428008967,7.54256415184376,7.58997647420228,7.93019047602857,6,7.11864406779661
6.52929362825689,6.77928076440989,6.84561013311991,7.5324315484228,7.59719498219684,7.99256887362153,6,7.6271186440678
6.46846627516293,6.75820778078762,6.82736539506458,7.53883260339649,7.60396687267983,7.96398369486868,6,8.13559322033898
6.42149306237953,6.73639082280043,6.80316047057321,7.5273065599125,7.60348474205698,7.97279531048822,6,8.64406779661017
6.32331340046,6.69580594962148,6.78199575317497,7.51666374026745,7.57715987589526,7.98514297482329,6,9.15254237288136
6.43616397887963,6.64786411655896,6.74262729025131,7.50656645310663,7.57482720689563,7.93963853675071,6,9.66101694915254
6.30513226699584,6.62366386333044,6.71192148860603,7.51617858886025,7.57690683232163,7.95609644262532,6,10.1694915254237
6.27258509538951,6.6214807896154,6.70586306426947,7.48974784040276,7.56996130083321,8.01234254280419,6,10.6779661016949
6.18157358255861,6.58782105054002,6.6679820744758,7.48500541977894,7.55335816903002,7.94824351661001,6,11.1864406779661
6.15639540117225,6.56419282559143,6.64415829794315,7.47328284060731,7.54196647175325,7.89921443861414,6,11.6949152542373
6.04526571457733,6.48786771132054,6.59650500989432,7.44840254783857,7.52910442355171,7.91781833469029,6,12.2033898305085
5.99042689814531,6.45755651444733,6.57805226606024,7.44436223686789,7.53168872738245,7.96846938476552,6,12.7118644067797
5.9123142237116,6.43052423581045,6.54920512772547,7.42110672050748,7.50833268579749,7.9486169326891,6,13.2203389830508
5.90421052725832,6.3957773885775,6.50355645881856,7.41398552648747,7.4827235452355,7.93597287069075,6,13.728813559322
5.65910735639308,6.35634437993681,6.47174935080761,7.41565608101197,7.48699993458303,7.84541309133148,6,14.2372881355932
5.65000652940388,6.30129784997482,6.45203651059176,7.37946420839762,7.45280599089376,7.90443625449892,6,14.7457627118644
5.59017556794611,6.27748299577216,6.40269390413256,7.36979937565053,7.47968220134104,7.98545147530856,6,15.2542372881356
5.45124753075661,6.23576551239051,6.38486875846555,7.36345918043409,7.43335687211881,7.89450618378675,6,15.7627118644068
5.44504507454077,6.16498247407295,6.3490957916209,7.34992208218577,7.43303954730896,7.89483282436178,6,16.271186440678
5.37225349373307,6.13948248316971,6.32425370172171,7.33495106890147,7.39902453099687,7.88232307930961,6,16.7796610169492
5.29161024970618,6.10811279281541,6.26425760950782,7.3083018908402,7.38066949253928,7.88028462339456,6,17.2881355932203
5.23706628493308,6.06251720344284,6.22764421138038,7.29824725148965,7.39782053334206,7.89126109098362,6,17.7966101694915
5.18205639754866,6.02484241360268,6.19199126028448,7.28584779524902,7.37065426719804,7.85965176871908,6,18.3050847457627
4.97997170997139,5.98145368881622,6.16452133805048,7.27989839344798,7.3485378271297,7.86884342322279,6,18.8135593220339
4.91190391845161,5.96856634524554,6.09649331222204,7.25520444316723,7.3417360332664,7.9107810537649,6,19.3220338983051
4.9317893463374,5.8887343087809,6.08145927588607,7.23898633385546,7.32214558498868,7.81892987868447,6,19.8305084745763
4.8109401379994,5.86833603846238,6.03459293646989,7.21847702930629,7.30190220378508,7.81696620488693,6,20.3389830508475
4.70299527130831,5.83720148372672,6.02366505915686,7.20940793258313,7.28856926472211,7.83767489635161,6,20.8474576271186
4.57228514010388,5.77245943596623,5.97618510895269,7.20327493341965,7.30056958779051,7.83459635740056,6,21.3559322033898
4.53355117886059,5.73552462785683,5.91820518914222,7.17267995363631,7.28994904333684,7.81824199158532,6,21.864406779661
4.44125508874593,5.68480768314626,5.91557133948999,7.14839880771983,7.25828922556037,7.76464694952119,6,22.3728813559322
4.37385776928796,5.6690501734982,5.85377798433861,7.13866812577535,7.23214669921289,7.7340685713489,6,22.8813559322034
4.42806368473727,5.63019146452168,5.83815257585783,7.10576540045135,7.23215549195748,7.74571903639904,6,23.3898305084746
4.26923052685412,5.60829291244073,5.77769035343365,7.11270423455413,7.21837033909738,7.76701233109744,6,23.8983050847458
4.23261850997389,5.52860649271298,5.72974277909019,7.0948047620697,7.18135553438106,7.70855218462535,6,24.4067796610169
3.97983691500783,5.47667378046506,5.70889574211402,7.07115492944078,7.18044801944708,7.76107360826766,6,24.9152542372881
4.08976648429467,5.45138865563962,5.67552697307591,7.05388172365784,7.17186498974375,7.76849055712918,6,25.4237288135593
3.96602431818312,5.39642622778002,5.61989031272753,7.05019427444104,7.16650802020055,7.68795134752595,6,25.9322033898305
3.98492401152462,5.34290513750223,5.60187976881749,7.03799027672731,7.15364547370889,7.70290697525007,6,26.4406779661017
3.87661993383414,5.28771297440691,5.54220597645299,7.03147183939161,7.13461773934912,7.60399468033277,6,26.9491525423729
3.85376910457656,5.26812626344488,5.52807348287803,6.99574886722937,7.09986230325799,7.68077313872852,6,27.4576271186441
3.8994142014711,5.19465746328302,5.45591965651273,6.99645568604827,7.10468542179794,7.60783457901339,6,27.9661016949153
3.74041395795023,5.18652705788125,5.45429599972266,6.96606296042254,7.08608245346294,7.67566366868182,6,28.4745762711864
3.6988466613829,5.12673241782795,5.3778935835479,6.94553714561629,7.0781998231124,7.59728496323242,6,28.9830508474576
3.51987744957843,5.0701365801333,5.35363605880169,6.93019717807872,7.04551211842097,7.60722891225865,6,29.4915254237288
3.58518362942278,5.0411133331757,5.32635782628288,6.92007206574783,7.03401130436953,7.65201512770478,6,30
1.29742313736166,1.40476682513803,1.45653257644805,1.97024159374322,2.01532283688341,2.90988706650663,7,0
1.33412550243431,1.62390924273039,1.68995228463442,5.44323959969182,5.54647379946021,5.79010733429996,7,0.508474576271186
2.10830967924863,5.01556056889368,5.22039054198648,6.22293770361421,6.29260243839892,6.50366203597834,7,1.01694915254237
2.36942102643785,5.87456352041383,5.96744150446001,6.60822710532907,6.65834862041107,6.86567023022522,7,1.52542372881356
5.98368843621754,6.21226282102388,6.26702998049832,6.83652769406925,6.90387740197128,7.12623486444865,7,2.03389830508475
6.1756565747769,6.39338219713033,6.44572979535862,6.98017504482305,7.04521615185445,7.23363852123866,7,2.54237288135593
6.29241936023903,6.52686826384322,6.56390092166627,7.08493241346531,7.1463352273123,7.31837810023875,7,3.05084745762712
6.36607724355726,6.59733924542199,6.63572617724142,7.16001563377151,7.20422308911212,7.36104535766903,7,3.5593220338983
6.4120282335076,6.64685716852064,6.69280802307736,7.21128102661858,7.26236323788645,7.42253864501301,7,4.06779661016949
6.32211678147568,6.66956173919543,6.73338095829512,7.25148159954926,7.29134334543889,7.49621251838691,7,4.57627118644068
6.50846132039084,6.6759974915094,6.73680813879374,7.28185774328247,7.33466871184313,7.53491444869552,7,5.08474576271186
6.44540351282935,6.7015379359686,6.76298294352374,7.29234762823451,7.34737900343831,7.65582931694889,7,5.59322033898305
6.37625133501388,6.68685927528481,6.7528800675885,7.31659513100216,7.3657192915414,7.60688962744863,7,6.10169491525424
6.41229442508948,6.68127154829974,6.74065074506157,7.31155025109901,7.37664180372902,7.66196132652005,7,6.61016949152542
6.43941895851952,6.66284631308002,6.73250240890545,7.30797754429217,7.36269255063254,7.54393162401213,7,7.11864406779661
6.3963113287949,6.64550264962099,6.72190777635935,7.32551873455417,7.3724212455942,7.60417768580993,7,7.6271186440678
6.26372113613121,6.64228283013507,6.71620374594376,7.31563620238069,7.37711011679845,7.63363956129505,7,8.13559322033898
6.09890166532113,6.60650629726956,6.67082974837831,7.3161655155394,7.40289220505714,7.58189512360633,7,8.64406779661017
6.10727789599188,6.58684038006231,6.66553577557035,7.30985802852257,7.37148846994081,7.56426602710103,7,9.15254237288136
6.19603535989873,6.56462131903043,6.6421728952216,7.30471786771249,7.36306999100657,7.56901090935565,7,9.66101694915254
6.11118612114651,6.52164574554853,6.61451879914636,7.29577802773558,7.34363495756664,7.52609580213581,7,10.1694915254237
6.08304180982869,6.50447478867517,6.60176317093077,7.2747455561222,7.34658755705979,7.52967176424075,7,10.6779661016949
6.0618237582656,6.47738236342821,6.57678509529556,7.28136770034068,7.33995649743354,7.6394440299741,7,11.1864406779661
6.06206227444966,6.43830067127335,6.54788124901743,7.27206475614668,7.33984771001329,7.59828844527351,7,11.6949152542373
5.93187024589793,6.40913417890302,6.51184416654373,7.26988722573653,7.32620925521429,7.52526236907925,7,12.2033898305085
5.73265623273993,6.3863427546085,6.5002973356888,7.23373708353954,7.31362585484781,7.59469712348135,7,12.7118644067797
5.65963611180075,6.34349255369819,6.45299899248399,7.22959473334454,7.29376075320303,7.53060676657295,7,13.2203389830508
5.72937196889958,6.31743638821734,6.41880579377153,7.22835896537113,7.30039578121413,7.58970688441772,7,13.728813559322
5.73660018552104,6.27708881873886,6.38448624636171,7.21268263554791,7.27394399084348,7.52327449902699,7,14.2372881355932
5.57467036543851,6.24139392704921,6.36609665150986,7.19330956537957,7.26779709241665,7.56581796993997,7,14.7457627118644
5.48943770691065,6.21688147179248,6.33048811982018,7.18268752599641,7.2648325492483,7.58580399837334,7,15.2542372881356
5.49596904367757,6.19210628263683,6.28185450516518,7.15711518526193,7.24489297164433,7.48796072538652,7,15.7627118644068
5.44071850021993,6.16474563161257,6.25462170142644,7.14658223971924,7.2125056131375,7.51496404169545,7,16.271186440678
5.23677928023938,6.10370520609616,6.22801507879685,7.13870827145277,7.2093585211891,7.47292267384547,7,16.7796610169492
5.21898645520518,6.08019461503642,6.19034873122651,7.12522188054175,7.20640252262534,7.45517073663098,7,17.2881355932203
5.20258321651987,6.04599236850908,6.13981819193361,7.11101509052164,7.18753122393059,7.38464526268352,7,17.7966101694915
4.92909880580733,5.99955008010019,6.12388907673906,7.09589060301269,7.18706637611917,7.44435746658972,7,18.3050847457627
4.94935620345161,5.96083206896279,6.09667356389506,7.09118777700198,7.14582132931464,7.4388851338343,7,18.8135593220339
4.9487030113148,5.9279698235616,6.04231754076667,7.07205956023565,7.16280095618658,7.39694937523736,7,19.3220338983051
4.85541152198495,5.9026201228504,6.02834656337955,7.06419946960639,7.12954191110135,7.40778508097836,7,19.8305084745763
4.82626685664647,5.86092549554303,6.0023537806505,7.04664998333238,7.11626320438269,7.33715729682582,7,20.3389830508475
4.68052229761834,5.84252063412911,5.955411820941,7.02691430704268,7.11918741421201,7.46979433436953,7,20.8474576271186
4.77802566139698,5.80990136381464,5.9348763230914,7.00920477091941,7.08772132161856,7.32744900247786,7,21.3559322033898
4.69888298163406,5.76901214505185,5.88523682943045,7.0066983974026,7.07401287636983,7.3588697050652,7,21.864406779661
4.66788066327087,5.72521335206435,5.86888742828848,6.99044907862849,7.0586105155227,7.39883872906065,7,22.3728813559322
4.54251864092295,5.70454654091848,5.82905732965664,6.97186335372148,7.05617357908947,7.33991111325035,7,22.8813559322034
4.54940974041613,5.66038902382904,5.78692005100971,6.96311195872895,7.05797254607935,7.26202938232925,7,23.3898305084746
4.34319545856522,5.63956240841179,5.75924576071727,6.95742740128015,7.03610295751342,7.27078775186267,7,23.8983050847458
4.47612584955869,5.5837133901582,5.70479111013439,6.91378927702879,7.00895571486814,7.26890812986124,7,24.4067796610169
4.43499179268151,5.55701291302979,5.68313962583233,6.91741963255509,6.99174829382423,7.28492382659132,7,24.9152542372881
4.33911148195484,5.53444575813832,5.66652172493678,6.90010420871676,6.96777404500944,7.23006675753883,7,25.4237288135593
4.22203569761641,5.4994476463322,5.62101174753096,6.87716351152236,6.95285469670256,7.23230443893301,7,25.9322033898305
3.98075764979654,5.42828502543318,5.58962371367099,6.87559890017393,6.96904176975294,7.21603239382572,7,26.4406779661017
4.08427996091748,5.38779419807066,5.5477193907557,6.87539641562339,6.93493155979946,7.19331841190038,7,26.9491525423729
3.96243895019503,5.36263503573799,5.50145503036506,6.84087447626842,6.91834885278431,7.23613742191202,7,27.4576271186441
3.96054678644868,5.34696344877499,5.45994532846114,6.82916219626859,6.92327776694244,7.20818191626473,7,27.9661016949153
3.92920547153195,5.29067071705128,5.44041441208014,6.82787693031486,6.90262120225196,7.15638582497958,7,28.4745762711864
3.91568838094786,5.26100864590776,5.3971784923906,6.81745253572914,6.88945041566178,7.19196184441418,7,28.9830508474576
3.91046143462226,5.19576886718178,5.38433708051224,6.79893933534393,6.85656691785719,7.11845195804879,7,29.4915254237288
3.73286477606307,5.165102864578,5.34973517450618,6.77441932261963,6.8726731993693,7.20447216255063,7,30
1.25814920949934,1.40778859416292,1.44613464772166,1.97456131676863,2.02639819675285,2.37803838050753,8,0
1.2378567057599,1.41279361483441,1.47123114285643,3.88130081348065,4.37025252231333,5.11981243500494,8,0.508474576271186
1.33572167634777,1.55405083319018,1.62181886855193,5.85237908022177,5.97471697710067,6.2229944594741,8,1.01694915254237
1.6517398120154,4.28631597947666,4.98751490626122,6.43761260349928,6.51384440603055,6.77684031215147,8,1.52542372881356
5.16157940441198,5.79580173184209,5.95734196274689,6.76639919819122,6.82020748721359,7.12009137566944,8,2.03389830508475
5.79291601363636,6.23194659185929,6.31604287428889,6.98637209333856,7.04589490311674,7.23016908491804,8,2.54237288135593
6.15883239746779,6.44338307650691,6.51908647421918,7.13629835308855,7.18688313707009,7.3575969351668,8,3.05084745762712
6.35204247547903,6.58312486555098,6.65616858287168,7.24688753799367,7.29120505550221,7.46818810977817,8,3.5593220338983
6.53243053415984,6.68822110781749,6.75242159404394,7.31063725129528,7.37754280362826,7.5738608552645,8,4.06779661016949
6.46890303520958,6.76912760561804,6.82519898766054,7.38936202668565,7.43559556371086,7.63675444178486,8,4.57627118644068
6.59614193566991,6.79834684528484,6.85691717432936,7.42434658036084,7.48016506866798,7.68770588975556,8,5.08474576271186
6.65664305705722,6.82898402153878,6.88658566198886,7.48164788195589,7.52378496567226,7.74101669037822,8,5.59322033898305
6.68274868810092,6.84301084231133,6.91129518056377,7.51046866609098,7.55498399961763,7.81308268302588,8,6.10169491525424
6.64940766014468,6.83575687304274,6.92816139148565,7.53220907583719,7.57891132308849,7.80651773694714,8,6.61016949152542
6.61761174264787,6.85230953123367,6.92160206414941,7.54716656312225,7.59017664963696,7.79279582096196,8,7.11864406779661
6.58270221082601,6.84724320128608,6.91602052365318,7.54353530748407,7.6149016616381,7.82038449332794,8,7.6271186440678
6.58365980610827,6.84222115040749,6.91979878008901,7.56598688669282,7.61829059020831,7.86677434069114,8,8.13559322033898
6.5379996847305,6.80993683818738,6.89885562732224,7.54627008400845,7.62563998947031,7.88822080680048,8,8.64406779661017
6.43116089019147,6.82854355385128,6.90444851435618,7.55982864924205,7.61710164313227,7.84982258360382,8,9.15254237288136
6.38150540011195,6.79374076218494,6.87741810332389,7.56466784203657,7.62808895666305,7.80517904607015,8,9.66101694915254
6.44193046353563,6.76903386517375,6.86301495090895,7.56113888665051,7.61019195953968,7.84248970332225,8,10.1694915254237
6.3831386099778,6.75080431985161,6.84279451761551,7.54613370764809,7.62066339768026,7.88891000462517,8,10.6779661016949
6.31045739390332,6.71170670319469,6.82451222444198,7.54436432692283,7.61342753871943,7.86934923301365,8,11.1864406779661
6.30084914278529,6.71547792842218,6.78195992847412,7.52615275086664,7.60781596696314,7.81134923691066,8,11.6949152542373
6.17363443487754,6.6776651253333,6.77188156690572,7.52542323218953,7.59872569465387,7.86622919289853,8,12.2033898305085
6.10705538486346,6.6503111977803,6.73392500364575,7.51660682794955,7.59440763290247,7.8570348288381,8,12.7118644067797
6.13525112102673,6.60585605586899,6.7120818844175,7.51429794356676,7.57924865394784,7.83313855928875,8,13.2203389830508
5.94148260838645,6.57219640868004,6.67569933933177,7.48721961136387,7.56705211016773,7.81048555657102,8,13.728813559322
5.90473774812465,6.54244977360051,6.65682705875187,7.4782583403344,7.56533494147657,7.7982557011511,8,14.2372881355932
5.85456464634633,6.50602360725263,6.62983518071388,7.46492494355622,7.53781910920915,7.80865344350582,8,14.7457627118644
5.65836182171077,6.46980013271009,6.5861154749165,7.44498597759997,7.53724395114783,7.81986334086892,8,15.2542372881356
5.69512200098181,6.44186073612613,6.54332423995454,7.44254275744014,7.51871563313257,7.7345283872009,8,15.7627118644068
5.68327648255583,6.3984460155954,6.53417091618572,7.43448051806146,7.50078100538149,7.7353141822948,8,16.271186440678
5.53514041873988,6.38517530577194,6.49565425430737,7.41303652344072,7.51004387475234,7.68219237325044,8,16.7796610169492
5.58006056009456,6.35253607426138,6.47450501797773,7.40473437961147,7.48881682258433,7.68378200467113,8,17.2881355932203
5.46246598822521,6.30798848216569,6.43394887557219,7.39417768930049,7.48532693255824,7.68126399556006,8,17.7966101694915
5.41994700203419,6.27931820150422,6.42005896197868,7.37706173837454,7.45648794359153,7.67260133251572,8,18.3050847457627
5.35343365899214,6.22721274202363,6.36705799803816,7.35860063176174,7.44843732381802,7.68031514574364,8,18.8135593220339
5.20649936740393,6.17369884441839,6.34158724955853,7.35632339252095,7.42426696177002,7.66960802145124,8,19.3220338983051
5.24644160923073,6.09038626146436,6.30024677925488,7.32428521375824,7.43262452818381,7.58442655953983,8,19.8305084745763
5.13565390931741,6.06341602307809,6.28049349411172,7.31659485074995,7.39286191359117,7.58921098099259,8,20.3389830508475
5.09037287424532,6.03348361686537,6.24851770065858,7.31478989191461,7.38276842988471,7.59340027916694,8,20.8474576271186
5.09236990703926,6.01303124382577,6.19610991178436,7.28585253340341,7.36982054624349,7.60980928773569,8,21.3559322033898
4.97980651596076,5.95893023228008,6.17065074135412,7.27809988643108,7.35048759152621,7.62861442188639,8,21.864406779661
4.97820786128139,5.91914344962895,6.12233669043345,7.26989748484543,7.34064372549119,7.56996903660871,8,22.3728813559322
4.69127212745097,5.8689062515146,6.08740449305931,7.25136274882696,7.32080907849848,7.53554529393395,8,22.8813559322034
4.64233847998994,5.81095062323128,6.06583580505771,7.25360540181661,7.33280788547047,7.49413659843503,8,23.3898305084746
4.71456900531975,5.80036617111821,6.02827814324356,7.22337647853804,7.30274872264944,7.51020273255536,8,23.8983050847458
4.67741018094066,5.72800863010632,5.98806678192877,7.21288506495909,7.29920102940265,7.51037746807368,8,24.4067796610169
4.6796508957645,5.66579978449208,5.94793164274372,7.19103203595758,7.2807290049611,7.58436538107037,8,24.9152542372881
4.54572685519306,5.62215571600135,5.91429636735599,7.19211027696812,7.2523749369899,7.56848983894696,8,25.4237288135593
4.65765493837367,5.57796992168839,5.85985825730354,7.17073335770858,7.24110207862161,7.46838169032174,8,25.9322033898305
4.43008558380106,5.56748307501638,5.82500545531598,7.14863018833999,7.23202922748551,7.42822455672111,8,26.4406779661017
4.43559578432649,5.55571808150351,5.82163599276417,7.15189045915725,7.20481242373571,7.42881467983173,8,26.9491525423729
4.44157590868968,5.46613416307684,5.77867221020413,7.12598683821965,7.21038601420084,7.47972701777014,8,27.4576271186441
4.37170012646779,5.43390242073511,5.72418983868442,7.1152949160729,7.20523668807951,7.3897401486468,8,27.9661016949153
4.33541605824217,5.399114912326,5.69604194319576,7.09064319059827,7.17623637566028,7.41997560561295,8,28.4745762711864
4.272519917619,5.37091952968102,5.65663358715923,7.07245136717078,7.16610405081387,7.37961781699413,8,28.9830508474576
4.1952185581907,5.31981876289726,5.63611171302665,7.06905118203285,7.16435073683162,7.39725121068882,8,29.4915254237288
4.10453719880952,5.2654172971549,5.59466549907427,7.05394579835653,7.12963058552258,7.35362417102589,8,30
1.22388788938905,1.42839995435872,1.46393350867935,1.98899140119048,2.06630270122092,4.08402092224039,9,0
1.54688273869915,1.75399902960914,1.94771286748488,5.68671894298044,5.77821285711214,6.08849742345055,9,0.508474576271186
5.05653575812915,5.51063593788856,5.59084136917551,6.36707459992962,6.4134139798739,6.77348167459785,9,1.01694915254237
5.76633129721751,6.03809507210903,6.1061214889967,6.70371170218339,6.7378725453734,7.03148902111879,9,1.52542372881356
6.0673888737414,6.29658739487583,6.34657653517264,6.88816460002602,6.94029327701039,7.21845923902279,9,2.03389830508475
6.30986175423524,6.44449894907624,6.49803148562442,7.0220585284746,7.06011286850895,7.34445986466768,9,2.54237288135593
6.38477615268824,6.53729645867604,6.57207676659597,7.119591827508,7.16405143896817,7.42371661769797,9,3.05084745762712
6.4182156128738,6.59536558441403,6.63027396580751,7.18376113557145,7.23294872165814,7.4823092925488,9,3.5593220338983
6.48056969813593,6.62781411993399,6.67918262547685,7.22120018073529,7.27673972333129,7.45384617201362,9,4.06779661016949
6.51141561822794,6.64233038352189,6.67579251990085,7.25680955174829,7.31857664511492,7.48209045465665,9,4.57627118644068
6.48171094049832,6.63694430654992,6.67608976941277,7.28764519748103,7.33801286034523,7.52672901707932,9,5.08474576271186
6.41160910938032,6.62953037244829,6.68363468595342,7.29340466358342,7.34904906284402,7.61367183001547,9,5.59322033898305
6.35115235967173,6.61853096669254,6.67584623098293,7.2859071060738,7.36134175426707,7.58021689871106,9,6.10169491525424
6.30615340024311,6.58238568615167,6.65880090353833,7.30950066388089,7.37131070264644,7.56593424501873,9,6.61016949152542
6.36053662302993,6.57874862139672,6.63410533145787,7.29629232736826,7.3720557973963,7.67302123799126,9,7.11864406779661
6.21538288031871,6.56531633124523,6.62608830117236,7.28276033226573,7.34450394482129,7.55434578247905,9,7.6271186440678
6.21579941562761,6.53962128789672,6.59348567866864,7.29333244884805,7.35567794591283,7.57453808366384,9,8.13559322033898
6.13375609289751,6.50487418427864,6.56214993415766,7.27111894463412,7.35933032205877,7.54935378346977,9,8.64406779661017
6.07884873894973,6.48823424322853,6.54373321783642,7.27010117602691,7.34374920491276,7.56320899172681,9,9.15254237288136
5.92626020125072,6.43608247499553,6.51272378879612,7.25807705828314,7.33830206627573,7.61599018431533,9,9.66101694915254
5.9169166977316,6.41691973146659,6.48450356742404,7.25126574968388,7.3217988039228,7.49620631900145,9,10.1694915254237
5.86963341338927,6.38127374428745,6.46105524639344,7.22834236200014,7.30210514705861,7.53336706136544,9,10.6779661016949
5.83480795371116,6.33663215849963,6.428086536885,7.20998246692614,7.3005350931828,7.46865886644223,9,11.1864406779661
5.75644663304842,6.32626427114248,6.38533759935752,7.20210633287213,7.29551859258077,7.44722204758986,9,11.6949152542373
5.73975206953622,6.2836100330145,6.36844181638429,7.19745614607573,7.27556107667709,7.45602064949199,9,12.2033898305085
5.71502523987397,6.24762158960465,6.33704636901523,7.17756802832685,7.2652981097237,7.43485248721293,9,12.7118644067797
5.63809297256529,6.21502598394581,6.30298662666377,7.16837326099059,7.24974572656152,7.40803471798165,9,13.2203389830508
5.46783684963214,6.16577943837658,6.26563317182467,7.14593863894984,7.2368942910934,7.40661716412774,9,13.728813559322
5.45654964308859,6.14439480460454,6.23307537504277,7.14227917329783,7.22876520243173,7.40837777749776,9,14.2372881355932
5.4435939453347,6.10105024901065,6.2022869963395,7.12311419165821,7.21791459037574,7.36735320353754,9,14.7457627118644
5.29691062207196,6.06986792040317,6.16304387648138,7.10606396829344,7.19500923872297,7.37225935486835,9,15.2542372881356
5.25497881580072,6.0135262811972,6.13824454000194,7.10290668624362,7.19423257255528,7.38998428853158,9,15.7627118644068
5.20161016399733,6.01426813478252,6.10162348956824,7.06893087809262,7.15980779114628,7.36217559766278,9,16.271186440678
5.17278753283176,5.94764368159429,6.05911643240952,7.06922152411627,7.15598070925201,7.38347112711324,9,16.7796610169492
5.0362256595313,5.91268095205777,6.04412199226326,7.04187422861401,7.12365758219693,7.43994639650607,9,17.2881355932203
5.01921503999758,5.87717319654929,5.99530424764326,7.02473787216005,7.1045774781934,7.38119911137939,9,17.7966101694915
4.97941433242103,5.83787827035139,5.96494941450498,7.01997477744931,7.08988855813937,7.35897265031314,9,18.3050847457627
4.93937133107754,5.80186234640348,5.93822813615892,7.00198962477772,7.07751143446518,7.27116723704554,9,18.8135593220339
4.78900573731198,5.75449145419707,5.89247066735605,6.98397995330021,7.06735782047261,7.3937601800154,9,19.3220338983051
4.71281537529392,5.71649460854928,5.86202580629652,6.97263610335291,7.05757298572888,7.34718940172204,9,19.8305084745763
4.55937827198448,5.67264083274313,5.82108816047599,6.95963221241764,7.03721034424112,7.34331292614835,9,20.3389830508475
4.49836147335028,5.63044394039978,5.75987851813441,6.93093015865671,7.04111052943374,7.32496511391252,9,20.8474576271186
4.42286052255742,5.61041355976046,5.73996215642843,6.92981573294877,7.01896812782504,7.28175073813419,9,21.3559322033898
4.36724782667671,5.51758847188193,5.69281054903033,6.90272700317951,7.01411881961014,7.30945577106049,9,21.864406779661
4.31745928096633,5.51794636716351,5.65259349409473,6.88592495294479,6.97672195214107,7.35686718364466,9,22.3728813559322
4.20333494758328,5.46557367795688,5.64426021480557,6.88645974452155,6.99201093224539,7.36894848770542,9,22.8813559322034
4.23564996432043,5.44103166669217,5.6005900951791,6.86312495745701,6.95079032110783,7.29242767156236,9,23.3898305084746
4.15734507066188,5.37620704588767,5.56684132934679,6.85249005416803,6.94916325180392,7.29437951922853,9,23.8983050847458
4.18324277608289,5.3584052170336,5.52870594200572,6.8341001506433,6.94262035241124,7.24141065215725,9,24.4067796610169
4.07304972605864,5.33715944596426,5.49907765536441,6.83724060430833,6.9314337726953,7.28862313481153,9,24.9152542372881
4.0955376814013,5.23558118183444,5.4710667782441,6.83132853518056,6.90210035552411,7.31315073584385,9,25.4237288135593
4.03496785659775,5.20568595264893,5.43813477252576,6.80436618641955,6.87977764078401,7.2703638172639,9,25.9322033898305
3.87615286622152,5.17775917398965,5.38627389597651,6.78988340857132,6.87163700374717,7.25412645106669,9,26.4406779661017
3.8248504409392,5.16793833902036,5.35078933986547,6.77457251615576,6.86841765170433,7.28836668807577,9,26.9491525423729
3.76290682621364,5.10522390189972,5.32800610964404,6.76728521471185,6.84404198032731,7.21184957013714,9,27.4576271186441
3.67618494765728,5.09749054588353,5.2840517447858,6.72443568752265,6.85205544282393,7.29001648610377,9,27.9661016949153
3.53411110753771,5.05620037653301,5.26743613710537,6.72980798510901,6.81643700600433,7.35040905475777,9,28.4745762711864
3.43059434756436,5.01451439518096,5.20668264814074,6.73337294558273,6.81851606583326,7.24527529271603,9,28.9830508474576
3.38400786622311,4.98580296252468,5.18837451964127,6.70373051816468,6.80704173238296,7.20326917670862,9,29.4915254237288
3.30681501663668,4.94602654666934,5.15463949269688,6.66842728332687,6.78847734175116,7.22946584064307,9,30
1.19770019767271,1.4077233368109,1.4543850768976,1.97011900165586,2.02481781416249,2.44468910123099,10,0
1.22265575707719,1.43459671476717,1.5218418062179,5.01791933354694,5.22467405994243,5.94401191037114,10,0.508474576271186
1.51198310287739,3.07960746330929,4.18664329552497,6.21494407436484,6.28420878690565,6.57571994195694,10,1.01694915254237
2.54733796349142,5.82169262738999,5.94923088920555,6.68615515001828,6.74206805294862,7.02244601632683,10,1.52542372881356
5.76245716716705,6.28506440431666,6.367242191815,6.98387050506295,7.03714053295888,7.30709879785742,10,2.03389830508475
6.31508705049895,6.51377068336153,6.59308302289308,7.15735994325394,7.21170658793444,7.51111752704489,10,2.54237288135593
6.46694910176903,6.64698883253463,6.72034960038215,7.26667434446473,7.32529634117291,7.65107217398181,10,3.05084745762712
6.46023864648749,6.75696236370919,6.81543399213944,7.36551669787339,7.40930350035629,7.70682802305721,10,3.5593220338983
6.56088525659803,6.81087289687231,6.8682775089213,7.41850268680921,7.4636315338054,7.74002903438162,10,4.06779661016949
6.53689198390915,6.83855797451633,6.90767351509508,7.46058942705945,7.51683135376603,7.78601968882619,10,4.57627118644068
6.52209397448479,6.84285268769131,6.92188885842574,7.49455345079247,7.54297858111417,7.7506869738813,10,5.08474576271186
6.50892301556067,6.83834484249428,6.92400565506422,7.5155840097718,7.56867432440881,7.84744284158084,10,5.59322033898305
6.48989369326859,6.84787503726718,6.93700085802805,7.52502217342269,7.5754032362928,7.83121857947563,10,6.10169491525424
6.40343103786694,6.83059432810954,6.92224314396908,7.53439917464697,7.57360828146557,7.83092370811595,10,6.61016949152542
6.44870874030147,6.8118253518589,6.90758019216584,7.54032396773068,7.60061765671854,7.87392187246329,10,7.11864406779661
6.42787604436469,6.79876321101647,6.89900482243762,7.53569980890577,7.58812909954089,7.86755733001641,10,7.6271186440678
6.40935859520969,6.76390520271589,6.86680001884175,7.54802269164567,7.6121711744447,7.81073199381072,10,8.13559322033898
6.33677524500855,6.74410486889618,6.86010932557827,7.53834374456044,7.5944719764732,7.78022599779606,10,8.64406779661017
6.30079799266192,6.7176621099484,6.82005843068366,7.5386350072413,7.58510938796916,7.83371683319627,10,9.15254237288136
6.16537899221278,6.6921913926451,6.79671691294636,7.53194564498509,7.59685147224267,7.89921691560964,10,9.66101694915254
6.04819738804133,6.64767819859264,6.77876463510959,7.52844857617306,7.58398520688342,7.81186907413298,10,10.1694915254237
5.92062019496897,6.61353626057828,6.72401602971283,7.50907721547985,7.58096440741121,7.78886823009224,10,10.6779661016949
5.91683512915852,6.59257558859905,6.72959323399166,7.50013643124598,7.56604652110174,7.75582496544707,10,11.1864406779661
5.7778289039571,6.57964115965586,6.69079125174088,7.48390893499344,7.54045091242238,7.78083399368171,10,11.6949152542373
5.76521913211763,6.52987110822013,6.65842467127999,7.46901997348911,7.54204939483589,7.76671658939943,10,12.2033898305085
5.64643870819239,6.48880289464779,6.62910767155487,7.46791252497239,7.53454307748392,7.73717758035809,10,12.7118644067797
5.5154271176803,6.47174196101483,6.57273165430518,7.45695027859555,7.5307065634969,7.78615525217671,10,13.2203389830508
5.38550057572941,6.41804863940407,6.56654891928745,7.42963201608876,7.50898581149649,7.71537300690049,10,13.728813559322
5.35612485037825,6.42083634053107,6.53350981178155,7.4199714943247,7.49727283148611,7.77012205105271,10,14.2372881355932
5.32450174301997,6.38893254623501,6.51519708567028,7.42010696471776,7.47715161364888,7.72126196352819,10,14.7457627118644
5.29004333242896,6.34751602209311,6.48798890884902,7.38220016775375,7.47040148287857,7.71606431820949,10,15.2542372881356
5.0939185665057,6.32574793095234,6.44170895720911,7.37774269677129,7.458707462531,7.69969776018955,10,15.7627118644068
4.99950389092993,6.27665114333377,6.41646631415898,7.36770187115368,7.42860583251814,7.70476113808914,10,16.271186440678
4.67707986370787,6.23127810749754,6.38032173018424,7.35693898305822,7.42173141926995,7.70518942911596,10,16.7796610169492
4.47505220815515,6.20414738494368,6.35145504988718,7.33325417804773,7.42054857959212,7.65421020543832,10,17.2881355932203
4.6296210616568,6.16446290868259,6.30822830194316,7.32151655199958,7.40333259252444,7.61333361077728,10,17.7966101694915
4.59211066093563,6.11214462158342,6.2984112425374,7.29435013012128,7.36825020428441,7.6889683167481,10,18.3050847457627
4.4544305068301,6.08530241408319,6.24991628587415,7.29369484859564,7.37365095350174,7.62269880744824,10,18.8135593220339
4.40994794478228,6.01653698115042,6.23109033878539,7.27894850220699,7.34638891488869,7.58740242532826,10,19.3220338983051
4.33093096913645,5.98199180291038,6.2029752275737,7.26532187479638,7.32194667252443,7.63088008671385,10,19.8305084745763
4.16001881178261,5.93201178253316,6.1670275922193,7.23863781604308,7.31226570959343,7.61155642830308,10,20.3389830508475
3.93663996118791,5.87377964856887,6.14920079175031,7.2325032685391,7.30214995703933,7.5861960403812,10,20.8474576271186
3.92323124026235,5.84551694162004,6.10410609715106,7.21796617632247,7.30677021477191,7.62942111976617,10,21.3559322033898
3.81229753803817,5.80532903575247,6.06344455002258,7.19542115110159,7.28602696761057,7.5698017451823,10,21.864406779661
3.72928464208339,5.75255085570855,6.02690113974012,7.18745187398865,7.26679412005245,7.50748724519215,10,22.3728813559322
3.72344131348027,5.68638767791678,5.99351420051129,7.16152005840958,7.24838284152411,7.52190950997229,10,22.8813559322034
3.52070175326847,5.6697841940956,5.95819925275055,7.16060285386569,7.22309422528824,7.57052567818064,10,23.3898305084746
3.42452821160436,5.64000728415014,5.89526033346589,7.13227969772947,7.23099503911343,7.55671410523316,10,23.8983050847458
3.18509362036996,5.582463319696,5.88401336502899,7.11735400373923,7.21049239908545,7.54510308178866,10,24.4067796610169
3.2142480854581,5.59076353602923,5.84774021291373,7.1224708583528,7.20470626461635,7.48426268205073,10,24.9152542372881
3.11550810899025,5.50493070507882,5.82479790343218,7.09084592805832,7.19268827692467,7.46570111319656,10,25.4237288135593
2.91845326103956,5.52601088547964,5.79313798201432,7.07908838253701,7.17351857001796,7.42909541954764,10,25.9322033898305
3.16111355862761,5.48045730865906,5.73262386539649,7.06441970601377,7.14282426425606,7.46575449510566,10,26.4406779661017
2.89323278197673,5.43606574885158,5.70902562908597,7.0621197056459,7.13875796122167,7.44787243041718,10,26.9491525423729
2.91732073213555,5.42059082413899,5.67447502506792,7.03370118298558,7.1558796029594,7.40684844740663,10,27.4576271186441
2.9986493680621,5.3507462816503,5.61820671633519,7.01687198688097,7.10481035752558,7.43293331075618,10,27.9661016949153
2.79660126077984,5.27837222321327,5.58029303617559,7.02270488891792,7.10546572398856,7.42309191837346,10,28.4745762711864
2.76858214375371,5.27748183478015,5.5440255770827,6.99955922282578,7.08201876658662,7.37183841416458,10,28.9830508474576
2.5990938476609,5.26029379235101,5.5568769692955,6.97884341614862,7.08405565912855,7.40153838741295,10,29.4915254237288
2.59005712422123,5.16525046928408,5.49059657168892,6.96810039910772,7.05625060349801,7.34005140893264,10,30
1.2147544935263,1.40060866074582,1.45771448399537,1.9694936519715,2.01050323567815,3.76038299466397,11,0
1.26764226363124,1.50102539093539,1.55416146926973,4.59581171185201,4.78741130784438,5.39366240775891,11,0.508474576271186
1.51083066916665,1.94981196816302,3.93295361904582,5.75621718059694,5.82592261211787,6.17415337692337,11,1.01694915254237
3.77871975468561,5.27509064765743,5.44493933890981,6.17932732851889,6.23321236697783,6.42754581089059,11,1.52542372881356
5.20889389306602,5.74255523765817,5.8095817160475,6.40026829182559,6.44919286675355,6.72647267749647,11,2.03389830508475
5.24989687262787,5.91898014478785,5.97548192397298,6.53732237605786,6.60347125381026,6.78937412763605,11,2.54237288135593
5.22087443390337,5.98617485281604,6.05427067985731,6.62483471727096,6.68362477335778,6.91482862010478,11,3.05084745762712
4.95384026861977,6.01617719904413,6.08810615859701,6.67495656924958,6.73891170451339,6.99645748002222,11,3.5593220338983
5.14141485150077,6.01988470914787,6.10845782217033,6.71669760681811,6.7709381700571,6.98095143332499,11,4.06779661016949
5.23717520178363,6.04863909175688,6.12578074579991,6.73135835067772,6.78181596169179,7.05038693181546,11,4.57627118644068
5.11099364544698,6.03235608190265,6.0850698136713,6.74042478762872,6.80159583643883,7.01230226027886,11,5.08474576271186
5.06471366498505,6.01426598987552,6.09115817143242,6.75757224442777,6.82051616921012,7.03935081296523,11,5.59322033898305
4.91728491518272,5.99595054634903,6.06794171534285,6.75415119624169,6.81957950815994,7.01138683469771,11,6.10169491525424
5.06648815472295,5.95736889306132,6.04952947856258,6.74429324901113,6.82524114419748,7.07851778948182,11,6.61016949152542
4.81624069675391,5.94644067351774,6.01419959246826,6.73070410041557,6.8225340564195,7.08442382964637,11,7.11864406779661
5.11179680570329,5.86551453624646,5.99378315775331,6.74416436580643,6.80340074952101,6.95799335658537,11,7.6271186440678
4.80390848303897,5.84547092414602,5.95420400049488,6.72942010298086,6.783918597029,7.00005289910386,11,8.13559322033898
4.81814216487166,5.77157663463442,5.93147411688726,6.69643762256701,6.77856477233358,6.95431852598024,11,8.64406779661017
4.6472357380785,5.74908992271373,5.88246203147606,6.67596061910744,6.74619466973525,6.92840244819472,11,9.15254237288136
4.74683567891461,5.70732848798721,5.84709845722128,6.66564726961678,6.74230170139652,6.92841676955143,11,9.66101694915254
4.6310521308498,5.68344163962755,5.8060986911297,6.65465794703412,6.74279650792141,6.9455189232186,11,10.1694915254237
4.6252096059166,5.65933002169696,5.77871739796989,6.6392115536305,6.70942786166494,6.89375258931759,11,10.6779661016949
4.5096161556841,5.60140848739192,5.72015296159737,6.60087818974156,6.68772217986694,6.86924164216566,11,11.1864406779661
4.25784041680127,5.58880922294739,5.6863301916853,6.59074263334019,6.67495259508031,6.88851621269969,11,11.6949152542373
4.32211660392138,5.51269671972477,5.63747344805472,6.57164977359601,6.65506143910393,6.80838429103329,11,12.2033898305085
4.44508154717306,5.47122301753666,5.60250711305341,6.5419017925387,6.63430121510952,6.85268752107292,11,12.7118644067797
4.29719225907422,5.41161213765605,5.56776547336885,6.51520958503066,6.60841432277454,6.83206576091483,11,13.2203389830508
4.38467469327495,5.35118675446167,5.53150265497746,6.50889282040907,6.59098794251093,6.80549796763574,11,13.728813559322
4.35661529315956,5.30934757121829,5.48611543796514,6.49464088498959,6.55896206836657,6.75190587407387,11,14.2372881355932
4.27914698563836,5.24162715130753,5.45031297611907,6.47334211829791,6.55334725973052,6.75824535254701,11,14.7457627118644
4.27533616350257,5.2165392347011,5.39633467763692,6.45189811560117,6.5289257008431,6.795667098805,11,15.2542372881356
4.04659349381595,5.17917353057448,5.35355297434099,6.41761618818805,6.51047380977708,6.86866203598483,11,15.7627118644068
4.0198979967697,5.12397363331012,5.32142869573039,6.41313968853943,6.50391582286524,6.70616793623581,11,16.271186440678
3.67347475302297,5.06907516996394,5.25365337000623,6.39271564600685,6.49575326017694,6.68158120231386,11,16.7796610169492
3.7145566707943,4.98326349568675,5.20864493067679,6.3766028553488,6.45734803415291,6.75291622246273,11,17.2881355932203
3.69586481989972,4.94825788449759,5.17399628157128,6.35336794509176,6.45295824863395,6.7039313692281,11,17.7966101694915
3.61279721037024,4.89818965730147,5.13422123188572,6.32281083970547,6.42137215159305,6.63359495951421,11,18.3050847457627
3.58738953508191,4.84397124161947,5.09503200543336,6.31261931805181,6.40795855874191,6.66558900706031,11,18.8135593220339
3.62027065173602,4.82355623359171,5.02778529311022,6.30623703614991,6.38243621627212,6.64407409277307,11,19.3220338983051
3.54606629750346,4.73963135296853,4.99053672445044,6.26476193963303,6.3764862087235,6.71036603427726,11,19.8305084745763
3.43485801123875,4.74536558890918,4.92993552548866,6.25369906503516,6.34091187689511,6.68505070886813,11,20.3389830508475
3.20831067374699,4.66542872382661,4.88156589604415,6.24036550562423,6.3507988461054,6.71217445041,11,20.8474576271186
3.20046661284434,4.60552834227737,4.85258165647919,6.20191912008557,6.32676010006118,6.58554835924791,11,21.3559322033898
3.20388361205815,4.57554709391397,4.78034027604861,6.20043798332007,6.29361775631221,6.55207055963774,11,21.864406779661
3.15794893722706,4.51757987338903,4.74047824496123,6.16546288389123,6.2655012414896,6.63980438867192,11,22.3728813559322
3.0074259454119,4.48257612429308,4.71202227670774,6.15758244114328,6.26167137068414,6.53906485554743,11,22.8813559322034
3.03950995468638,4.42721930511436,4.65828797259639,6.14100222043385,6.24640007888312,6.58828849503164,11,23.3898305084746
2.91486902082077,4.36436624069527,4.58497851953829,6.11307030798027,6.22746279335375,6.5376369940419,11,23.8983050847458
2.94890868895435,4.28391429502847,4.59095604785511,6.09004420302266,6.21275574514033,6.54958479821798,11,24.4067796610169
3.00297620044001,4.26109651186171,4.49078084574583,6.06831030158543,6.18907449949001,6.62533655646854,11,24.9152542372881
3.04138385776055,4.23570105198658,4.51683455483885,6.03362349310184,6.14633735510927,6.52929943587867,11,25.4237288135593
2.98730170356467,4.18032534335503,4.43668503069397,6.04010882583341,6.16699980526721,6.4419464157605,11,25.9322033898305
2.89876806723467,4.12633975114636,4.41438863751557,6.00116060324372,6.14667640256552,6.40881321210748,11,26.4406779661017
2.72872137817314,4.1133506150309,4.35338781192253,6.01508477689083,6.1188777620761,6.50757589584827,11,26.9491525423729
2.70698290291282,4.0088217797265,4.30969319474899,5.99358094878262,6.10582221509538,6.38991427433,11,27.4576271186441
2.67231070086562,3.97112781646741,4.28609063553873,5.98190759733919,6.08207785221081,6.48638609255475,11,27.9661016949153
2.54388635687693,3.93020743419188,4.18541262967573,5.94834504166939,6.0654132680152,6.39611948564323,11,28.4745762711864
2.52311193173146,3.8955671118507,4.16571977396964,5.9139606683517,6.03526297505411,6.42841697504078,11,28.9830508474576
2.40882739974051,3.80844811270437,4.11469228468669,5.88955405118569,6.04496487303199,6.37983285352358,11,29.4915254237288
2.32817068454361,3.7789710114213,4.08566627187636,5.8799971439041,6.01017517832389,6.36136322015884,11,30
1.23701845559658,1.41110533640416,1.46350344197867,1.96563090794781,2.02680430089917,2.39439862232055,12,0
1.21961656865601,1.42415715940191,1.48011591258528,4.493969548151,4.76500887965801,5.5352956196748,12,0.508474576271186
1.38059064648509,1.77017087479546,1.8893832981825,5.8799885158259,6.02153773529573,6.37184229663972,12,1.01694915254237
1.82946046860483,5.3875654532952,5.54162193239094,6.40248370215109,6.44823529063091,6.68271526089165,12,1.52542372881356
5.49174767561329,5.98074490027555,6.0553155343595,6.66750732938716,6.71966652494504,6.92165730254528,12,2.03389830508475
6.0193219832128,6.20271164261707,6.2747621936103,6.8428461715641,6.88777502936193,7.13118967570693,12,2.54237288135593
6.16493903771095,6.34749574768938,6.4176755920922,6.95254204004625,7.00101044587915,7.22872667220845,12,3.05084745762712
6.10012342205292,6.43731683561537,6.50621057718783,7.03827480552181,7.08249271156469,7.35399757109486,12,3.5593220338983
5.99410814233675,6.48903116099558,6.54720462812674,7.09605068798648,7.14544964185007,7.36039144803428,12,4.06779661016949
6.00972509296799,6.51713451888526,6.55781590913872,7.14460216725432,7.19069096312953,7.42408112117974,12,4.57627118644068
5.96176349918383,6.52685755930076,6.59628336713916,7.16489599212391,7.22775236384961,7.53450006497125,12,5.08474576271186
5.92909427696206,6.53537301261088,6.60228707021235,7.18969140703717,7.24026626824564,7.48898543453017,12,5.59322033898305
5.91898963357845,6.51897996025905,6.58533724497707,7.20329698143862,7.27732926309436,7.55546815384138,12,6.10169491525424
5.8086838010645,6.49460390103421,6.56284758521231,7.20392197747241,7.26771077904089,7.57991946336555,12,6.61016949152542
5.81573029918534,6.48432124555601,6.5634580813516,7.20056416145905,7.2734702668467,7.537533176896,12,7.11864406779661
5.7835457170972,6.4766070168314,6.53279777217123,7.20205209662296,7.26143739901729,7.57928776568756,12,7.6271186440678
5.78593800542036,6.43972211443018,6.5150094230127,7.18647578292415,7.26571604685514,7.58395443555563,12,8.13559322033898
5.74618023526661,6.42544451700087,6.47015613498473,7.18245825114937,7.24168806856707,7.53799956746546,12,8.64406779661017
5.69815453953266,6.37716486184976,6.43479613460844,7.17690193647642,7.23409070875288,7.54735230418103,12,9.15254237288136
5.69134474286101,6.31193846679828,6.43125399016532,7.14309966850047,7.22024702959258,7.51190950980848,12,9.66101694915254
5.70392269768812,6.2971733236153,6.39955302198231,7.13226341138347,7.20205894906703,7.49118201839167,12,10.1694915254237
5.6812771907557,6.26403269717163,6.37630355640882,7.1186028430389,7.19856904443624,7.5038583592145,12,10.6779661016949
5.54838388802628,6.22429127700072,6.33235976955242,7.11319153226424,7.18567791193372,7.53270374114497,12,11.1864406779661
5.46688423450177,6.18749980860894,6.31024141043569,7.09738432255304,7.19317404266191,7.45332939645794,12,11.6949152542373
5.33395249116516,6.15824492220849,6.2644997749673,7.07764365179949,7.15363700838581,7.46240084696252,12,12.2033898305085
5.24773186389298,6.10129645027312,6.242211584311,7.07910365740946,7.13466215384802,7.38508817312754,12,12.7118644067797
5.1341872953946,6.06594027733675,6.20589865496017,7.04605563117541,7.11141332385966,7.33568766811166,12,13.2203389830508
5.14531581597659,6.04131291592655,6.15208626014339,7.03184781960646,7.09986769418104,7.35262957199178,12,13.728813559322
5.06180411218767,5.9570057949504,6.11992793742956,7.01901068336238,7.1092875840581,7.29130315356386,12,14.2372881355932
5.0116730867317,5.94151781754447,6.08645730522829,6.99352844060122,7.08529228258326,7.3636534634795,12,14.7457627118644
4.99079176646466,5.90647623195759,6.03680171097949,6.99843720557729,7.06760444914676,7.31423473476842,12,15.2542372881356
4.85586102190872,5.86335599639712,6.02476968224797,6.97110620106533,7.05089522578889,7.31269938474726,12,15.7627118644068
4.76035754778443,5.85172598852507,5.97942050066435,6.96002693061425,7.0563311342459,7.3046638803584,12,16.271186440678
4.74838907760516,5.77652838855245,5.94633815381118,6.95954861652312,7.02745427104015,7.29696735301979,12,16.7796610169492
4.64297250122972,5.72993517793629,5.90280392578452,6.92244734935383,6.99367169248764,7.23162319902822,12,17.2881355932203
4.55068778494299,5.66629994087097,5.87177752171784,6.90121575352234,6.9903605168841,7.22906061087014,12,17.7966101694915
4.50464977357892,5.64371877350645,5.82818034319646,6.88480231645777,6.96046219947212,7.23536597312175,12,18.3050847457627
4.48825936012134,5.57509386901293,5.76492101958345,6.8700579747129,6.97083291907859,7.25004734565643,12,18.8135593220339
4.41853276441902,5.55436733699637,5.74283760676988,6.85242722525626,6.95429300298809,7.24765279875001,12,19.3220338983051
4.41907458124192,5.51865071126642,5.68367394610803,6.82547983463978,6.91419544541348,7.16118112588223,12,19.8305084745763
4.3292120225828,5.47073608805323,5.66165494454002,6.83124308648036,6.91219035985343,7.20900886432112,12,20.3389830508475
4.36775175395492,5.41651027296437,5.61463858871096,6.81025568915927,6.8888195506277,7.17913951180312,12,20.8474576271186
4.3787154672749,5.35137663712833,5.55673506766434,6.79902304944553,6.89153783951397,7.16914930285736,12,21.3559322033898
4.3787679235086,5.31793123068603,5.52806728593594,6.79587451443106,6.86111371283285,7.27113669145638,12,21.864406779661
4.18205336532986,5.23966373381274,5.4891181221121,6.77547420010149,6.85641714238461,7.19881431205979,12,22.3728813559322
4.21416977066194,5.2232336134526,5.41941302431494,6.7603877265499,6.82841246678107,7.12369479621323,12,22.8813559322034
4.12223306975396,5.21329665228706,5.40591305768595,6.73426952223578,6.8114115121488,7.08787012988757,12,23.3898305084746
4.12996811612755,5.16343795368332,5.36317023110001,6.71580815081383,6.80027832088382,7.16039090309286,12,23.8983050847458
4.20118259596196,5.11995852873242,5.31725620187632,6.71085289646858,6.78163367422107,7.10691597799938,12,24.4067796610169
4.07880288561167,5.07102450701038,5.26709971275004,6.68660840026594,6.77977648256806,7.06230281703163,12,24.9152542372881
4.04746522762277,5.00891426210431,5.20825843158789,6.67452753475706,6.75147595782484,7.03895939046316,12,25.4237288135593
3.93160915354762,4.98113375135991,5.16827682691192,6.65003391319405,6.75299827101294,7.0467569542285,12,25.9322033898305
3.93745590264429,4.92456786474612,5.14211179739903,6.64264514214397,6.72685643536692,7.02140753478427,12,26.4406779661017
3.80419797908418,4.88606199123134,5.11994734580411,6.62495577722152,6.70073362652341,7.017896351838,12,26.9491525423729
3.73948555751537,4.79054775075144,5.05366250109848,6.60505886201792,6.70453619354201,7.09891619161877,12,27.4576271186441
3.61195873704389,4.7428409812771,4.98745163474624,6.59107738017874,6.66839070991716,7.00153089765093,12,27.9661016949153
3.64752935213475,4.77339960551904,4.99566474813828,6.58243958117172,6.68150212697957,6.95260449580018,12,28.4745762711864
3.49521568245246,4.69046150793198,4.94443394242084,6.56198569194085,6.66205979818807,6.98720206706371,12,28.9830508474576
3.38228161237041,4.67117189599072,4.8987622209755,6.54850217180505,6.65063843853702,6.96163433122928,12,29.4915254237288
3.3705201205939,4.59081347330006,4.8628067239895,6.52276647186441,6.60010966669718,6.93212090846315,12,30
1.28208873879069,1.48697527279214,1.53005354830521,4.36953458983399,4.54500082964402,5.11383274055536,13,0
3.75591402622543,4.87771238976792,5.07903318721881,6.02374139385887,6.0701697304464,6.26988370010148,13,0.508474576271186
4.33358528072715,5.83811895886417,5.90095839528322,6.53567367848701,6.57779995673909,6.75042863528903,13,1.01694915254237
4.60883991508374,6.16176124725631,6.21665393032993,6.80785846502151,6.8570900947433,6.96041796151431,13,1.52542372881356
4.75194355917371,6.34008959586407,6.39140161837402,6.96457639392562,7.01689838804715,7.14967759260828,13,2.03389830508475
4.91428074974805,6.4503220955012,6.50861981979087,7.05722067254779,7.11180360458353,7.26314096146508,13,2.54237288135593
5.15066759046713,6.51375863267849,6.5538737519334,7.14351010040793,7.18537254020268,7.3713406189921,13,3.05084745762712
5.27825362738858,6.55084178604475,6.60272606542855,7.19391945041174,7.2376939597604,7.41171505144129,13,3.5593220338983
5.35638458354672,6.56067674136627,6.62628538075372,7.2306136730697,7.27219785305454,7.43247660908696,13,4.06779661016949
5.39832879953568,6.58471061187471,6.6389074536688,7.245919051997,7.30323469183163,7.50582497563589,13,4.57627118644068
5.42430970569415,6.56920310578846,6.64476549335175,7.25524117002622,7.32442892972705,7.53362869764317,13,5.08474576271186
5.52005122771674,6.55531282076498,6.62890326000009,7.26875927518998,7.33076259059849,7.50704268126276,13,5.59322033898305
5.64863828734104,6.56610485454214,6.62360726201869,7.2581139392381,7.33273498398635,7.51396705130256,13,6.10169491525424
5.36968699640424,6.54994176961407,6.60824112361144,7.27433100670762,7.33734894987298,7.56373386301123,13,6.61016949152542
5.53522267135714,6.52653466061251,6.58773870398403,7.26037245079479,7.3512326059587,7.50453439752163,13,7.11864406779661
5.35673144717427,6.51826048435871,6.57641432761602,7.27047351316658,7.33951418684832,7.6158846978195,13,7.6271186440678
5.59347185100173,6.49962808185096,6.55809818165883,7.25733699666545,7.32171303972423,7.53370115336452,13,8.13559322033898
5.81511421580147,6.46820801499575,6.5262955150414,7.25450443499755,7.3223122927425,7.5011205260702,13,8.64406779661017
5.35285618094837,6.44707181218621,6.5227949074436,7.24439025805077,7.31145662492135,7.57297163608125,13,9.15254237288136
5.55502627217413,6.40851203950145,6.49298030847428,7.24594380857716,7.30335081152248,7.51879039929928,13,9.66101694915254
5.79303747801927,6.37477352140129,6.48060960547987,7.23014296599764,7.2863722422592,7.45480151344007,13,10.1694915254237
5.62238837169164,6.36702678960265,6.43425423567161,7.20326604547959,7.28717594177066,7.50205358356925,13,10.6779661016949
5.56557713119995,6.33535673150386,6.42198789109529,7.21041869069539,7.2703059218739,7.45020252795027,13,11.1864406779661
5.7712494361087,6.30674438397165,6.38358992568005,7.19077012116989,7.27425793260897,7.50641381910394,13,11.6949152542373
5.6484236963932,6.27101559858361,6.3431435321006,7.16925439431846,7.24503964806544,7.47726021207638,13,12.2033898305085
5.57764389312406,6.2656190931258,6.3282002461246,7.16288512176192,7.22690263321752,7.44347256931782,13,12.7118644067797
5.77934002717922,6.23115128240502,6.29651840814698,7.15506584722648,7.23316365473977,7.47285558754097,13,13.2203389830508
5.38628301142329,6.19377117162703,6.26046233699702,7.1509554220174,7.20062027416321,7.45197448131573,13,13.728813559322
5.57543188509218,6.18534140981049,6.24299076479564,7.11936251861075,7.18843659686286,7.42796515924172,13,14.2372881355932
5.5813285749564,6.14030329820125,6.2107831011807,7.1000138418596,7.18693336409244,7.35408477653004,13,14.7457627118644
5.47071417459933,6.09198353595543,6.17590336685194,7.09958723127217,7.16063969232149,7.39329299697788,13,15.2542372881356
5.38435634726166,6.08449644404136,6.15951457519646,7.07272712911984,7.15173053451636,7.34366885254983,13,15.7627118644068
5.39319045051347,6.0527510770024,6.12592284083115,7.07388462354554,7.13481029261316,7.35946713538679,13,16.271186440678
5.30280316145819,6.0206584424151,6.10206045143451,7.05823582485721,7.12007653060369,7.31110945656322,13,16.7796610169492
5.28934650464004,5.96889150952151,6.07410661452221,7.05500457414285,7.11422737308286,7.39489213728567,13,17.2881355932203
5.17160577076501,5.96745027705453,6.043984601056,7.02189471770575,7.10828492722726,7.37345464747356,13,17.7966101694915
5.116074640554,5.91623728111798,6.00549134624769,7.02504328962857,7.0950145398097,7.3143165787604,13,18.3050847457627
5.19860638272409,5.89509120056039,5.98092719791343,7.003841230964,7.08408652274003,7.28659458347677,13,18.8135593220339
5.11528020426031,5.85100092130922,5.94858987001802,6.9845101777053,7.04858268296951,7.33664126840369,13,19.3220338983051
5.08802303811599,5.81503611089776,5.92770115844116,6.98059589123448,7.05500559346946,7.26543298652255,13,19.8305084745763
5.04169568197895,5.76320313762076,5.86975101381192,6.97265405207316,7.05060984588313,7.24999167465639,13,20.3389830508475
5.06908885436165,5.73071069213699,5.85276359064407,6.93885756834346,7.03105285766837,7.22942898768434,13,20.8474576271186
4.94999174219436,5.70018007925312,5.8170391723854,6.94130694342775,7.02037251932248,7.20773191461312,13,21.3559322033898
4.88797116608565,5.69537510532411,5.80490917858162,6.92817742343735,6.99484834795019,7.19812282384644,13,21.864406779661
4.79414623053023,5.62945911181467,5.73299170251451,6.91454460601653,6.99310668483559,7.23054558505925,13,22.3728813559322
4.70672132297019,5.60996541164557,5.73586271942844,6.90495659821646,6.95814172737647,7.22122236533321,13,22.8813559322034
4.71588618239328,5.57898721608127,5.69684924231534,6.89174937717735,6.95037611824929,7.20081848129112,13,23.3898305084746
4.53120398243177,5.55847046940268,5.65322637391264,6.87542649171811,6.95873585437534,7.21278110546681,13,23.8983050847458
4.55202138426293,5.49931844106709,5.61862805657021,6.86245231456977,6.95445106110891,7.19066941732247,13,24.4067796610169
4.48536425879629,5.46506017284219,5.58759056516027,6.85686077917351,6.9206432231878,7.14721705636917,13,24.9152542372881
4.55296440823457,5.44839526645079,5.56940865821205,6.84535247541146,6.91445526762305,7.14703417713243,13,25.4237288135593
4.56241712266002,5.39011780897599,5.52578342321537,6.82236537295422,6.91511470162648,7.14181580998327,13,25.9322033898305
4.49942169637435,5.35110730357828,5.47843520816659,6.80927911171354,6.89531552799897,7.11295070429526,13,26.4406779661017
4.38635905469568,5.35440879178778,5.45574271880865,6.79985583818937,6.88001144269279,7.10259117766269,13,26.9491525423729
4.37079182791548,5.30921118906759,5.42189904260573,6.78609298540403,6.86956665777351,7.08651187418883,13,27.4576271186441
4.3624095084877,5.25286804398123,5.3928345282771,6.78355118463206,6.8807512642757,7.07156746673884,13,27.9661016949153
4.27923288221774,5.24289711619371,5.37299583893458,6.75575536917007,6.84526949871999,7.09552028042997,13,28.4745762711864
4.32535440792528,5.20809063136319,5.33801199453967,6.76018946449168,6.84216308027622,7.02036353272939,13,28.9830508474576
4.19259856193359,5.15343059813944,5.30046005106534,6.74349595199068,6.85257638644326,7.05058454331961,13,29.4915254237288
4.22987298933072,5.1343766698358,5.28477159598911,6.70914208021078,6.82168764270514,7.04446742431884,13,30
1.26710582338826,1.40202241480056,1.45926015425304,1.95782979755177,2.01134013392372,2.45095734695809,14,0
1.33202665033348,1.48866942573032,1.5415319611005,4.46132215365004,4.64025539430653,4.97082127621841,14,0.508474576271186
1.46718389318594,1.73420763168913,1.90835052274242,5.56362105119857,5.63968267305576,5.96572841631521,14,1.01694915254237
2.37147619567318,4.99984315765453,5.16032401763659,6.01882600080959,6.07835068674238,6.38533577196311,14,1.52542372881356
4.83453410416521,5.50823433583957,5.58923988523113,6.25096169635298,6.31594865040099,6.60324561625364,14,2.03389830508475
5.52863329424687,5.70282102865277,5.77221577403015,6.40106918415607,6.47240374718886,6.65968708261458,14,2.54237288135593
5.53645058545375,5.79244161503535,5.86009434333757,6.50128685449789,6.57099257051415,6.82281360768588,14,3.05084745762712
5.67659653516793,5.82171061585665,5.89623525306827,6.57957192959866,6.63944843025009,6.85923801085076,14,3.5593220338983
5.66690332655914,5.83348755973691,5.9376731473307,6.60673633883192,6.68144498280045,6.93298016992091,14,4.06779661016949
5.5846299886332,5.8445616443413,5.91733366039346,6.64787244244822,6.69280827034636,6.99906070015379,14,4.57627118644068
5.64626629196984,5.82445243261053,5.90015460604355,6.65751351378543,6.71504645580638,7.07359551621165,14,5.08474576271186
5.500859982421,5.82381535094205,5.87788345205206,6.66663439306222,6.73849288802458,7.09683875675777,14,5.59322033898305
5.49605414450527,5.78662958926308,5.86194150911769,6.66072348525138,6.73539834562763,7.04455673948982,14,6.10169491525424
5.39393456598493,5.75095720743201,5.83050113124099,6.6691673422079,6.72372829771714,7.05625316286827,14,6.61016949152542
5.18079954471169,5.7183056369054,5.80426474018217,6.65201086945331,6.72560480756916,7.03612664555139,14,7.11864406779661
5.23988574227075,5.65318880119116,5.75028807985138,6.65129909150553,6.7182351794082,7.03810373377063,14,7.6271186440678
4.92849405169662,5.6095684220785,5.71744610648146,6.62004066258705,6.69522839793611,7.04937500386486,14,8.13559322033898
4.80115214733814,5.57257492407191,5.66719760478651,6.6184043570874,6.68710715565528,6.97574691340968,14,8.64406779661017
4.72427302855612,5.57933290399031,5.66297796741934,6.61260964359896,6.71254345996993,7.03654870451559,14,9.15254237288136
4.47983830383296,5.5216449464604,5.63235165285331,6.5738260016064,6.65829146871576,7.02739303118834,14,9.66101694915254
4.26052470743433,5.46736761913219,5.59764396853272,6.5826138450508,6.66326749455721,7.01307921084433,14,10.1694915254237
4.0807534034534,5.45966192017722,5.54181519595884,6.55823064320854,6.62482060408593,7.0283785069987,14,10.6779661016949
3.96373973152327,5.4154289113707,5.5060573208204,6.539909544108,6.61208950889899,7.00692363332473,14,11.1864406779661
3.92555108587173,5.34653586141518,5.48193518235411,6.51741104799315,6.58950525824704,6.98737392773148,14,11.6949152542373
3.52515499743808,5.32536591931411,5.42211999915322,6.49607671815134,6.57861989306653,7.0136501470611,14,12.2033898305085
3.44013962949694,5.21023981761226,5.38323107784848,6.48094978234635,6.555079351134,6.95358112475935,14,12.7118644067797
3.21480464006847,5.21433829077478,5.34605686932019,6.45508439963499,6.53560865637251,6.96170534955651,14,13.2203389830508
3.12282461080866,5.15700194768628,5.30589016241152,6.44097460074952,6.52477032141836,6.88651831408151,14,13.728813559322
3.02402604301643,5.08323171861858,5.25873730425156,6.41400977047169,6.50152405378967,6.90053223874488,14,14.2372881355932
2.82431854435039,5.0268790749675,5.21909970617819,6.38699717252005,6.48141115992328,6.84919207265147,14,14.7457627118644
2.70684631759797,4.95758778996596,5.19325613026963,6.3885271992816,6.44627521452655,6.88060372005864,14,15.2542372881356
2.7519675330031,4.92537692009748,5.15216397119235,6.3454793383793,6.44259706053122,6.81483703222833,14,15.7627118644068
2.57496715339554,4.93323224628913,5.11426240148006,6.32987666533785,6.4277996439161,6.86134937343957,14,16.271186440678
2.53653575016637,4.92449868175868,5.05183260508495,6.31356767596669,6.38250026515003,6.77509424218785,14,16.7796610169492
2.74797790395713,4.8346949457951,5.00397233321337,6.29960269390766,6.38058203428198,6.74248658849348,14,17.2881355932203
2.59167099383191,4.80268850857962,4.9497374569021,6.2717651982177,6.36356703001339,6.8116223027164,14,17.7966101694915
2.3990569714729,4.74776871715744,4.89969460521065,6.24807062743486,6.33811938536627,6.69106226402864,14,18.3050847457627
2.38035971440029,4.71502042902271,4.86730462370836,6.23901908466433,6.3123035608666,6.72949710703076,14,18.8135593220339
2.32993723919192,4.6205894925858,4.79548727856045,6.22673725836419,6.31221131377301,6.66057447855563,14,19.3220338983051
2.33842957468226,4.59082034909774,4.77544821112767,6.21341574133912,6.28134407489175,6.68501291652454,14,19.8305084745763
2.33087020583513,4.54925768704846,4.72860836604887,6.19358227940587,6.25993646626365,6.63626376675888,14,20.3389830508475
2.47021824319961,4.51117350599976,4.67631226783515,6.17178367951943,6.2307641621101,6.63603248316457,14,20.8474576271186
2.37952613349403,4.41519714820756,4.63009648285628,6.13162422091581,6.23210511284177,6.62278820565664,14,21.3559322033898
2.31161375815214,4.39937003267011,4.58849675231095,6.11783709551143,6.20450021058327,6.61328912697423,14,21.864406779661
2.46510536783244,4.32175676770986,4.57085622051184,6.11420129909353,6.17301487684519,6.61867557662294,14,22.3728813559322
2.29883186550728,4.24325954153072,4.50191188521442,6.09522135728729,6.17362467713041,6.56124114333109,14,22.8813559322034
2.31498064357159,4.23532163290109,4.47007141612149,6.07735559705017,6.1547625741094,6.5177207382708,14,23.3898305084746
2.23326863854427,4.14381599889471,4.42727742627074,6.04075556162736,6.15057154586631,6.48736147273601,14,23.8983050847458
2.28349986251818,4.11367512454273,4.41249743019766,6.0359948557299,6.12389714670502,6.51695159260353,14,24.4067796610169
2.39001143764706,4.06396305410084,4.35973468156294,6.01923743086977,6.09394534118729,6.50017884114513,14,24.9152542372881
2.32223187436673,3.97217002132842,4.28810055451152,6.01883647482813,6.08974296095112,6.46068014972213,14,25.4237288135593
2.31401158998528,3.92646263733898,4.23551403012937,5.99451595403782,6.08434446950845,6.40518652641335,14,25.9322033898305
2.31173578970222,3.91039274782338,4.16792904747915,5.96493811733663,6.07661927115902,6.44674928788044,14,26.4406779661017
2.22439589553073,3.90328683028332,4.15218203316854,5.96328758304651,6.03815809041341,6.46523179843858,14,26.9491525423729
2.13538625430893,3.83831837924365,4.06960754266184,5.93658811023788,6.0403835836751,6.42714260152966,14,27.4576271186441
2.17057691779301,3.73769853736614,4.06503385123385,5.92536202282021,6.01877411471551,6.37906057115128,14,27.9661016949153
2.25228807346957,3.7506140192228,4.01910240633712,5.88409910366635,5.98409148117613,6.41247394827251,14,28.4745762711864
2.09244427572181,3.668213564903,3.9772279809725,5.87176916970878,6.00461130823128,6.37405221622726,14,28.9830508474576
1.94396072618693,3.56870653739449,3.88977881499555,5.87237374687463,5.96160926283597,6.38628549343176,14,29.4915254237288
1.87141965317633,3.56461711978913,3.82516372347886,5.85832249929515,5.94800266862821,6.35587410119143,14,30
1.24223354859008,1.43197544967329,1.48766434823354,3.54418000829643,4.13288061503093,5.2614244832534,15,0
1.70965520008723,4.63785269890907,5.07870628721247,6.30695838715073,6.37658642631589,6.64562665120564,15,0.508474576271186
5.7994598829648,6.18253134534003,6.23173827175053,6.91471115887255,6.98255668743613,7.25253248357653,15,1.01694915254237
6.31530895233507,6.59566468051486,6.64732853290876,7.25936857707647,7.3004016638854,7.54809682870156,15,1.52542372881356
6.61508948732328,6.81737266553406,6.88980402594518,7.4282219522464,7.50305939725377,7.75958022703015,15,2.03389830508475
6.74667307422054,6.95919526813013,7.02433872152271,7.58467941655838,7.64276430539714,7.9602531241818,15,2.54237288135593
6.81714233904802,7.06950218700805,7.13199457980511,7.68053717921062,7.75641199117038,7.98606445254114,15,3.05084745762712
6.84842748005853,7.14627916066375,7.19679337880695,7.75099824488079,7.80174559405526,8.00459205437067,15,3.5593220338983
6.86953420932789,7.19583684708861,7.25416556839945,7.7984848449103,7.85430362804424,8.0353030554545,15,4.06779661016949
6.84253332805824,7.23073315077857,7.27689050476051,7.8353592618226,7.90753088885182,8.05980479136301,15,4.57627118644068
6.85671463079345,7.24274754301253,7.28777421932573,7.87085746547676,7.93406811703892,8.11721417127034,15,5.08474576271186
6.8788049750205,7.23642927292757,7.29670975958218,7.88652213566738,7.94156964658084,8.13430168083726,15,5.59322033898305
6.89467028288027,7.22596208677317,7.28562759123124,7.90888685700136,7.96539520303762,8.14024133920771,15,6.10169491525424
6.8978935919764,7.22282875349154,7.28431398486061,7.92366269223018,7.98531068166254,8.19881284507277,15,6.61016949152542
6.82923645576318,7.18918621103454,7.26148630324161,7.92791158108715,7.96679354102463,8.21720417843843,15,7.11864406779661
6.94517289481137,7.167483523662,7.2564650002399,7.92367367804473,7.96891703464334,8.22749606059308,15,7.6271186440678
6.8390892821313,7.14291493858936,7.22425616163097,7.92519131152359,7.97839455298961,8.23740892723111,15,8.13559322033898
6.74396748579507,7.13680117376003,7.20458933458806,7.91908829242834,7.97403890792207,8.19900011121108,15,8.64406779661017
6.74517574509151,7.07715790847037,7.15251131245082,7.9157346159383,7.95683764715606,8.23585190186875,15,9.15254237288136
6.71476776802885,7.04998352724595,7.14232719081307,7.90375006342774,7.94255657762418,8.2113215262023,15,9.66101694915254
6.57877593570534,7.00999223222452,7.12648638483485,7.89446185592536,7.94249285315652,8.20252508240181,15,10.1694915254237
6.51076937721062,6.98429926426996,7.08221875360818,7.88576809708068,7.95130638036581,8.20337338975125,15,10.6779661016949
6.46526531554641,6.93097588789901,7.01851452881909,7.87369543758436,7.93553804761888,8.19185603782059,15,11.1864406779661
6.43373035533795,6.89507696968528,6.98951828716994,7.85102545769292,7.90598427189528,8.16128544830319,15,11.6949152542373
6.26992096694832,6.83194973304598,6.96682190312813,7.84455465090996,7.90120747489646,8.25411196083179,15,12.2033898305085
6.25108450519257,6.79760119869798,6.91649859415061,7.83027776334693,7.89347250986787,8.09437771505662,15,12.7118644067797
6.23308628800713,6.76511875898769,6.85546169588241,7.81541828888674,7.87576766633576,8.17107472088722,15,13.2203389830508
6.05648102213975,6.71860421815448,6.8333606670764,7.80177064942567,7.86342320137682,8.10738371342114,15,13.728813559322
5.91829738567273,6.65561866842815,6.78489297882236,7.79269541172956,7.86248693467327,8.06632855192094,15,14.2372881355932
5.87053636640518,6.6394477731997,6.73311426836638,7.77425570684669,7.85827601765968,8.07683934673977,15,14.7457627118644
5.71638727852502,6.58263601499935,6.69514884861246,7.77475685318245,7.8358970190575,8.0318759807097,15,15.2542372881356
5.76108220162067,6.52300710631367,6.67145620526761,7.74991541690437,7.82499589125276,8.04041632725847,15,15.7627118644068
5.6815590333183,6.45258320249366,6.61940253558825,7.72744519602365,7.79861945749023,8.061398786021,15,16.271186440678
5.5422013723556,6.42227070387536,6.57396207021005,7.71159680451485,7.79072369315577,8.02682610219561,15,16.7796610169492
5.36713802864014,6.37630985596061,6.54041404208537,7.69567573392297,7.7653520753095,7.97730886475012,15,17.2881355932203
5.25541319501781,6.31651225156735,6.51889944356822,7.67666250420575,7.74088779416109,8.01689070393572,15,17.7966101694915
5.11555366473254,6.27331422185996,6.45965973288283,7.66350535327538,7.7242460506131,7.97406562303995,15,18.3050847457627
4.79755622705135,6.21010192379006,6.4150377876426,7.65967451014028,7.72197954875928,8.05692780275415,15,18.8135593220339
4.82776352610921,6.18102117283509,6.38197136857205,7.6508879213226,7.71592154903143,7.964470780303,15,19.3220338983051
4.75208553044678,6.07524636112745,6.31441629164492,7.60999549972257,7.68199396711716,7.96064017444764,15,19.8305084745763
4.62705354638461,6.05067727126356,6.2821774658037,7.61332009237879,7.68008215033386,8.0067997450901,15,20.3389830508475
4.60873317250669,6.00220769831,6.25416773939312,7.58350773356155,7.66168809608614,7.92501699779704,15,20.8474576271186
4.5900286789098,5.95864079237818,6.20456111475789,7.57923017260441,7.64874786619477,7.92015660307548,15,21.3559322033898
4.34422605438947,5.88167509284097,6.13081500424766,7.56209054391269,7.61982394465153,7.91204942466765,15,21.864406779661
4.1893213968507,5.83746544824263,6.0846264066462,7.53943522849379,7.62136623312575,7.89955025815438,15,22.3728813559322
4.21190276708047,5.75418513136267,6.0237441525568,7.51998882677598,7.60264807117173,7.93113516874446,15,22.8813559322034
4.01204566339241,5.78378996674944,6.0053782989626,7.51121610401336,7.57401969473984,7.87683283758037,15,23.3898305084746
3.87157426944311,5.63072933710922,5.95485221737826,7.49478689873109,7.57011815328698,7.82349316890641,15,23.8983050847458
3.65227850353673,5.62609380348534,5.92056128326121,7.4705541084551,7.55512981775278,7.80503761978723,15,24.4067796610169
3.83291342002214,5.559464020357,5.88570546279719,7.45522384563385,7.53806034793768,7.85242328488669,15,24.9152542372881
3.70039182948291,5.52838294742176,5.83286330251341,7.46403433275813,7.54166460682127,7.77172852248879,15,25.4237288135593
3.54288444186877,5.44655471438429,5.80670288129918,7.4259225096403,7.50312533511431,7.77235652325464,15,25.9322033898305
3.56232904447013,5.39129255511717,5.73285473349043,7.41051731703215,7.4980240130912,7.78084665075546,15,26.4406779661017
3.33679845393304,5.39007689206985,5.71790539672371,7.39251835882941,7.4932751765707,7.76052800406458,15,26.9491525423729
3.39131697011848,5.3541356184105,5.65020777718242,7.38416225549026,7.46475234923168,7.7742561449717,15,27.4576271186441
3.31626143546861,5.32176817765072,5.61317892988028,7.35946999124608,7.43791568105574,7.77836677266396,15,27.9661016949153
3.12745047740503,5.24475492762335,5.56990137309732,7.35176502918486,7.43931811549499,7.7212807254095,15,28.4745762711864
3.11521062430927,5.23316148765278,5.51275331454383,7.35655334778003,7.42848787432801,7.76709119371372,15,28.9830508474576
3.04349229553568,5.12726950956371,5.45624207912347,7.32301227872441,7.4186081839216,7.66479742947144,15,29.4915254237288
3.09034096751611,5.11133310534145,5.43699483492997,7.30588087492456,7.3908624334908,7.69168204059688,15,30
1.23816190626543,1.41841376444546,1.45479744878106,1.97276296038364,2.00387782053106,2.48543674326461,16,0
1.22594588411746,1.41141618935593,1.46628570535262,1.96917363029215,2.02225378282385,2.43030517751745,16,0.508474576271186
1.26053354096691,1.43813249632947,1.49291561651463,4.86918917054514,4.97303442084471,5.22144057837443,16,1.01694915254237
1.3153198408581,1.60836015319447,1.68237315296045,5.94098838342955,6.00524644655656,6.33642787045321,16,1.52542372881356
1.60908427562441,2.60768007448408,4.63318131125569,6.39616706635879,6.46507782303379,6.74540423986804,16,2.03389830508475
1.81611423042842,5.68793875313274,5.77444397372091,6.64798446470067,6.71851786524343,7.12781167688432,16,2.54237288135593
5.59842172108822,6.07011600595645,6.17605013228571,6.83622043238971,6.90245365782706,7.42151544284113,16,3.05084745762712
6.06012357329218,6.27849200133805,6.36855505075081,6.95492163440584,7.02998189578696,7.71129282015843,16,3.5593220338983
6.11946386168345,6.37828443792066,6.46749357441989,7.04425133715944,7.11244391661811,7.77698509430054,16,4.06779661016949
6.22134654285966,6.45752514230239,6.53038065790317,7.11053856726734,7.16013383722899,7.95076022801202,16,4.57627118644068
6.31662318525396,6.51746178597979,6.57542364769533,7.15694675597088,7.20742065000527,8.02812704331695,16,5.08474576271186
6.24673867763812,6.53254082279274,6.60201845510568,7.18584260990085,7.24732206239509,8.10791025318539,16,5.59322033898305
6.33752205277718,6.54943362347599,6.61077204839262,7.21266033395141,7.25517284134043,8.19288140683746,16,6.10169491525424
6.17089690223171,6.55951342697144,6.61505214908102,7.23621098139175,7.2903990036064,8.13432161702839,16,6.61016949152542
6.21694257422953,6.56191042026232,6.62665540877928,7.25195314069077,7.30959357888361,8.24861376304434,16,7.11864406779661
6.21112697652915,6.54611222376,6.61892186570021,7.25193609128205,7.30741246644698,8.16365467983795,16,7.6271186440678
6.12760191900198,6.52191008810006,6.61100192321653,7.26710012177918,7.31182303166811,8.37108895266475,16,8.13559322033898
6.0787409346377,6.53809959206154,6.59179338206151,7.25088144469122,7.30998956347646,8.27529237047159,16,8.64406779661017
6.07536859861061,6.48699699336061,6.55200904008721,7.25930571825909,7.31349440692496,8.4017404999778,16,9.15254237288136
6.00431746447985,6.46232707976693,6.53258798329342,7.24210310689407,7.30618808171838,8.34565805643859,16,9.66101694915254
5.97452397495312,6.44915054429235,6.50418206179318,7.23633366005007,7.29232935647731,8.51521269114435,16,10.1694915254237
6.01479961694838,6.41253544865966,6.47449369934128,7.23350947393385,7.28735578793537,8.59716195968984,16,10.6779661016949
6.02782486676941,6.38639755727321,6.46651907036203,7.20323456708759,7.29729335830981,8.58237260979498,16,11.1864406779661
5.93235802065788,6.3485532098062,6.44084885258476,7.1984643822642,7.2749559812928,8.4535416656149,16,11.6949152542373
5.88257253333009,6.3336523040603,6.3981756790705,7.19020890029011,7.24944841137447,8.42704869813695,16,12.2033898305085
5.89552111986213,6.27292144393598,6.37188689289968,7.16720810757839,7.23197086458754,8.55380044812715,16,12.7118644067797
5.76600177136897,6.23216631004122,6.33541033393333,7.15805532992694,7.23519387967042,8.36136430883989,16,13.2203389830508
5.79191647865795,6.21737286273704,6.31427262326881,7.15594866088214,7.2280622819572,8.23537387867468,16,13.728813559322
5.82738370708795,6.18050214949807,6.29354195796321,7.13615035967959,7.21621083975538,8.40681199057479,16,14.2372881355932
5.74181887247966,6.15458633140236,6.23614141544838,7.14200379542788,7.21518836778376,8.43694846709733,16,14.7457627118644
5.70933527205187,6.07914533181129,6.1924927114494,7.10841136796725,7.18140457763496,8.38209424360786,16,15.2542372881356
5.65820935748101,6.04910681928135,6.18718872177331,7.0946039097247,7.16362867151216,8.41330989917524,16,15.7627118644068
5.62163027450308,6.0155508084947,6.12318460946275,7.0878780939177,7.18620998516427,8.26034374704648,16,16.271186440678
5.58806748688725,5.95524875350879,6.08886876786702,7.07250467452692,7.15775450406749,8.38258819481931,16,16.7796610169492
5.54577675933305,5.89671458964846,6.07690851528086,7.04859475537856,7.13641537682187,8.32762500551029,16,17.2881355932203
5.55906445166404,5.89339530698651,6.00566725299744,7.0414502178856,7.13483468466991,8.18169546802982,16,17.7966101694915
5.4427900477492,5.82049884046812,5.9850612079584,7.03258908556339,7.12791991622977,8.16435726773961,16,18.3050847457627
5.44381079069691,5.76199517634404,5.97113435123924,7.02149467890896,7.11460233020931,8.23303997851066,16,18.8135593220339
5.36427093604031,5.72138814073242,5.94676945563903,7.01781521465627,7.0915855186548,8.3873641994843,16,19.3220338983051
5.34989051512083,5.69128002184972,5.88204825512083,6.99926247022954,7.0433661225622,8.41410424023109,16,19.8305084745763
5.31659893979926,5.63475493985439,5.85310543508208,6.98234810339363,7.04684326594599,8.38127575042384,16,20.3389830508475
5.19900699643976,5.59089570752389,5.80172986075558,6.97021971964111,7.06636674468817,8.20688443831832,16,20.8474576271186
5.15396780222868,5.52227474187417,5.77890953554774,6.94704499052114,7.03361924912588,8.14214693785043,16,21.3559322033898
5.13053502648777,5.47210433996367,5.70690566548511,6.92958102856633,7.00861569456,8.39683046692966,16,21.864406779661
4.95783369696323,5.44899016289135,5.70863005411361,6.92916419166726,7.00352983031325,8.32783432756259,16,22.3728813559322
4.94442349797517,5.35042637458972,5.65539628338456,6.89635055894819,6.99359301832458,8.30714021898459,16,22.8813559322034
4.9205611624887,5.31181516114174,5.62528747395915,6.89327276472533,6.97619775274505,8.42348721660064,16,23.3898305084746
4.83771720541909,5.29995932975242,5.59518943845508,6.87795829010603,6.9793646619099,8.46355733441382,16,23.8983050847458
4.80286730359349,5.21024241723681,5.52929686133958,6.87234860309952,6.9572950772365,8.40851675450257,16,24.4067796610169
4.8189487907559,5.15245478369315,5.49679023534215,6.85550339429079,6.93632664097721,8.51734223399705,16,24.9152542372881
4.71561203393072,5.12235756394218,5.46913918813138,6.84843452501228,6.92854695322969,8.38925421085773,16,25.4237288135593
4.66427101184872,5.07615361483517,5.44014924919345,6.83306413696912,6.94669155954732,8.46987595485099,16,25.9322033898305
4.56833604826491,5.02694520684843,5.36461029830413,6.82470778107505,6.89296134898758,8.1711905106144,16,26.4406779661017
4.52468514076554,4.95575413577803,5.36382385954407,6.80788846859905,6.88993232415668,8.32216389683286,16,26.9491525423729
4.45452843136425,4.92302378375093,5.33635923737953,6.80112139890052,6.87032716689824,8.26533109371738,16,27.4576271186441
4.41368204982651,4.87956993198867,5.25550904722448,6.77460008638812,6.85082275885534,8.43692150052274,16,27.9661016949153
4.42285218975652,4.79240023040288,5.2444206797397,6.75343126243309,6.84065198280955,8.2099093007084,16,28.4745762711864
4.34214888230192,4.7508141448746,5.22940270723883,6.76035717735241,6.8461528438812,8.29343004002619,16,28.9830508474576
4.28331948184215,4.69080442647987,5.20012391283633,6.73297123845005,6.82469467757723,8.19822379322343,16,29.4915254237288
4.1285823925251,4.62718476601771,5.14924817067849,6.73090977036112,6.83439708507138,8.19628358247019,16,30
1.26991589341299,1.40768347549163,1.46773204693972,2.00298167142528,2.10766786594045,4.01819039213057,17,0
1.47969384816532,1.71145193896286,1.85056227763774,5.84996751448767,5.92537220934696,6.28699204376989,17,0.508474576271186
1.94643800889162,5.69422589679475,5.76247602326744,6.54555683096822,6.59630265899288,6.81271231068955,17,1.01694915254237
5.34116075543892,6.22263834764716,6.2754595921643,6.89289647612839,6.93284541737963,7.19567968648349,17,1.52542372881356
5.21290069758081,6.46224509865382,6.51021784470761,7.09697415571054,7.15308394215382,7.2592760540473,17,2.03389830508475
5.22705696847468,6.60196056394006,6.65964164659508,7.22461496999182,7.2856049603712,7.44139535791598,17,2.54237288135593
5.19622567004953,6.69873244941123,6.74957085143709,7.3248500480296,7.3720977768548,7.6004055176414,17,3.05084745762712
5.18625575453871,6.75844867999208,6.82200232758395,7.38606211687065,7.45385290995181,7.6272929042708,17,3.5593220338983
5.06452826215295,6.81481138088245,6.85709580392993,7.43993358277764,7.49860118769475,7.69387533829955,17,4.06779661016949
5.20187867102238,6.80537191919848,6.87469054317574,7.46223325991022,7.51947745534335,7.70855011560373,17,4.57627118644068
5.13363642198001,6.82883471097363,6.87841856487418,7.48651212745597,7.54486969697606,7.72472068292452,17,5.08474576271186
5.02936916292805,6.81012927515307,6.87342585474114,7.49905638560609,7.56049060048971,7.74873971718759,17,5.59322033898305
5.14540882021597,6.82716987059275,6.8768039988338,7.50768861260914,7.55454802555452,7.76350887702156,17,6.10169491525424
5.08917896716469,6.81591040951066,6.87438700632806,7.49942033115783,7.56581029018866,7.77787703982414,17,6.61016949152542
5.09052124469194,6.78995216203692,6.85802461887087,7.50770051872919,7.55662213654991,7.76777172557875,17,7.11864406779661
5.22334137026998,6.77849403288656,6.84865592908908,7.50871119539998,7.58281275404457,7.80746587642939,17,7.6271186440678
5.2180849330547,6.74736345446115,6.82779660697411,7.50610176485139,7.57357447951528,7.80375423126095,17,8.13559322033898
5.27799604497132,6.72646478440755,6.79415223638207,7.50122533408459,7.56083075899764,7.83846254494778,17,8.64406779661017
5.06694854250908,6.72192931708858,6.78453825621257,7.48654537241196,7.55385290030324,7.81770484677438,17,9.15254237288136
5.28168870619312,6.69325729228372,6.76148338344181,7.48088332583224,7.54350578170614,7.84623490727553,17,9.66101694915254
5.15653365585787,6.68341237302297,6.74421169240903,7.4748005051244,7.53505504181197,7.81535041905383,17,10.1694915254237
5.05405189751392,6.6353134203047,6.71131876121039,7.46019485211478,7.51551363223513,7.80645825111871,17,10.6779661016949
5.06106130445955,6.62713510035211,6.68764869015423,7.44661283633654,7.52424061519533,7.77299293492167,17,11.1864406779661
5.05673497386633,6.59652025419259,6.65754803208417,7.44548141730191,7.51627210769642,7.82883557879898,17,11.6949152542373
5.07939628014623,6.55722620091946,6.63107754687588,7.41680522612317,7.49432744339866,7.75893485585031,17,12.2033898305085
5.11594019370501,6.52510166362064,6.61057062113329,7.42016817748943,7.47346947507626,7.81613644328861,17,12.7118644067797
5.17637141259082,6.50186361949158,6.59078939725963,7.40516927261705,7.47487166852371,7.73266856450424,17,13.2203389830508
5.12395917852181,6.46545242065285,6.54317357079091,7.38294701922513,7.45583436679621,7.6875053975037,17,13.728813559322
5.13072388096494,6.44364459400865,6.51050296172252,7.36673503446528,7.43580631039744,7.67243918855229,17,14.2372881355932
5.154665283948,6.40583301380175,6.5181542594261,7.35041190863235,7.44410746417869,7.69960210149732,17,14.7457627118644
5.28103052088613,6.37425470925705,6.46070041552111,7.34923824521832,7.39268705069015,7.70800562817236,17,15.2542372881356
5.09802858285285,6.35299469580933,6.43061383399757,7.33410919248862,7.40971133813895,7.6849928969016,17,15.7627118644068
5.09986166920158,6.31214849410807,6.40454464991987,7.32229168616687,7.40477061329313,7.65005904190219,17,16.271186440678
4.91823179797485,6.28293044084202,6.37328158613444,7.29776193629663,7.36735698576604,7.62517818575526,17,16.7796610169492
5.03608332437715,6.25320640139182,6.34003341258024,7.28785557143696,7.36740895215059,7.61590392890591,17,17.2881355932203
5.22469208640013,6.2280412441077,6.28988995289062,7.28361513981187,7.36345683810881,7.62788665868901,17,17.7966101694915
5.09324075157898,6.17398695134496,6.26729347333557,7.25530122730323,7.34207743988158,7.61708343997131,17,18.3050847457627
5.05657441058142,6.15049043935775,6.24360050182084,7.25580993445101,7.32335056371519,7.59835141070611,17,18.8135593220339
4.87035055543048,6.11875199711477,6.20160588552443,7.23392063855426,7.32683262698574,7.58606262180905,17,19.3220338983051
5.07868532396767,6.07199980331786,6.17278202350004,7.20262772970689,7.29160104604718,7.5571537046961,17,19.8305084745763
4.9508339450638,6.04611619639404,6.15840240178898,7.21294147952724,7.29410399902066,7.55361637433723,17,20.3389830508475
4.95219403583563,6.0135321626341,6.1213055334277,7.18830427606665,7.29676463703111,7.52158916485029,17,20.8474576271186
5.117777411971,5.96697798417346,6.08751318861291,7.16659975371988,7.25901975621226,7.54797461794365,17,21.3559322033898
4.85674170412361,5.91540095894316,6.03077992447513,7.17326092536605,7.23895778274115,7.53104970535147,17,21.864406779661
4.82114990877514,5.92564491710835,6.00173279094672,7.14039498871396,7.23621861692006,7.53457267661377,17,22.3728813559322
5.03742035508469,5.86307070136234,5.99577191323591,7.12942226184771,7.22025208920938,7.54626959892473,17,22.8813559322034
4.95581657513886,5.80409579466465,5.95675187188878,7.11233254752959,7.21009852274447,7.52204259152096,17,23.3898305084746
5.0339881323971,5.78312706070824,5.91621796486206,7.11279462032191,7.22322426705669,7.50809011107768,17,23.8983050847458
4.96104809924586,5.74084120138121,5.88595688275503,7.08800067403359,7.18471544551281,7.4555151745088,17,24.4067796610169
4.83842457987178,5.70736777751932,5.84173491439705,7.07470518576376,7.16310024707144,7.44431536128292,17,24.9152542372881
4.90149558861358,5.67905208377626,5.804404936325,7.05468636068257,7.15030893772104,7.42541608176325,17,25.4237288135593
4.85773852599849,5.62506573035972,5.79674678021543,7.04389992661287,7.15459506150912,7.4051042962979,17,25.9322033898305
4.8174523260769,5.59847784519936,5.80264802195884,7.00943315881105,7.15862266160959,7.44708348291209,17,26.4406779661017
4.78506153845224,5.5407411623862,5.75213082394873,7.02299198601847,7.11115696674706,7.38224848054505,17,26.9491525423729
4.71074976937365,5.51628523188327,5.7016499838405,7.00588586925739,7.13139835451945,7.42715173853165,17,27.4576271186441
4.75130142545417,5.46282738222366,5.67099950703317,6.98828860990491,7.11366000185544,7.3981637450104,17,27.9661016949153
4.70335402752302,5.46017393181383,5.66284510663722,6.98355511256888,7.09734482926376,7.4079819694634,17,28.4745762711864
4.68231570738305,5.39283883004616,5.65133595588863,6.96515539222161,7.09389913131299,7.32325399453366,17,28.9830508474576
4.56306704143073,5.33816183724422,5.59811070288616,6.96856237013567,7.08202572295551,7.39524937905806,17,29.4915254237288
4.52629062094023,5.32148796088728,5.54074974062918,6.94862229300915,7.09423186447921,7.37842538981484,17,30
1.23690163794702,1.42762027629148,1.48845473347152,3.98872020250488,4.38233074403419,5.12567190028382,18,0
1.56820429895695,4.51677575528095,4.94042314569592,6.07459037201359,6.13517204567474,6.59202765493119,18,0.508474576271186
4.76463326847223,5.91767356909157,5.9982288645412,6.64586824314552,6.69520583381516,6.98045267264609,18,1.01694915254237
4.8296019198351,6.29246253983155,6.35284323745609,6.9440230405396,6.9981509710938,7.19369823380702,18,1.52542372881356
4.90109466953245,6.48494859223228,6.55481619199167,7.14914123897517,7.19197899947706,7.44376437121087,18,2.03389830508475
4.95674561016735,6.60379526044161,6.66007681226822,7.26343697884081,7.3317121238208,7.47775424617241,18,2.54237288135593
5.13632396051699,6.68852282052938,6.7387001943,7.35379360947196,7.39095651515547,7.53511000738637,18,3.05084745762712
4.95246978922222,6.71810710940927,6.77125808793422,7.40769120071412,7.45873154553554,7.60592342720565,18,3.5593220338983
5.00396000809723,6.74835810164246,6.80808659526102,7.44547021147567,7.49956659744076,7.71590831883143,18,4.06779661016949
4.83361357650416,6.75122843558182,6.82434671435756,7.46855488379168,7.55948344781424,7.75843167092284,18,4.57627118644068
4.7529933111297,6.74318723677677,6.82053406310825,7.48781470433716,7.55284965924878,7.73482905976105,18,5.08474576271186
4.80262914415736,6.73299964179015,6.80492304908098,7.50316154861954,7.58039957678854,7.84542436188087,18,5.59322033898305
4.8680091900803,6.73183744268744,6.79704652898435,7.49566233033535,7.55806788220757,7.79690923069833,18,6.10169491525424
4.77389244877948,6.71737402409687,6.78276935749297,7.51525727494608,7.57492505507879,7.83198047703751,18,6.61016949152542
4.93990934759976,6.69905725199545,6.76844220613232,7.50541431043725,7.54555619003584,7.77166344213643,18,7.11864406779661
4.58309848445909,6.67654002579194,6.74287427905145,7.4969161010457,7.5538781654267,7.78326458788279,18,7.6271186440678
4.31550377381549,6.63940508793954,6.72785553514978,7.48433847886858,7.55887706239215,7.83461263454063,18,8.13559322033898
4.40111025186449,6.62611455296932,6.69062075872779,7.4719370482717,7.54817384595674,7.81792375573173,18,8.64406779661017
4.41674040512039,6.60108425413201,6.66432036261967,7.46762378349676,7.54307002711614,7.81692764413661,18,9.15254237288136
4.0405471912674,6.55592082258864,6.63304290772564,7.46107291127456,7.52463071353151,7.76643053874418,18,9.66101694915254
4.1933947455014,6.51950642966898,6.59555305307183,7.43204455552743,7.50582315909444,7.8168520897833,18,10.1694915254237
4.32741273605439,6.49219455902684,6.5771778041746,7.41553217462616,7.50401500522456,7.78769539981834,18,10.6779661016949
4.41651809790306,6.4685861517543,6.53481351870694,7.39466703765778,7.47940588258607,7.79515289140354,18,11.1864406779661
4.23372490376816,6.41251068050809,6.5116969832155,7.39712735331319,7.49141827366933,7.72947466602691,18,11.6949152542373
3.958601091352,6.38655339398563,6.47404084773136,7.38555857644822,7.43402723820302,7.77528298977338,18,12.2033898305085
3.91313361154705,6.34694817909148,6.46605365263492,7.35679989221177,7.42072532121011,7.80193474734333,18,12.7118644067797
3.69302175278037,6.32866388500603,6.42948622347545,7.34763491054468,7.43380203007558,7.72939281296999,18,13.2203389830508
3.44376869292767,6.26771801271745,6.37092188429195,7.33520145563259,7.42972403280608,7.77440173995237,18,13.728813559322
3.49049566636427,6.23496641254386,6.36122349623735,7.31231270445838,7.40585229114119,7.73155807386074,18,14.2372881355932
3.3335359728218,6.18453646680122,6.30462005539263,7.30749891473475,7.38051966527583,7.69982455379788,18,14.7457627118644
3.08025769482621,6.15647627342901,6.29490316708491,7.28426317801353,7.35632913215192,7.68373814262516,18,15.2542372881356
3.22976357664119,6.10014475922832,6.25030411225573,7.27640972826197,7.36225448205959,7.66476527770703,18,15.7627118644068
3.17358894065567,6.07159188479533,6.21133643367252,7.26008444984163,7.34128135224586,7.66055492629492,18,16.271186440678
3.22481644192947,6.01963346467313,6.19050292753265,7.2282826870889,7.31178466528041,7.68138437844118,18,16.7796610169492
3.09786734730939,5.98978950690394,6.15573483453203,7.23089754173549,7.28606660424625,7.72741769433271,18,17.2881355932203
3.02701289027268,5.96795858040144,6.10795985807667,7.22419961925639,7.28973086290621,7.66030613704453,18,17.7966101694915
3.10093755627551,5.89853407117863,6.09743901277495,7.19879909170479,7.26377963125297,7.66104668386634,18,18.3050847457627
2.63725228201658,5.85352012287376,6.0480955484159,7.18263845227915,7.27512134681689,7.64341908251758,18,18.8135593220339
3.19855027625259,5.82321107524883,6.02346987032141,7.17052367945063,7.24790773862488,7.63244353062507,18,19.3220338983051
2.4199633094539,5.77202408196465,5.96566091893249,7.14863333106572,7.23912686943676,7.61979520285124,18,19.8305084745763
2.99975194422452,5.76719079499258,5.93569933707793,7.13995990165107,7.20306053703029,7.5863263901901,18,20.3389830508475
2.96770937005625,5.69312407948057,5.9031863908996,7.12147619743319,7.20286607635052,7.53887095066071,18,20.8474576271186
2.87295221886984,5.641677018438,5.87006097011015,7.131093573143,7.18152250519885,7.63031769988347,18,21.3559322033898
2.62561220220647,5.5724722826622,5.83626536141937,7.08798492175983,7.15527566551896,7.58387391166785,18,21.864406779661
2.61525581216366,5.56266070280225,5.79993281554771,7.07700294958276,7.15994609759668,7.63828598376444,18,22.3728813559322
2.50463075042468,5.52678762363025,5.76869610474286,7.08116745503283,7.13315187488205,7.57166487022219,18,22.8813559322034
2.47493406619947,5.46164463329962,5.73346190385968,7.04883107851215,7.1258227522937,7.54375937059479,18,23.3898305084746
2.40595995185856,5.46477374858358,5.67790011693038,7.03977854734705,7.12662266066882,7.50166359422081,18,23.8983050847458
2.388856616979,5.39189946947696,5.64950705265158,7.03424062431199,7.10821835310263,7.52999369611101,18,24.4067796610169
2.2884144294705,5.37487170309727,5.64939932006069,7.01425262580763,7.08496503777895,7.56093210984742,18,24.9152542372881
2.49431052958236,5.33424498355486,5.56237855706871,6.99598829998537,7.06813607220545,7.52430764878233,18,25.4237288135593
2.33962848655009,5.28979915768971,5.53361955427985,6.98910626646528,7.05111215960725,7.50210459116098,18,25.9322033898305
2.38998710013662,5.2166697403485,5.46147911523053,6.96798166021943,7.03855385213259,7.48728724874481,18,26.4406779661017
2.57044039182079,5.19348349403484,5.46143093525107,6.95422280199149,7.04181806974799,7.49401163056663,18,26.9491525423729
2.49326434546744,5.14285467847036,5.42975704485752,6.94412163097316,7.01046473946587,7.47248910137171,18,27.4576271186441
2.49783105234228,5.1067736015992,5.38573494724957,6.92664159433108,7.01811373144114,7.37415898839471,18,27.9661016949153
2.5679700326741,5.0458862312712,5.34885691119698,6.91032432341075,6.9953927590121,7.43251749569994,18,28.4745762711864
2.52151110064083,5.01528101366783,5.31468170798143,6.89729662914794,6.9916722804511,7.46209998044674,18,28.9830508474576
2.47836462359007,4.9837208722842,5.26822649654314,6.87964312626482,6.96367557332648,7.41820200176943,18,29.4915254237288
2.36040740597862,4.93266312623109,5.22015007325176,6.87788030891277,6.95524280396969,7.41636780251476,18,30
1.25597597906165,1.4117622050648,1.45455968865394,1.97478635392697,2.01452480571216,3.58732635447711,19,0
1.44231816764185,1.6079808510711,1.67386907447996,5.35838844891006,5.51464134895705,5.78354003424502,19,0.508474576271186
3.43725093675685,5.13755699113604,5.23784699506678,6.07796636715423,6.17895508477803,6.33085604950598,19,1.01694915254237
5.28805721350749,5.70608768570551,5.77094315583235,6.41976531363554,6.4969746658857,6.7694371534287,19,1.52542372881356
5.58602498048043,5.99194101640252,6.05993953090902,6.65454314712241,6.71412299450093,6.89065533553144,19,2.03389830508475
5.86581955280113,6.16233900953858,6.22078887250348,6.79864257172763,6.88821445922121,7.05023771028511,19,2.54237288135593
5.92533706901521,6.26564644039632,6.32663271595093,6.91123653051114,6.96805077279182,7.18051795940464,19,3.05084745762712
6.02301866914376,6.33196336819204,6.37399782441916,6.97953123078011,7.03936552475057,7.28607726525352,19,3.5593220338983
6.07457666147512,6.36095381572054,6.4294180280383,7.0334195333859,7.08693408772364,7.29839064113701,19,4.06779661016949
6.13609805636004,6.35433066154565,6.43372788446563,7.05829963187962,7.0998948470859,7.2920780346604,19,4.57627118644068
6.02178699536998,6.36055487798273,6.44986686636122,7.09876269151618,7.13230624830922,7.31207317801806,19,5.08474576271186
6.04973091289793,6.36588903066751,6.43972846993557,7.10052846873255,7.15004742472457,7.34623713916427,19,5.59322033898305
5.90119730477651,6.34172030317969,6.43430627495393,7.11622091923256,7.15108839323502,7.36629850712119,19,6.10169491525424
5.90098594950987,6.31751453599883,6.40059457401629,7.11895921808678,7.16879850311365,7.33731830983786,19,6.61016949152542
5.83488011395567,6.28315976235469,6.37634753131952,7.12138100976437,7.16876655385257,7.39242777526631,19,7.11864406779661
5.81065202890297,6.22367326890476,6.35722461280257,7.12148621875443,7.16783713481524,7.34275065226904,19,7.6271186440678
5.70235856189146,6.21129770437544,6.33964788701851,7.09989498524076,7.14879252950634,7.33960387057147,19,8.13559322033898
5.6773091634328,6.14804596939297,6.30374340329371,7.09330015602726,7.14344420540796,7.34245856835244,19,8.64406779661017
5.5296854271338,6.12511336961062,6.26703706568625,7.07412274079254,7.12594942245044,7.31865737238291,19,9.15254237288136
5.41255758741848,6.09132046945042,6.21650234581973,7.0621419379238,7.11123666068369,7.36915960570691,19,9.66101694915254
5.37058953752392,6.03653152143921,6.18781938730677,7.03849919147773,7.11294230528782,7.35370883777498,19,10.1694915254237
5.28391255153935,5.99875964826252,6.15187738232588,7.02893429400109,7.08126827531342,7.34610141049186,19,10.6779661016949
5.13103100024269,5.91603836670508,6.1132416057284,7.0098518500134,7.0623641470393,7.30852737060873,19,11.1864406779661
5.12876533903638,5.88615870890985,6.02872081817099,6.9820259722393,7.0447584137041,7.33051144027652,19,11.6949152542373
4.96759220172497,5.79258017383626,5.98890975785646,6.94988916627139,7.03967514095723,7.24641548950112,19,12.2033898305085
4.77695135111638,5.77167341705927,5.9607729080574,6.9485833269844,7.00605750902531,7.2611665792465,19,12.7118644067797
4.64615239256401,5.72514833713439,5.8784078793801,6.93466430938735,6.99538127143922,7.23497181715167,19,13.2203389830508
4.57264836273398,5.65197795587032,5.84436333633788,6.90899862312175,6.98711549262463,7.23123522823396,19,13.728813559322
4.3905699494168,5.60399877444306,5.78590774770248,6.88372959793063,6.96002428800433,7.1595570842331,19,14.2372881355932
4.30122683695175,5.50893878196014,5.74270677995451,6.86341479951678,6.94144176172271,7.17415491085376,19,14.7457627118644
4.23015166382899,5.47128372517087,5.69895902344811,6.84137044609948,6.92793343359295,7.14252877918159,19,15.2542372881356
4.10842449087052,5.33858322478204,5.66463865408771,6.81241408866992,6.8844718452991,7.15585382421194,19,15.7627118644068
3.86011090126017,5.27769990737081,5.5661571071102,6.80466593697284,6.86753759019613,7.15015134587162,19,16.271186440678
3.63101789735145,5.21068324086107,5.53715989390752,6.7730169977861,6.85578757599656,7.13231750235984,19,16.7796610169492
3.35373161677795,5.16554154378673,5.4852283260696,6.76010809695661,6.8310279654259,7.1470276506863,19,17.2881355932203
3.25622196028543,5.11852205147853,5.43607500020743,6.74500680436636,6.81128714698351,7.1498396188603,19,17.7966101694915
2.99508979217595,5.01043258248303,5.37737478719002,6.72349166104317,6.80435675691118,7.07897079074942,19,18.3050847457627
2.88734356057334,4.98653050514796,5.31978992003409,6.70425688774077,6.77903036811691,7.09707914897355,19,18.8135593220339
2.86045090446796,4.93523485427937,5.21210154077327,6.68439954085824,6.74417427589359,7.10328759652432,19,19.3220338983051
2.65052450326108,4.85314366546878,5.2105808290153,6.65841697331765,6.73547133810935,7.05104966547345,19,19.8305084745763
2.41350166133633,4.79257145573417,5.15071371394475,6.64982862196623,6.70024683637407,7.05334117365815,19,20.3389830508475
2.3097984232348,4.69749393312278,5.07302192336783,6.62036008942109,6.68983777977187,7.00183020672907,19,20.8474576271186
2.03346495743292,4.6115639333306,5.03828640807804,6.60040913589668,6.67813443714459,7.00734495130677,19,21.3559322033898
1.97796254263311,4.59186928931376,4.95975535886979,6.58150021964841,6.64788143263788,7.00718777071571,19,21.864406779661
2.01859133994618,4.52364959583565,4.89693004702225,6.54976101651623,6.62460048491199,7.01952915520591,19,22.3728813559322
2.01014767495932,4.42945004783219,4.88772479415239,6.54459844479986,6.61058745100664,6.97253306236095,19,22.8813559322034
1.90063627753489,4.34795662253434,4.81332894334738,6.52366473764598,6.5849354304343,6.9970630541941,19,23.3898305084746
1.86584693048587,4.26827542471764,4.78086744552738,6.51088204353674,6.56989141864125,6.89829366193818,19,23.8983050847458
1.91322306535404,4.1904385088397,4.70055807430087,6.46926609688391,6.56272049228421,6.96315988806602,19,24.4067796610169
2.12866318737255,4.08184108953143,4.62673516239468,6.47035846331964,6.55387275926547,6.92812088890939,19,24.9152542372881
1.94501756350675,4.03813638697128,4.52799923269021,6.45924238862329,6.54070922933151,6.8783687988047,19,25.4237288135593
1.92798253886157,3.97521068441849,4.48353424570908,6.43853818108053,6.50584049211685,6.77789949934648,19,25.9322033898305
1.9333802909899,3.96918617811344,4.47205177258492,6.42370939600965,6.48535874877722,6.89422829720644,19,26.4406779661017
1.91606620081437,3.88689489677317,4.37282837034971,6.38321089229507,6.46719593745545,6.84425534613303,19,26.9491525423729
1.86883800060446,3.83045592787702,4.31541593981084,6.38051597146622,6.45506888166844,6.80306946132392,19,27.4576271186441
1.93781178649241,3.75930657214966,4.24610766283313,6.36093582349649,6.43928193369638,6.78500956768525,19,27.9661016949153
1.89257774954276,3.68760021836027,4.23203060637509,6.35729063740126,6.4323267921606,6.82982620029226,19,28.4745762711864
1.90335795880021,3.61636417678432,4.19137502984962,6.34098954215867,6.40270969222621,6.88256234181233,19,28.9830508474576
1.76696072601168,3.6093397493771,4.10906293686274,6.32788288720825,6.39205232616846,6.77594644280211,19,29.4915254237288
1.8428690188267,3.55805125432707,4.07222492043175,6.29469501242834,6.35960474044594,6.76951904716407,19,30
1.35234682101052,1.63697605450626,1.72203046767839,5.28326915760708,5.39893624080587,5.73583195297107,20,0
5.52878525505313,5.78427841346146,5.8662740229186,6.57229102936059,6.61594374020803,6.96428015544074,20,0.508474576271186
6.14524390628222,6.3447222546773,6.42887397462942,7.04515858955109,7.11084917476954,7.39641223141399,20,1.01694915254237
6.39882253385641,6.65118479454223,6.70428084221758,7.31597184808095,7.37486205548727,7.57661794209092,20,1.52542372881356
6.5695407887745,6.8354974530793,6.87791644771006,7.48403553322944,7.54957647435833,7.69621740111903,20,2.03389830508475
6.59671684690217,6.9698348963864,7.02624871992167,7.60045244052193,7.65840545278717,7.87078144479152,20,2.54237288135593
6.73542348171461,7.03478854154754,7.11098524956946,7.68557186976136,7.73922130263602,7.95331450787419,20,3.05084745762712
6.81797221058736,7.07906991553563,7.14630421340047,7.73790261907906,7.81446754056684,8.06672613523228,20,3.5593220338983
6.79071759484635,7.14086780702072,7.1896817549371,7.77908368300499,7.84910621720828,8.11291615298719,20,4.06779661016949
6.80491110598933,7.15294868840354,7.20912164299612,7.81984543609072,7.88540475498102,8.12200211700022,20,4.57627118644068
6.74828973875468,7.16877150386567,7.22919062275377,7.83036555919638,7.88131101560704,8.15115888592508,20,5.08474576271186
6.74393850957019,7.18524264964845,7.24460485626184,7.85796200435634,7.92950234867577,8.25235002342822,20,5.59322033898305
6.71059005036765,7.18146986779447,7.23566592369641,7.8662332620213,7.92250902838149,8.28958464962066,20,6.10169491525424
6.66571219802871,7.1533464307313,7.24013683071791,7.87578446630171,7.91744983363632,8.21805654110737,20,6.61016949152542
6.63737331029562,7.15241895955154,7.22705184244294,7.86902272283821,7.93441576869717,8.1992395092837,20,7.11864406779661
6.55606306514097,7.15047358491364,7.20348346177351,7.8727958553437,7.93664215409772,8.22220174892614,20,7.6271186440678
6.46658194076549,7.13861219091308,7.19020323786127,7.8687828685979,7.92551989341563,8.20616158607511,20,8.13559322033898
6.4432875253424,7.10531835104454,7.16220818111112,7.86752703213424,7.92788581015023,8.33679685301952,20,8.64406779661017
6.37484245536637,7.07619093317476,7.13780869431269,7.85315053285927,7.93570702082778,8.28429804468677,20,9.15254237288136
6.38666984737773,7.0450683475971,7.11126898220503,7.85364542460154,7.9223060937589,8.15257491755936,20,9.66101694915254
6.32827079050124,6.99671970106863,7.10397258948985,7.83892180538346,7.90653084355313,8.32081615117311,20,10.1694915254237
6.19680554829545,6.99722886202646,7.0777211091307,7.83419657834179,7.91192103443479,8.31066723384209,20,10.6779661016949
6.21407163461461,6.96798087984607,7.03809740921019,7.81678807583109,7.90274446376663,8.18254409504309,20,11.1864406779661
6.13970597277495,6.92768877307478,7.01777546583036,7.7974384233822,7.87290622551717,8.18978756139379,20,11.6949152542373
6.16476645402441,6.87487417690031,6.98045153024885,7.79835723821245,7.87728176910812,8.25600704546957,20,12.2033898305085
6.09204357856211,6.84252057237248,6.9430747626222,7.79933308696641,7.85454819227207,8.19623067459025,20,12.7118644067797
6.08001437368684,6.79337429474527,6.90501645790767,7.7804110269705,7.84714275276435,8.18922390542145,20,13.2203389830508
5.97782673064206,6.75897484337268,6.87651199002984,7.77231469579761,7.82972632051184,8.15813443622468,20,13.728813559322
5.93767417294576,6.72633229525315,6.84676045023074,7.74924991670852,7.81305481898724,8.14725481164259,20,14.2372881355932
5.87393580623092,6.68480807619976,6.81964386003656,7.73017544467975,7.8143471913531,8.16045051731518,20,14.7457627118644
5.886349812739,6.65386102677739,6.79677936550656,7.72642294984122,7.77838862715371,8.15712635927195,20,15.2542372881356
5.73014124199378,6.61685872543632,6.75504883922882,7.71003873168346,7.79631496634681,8.10522463412301,20,15.7627118644068
5.83505563068028,6.58002761488128,6.71752066652873,7.68466328566362,7.75770950481282,8.19166075940886,20,16.271186440678
5.77377247591088,6.52535114467574,6.70306195814085,7.68342287457262,7.76225261075442,8.19924536938659,20,16.7796610169492
5.6905859934988,6.51420761363753,6.64800411387418,7.64992569584627,7.73045534898875,8.16858883281796,20,17.2881355932203
5.61810436338691,6.44965318460786,6.61792558796331,7.64538164550002,7.70677648333558,8.14748657096467,20,17.7966101694915
5.60434610327929,6.40891625462157,6.56858414355419,7.61945298353616,7.70656526700333,8.20934439626069,20,18.3050847457627
5.49816802233632,6.3680603694122,6.55462541914082,7.6150210260138,7.69975988905686,8.15003912522272,20,18.8135593220339
5.38102085243489,6.31908582323468,6.51748169049803,7.60498512839726,7.70520260107413,8.18470458568828,20,19.3220338983051
5.42312607794356,6.29571242825798,6.47554032344847,7.57827571675897,7.68188108879388,8.16589178829476,20,19.8305084745763
5.30032366994812,6.24110537696649,6.44179767365942,7.55411716331728,7.66635219808423,8.13913675322446,20,20.3389830508475
5.19712077725564,6.22094454179686,6.38888144986538,7.55353735269518,7.63074192685005,8.17337024216954,20,20.8474576271186
5.22505244461824,6.16388192939831,6.36016122409508,7.54275939211796,7.63528534200635,8.21113469393699,20,21.3559322033898
5.09966843819605,6.13211386092995,6.34010801660013,7.53852322473708,7.61567735394418,8.13412853213459,20,21.864406779661
5.02580932021884,6.09245357211534,6.27683220977316,7.51387639498448,7.60839701852428,8.1317410098284,20,22.3728813559322
4.91783094838675,6.01874775038575,6.25492180200555,7.50053833141043,7.58501240377036,8.23982425554777,20,22.8813559322034
4.81785840684324,6.00873408465867,6.22765473747966,7.47555778142992,7.57779951167315,8.20611177621756,20,23.3898305084746
4.74415531215104,5.95606547158994,6.18467083452168,7.46658143428386,7.56063172452606,8.10917633464078,20,23.8983050847458
4.70341882267193,5.86528291799789,6.12894813011404,7.44910465714198,7.5712666211563,8.04525397682436,20,24.4067796610169
4.63706320169464,5.86513704486031,6.14026713036763,7.42977949741824,7.53483821263272,8.13140197946992,20,24.9152542372881
4.5956179830619,5.8355548823539,6.07720725282269,7.43692785936916,7.51882747380123,8.11295137996961,20,25.4237288135593
4.27106743580927,5.76365639347963,6.04676369392498,7.41284970203397,7.51482687221582,8.06898713365301,20,25.9322033898305
4.3209181515329,5.70245574759159,6.02216213233187,7.41084429239416,7.49724737623898,8.09750087188882,20,26.4406779661017
4.28619529473119,5.65340470681605,5.96022412265105,7.38271635482266,7.49257654944958,8.06784972042173,20,26.9491525423729
4.26437271139839,5.65019687907652,5.93427916780297,7.36725251496576,7.48887540754926,8.14257820499395,20,27.4576271186441
4.1913865519209,5.60114243477857,5.89518118186778,7.35626514177431,7.46061232607085,8.10555824853827,20,27.9661016949153
4.27953129045059,5.54524026569917,5.85751219441268,7.33876462408275,7.45353922134532,8.05808538171788,20,28.4745762711864
4.17202153331475,5.5136526777022,5.82687241664646,7.31577208896496,7.44384607531827,8.04200996214475,20,28.9830508474576
4.12431273287016,5.4491500076372,5.81485468508205,7.32394147760956,7.4320943916977,8.10830422338218,20,29.4915254237288
4.00214109984096,5.41931848797523,5.76161182991061,7.30620106328075,7.4154581956742,8.07874849876244,20,30
1.34432051313151,1.44968019235893,1.50225308678063,4.31769340481201,4.50236446820195,4.87761155787673,21,0
1.72432746062907,4.85426951850309,4.93235815857359,5.81959239069998,5.88434951695393,6.08180753901177,21,0.508474576271186
5.2404564469137,5.57598713143036,5.67202663137344,6.31716273570951,6.37634176228996,6.51767727181767,21,1.01694915254237
5.51703079501143,5.87204367598377,5.95969046120992,6.54578975951705,6.59684379387148,6.73559300483178,21,1.52542372881356
5.6877176290336,6.0276303145431,6.09756341780591,6.67474712397088,6.74214230604217,6.90086410862429,21,2.03389830508475
5.53994838736546,6.08854018574343,6.1563831657221,6.752817393514,6.80380194871765,6.97373201860396,21,2.54237288135593
5.56361938299396,6.14299545719457,6.19853431492027,6.8102144012733,6.87370232514477,7.05234341859504,21,3.05084745762712
5.50414788200237,6.15532767799109,6.2234318475248,6.83649194610339,6.88663290962766,7.18089061642555,21,3.5593220338983
5.56350837502423,6.15715924750966,6.21489393421659,6.86255309266889,6.93334585051819,7.30896094314629,21,4.06779661016949
5.50789833817279,6.14227276053625,6.21872202025425,6.87447676244403,6.92910248527545,7.30102107749064,21,4.57627118644068
5.49809587788504,6.10872760961832,6.19067318604318,6.87885350042593,6.94297688012373,7.37171355269638,21,5.08474576271186
5.27341842746531,6.08317411773123,6.1863200928153,6.87909422200169,6.94315731297736,7.41209474686225,21,5.59322033898305
5.55577456376793,6.08699094456327,6.15267593078698,6.87273114668253,6.96023167731293,7.35986695754703,21,6.10169491525424
5.63572341983704,6.04366729922659,6.12811678295319,6.86124842292676,6.95231213994935,7.3550712463115,21,6.61016949152542
5.39368765595735,6.02469658141416,6.09557715848988,6.85311220438554,6.92080856156245,7.32294340378561,21,7.11864406779661
5.39315747845092,5.98081296496066,6.0658204538307,6.84590859449164,6.90816699936477,7.33997891296949,21,7.6271186440678
5.57422333007005,5.96781016759601,6.02560259921286,6.82538393402888,6.90361186813727,7.34031988815362,21,8.13559322033898
5.5319061186547,5.91732960006088,5.99802224091821,6.80843966610513,6.8699493215298,7.35897746853761,21,8.64406779661017
5.54168600599843,5.89566812532663,5.98268038978841,6.80824983513378,6.8648554745157,7.34955367949718,21,9.15254237288136
5.52614227163718,5.87562312935641,5.9397534575675,6.77162878814426,6.84865949374327,7.34807274603862,21,9.66101694915254
5.4941448695777,5.82295692913369,5.91177222883614,6.77095504663247,6.85396155237912,7.23578707706192,21,10.1694915254237
5.37336135860385,5.76068596930738,5.88539541729488,6.7414261668405,6.80571554385541,7.25679745478524,21,10.6779661016949
5.41918948240982,5.73700923757368,5.83538818853273,6.7335481130275,6.80448416932233,7.27474582863403,21,11.1864406779661
5.34051838809988,5.70611373582606,5.82038078018835,6.70871926785947,6.77824441818055,7.30336047457087,21,11.6949152542373
5.31802318430511,5.67104190288797,5.77425279133749,6.70342219782969,6.7764185771894,7.29307993453866,21,12.2033898305085
5.1886025032543,5.65452094342168,5.73687018804865,6.66970726599267,6.76959899923413,7.15607662815048,21,12.7118644067797
5.08857626657333,5.62083704684886,5.71186333676054,6.66022734626183,6.74140113773091,7.21382634583046,21,13.2203389830508
5.0019829621247,5.55577969644396,5.64830286815541,6.65106071526731,6.7290696395167,7.15066481997944,21,13.728813559322
4.94165966748746,5.52389689443031,5.61465002335996,6.60963452574633,6.71101277473324,7.21276709450759,21,14.2372881355932
4.9785939871666,5.48417899427753,5.59415900365075,6.60299171413033,6.69768695961518,7.07929244585146,21,14.7457627118644
4.8819626849559,5.44975365477352,5.54923039155948,6.5920222817474,6.68122949626531,7.07571061255809,21,15.2542372881356
4.84391872120791,5.40397428329964,5.5151893342822,6.58906368358081,6.67779224318029,7.03179831426715,21,15.7627118644068
4.70630289843687,5.37603224249211,5.47273728314767,6.56750226395716,6.62846596562914,7.00323059758881,21,16.271186440678
4.67147318829868,5.3443314851424,5.43042074503304,6.55115262578258,6.61526801708951,7.11140675402751,21,16.7796610169492
4.57432294467173,5.30356305384947,5.39782428919831,6.53842363588517,6.61130360502583,6.97149977940333,21,17.2881355932203
4.50763257056257,5.27575281698895,5.36300517179791,6.50403576448562,6.59992893579533,6.93949796077867,21,17.7966101694915
4.57226468635295,5.22781506300162,5.32942467501385,6.51063646676219,6.58892491119651,7.00151457760246,21,18.3050847457627
4.41350358670649,5.16440609153678,5.28680287597553,6.47661556232089,6.56627253515897,6.94836622195143,21,18.8135593220339
4.24413752630356,5.15374681661255,5.25334576905895,6.46351688913865,6.54299466810777,6.93022340927832,21,19.3220338983051
4.15477257847109,5.09705136146783,5.22056449427773,6.46228606016743,6.52909402044566,6.98355044447017,21,19.8305084745763
4.0661650978289,5.0668115171643,5.19274892202802,6.4395657940722,6.52100922188111,6.84040264066003,21,20.3389830508475
3.97776343918213,5.05366041502064,5.16216159909253,6.43690932606299,6.49302377329218,6.93569652540032,21,20.8474576271186
4.071218704787,4.99008500187962,5.09493161207739,6.40879131100458,6.47378820246407,6.8087035637647,21,21.3559322033898
4.04342663022747,4.95706514006081,5.07349184035986,6.39822976408811,6.46766970893648,6.91538355265795,21,21.864406779661
3.8660316842312,4.91759516698177,5.03756831491145,6.39036728642297,6.45536713433198,6.88933010239504,21,22.3728813559322
3.7589650562024,4.87808454870663,4.97727763073657,6.35568977442929,6.45478191484755,6.78958136709837,21,22.8813559322034
3.82780955517647,4.82272180450139,4.94295306032771,6.35062482438712,6.44635498961979,6.78476809872972,21,23.3898305084746
3.59194773522408,4.76780004184057,4.90962929425076,6.32401542872902,6.3876727671089,6.71280977026345,21,23.8983050847458
3.50474265502511,4.74010020072318,4.87770632851042,6.31390189539809,6.40625196713064,6.78418670677203,21,24.4067796610169
3.56852938614245,4.66885636960742,4.82412612460183,6.29991554776253,6.38908365557216,6.74194012272451,21,24.9152542372881
3.60482698970694,4.64905399534058,4.80227258254237,6.2798582351387,6.36490082863196,6.72903314701008,21,25.4237288135593
3.5666227703059,4.62115782627873,4.73485001681451,6.27145124867537,6.35916651973874,6.68167326110954,21,25.9322033898305
3.38368357133797,4.55883544425891,4.71188426440567,6.27672825388885,6.36416616411124,6.69922324993425,21,26.4406779661017
3.49853580970998,4.48633484945538,4.68436301264456,6.25140632190971,6.34606246514374,6.73759087741119,21,26.9491525423729
3.4384512110129,4.4333766019539,4.64902718976082,6.23024916819281,6.32384462212983,6.69020429691571,21,27.4576271186441
3.31805317026473,4.4429953137466,4.60616370180255,6.21121154928436,6.32260527031905,6.66189488178152,21,27.9661016949153
3.32009510546278,4.36945831567195,4.57009789052657,6.21172471142907,6.29186174666748,6.64592663827699,21,28.4745762711864
3.19355707268517,4.34787399161277,4.52806789922008,6.1784518493506,6.27187135982193,6.57268877299991,21,28.9830508474576
3.203996672345,4.28707281826788,4.47828031714968,6.18195784956784,6.2777013705364,6.59754704207855,21,29.4915254237288
3.26080624099397,4.27471952870165,4.45355660171462,6.14979505056196,6.25425748956887,6.5932613242633,21,30
1.21972341647145,1.41343883009326,1.46128140446534,1.97655780477248,2.0159448849385,2.55513046243,22,0
1.36301842772819,1.51360508486839,1.57030115442597,5.14283265647242,5.28774893080791,5.64531069245716,22,0.508474576271186
1.58786256923106,4.06554672318406,4.67576511806307,6.10931227918195,6.19051914862722,6.5966553377473,22,1.01694915254237
2.42788346445875,5.72382521424247,5.82278014958711,6.52922393638607,6.59853686672651,6.86900481479707,22,1.52542372881356
2.39779698219924,6.12228774153116,6.18137036532448,6.79437643609585,6.84160044407847,7.11667156812069,22,2.03389830508475
2.40987378947428,6.29378626122931,6.36784170624985,6.9363618496774,7.00934727136925,7.20184188928961,22,2.54237288135593
2.41055726692071,6.40177521327334,6.46716374024295,7.03424506861595,7.08572341874174,7.40771520882218,22,3.05084745762712
2.30164750366882,6.4527148662059,6.49722249549845,7.10288556301677,7.14684095364331,7.46284996077904,22,3.5593220338983
5.11106347743447,6.49345197823626,6.55855132728034,7.15523797744083,7.21263022059459,7.5199037694129,22,4.06779661016949
6.29332933174791,6.51535003874711,6.56149724396746,7.18785967962116,7.22539932927314,7.56058098796552,22,4.57627118644068
6.16400399517629,6.50272297814637,6.56548780057765,7.20065563046858,7.24962465640248,7.62098921391408,22,5.08474576271186
6.21468076551812,6.50833159020156,6.56076672364013,7.20958326138191,7.24143608275423,7.54917489608552,22,5.59322033898305
6.16949162752737,6.50588563715641,6.56910563690757,7.22404088167906,7.26833279521993,7.55698818514485,22,6.10169491525424
6.15309588959912,6.4627230884161,6.55226152401282,7.2168108798066,7.27307360839657,7.56624355807581,22,6.61016949152542
6.20373848815742,6.46012994193312,6.52916695150163,7.22050878768465,7.26165534996714,7.64601992960069,22,7.11864406779661
6.14021773312829,6.42693309678855,6.5181207282957,7.20347681854912,7.27221226444752,7.58532313898877,22,7.6271186440678
6.17559855788148,6.41643860852007,6.48548358572659,7.20981565307446,7.25416295219914,7.58873771730484,22,8.13559322033898
6.06891660896549,6.39112709612811,6.47062613226196,7.20941753066306,7.27378451477763,7.62713042727051,22,8.64406779661017
6.02450948113619,6.36325561186386,6.44592301141917,7.19480113903359,7.25223252694214,7.70136558546147,22,9.15254237288136
6.00610584277756,6.33015859266995,6.41396332292062,7.17939072427133,7.23103974997231,7.68111548116736,22,9.66101694915254
5.98974287485715,6.29651923578812,6.38999850927803,7.16830296707008,7.23516604698661,7.54830039952063,22,10.1694915254237
5.96670586009528,6.27695168263068,6.37198608055019,7.15960566853344,7.21850414227396,7.51585486739078,22,10.6779661016949
5.96714792465851,6.23226186069159,6.33494775986943,7.15053121777024,7.21147732329022,7.58087308390896,22,11.1864406779661
5.92848277215158,6.2190158316996,6.31807194357273,7.13366696614487,7.17996439046793,7.58656887342377,22,11.6949152542373
5.83653961745169,6.16224949140969,6.26241159091216,7.11775002894764,7.18469257592782,7.55143391409167,22,12.2033898305085
5.75257449718487,6.14393381951323,6.24665125271629,7.1100367201737,7.16976294562256,7.59517283941792,22,12.7118644067797
5.77020249293546,6.11303933270239,6.20957805289373,7.09847119415588,7.15654498687576,7.48500326303886,22,13.2203389830508
5.7541401434737,6.0739439896856,6.20143030421427,7.08530140439918,7.13817146787412,7.52489419695096,22,13.728813559322
5.66604460921142,6.02912230291723,6.17742085677815,7.07086436393315,7.13688095864658,7.48125265062356,22,14.2372881355932
5.66847917870732,6.01302123103848,6.13388827063644,7.04837065749925,7.10442231343304,7.51703910141376,22,14.7457627118644
5.17129609544078,5.9996924467765,6.08750840861494,7.04385779829694,7.10153968851845,7.39562985662352,22,15.2542372881356
5.20029337853139,5.97383015858765,6.06048662703737,7.03095105733638,7.08126074245127,7.47209664105179,22,15.7627118644068
5.18863985846562,5.91224625086855,6.03842953380999,7.00925715616309,7.08284455107453,7.4368120585935,22,16.271186440678
5.06380376877662,5.87518486197614,6.00168399998598,6.99795488015041,7.05906719362355,7.43350619696384,22,16.7796610169492
4.84981196364667,5.86475549557498,5.96424635565278,6.96851186971136,7.04732974521593,7.39491161385889,22,17.2881355932203
4.81774376032131,5.81550512819736,5.93337218933599,6.9558087671433,7.04964900672769,7.36824051756056,22,17.7966101694915
4.807441664227,5.76822711869773,5.91803933177961,6.94647527289653,7.0175821981447,7.40737648365808,22,18.3050847457627
4.65041217335417,5.73984992801306,5.86819181640227,6.9280847109683,7.02003542301994,7.34938938732121,22,18.8135593220339
4.60691097729351,5.71140326625148,5.83362259772078,6.91595864318887,6.97101383966014,7.34412071074187,22,19.3220338983051
4.42692093342845,5.66341771512721,5.79560444360938,6.90378018752967,6.97930626119789,7.30379524286601,22,19.8305084745763
4.28631672548291,5.62817754989826,5.77195049247178,6.88986154411249,6.98003351018987,7.39822294351917,22,20.3389830508475
4.25154955758111,5.60699648304634,5.73960074942086,6.87636669867222,6.95494197282689,7.31970680487739,22,20.8474576271186
4.01677914378904,5.54719275964795,5.71147259704208,6.84867737825273,6.95095982283673,7.3467052688548,22,21.3559322033898
3.971962770246,5.54529982693081,5.66364795922609,6.83238283098914,6.92965526865511,7.297262972559,22,21.864406779661
4.03050252188743,5.47621414339562,5.6239937056488,6.82524039432603,6.93400570580849,7.36758602523066,22,22.3728813559322
3.97933111626684,5.44218384314543,5.60171506070533,6.80384028947383,6.91983330713322,7.3704504735306,22,22.8813559322034
3.71082381973491,5.43401643486679,5.57438011704748,6.79654939209761,6.91351041963336,7.27115508988571,22,23.3898305084746
3.48066699797323,5.39857699508103,5.53707281475122,6.77720830196844,6.89180381174825,7.2124208113312,22,23.8983050847458
3.6860384596505,5.34790375039105,5.49365494162135,6.76856406897869,6.88648198066262,7.28537246525994,22,24.4067796610169
3.48491184040806,5.32391717180415,5.46806617239907,6.75844637272488,6.84891013752074,7.19018916188506,22,24.9152542372881
3.31308810320943,5.27323866963329,5.45483386565608,6.74112143009633,6.84127539865787,7.27011127718247,22,25.4237288135593
3.31220636816935,5.25018296771414,5.39995574868546,6.73098537724257,6.84913533410575,7.25870210962131,22,25.9322033898305
3.26943582710121,5.21634824785172,5.36461643157275,6.70824898124583,6.83462769104244,7.2900696019299,22,26.4406779661017
3.00976625249206,5.14299752015369,5.35437197369676,6.68842475522127,6.83800896991932,7.29337513806754,22,26.9491525423729
3.11258795705274,5.10508076746179,5.30022572819756,6.68475097619525,6.80305077224228,7.27493093815147,22,27.4576271186441
2.84354645456583,5.07822799481782,5.26880585722985,6.67014424783626,6.79731245832086,7.25348932187762,22,27.9661016949153
2.75764239274356,5.06082401195804,5.25809345830063,6.66356052743111,6.78700876376108,7.27555891765056,22,28.4745762711864
2.83531559110464,5.01600210204131,5.20715858259464,6.65843989930786,6.77592766727345,7.30736812421844,22,28.9830508474576
2.94126122482985,4.98515174553544,5.175764861927,6.64665571513821,6.7504232079367,7.1746093788146,22,29.4915254237288
2.93548583563197,4.92354388121335,5.13964277235683,6.61104985586424,6.73857845336319,7.09237358685823,22,30
1.28916212004369,1.42642000843729,1.4656588414284,1.96121998775315,2.01408982557945,3.22008587524403,23,0
1.27467952659082,1.5172569789235,1.54966400295168,4.82697528608458,4.98377196327813,6.0262608823851,23,0.508474576271186
1.63236728092634,1.86663861896404,3.34086880582928,5.81213704457232,5.86865090780544,6.36256277556266,23,1.01694915254237
4.79146910482337,5.30059095441916,5.41955139009972,6.20213216562994,6.24978233306509,6.5948109001715,23,1.52542372881356
5.37786549917832,5.77841718705599,5.82061324080903,6.43468913079059,6.48821421888673,6.80188445751265,23,2.03389830508475
5.68212416330899,5.938023077334,5.9851879904691,6.57642552849908,6.62296490872485,6.87509422959354,23,2.54237288135593
5.82049264911404,6.01361229029911,6.07306161326611,6.6623456831369,6.71844708468429,6.95759002405485,23,3.05084745762712
5.82527076405876,6.04749115400083,6.11264886509045,6.71967531284889,6.75666736363895,7.0135060718595,23,3.5593220338983
5.82534800463057,6.08547020624108,6.13170191338541,6.75249364200744,6.79595522916486,7.0247030985367,23,4.06779661016949
5.81758734776183,6.06786538052015,6.13356040001293,6.77094287132863,6.81666626664423,7.08032313249562,23,4.57627118644068
5.82936626949173,6.06510051284079,6.13736308957695,6.78198347246993,6.84055353216971,7.09822681322078,23,5.08474576271186
5.79558021612929,6.05845116519204,6.11535306841394,6.77921771022657,6.83659939783336,7.04928984433234,23,5.59322033898305
5.75621625594197,6.03054547642109,6.09284492894686,6.7802792712874,6.845476335415,7.13396943070046,23,6.10169491525424
5.69716573409208,6.01101221618956,6.06132208317471,6.77142656445768,6.82477780222279,7.14533009326841,23,6.61016949152542
5.65150808405251,5.98616198826689,6.04245166858693,6.75795767860688,6.82253486154885,7.04530241199103,23,7.11864406779661
5.72472733617229,5.9716552454135,6.03090656281668,6.75282710091939,6.81951987143295,6.95558251095851,23,7.6271186440678
5.7106830557588,5.93955662036581,6.01072261023615,6.74979488712933,6.7956250824967,7.12244729437387,23,8.13559322033898
5.63377413836195,5.9040112752034,5.95259795482724,6.72074205304344,6.7868309216457,6.99821147494978,23,8.64406779661017
5.61708503539788,5.8703707414352,5.93220361829785,6.71439024633814,6.78262343846778,7.04210766116701,23,9.15254237288136
5.62289354467157,5.85169094599084,5.91206903122936,6.69991687391605,6.77457082301243,6.95580954158984,23,9.66101694915254
5.47784529171301,5.81549834917356,5.88366805382579,6.69850666719711,6.73631818704148,6.93134319512729,23,10.1694915254237
5.4525456684617,5.79063753921255,5.86370251693604,6.68264952729773,6.75520328905086,6.93430516802323,23,10.6779661016949
5.35938065590169,5.75172348644921,5.81187753705853,6.66906710808305,6.71599341344172,6.90069309779945,23,11.1864406779661
5.36167535549022,5.72888729130282,5.77877190112237,6.65162272972323,6.70263230356416,6.91742933185693,23,11.6949152542373
5.41914707911402,5.68752004829181,5.77087426684446,6.62743527736467,6.70508691811601,6.90164780585528,23,12.2033898305085
5.30344414826759,5.65999013703148,5.72511316053049,6.61061530425756,6.67513555265919,6.88881579678226,23,12.7118644067797
5.21794303780353,5.62457309700684,5.69632428160869,6.59575568349622,6.65806300392269,6.78345671179627,23,13.2203389830508
5.2059787382495,5.59086274804284,5.6643909838206,6.57832715120961,6.6313878814993,6.80526240209254,23,13.728813559322
5.21117760011058,5.55608807981573,5.64323717677142,6.57258290990725,6.64697532866572,6.86199101698361,23,14.2372881355932
5.00763338195594,5.52618952333034,5.60203732199466,6.55533501762836,6.60294396211587,6.78176767766454,23,14.7457627118644
5.04742389482351,5.48451176481054,5.56516360963364,6.53650758947289,6.59044971820291,6.80183985145451,23,15.2542372881356
4.94898370869403,5.41778563696321,5.50846917389525,6.53135292295217,6.58943312136214,6.81190308711488,23,15.7627118644068
4.99678817918284,5.4188613902179,5.50833812472638,6.51173405377562,6.58319134106596,6.87464688541737,23,16.271186440678
4.91381921095691,5.40585452410982,5.47549453778471,6.48445402142522,6.56273654180973,6.69963884967676,23,16.7796610169492
4.92950391979081,5.3483105705354,5.459671005826,6.47189426745185,6.5496060938858,6.80988384955911,23,17.2881355932203
4.78562184446445,5.31646266003562,5.39670204709576,6.4434835590602,6.51218060131298,6.82749321470607,23,17.7966101694915
4.79280032308117,5.27518437307485,5.37954041182318,6.43553211618092,6.50035137540509,6.81304061136744,23,18.3050847457627
4.62143676210552,5.23954350956628,5.35342828326966,6.43862859322281,6.48426536074548,6.72229075758879,23,18.8135593220339
4.48051225324468,5.21629398062115,5.29688133360841,6.42647790768055,6.4765280832107,6.75461628535326,23,19.3220338983051
4.53910019727646,5.168631252919,5.26560466751686,6.37935575598907,6.44772646783586,6.92078841018897,23,19.8305084745763
4.37367683266806,5.12145667015547,5.23088925920447,6.37293143961327,6.43103553090479,6.71594538117862,23,20.3389830508475
4.20271726716256,5.0865600203155,5.22225474924616,6.36202280080645,6.42256891694405,6.75239672876243,23,20.8474576271186
4.18492032595283,5.06096549912433,5.18745623576099,6.34444870700462,6.42353445540199,6.68848459523727,23,21.3559322033898
4.27069700481585,5.00064578644413,5.15048147565609,6.33146531391625,6.39622408257979,6.93306603136781,23,21.864406779661
4.34288431287166,4.96895059044336,5.10521772067491,6.31276946657696,6.38310248124521,6.80438122541229,23,22.3728813559322
4.30224815075184,4.92274735373192,5.07321888736726,6.30539147818801,6.37305285834943,6.81786266144924,23,22.8813559322034
4.29143397793825,4.88250879116261,5.06455441905559,6.29168919987749,6.35834502214302,6.78430361297572,23,23.3898305084746
4.19588317893012,4.87053560304084,5.03380913353763,6.2676954217364,6.35130846789787,6.93276938794311,23,23.8983050847458
4.11792789016971,4.80621279714329,4.97635030791659,6.25277511526923,6.33454926913245,6.74598198364583,23,24.4067796610169
4.01882172127462,4.78118817060724,4.92883229881811,6.23928377154856,6.31723851092058,6.80755433869311,23,24.9152542372881
3.85846335454697,4.73572531755969,4.92269993243505,6.23422166676612,6.29606824766165,6.74565142993745,23,25.4237288135593
3.69932983664297,4.72133494844318,4.90540476027909,6.2153495629687,6.29349431292206,6.98421783750474,23,25.9322033898305
3.72574917948237,4.69684401169039,4.832688186111,6.19580627119185,6.26292104030785,6.76515419990649,23,26.4406779661017
3.72900183613688,4.62495520415185,4.82564529503436,6.17762360375353,6.25293744263548,6.74360941730872,23,26.9491525423729
3.56468659059582,4.59518567166023,4.77917646132848,6.17039568641705,6.25241015114827,6.84678374617499,23,27.4576271186441
3.58771318061938,4.56753616501692,4.72956035907472,6.15875928846642,6.2348471355087,6.70221776083251,23,27.9661016949153
3.70097776537873,4.53697866416722,4.70392344129875,6.1405900547411,6.21358504407193,6.78509782539609,23,28.4745762711864
3.53847097775841,4.5125210518432,4.68418563858662,6.13340818909354,6.20304804164832,6.77718531745091,23,28.9830508474576
3.50857979671481,4.45639371825242,4.6409223219281,6.11733815487413,6.19365897467131,6.57101343110462,23,29.4915254237288
3.40912751936128,4.40253849595132,4.60034048717032,6.1140241545343,6.18157077647625,6.69716662965603,23,30
1.24685238963438,1.40629617734072,1.4525439734276,1.97091794772655,2.01603174081953,2.48622467032246,24,0
1.27557799474545,1.4211055496995,1.46450926614987,1.96165696245137,2.01486702735716,2.42045834905582,24,0.508474576271186
1.27134018224559,1.46486411145702,1.51039793760352,4.95636973454812,5.26411768511526,5.47397331607391,24,1.01694915254237
1.38152060198728,1.53345582964435,1.6181247490729,5.85408843325234,5.95970284337186,6.18352224321842,24,1.52542372881356
1.47801480393977,3.54507806598205,4.23261444279325,6.29132184902258,6.34724350903372,6.61359466106032,24,2.03389830508475
1.77033601970705,5.52090169398695,5.67934081400356,6.54582518545545,6.61181836579527,6.89646161232612,24,2.54237288135593
4.79248129995473,5.98432209248665,6.07150351288203,6.73597170428661,6.78890277077352,7.15953927165763,24,3.05084745762712
5.64182920454385,6.2324738347784,6.27576610266748,6.88971549280304,6.93675911368825,7.32165532695474,24,3.5593220338983
6.12910072617019,6.36434027853881,6.42778412172565,7.02047772290618,7.07910580282308,7.47720234063947,24,4.06779661016949
6.26594369066503,6.46594084217682,6.54494576606814,7.11046365876272,7.14909059025184,7.54581690467926,24,4.57627118644068
6.26291270248027,6.5477023064884,6.59555851452961,7.17374713438601,7.23621467926563,7.8294321484357,24,5.08474576271186
6.4043745493855,6.58034221209536,6.62988502723887,7.23764080308703,7.28386460802727,7.79530339663526,24,5.59322033898305
6.429940409545,6.63554156945095,6.68658718020608,7.28856220457593,7.32091715753365,7.87919939031844,24,6.10169491525424
6.43522916407756,6.66046227548386,6.7169109225622,7.3206041028296,7.37326509763454,7.85443217691131,24,6.61016949152542
6.43731759779897,6.66458404035729,6.72981036577564,7.34992841309573,7.3941236447867,7.98533509025519,24,7.11864406779661
6.42359676801004,6.67390902516162,6.73933448540889,7.37876605920797,7.41830180459734,8.12551460760582,24,7.6271186440678
6.49689707514841,6.66072728345738,6.73051702987414,7.38524281691186,7.44291380218454,7.94356355736635,24,8.13559322033898
6.46697708257217,6.66058845104183,6.73745112825229,7.3997199051437,7.46466289253976,8.04180502782611,24,8.64406779661017
6.45669505006249,6.65886906584534,6.73296926704255,7.41340924245228,7.47022113515665,8.08201781997288,24,9.15254237288136
6.43452611877605,6.65054683433932,6.71583180823792,7.41913526489066,7.4841397369474,8.07445021315165,24,9.66101694915254
6.39258003467233,6.62978347071446,6.70000085798296,7.43791692443462,7.48663404494898,8.20144390069151,24,10.1694915254237
6.40100333064608,6.60697621741619,6.68230367211919,7.43925787580662,7.49272661524749,8.17506971204778,24,10.6779661016949
6.35883685544497,6.58003598534818,6.6665230108452,7.4334792255839,7.48258570067497,7.98841558806508,24,11.1864406779661
6.35644575366407,6.55355218693964,6.66094816143931,7.4289246621216,7.49384321075312,8.33466176120087,24,11.6949152542373
6.31511390876719,6.53084175495433,6.63754889149525,7.41923784054406,7.50194338063635,8.13868220182162,24,12.2033898305085
6.21807463260844,6.51346219450848,6.60281897605097,7.42590712089959,7.47864139414446,8.22847071156903,24,12.7118644067797
6.2418001470455,6.48812486601721,6.6042916181537,7.42197043770168,7.47872473558157,8.04522825805803,24,13.2203389830508
6.19841582703698,6.48249162642072,6.56201348953546,7.41491452281787,7.4844270518717,8.1736346733283,24,13.728813559322
6.15932208298544,6.45157932239132,6.55554083131159,7.40359930029854,7.49482820989878,8.19461410778679,24,14.2372881355932
6.12817605112853,6.40512093876104,6.53230351865833,7.40231142220617,7.47110726311915,8.21802111792805,24,14.7457627118644
6.08322144517542,6.38316570950643,6.49078368237895,7.38853204428546,7.49016697123663,8.13812803793567,24,15.2542372881356
6.07698293697368,6.36852645076875,6.46142359766219,7.37694337147229,7.46282158296202,8.05730218780371,24,15.7627118644068
6.06261049959456,6.32739479638898,6.44263307305071,7.38359542605055,7.45599382989268,8.27494503726548,24,16.271186440678
6.03456574827387,6.30803304339564,6.39708694119645,7.37539746464669,7.45720033996296,8.17584336658188,24,16.7796610169492
5.98170436498203,6.28029767437818,6.35424829173258,7.3531187057251,7.4480041598208,8.22452163920673,24,17.2881355932203
5.90091488610401,6.23687279053648,6.33841669000776,7.36249107575835,7.43736111142708,8.17854485902209,24,17.7966101694915
5.87775353079498,6.23484657025225,6.31013121433289,7.32948428334665,7.41256398058525,8.11439095437811,24,18.3050847457627
5.89588399858207,6.16875407783446,6.28938201829546,7.32987864156785,7.3995484478384,7.98356229235454,24,18.8135593220339
5.77481637455508,6.15337714854575,6.25591125785525,7.29927645557953,7.41097220915115,8.28583426615994,24,19.3220338983051
5.73663455790858,6.14596664497511,6.20739085005711,7.3012622739185,7.38076295074602,8.11869737064187,24,19.8305084745763
5.75639365430851,6.09462046905234,6.21177854905529,7.28196823706592,7.39002211618265,8.15796101042278,24,20.3389830508475
5.64364845371151,6.0580143262629,6.1728141693067,7.27800746112756,7.37127996414672,8.1738238269714,24,20.8474576271186
5.64466323695145,6.04344554491203,6.14547687834102,7.27515376372599,7.35302930442657,8.24220853671506,24,21.3559322033898
5.59893259917426,6.00511416185135,6.11133370421271,7.26371233285627,7.3695232554517,8.07792036986022,24,21.864406779661
5.58254346875281,5.97411734842333,6.08054956438595,7.25696024986436,7.32993577439303,8.10857082466594,24,22.3728813559322
5.53026883470197,5.96785742074505,6.0482534313714,7.22074421108904,7.31802851445083,8.10602047706088,24,22.8813559322034
5.52861893608068,5.91216427627961,6.03153816100214,7.22004394544027,7.311413371351,8.25374367826109,24,23.3898305084746
5.41674613197184,5.87076195023167,5.9972009268426,7.21078654936973,7.30039715993878,8.20244652094381,24,23.8983050847458
5.37857534898982,5.85749691252785,5.95303194685226,7.1973768685327,7.28788916450301,8.09286538745645,24,24.4067796610169
5.29727325116373,5.83414443649076,5.94067595900223,7.18120900803014,7.2825734210169,8.24004418196292,24,24.9152542372881
5.32403628252349,5.79953508794869,5.91464754701086,7.1802185554595,7.25095747074299,8.04899055506465,24,25.4237288135593
5.26255222167938,5.7298060787021,5.88934799652726,7.16636122678248,7.23193137084866,8.14236857634134,24,25.9322033898305
5.31753862478278,5.71746099934658,5.87138658092593,7.14713737340233,7.24881609635082,8.06191799276422,24,26.4406779661017
5.2258513781348,5.69294093513553,5.82360128293654,7.13996266367271,7.221602273681,7.94877676004605,24,26.9491525423729
5.23738816593195,5.65573833681163,5.78425876989591,7.12287952258818,7.22114189916919,8.09654641792452,24,27.4576271186441
5.19489997972594,5.64130321182005,5.7394329086471,7.11149095676303,7.19151344870256,8.26276374157438,24,27.9661016949153
5.06441548802382,5.60925236740197,5.71086953760458,7.09786080453698,7.18582337535325,8.15471953024962,24,28.4745762711864
5.12032582365079,5.58424915219583,5.69344279075482,7.07246092177943,7.17425286274404,8.0236160383362,24,28.9830508474576
5.05365915620145,5.54875747264273,5.67573927338864,7.06680478940896,7.14619881812241,8.1572177048328,24,29.4915254237288
4.97177396462696,5.49593512003581,5.63602821584866,7.06233692229842,7.15350864990697,7.93021223913067,24,30
1.21023037773636,1.41337666079455,1.46806137394525,2.17132730353223,3.16548293134983,4.54946785646269,25,0
1.5587683047254,3.41219200286826,3.98713765654516,5.70024756454255,5.80156130634959,6.08244862488655,25,0.508474576271186
4.67932835344946,5.5965308795384,5.68127179238977,6.33732691281063,6.39602949283424,6.65770765237752,25,1.01694915254237
5.03658020299493,6.06227787909138,6.10628091306457,6.66208673088801,6.69925926144402,6.92080550537757,25,1.52542372881356
5.11585394578015,6.2888031051701,6.32988050194404,6.84376429390061,6.89084519602978,7.0903320694815,25,2.03389830508475
4.92429899819367,6.40143574544223,6.44355239466904,6.97299999586372,7.02293882181903,7.25280699641195,25,2.54237288135593
5.12882207829001,6.46743235948509,6.52297501486661,7.05153820653913,7.08690474244462,7.36209028363312,25,3.05084745762712
5.20223232587126,6.51464163731282,6.55822037312528,7.11489407786571,7.15898847886233,7.35965477369309,25,3.5593220338983
5.25059282641255,6.52583107491916,6.57611471134744,7.1560413772931,7.19433144572759,7.4287090909095,25,4.06779661016949
5.52724459630038,6.53418935294075,6.58976893865925,7.17555893640288,7.23015699089809,7.55232847339678,25,4.57627118644068
5.39914280300667,6.51107721916618,6.58114760049416,7.19263245970466,7.24036323990285,7.55704991205683,25,5.08474576271186
5.45078808253852,6.5218995675537,6.57447190759692,7.22466355317906,7.26503478706017,7.55676117125849,25,5.59322033898305
5.34457317875533,6.49585943595496,6.55447779382607,7.21439958831514,7.26771257332291,7.5633141012988,25,6.10169491525424
5.21070995788833,6.48949403904179,6.53973373639079,7.21892659849804,7.26428038961253,7.56924709040636,25,6.61016949152542
5.13894101241855,6.44724910920044,6.50888534027655,7.21000244754891,7.26193095948291,7.57111117095565,25,7.11864406779661
5.14510395415387,6.41005371313478,6.50415127168588,7.19948985850437,7.23750105808696,7.59983828289449,25,7.6271186440678
5.33801547775477,6.37505412560835,6.45992288407061,7.19275108403957,7.25739279297684,7.48800815217074,25,8.13559322033898
5.22903470144887,6.33789338294854,6.42733446425435,7.18693690515178,7.25008277425536,7.52139812798973,25,8.64406779661017
5.10143539756114,6.3147664760649,6.3937664688492,7.17672932880212,7.22064485335908,7.50241130205001,25,9.15254237288136
5.13665401230884,6.28208553434356,6.37645904615123,7.16929887810722,7.21507369842256,7.5649930563352,25,9.66101694915254
5.23151696438352,6.25053996774699,6.32193727815305,7.14976662300318,7.20071738225458,7.4698366761833,25,10.1694915254237
4.96239988592866,6.19856818808878,6.29937001913629,7.14717349907443,7.19318331918906,7.48945218948255,25,10.6779661016949
5.37960609626258,6.14393566547153,6.2679676064489,7.14066897017456,7.18923656963819,7.42263393158537,25,11.1864406779661
5.17403022558915,6.14742637322809,6.22357659651262,7.11478840509838,7.18663055779347,7.48356357975331,25,11.6949152542373
5.34266567266659,6.08512133660523,6.19331067116466,7.11225353139166,7.16940221511796,7.43982583443157,25,12.2033898305085
5.17595519906009,6.05656619837385,6.1521488658749,7.1061102806662,7.13997496055013,7.47274650271555,25,12.7118644067797
5.15579800376403,6.02174334415459,6.10546730360896,7.0729382990356,7.13661877915832,7.42846985970378,25,13.2203389830508
5.14946071921503,5.94988036225369,6.05765815235594,7.0627182311082,7.12480745600529,7.4788454826009,25,13.728813559322
5.05784204426528,5.93902192740445,6.04185025941457,7.04051538902573,7.10935771211539,7.42048759244616,25,14.2372881355932
5.12030561344917,5.91015270963812,5.9986480712516,7.03024456456407,7.08923578735211,7.4239615105859,25,14.7457627118644
5.02939714037034,5.8654255673662,5.9427947134161,7.01387464828946,7.08454385526092,7.37108030140459,25,15.2542372881356
4.90265940754463,5.81515046127879,5.90488447892172,7.00236981244625,7.06164522475937,7.4217213095592,25,15.7627118644068
4.79182021877392,5.78408635650139,5.88168550558517,6.98831125710938,7.05274592219851,7.37007909056724,25,16.271186440678
4.84145133494354,5.71974702655686,5.83044972420976,6.96632014589464,7.03539750487054,7.32635013769392,25,16.7796610169492
4.68702610175124,5.69073068007155,5.8007539265186,6.94293168269075,7.01297977167088,7.38477401155226,25,17.2881355932203
4.58652211711077,5.6461766930331,5.76636794962043,6.93779108401957,7.01305260132334,7.32207771297523,25,17.7966101694915
4.61409412783931,5.60365977172291,5.7283775906596,6.91614663244276,6.99999636440673,7.31335014575624,25,18.3050847457627
4.51036402729268,5.57193936139562,5.69353398612768,6.89799100952181,6.97078714574815,7.37213215455786,25,18.8135593220339
4.50240901425994,5.48453153546884,5.63968871315202,6.88892622363219,6.9652662213525,7.29119244710107,25,19.3220338983051
4.5714408155387,5.45926721778387,5.62221207575052,6.86498459157371,6.95548281382437,7.30847231660144,25,19.8305084745763
4.47126049419623,5.38384459148498,5.56711522861494,6.86035122037094,6.93357155408263,7.2809457331416,25,20.3389830508475
4.40556688771651,5.33885237922331,5.54310817364857,6.8399850433021,6.93289025142527,7.30426341472673,25,20.8474576271186
4.32514701407201,5.30820330292834,5.50353573870517,6.83974678718589,6.9332851828346,7.26080819177939,25,21.3559322033898
4.24824257269991,5.26223979755448,5.46036740556427,6.81057963894313,6.89913260135723,7.26074083460863,25,21.864406779661
4.12050664892806,5.19577132910805,5.41896630448659,6.81168323710698,6.91472078680882,7.23595535780436,25,22.3728813559322
4.091406167605,5.14329294629049,5.39569557212121,6.79516332908869,6.8799285687531,7.26338757443917,25,22.8813559322034
3.98437144352739,5.11069177596325,5.37805208937752,6.77586946350604,6.86159311678443,7.22666088303339,25,23.3898305084746
3.89216133185682,5.03353829750067,5.30047989408944,6.74533841042908,6.85523179916959,7.17335883334197,25,23.8983050847458
3.83579806402225,5.00240771862256,5.27354514677265,6.74726220347192,6.85339606856564,7.1698402961387,25,24.4067796610169
3.73916996259552,4.9870672250856,5.23953063101181,6.72634786998108,6.82008631595675,7.28396489200412,25,24.9152542372881
3.67000279552666,4.92298832127323,5.17445393837358,6.70212556937721,6.84444130196885,7.19942210247246,25,25.4237288135593
3.52628747129148,4.8775831012135,5.14236756223464,6.69774205776277,6.81103462939047,7.17674255194579,25,25.9322033898305
3.5545855710045,4.85649300786025,5.11769500739315,6.67376997032073,6.79788914629852,7.2146154307436,25,26.4406779661017
3.3824633469321,4.79340915703095,5.06556545372152,6.66437953434672,6.77572623317779,7.16921980126804,25,26.9491525423729
3.27905951357557,4.79325834675432,5.04957655898708,6.65231866956267,6.76754834004094,7.14455467925034,25,27.4576271186441
3.20728427474138,4.70398172786071,4.99403802973485,6.62694440168734,6.74678159175326,7.20581729032701,25,27.9661016949153
3.0955783143476,4.66769537814859,4.94483004148718,6.63452714046157,6.7427942611646,7.13500344790487,25,28.4745762711864
2.98801744241761,4.64108477597156,4.93546237153298,6.6023607778027,6.72752524873119,7.1517524391364,25,28.9830508474576
3.07796786671873,4.57746833918421,4.87457894192937,6.61493964052664,6.71254906475963,7.10419537004436,25,29.4915254237288
3.04291767575124,4.56889553762524,4.83539009264968,6.57784414167397,6.70975947983694,7.06384397191447,25,30
1.26195370054961,1.40598848908157,1.45099846658298,1.96939002336997,2.01119027138959,2.41562987385391,26,0
1.33959371209448,1.4807007442192,1.53188831881869,4.92791586722343,5.08703875128128,5.50420244579753,26,0.508474576271186
1.39085886544654,1.86000380904555,3.24047252997671,5.97113558981833,6.07442792257449,6.20883989481358,26,1.01694915254237
2.30298177166524,5.523875373222,5.63523836967272,6.41714528703413,6.46993429801598,6.63937763731934,26,1.52542372881356
3.27699012180495,6.00072109723242,6.05916194262568,6.65917789168054,6.70200133755393,6.8953682055364,26,2.03389830508475
3.90496847706807,6.21535279917461,6.25858808600606,6.83764617964759,6.87183649783775,7.07226725175903,26,2.54237288135593
4.15703224536934,6.30898239124285,6.37645846025303,6.94388280919006,6.98350345869826,7.20235957595859,26,3.05084745762712
4.45684356158888,6.37140928174548,6.44303885507233,7.03116471207429,7.07696019106499,7.29034189712904,26,3.5593220338983
4.51022232147147,6.40678592798247,6.48767575121345,7.07319842180009,7.12895331339785,7.34874387430431,26,4.06779661016949
4.59313954075073,6.43317712644569,6.51583041070828,7.10863214532033,7.15712535196054,7.37461894105263,26,4.57627118644068
4.60764135863127,6.44584525107186,6.53196232362882,7.14904188371272,7.20000997413887,7.43851672312236,26,5.08474576271186
4.48165645972587,6.44995118833655,6.5197474343204,7.16382424648869,7.2213566412186,7.48263507453942,26,5.59322033898305
4.38434498030299,6.42970746481816,6.50385935292741,7.17065137096496,7.23388103093121,7.43588922302726,26,6.10169491525424
4.39928822352451,6.40126701790057,6.48669342737053,7.16414657282781,7.23868336137236,7.46450988304765,26,6.61016949152542
4.580553592114,6.4027721677836,6.46946590390064,7.1726165317515,7.25581551327226,7.40819707758219,26,7.11864406779661
4.35789930273539,6.35685454587601,6.45912861921366,7.16154669505817,7.23343819060805,7.46429701602723,26,7.6271186440678
4.26527187026233,6.34868465898819,6.4151524110531,7.1649391366301,7.21716707104959,7.45436400615076,26,8.13559322033898
4.26954406361171,6.31880078880185,6.39484772362834,7.15324952839577,7.2242317124467,7.50120826667413,26,8.64406779661017
4.15804732240167,6.27944327752364,6.34545827491847,7.14310425584914,7.21394110466083,7.44524068808209,26,9.15254237288136
4.13338240837848,6.24368026726887,6.33347611098852,7.12234384132328,7.21202630980975,7.45095836345105,26,9.66101694915254
4.11466229928488,6.20577879657221,6.30511716970774,7.11071919232895,7.19200038941553,7.41508942272322,26,10.1694915254237
4.12166393927975,6.17905425388064,6.26282379616603,7.09971906579312,7.17120463031919,7.41344338689996,26,10.6779661016949
4.22484063605374,6.12317399009082,6.24303381352627,7.08588722365013,7.1682095230203,7.45036963431176,26,11.1864406779661
4.13368222294539,6.10633286701257,6.19838093814738,7.08107413777867,7.13365193020035,7.46606700957631,26,11.6949152542373
3.92010361275723,6.07299425717318,6.17293259068052,7.05522718930497,7.12725872703087,7.4629771312054,26,12.2033898305085
4.00201423880525,6.01883901374225,6.11218560844031,7.03939365169915,7.12380760073174,7.49911808309062,26,12.7118644067797
3.97330689948666,5.97004067602164,6.07033224143668,7.01685127098057,7.09215302033455,7.39042176579651,26,13.2203389830508
3.95683005697698,5.94475225100251,6.05957712832825,7.00217315350116,7.07119731139148,7.42251715026689,26,13.728813559322
4.12377027248014,5.90585559071923,5.99802719496072,6.99108367336713,7.06955133287632,7.42142719175222,26,14.2372881355932
3.85968167273524,5.83727509880859,5.9578137675494,6.97393299439885,7.04574421779628,7.39371684276322,26,14.7457627118644
3.90761696726551,5.81334309902403,5.93313437271195,6.9581089090566,7.03419792498592,7.39666872516422,26,15.2542372881356
3.86621486853748,5.75766740489408,5.88036672147924,6.93234536190514,7.03563652509279,7.3622069355807,26,15.7627118644068
3.64949234699147,5.71286999734292,5.85277770299181,6.92445200130811,7.0134267499771,7.36724240117814,26,16.271186440678
3.9025765210856,5.68282511394164,5.80152655286687,6.92184636212767,7.00224573133301,7.33013169054716,26,16.7796610169492
3.74338286131196,5.61220507475269,5.7810741316102,6.88328086552074,6.97347034731587,7.34754350655361,26,17.2881355932203
3.68364782395058,5.58169273269063,5.72470258172052,6.87570271886832,6.95218761302885,7.29734572946638,26,17.7966101694915
3.77456739435758,5.5502512895062,5.6782669961397,6.84778988783679,6.93513281259147,7.29564405506814,26,18.3050847457627
3.7140080378167,5.49648602619996,5.67037629232772,6.84003864854733,6.90953559929375,7.26113187179025,26,18.8135593220339
3.65057097988888,5.45668733065915,5.58293561511609,6.82711523917676,6.90568143154588,7.27528053369967,26,19.3220338983051
3.63761255776828,5.40058876815743,5.57338345704747,6.81765712183349,6.89701974641259,7.24848050196457,26,19.8305084745763
3.59248012462894,5.36032110913593,5.54811001467573,6.78403328094437,6.85414199869062,7.24046658565134,26,20.3389830508475
3.64603822500935,5.29943931309072,5.48974699002624,6.77949866418851,6.85341736048279,7.17409738619719,26,20.8474576271186
3.6966478526716,5.25309838363793,5.44537891445836,6.7449235111624,6.82313904266763,7.16231551341808,26,21.3559322033898
3.60159511116061,5.21942176989712,5.40111598236944,6.73991525318904,6.80136909001671,7.2331862685051,26,21.864406779661
3.57515424039963,5.13142163463738,5.38220580139259,6.71634301297279,6.80074946374974,7.12704850867219,26,22.3728813559322
3.43597192479373,5.1156859299867,5.3078552579599,6.70279412127381,6.7912222822939,7.13602722095964,26,22.8813559322034
3.51047450900792,5.02681403986682,5.27280399907061,6.68897034611432,6.77809529661736,7.13451677970924,26,23.3898305084746
3.55564182035366,4.98073276454802,5.22019660692003,6.65831690654861,6.75211152456,7.11117936919746,26,23.8983050847458
3.4481200921767,4.98885711165239,5.18560516504456,6.64203295079067,6.73355842032483,7.11333902908086,26,24.4067796610169
3.64986664967145,4.94018032553473,5.12819410805125,6.63701423793803,6.70436075260725,7.09344203929824,26,24.9152542372881
3.46034889333705,4.87668010407936,5.10863275582065,6.61510072767638,6.68559936662162,7.0722800472401,26,25.4237288135593
3.21283635618285,4.85294202773978,5.06820953666846,6.59886105086395,6.66812851678795,7.07923508015656,26,25.9322033898305
3.52214487827123,4.76670064101869,4.98528569709965,6.59421120519785,6.65931198195238,7.01105785800326,26,26.4406779661017
3.48148801223898,4.72142206328918,4.99794303995259,6.59094084087622,6.6791352125556,7.0906459212496,26,26.9491525423729
3.47339554810081,4.70286322292223,4.94412142502956,6.56864318797806,6.62873937207809,7.06162047608788,26,27.4576271186441
3.24799372859587,4.64760854932146,4.91351701664234,6.54415193957042,6.60755428206002,7.02201331069199,26,27.9661016949153
3.38442741207725,4.6406594872957,4.87472444360919,6.53306300144572,6.60591587368198,7.01470351902409,26,28.4745762711864
3.34972666890483,4.53023561555771,4.81434921567284,6.51015094990702,6.59447240571446,7.03524144183767,26,28.9830508474576
3.44979090029381,4.51822818119651,4.78269829578954,6.50788649196395,6.59786493796987,6.90532621350306,26,29.4915254237288
3.52827510771433,4.46401862897121,4.72344608481854,6.49085065300833,6.5674383613196,6.99911890450255,26,30
1.2430258124944,1.40086160979502,1.4602510793636,1.98654972579314,2.06633950928555,4.11954510610681,27,0
1.41253016071583,1.72771645080582,1.8280129234203,5.64881797897175,5.7558500385549,6.42953511387548,27,0.508474576271186
1.8436057709651,5.46080509029272,5.59325478517266,6.38008005009504,6.42983236379416,6.9462359407317,27,1.01694915254237
5.57974561538863,6.08870609570012,6.12794209305363,6.73582041407237,6.79360505172193,7.17434621803788,27,1.52542372881356
5.69393052369695,6.3315510576088,6.40075916034858,6.96199705687973,7.01526529029616,7.36317365494264,27,2.03389830508475
5.98002874285108,6.52337815591453,6.55518218400178,7.11436503407282,7.16970813154982,7.4764222896922,27,2.54237288135593
6.09673680229563,6.62041475453247,6.66652220295608,7.23474279903713,7.29017502184501,7.56299356674635,27,3.05084745762712
6.04773197071901,6.67349075800871,6.73760256240569,7.3027444093874,7.35733995335255,7.64228325041213,27,3.5593220338983
6.01508225693524,6.73267141780692,6.78787059088016,7.34560198503721,7.40408029384335,7.71454686288316,27,4.06779661016949
6.11869562839767,6.77173256479275,6.81555907261183,7.38749663265812,7.44710114023423,7.82946202840739,27,4.57627118644068
6.17400762003594,6.78042210688896,6.8341295820188,7.43494048225732,7.49635972093185,7.8494712383934,27,5.08474576271186
6.08837567534732,6.78062450350206,6.853407215241,7.45270298333064,7.51073679893911,7.90029353771253,27,5.59322033898305
6.11911600019498,6.75534364149262,6.84500622245146,7.46059129042527,7.52212767335205,7.8792741628011,27,6.10169491525424
5.91949687852957,6.76126494033979,6.83855605661971,7.468293062561,7.53779341374439,8.02334233765091,27,6.61016949152542
6.08818492389445,6.73694838401482,6.82961928454958,7.48907691527905,7.57420381589867,7.93083995720725,27,7.11864406779661
6.00158512198152,6.72713270056145,6.79558035803406,7.48543277349019,7.57825486893259,7.88431712015215,27,7.6271186440678
6.17619805983082,6.70802809178937,6.7952019665908,7.47141711644352,7.54357833044295,7.92879544631645,27,8.13559322033898
6.06659693766821,6.67836066557532,6.78931340011588,7.49260980644631,7.55357594683228,7.87194762382289,27,8.64406779661017
5.93582922019551,6.66301537042885,6.75715543037452,7.4908390030714,7.54197592041423,7.89154464251819,27,9.15254237288136
6.13544050035207,6.63843290506504,6.73679904452514,7.47428129719825,7.54977573688692,7.94542430587644,27,9.66101694915254
5.97950653219292,6.61645460659482,6.71979816038741,7.46640325947553,7.53994271702319,8.01245569219235,27,10.1694915254237
6.00676731301327,6.57226857541015,6.6850655176135,7.45192711112493,7.52175845619689,7.97310505148263,27,10.6779661016949
5.7546104203876,6.54664148207876,6.66184921776117,7.45893180719095,7.52250334132772,7.83625361769681,27,11.1864406779661
5.88027738660916,6.51111748085582,6.62974980642749,7.45331701636358,7.52065510524315,7.86640397128248,27,11.6949152542373
5.7537531130575,6.50211095557418,6.59845869779378,7.43276408784033,7.51493136699329,7.93602841173133,27,12.2033898305085
5.83010873593965,6.47602147402076,6.57220938429549,7.41820772295449,7.48354076489983,7.85780023464894,27,12.7118644067797
5.81696559341368,6.41992438692292,6.54592256416559,7.40032668853212,7.46208200673394,7.85395978679207,27,13.2203389830508
5.65779255642246,6.39113538140625,6.49855825149142,7.4021346858248,7.49507123675925,7.91839403269419,27,13.728813559322
5.64562348391573,6.3682766339903,6.47351291745166,7.37706380101635,7.47743868699953,7.92066168212121,27,14.2372881355932
5.5428806842823,6.3506786291294,6.46484955732104,7.37019194414547,7.46227235146238,7.82518016247909,27,14.7457627118644
5.51839652325803,6.29544408643198,6.4117425124701,7.35017287969685,7.44250344498137,7.91308191463451,27,15.2542372881356
5.41428534902938,6.22932458783909,6.39848044475427,7.33067213731132,7.43910468476613,7.87185079447102,27,15.7627118644068
5.40491053940638,6.20831278512514,6.35433814422228,7.3110302556336,7.43212197022398,7.84970266620564,27,16.271186440678
5.34218339561713,6.17695409360459,6.3153412432262,7.30403798830967,7.40482553582417,7.83761091972726,27,16.7796610169492
5.24421575579155,6.15878723485904,6.30350134531587,7.28898854481812,7.3857277394529,7.83768682615448,27,17.2881355932203
5.19554811915897,6.09394174906162,6.25983220795933,7.27755360178535,7.39274777025586,7.77554845500431,27,17.7966101694915
5.12073867913889,6.08278262719847,6.23797892589757,7.24781706796583,7.364605123108,7.82061645223504,27,18.3050847457627
4.93040030447397,6.06312808529038,6.18396370674625,7.24266480806699,7.3482564332069,7.7815311582029,27,18.8135593220339
4.88299887653949,5.99686867066765,6.14821881261611,7.24496148812909,7.33929289195048,7.7684756958703,27,19.3220338983051
4.93263613728671,5.96841291025332,6.12426071830477,7.2115322279735,7.32981559991472,7.74918093930628,27,19.8305084745763
4.72831532365415,5.90809663044327,6.09580297318509,7.21388976691571,7.32243330944379,7.74691653402491,27,20.3389830508475
4.63999588375383,5.86231854609334,6.05673656273345,7.18673313417204,7.2872180649727,7.69659746321017,27,20.8474576271186
4.51028819696323,5.7921346725644,6.01909675779117,7.17350314131879,7.29002740268567,7.77021787092059,27,21.3559322033898
4.51665949257163,5.80555207707924,6.00224700962128,7.1547827834151,7.28930461439506,7.72249804427358,27,21.864406779661
4.36133077265485,5.73806139988385,5.96148193198472,7.15196234405373,7.25088373571982,7.76170763913891,27,22.3728813559322
4.33524455495561,5.72851109879978,5.90002889288002,7.13035258620824,7.24225152221143,7.74159354228301,27,22.8813559322034
4.12535650621402,5.69797219504602,5.89699810959802,7.11397860310519,7.24822066726758,7.72990308174992,27,23.3898305084746
4.06577597702942,5.60443946377195,5.84562334491582,7.11352885300869,7.24534618219486,7.71280207305751,27,23.8983050847458
4.09966769106053,5.59824228743088,5.80520923985432,7.08823606638464,7.21242954572717,7.70656145159298,27,24.4067796610169
3.99609714848059,5.59882992649967,5.77293600822511,7.076185627326,7.18490208473323,7.73463326378405,27,24.9152542372881
3.96708837813912,5.5269879463997,5.72600887888116,7.06164202841951,7.15584563271489,7.73639801105264,27,25.4237288135593
3.77729557388776,5.52492379233265,5.72590448339908,7.05817520864118,7.17844235615581,7.70340870026298,27,25.9322033898305
3.65587603815818,5.47092157580807,5.66895497713419,7.03672484274128,7.15318264762766,7.65715298809186,27,26.4406779661017
3.65088378619846,5.39286749159348,5.62831867967261,7.02376902645197,7.14713981044728,7.67917205832172,27,26.9491525423729
3.5099877545632,5.36329070196203,5.59655444556413,7.00663625962597,7.12166787803542,7.65863906152798,27,27.4576271186441
3.46625643933037,5.32114247684688,5.57500679663825,6.99991298884495,7.10325567547575,7.62772949155665,27,27.9661016949153
3.29263192341314,5.29420715072505,5.4930717992822,6.98613627104353,7.0914666672674,7.62802210379008,27,28.4745762711864
3.26525891365414,5.22998552088908,5.46625589823762,6.96529250288766,7.07426735691014,7.62931038435372,27,28.9830508474576
3.32700188414678,5.25154206420152,5.47061418048089,6.97901168806615,7.07239949856972,7.63512819246904,27,29.4915254237288
3.17877672560848,5.20984453245147,5.44559106382862,6.95324262342935,7.06417819714697,7.58876316239689,27,30
1.28652971641788,1.4150319677977,1.46552569548626,2.04014210560876,2.83302503384734,4.514242971422,28,0
1.53413824834353,3.18616198941991,4.07072436889105,5.708202267812,5.77513714495821,6.14042444112468,28,0.508474576271186
4.84145153087005,5.58029904621916,5.68579796536916,6.33379070358172,6.37411922897151,6.64921590867359,28,1.01694915254237
5.00576272282993,5.99509895849021,6.08133222412828,6.63276991260013,6.68774130908074,6.87048568624978,28,1.52542372881356
4.95285209072895,6.20321237287389,6.26045517364855,6.80562302774374,6.83655521217483,7.07425608129194,28,2.03389830508475
4.99715780303627,6.27895253653796,6.33911080952776,6.90151760752111,6.95255007741699,7.17634174725506,28,2.54237288135593
5.00166129860084,6.35005925481193,6.40975551975895,6.96887280420706,7.01442813156565,7.22562146668655,28,3.05084745762712
4.97608727232122,6.35896179758441,6.42937798398006,7.01231426175175,7.06292669979884,7.34617591542551,28,3.5593220338983
4.96730194278967,6.35150565729129,6.43671459011793,7.031265987331,7.08830704857987,7.31199151174188,28,4.06779661016949
5.00211438934307,6.34910484847755,6.43674996979051,7.05216541489217,7.11362073146785,7.31800951910073,28,4.57627118644068
5.02822772482409,6.36811857718715,6.42753675606406,7.05668550294186,7.10635468398568,7.28193111114704,28,5.08474576271186
4.78092765361911,6.33397459195995,6.41675195220918,7.0572176185184,7.12094240999265,7.42149207040991,28,5.59322033898305
4.76009013322796,6.31282319145798,6.39338461354603,7.05402639030975,7.11800891396308,7.28506141281905,28,6.10169491525424
4.9191525204493,6.2847199691446,6.37472324257836,7.05333031273442,7.09725343745014,7.38026062797976,28,6.61016949152542
4.84703900101308,6.26966042792487,6.35597507272134,7.04604606218971,7.0837499828677,7.32583134854419,28,7.11864406779661
4.88133881586556,6.22715457028342,6.33564625438791,7.01880934428089,7.07143527740682,7.34803291043975,28,7.6271186440678
4.8698508361761,6.22433377293166,6.31036689416053,7.03201405684257,7.07869914833285,7.28425249285032,28,8.13559322033898
4.84998324017231,6.17808444020314,6.27440058008163,7.00651308266345,7.06273637174618,7.28138597211768,28,8.64406779661017
4.68599939973601,6.13365975461333,6.25393465640527,6.98980327771283,7.04123727810135,7.25917727475243,28,9.15254237288136
4.75410162667643,6.09368640455157,6.23072382712831,6.97803935134374,7.03089345327413,7.31711722830564,28,9.66101694915254
4.86449059345941,6.09974685191793,6.19371431496154,6.95776383254051,7.01241158532966,7.29620380943482,28,10.1694915254237
4.74271498445959,6.07039348798264,6.1708577638419,6.94313275503159,7.0141714035855,7.23632586921683,28,10.6779661016949
4.83547843042556,6.02934594235695,6.14702778125685,6.92901166512615,6.99684867017803,7.2488522346956,28,11.1864406779661
4.90603951669759,6.0229050744916,6.1165752009751,6.9242212876264,6.97186510427833,7.28003446039155,28,11.6949152542373
4.79303120406721,5.95656687953807,6.09208933880494,6.89829291965097,6.96417687520952,7.26522856363799,28,12.2033898305085
4.94175991835104,5.93797049489407,6.05017756283114,6.88463172194642,6.94403488641059,7.19118212574181,28,12.7118644067797
4.7475476688819,5.91951167997466,6.01985330622005,6.86307945377077,6.93746173791267,7.19622103290628,28,13.2203389830508
4.68768629538722,5.88944272963426,5.98483381210244,6.84260845607364,6.90735395100044,7.16971629322479,28,13.728813559322
4.93841585847062,5.86422034771713,5.95704649343304,6.83757583507377,6.89914060917825,7.13957799306053,28,14.2372881355932
4.70825975654075,5.81717709529074,5.91739833116974,6.82610662808043,6.89903452368805,7.11988964508367,28,14.7457627118644
4.77928967639475,5.79130943750618,5.90655001308401,6.8121822292536,6.87486192692619,7.14081729593104,28,15.2542372881356
4.78850813152768,5.77574078856351,5.85118964564548,6.7966242919334,6.864852148164,7.12065613503153,28,15.7627118644068
4.69252066764767,5.7212716090327,5.81718176829599,6.77901805947916,6.85016027976247,7.12483850056562,28,16.271186440678
4.80462379210097,5.67174555257859,5.79852476709964,6.77291917799966,6.84968510077092,7.11689346988967,28,16.7796610169492
4.80849200372281,5.64908863224655,5.77636638855557,6.7456616261888,6.82371779889496,7.11603946028002,28,17.2881355932203
4.81497659648614,5.63563170351221,5.74276871809924,6.7397687784575,6.80086428107492,7.06874506645396,28,17.7966101694915
4.82826918125548,5.5803400667424,5.69887118000499,6.71560050617451,6.7937879386827,7.07466505674427,28,18.3050847457627
4.78784104259357,5.53731266872624,5.68369703368419,6.71263400684064,6.77453643762611,7.0464162005854,28,18.8135593220339
4.82620531925437,5.50320498899508,5.63934781879794,6.7008131109506,6.75842786058616,7.08356379278287,28,19.3220338983051
4.75065054405838,5.46935419354496,5.59576324043848,6.70367753530061,6.76104030800962,7.09720824237193,28,19.8305084745763
4.73628209128062,5.44915282873859,5.54931067032429,6.67229871010541,6.73739019960401,7.04240591509647,28,20.3389830508475
4.6461573367108,5.42249440343415,5.54967266435172,6.66391655092991,6.74106732663132,7.02258351564896,28,20.8474576271186
4.7047472557408,5.3557238093191,5.4927480056045,6.63547779369701,6.70810782161799,6.98301470456951,28,21.3559322033898
4.57164021536011,5.3451231443571,5.47616864680597,6.62798911047566,6.70508854202936,6.98953003144851,28,21.864406779661
4.57403514827505,5.28686530059388,5.43502644621942,6.61631827432905,6.69188882186345,7.00560272591753,28,22.3728813559322
4.50637164158392,5.2683298452564,5.40627235821804,6.60102482929546,6.68452838433488,6.99023603473775,28,22.8813559322034
4.35674634318213,5.24948563024195,5.35186515690091,6.60119044016572,6.67611658438978,7.00711899464246,28,23.3898305084746
4.43528378025529,5.20594329278251,5.30860203053362,6.58836485003598,6.65692330033305,6.94516828486321,28,23.8983050847458
4.31340870790363,5.13954301616517,5.30717239761763,6.56937451738915,6.64661784730453,6.98027924415734,28,24.4067796610169
4.38635334373174,5.11901912307819,5.25511716043461,6.55490948574708,6.64034905571982,6.9341713088457,28,24.9152542372881
4.32531889796396,5.07626430980517,5.23397935088512,6.53801862055889,6.62723811057828,6.9157892115528,28,25.4237288135593
4.29622586592761,5.03149858805295,5.18309432983645,6.53390538596404,6.59978189892075,6.86885982118828,28,25.9322033898305
4.21140940386991,4.97978078956976,5.14659641062521,6.51936965791028,6.58936939649021,6.93814313496238,28,26.4406779661017
4.16794825669013,4.94119219911865,5.12073672528238,6.51263851612742,6.5769168502335,6.89864736064435,28,26.9491525423729
4.16089812901664,4.91237353559322,5.09810588123667,6.49580976265338,6.59419873645443,6.93751017851835,28,27.4576271186441
4.05614227776664,4.85651700464536,5.05128541251684,6.48719651785091,6.55099318865078,6.85968432349461,28,27.9661016949153
3.95076759670551,4.81347586296801,5.02654625184328,6.45866177364117,6.54744048070559,6.85847689216458,28,28.4745762711864
3.8281440057248,4.78107374476032,5.0085655117838,6.44737036931751,6.54399834256504,6.91902753166568,28,28.9830508474576
3.78815847666435,4.77172790137972,4.95880020821459,6.44156050096157,6.53022348187194,6.89087374814436,28,29.4915254237288
3.6228928706658,4.72304526476621,4.91822456474832,6.42258271522948,6.52747480276149,6.84300058873053,28,30
1.20889804386022,1.4174608500636,1.46904824130624,1.95792632472484,2.00625777605328,2.4135394481037,29,0
1.42208973132498,1.68338927136437,1.76407777940965,5.61562549248967,5.71484142649674,6.27419350119,29,0.508474576271186
4.63653141057141,5.36596274392968,5.52890417278057,6.39139247798022,6.43382252842224,6.9670456065993,29,1.01694915254237
5.89041799644456,6.06679356933899,6.13256542470282,6.75283101746944,6.8031099604863,7.16213307038152,29,1.52542372881356
6.20749345879767,6.37141837877519,6.41995189196377,6.97782968065922,7.02344364279623,7.6838923032491,29,2.03389830508475
6.3092489103793,6.53472592256561,6.58625490893249,7.12906714371851,7.18410606879715,7.55347255795255,29,2.54237288135593
6.44614938635081,6.64353717872698,6.71064624992928,7.23221125241313,7.27013329170591,7.64154346686057,29,3.05084745762712
6.53196031214422,6.72122116629169,6.77445125087417,7.31066638164698,7.34772862231089,7.92434023131916,29,3.5593220338983
6.49164022492728,6.7827714877463,6.83579531355708,7.37488373280884,7.41038547227707,8.05125634769029,29,4.06779661016949
6.4633950856464,6.80782397933587,6.86097950264806,7.40116528825371,7.44840669810619,7.87185630613619,29,4.57627118644068
6.54782057722275,6.81747449822552,6.88263894728745,7.43676155796407,7.49374423446292,7.92055884166819,29,5.08474576271186
6.45444911737763,6.8453417497709,6.90408213624141,7.45892839328729,7.49432428121022,8.05691687475008,29,5.59322033898305
6.42345350647094,6.84660064348235,6.90799600958291,7.4814347625194,7.52815357517942,8.06942516157595,29,6.10169491525424
6.32807192531102,6.84475006276485,6.90035373887179,7.4785239338421,7.53078419226364,8.01539919516672,29,6.61016949152542
6.28240600006574,6.84476069780118,6.90131260304619,7.48235686418085,7.53483956830137,7.81793279926697,29,7.11864406779661
6.23862303932932,6.82688855591223,6.8777654393305,7.48660147364405,7.54053646525582,7.93118160308418,29,7.6271186440678
6.12147484235353,6.82166508826622,6.86815152708897,7.49377937430116,7.54551821372999,7.92859568344913,29,8.13559322033898
6.27102434737663,6.79839408937185,6.84543533290021,7.48462969135338,7.53167068004817,7.73543789514832,29,8.64406779661017
6.07545094348426,6.78697757119627,6.82950315013671,7.47766483308595,7.53056583184835,7.9380142163913,29,9.15254237288136
6.11176673516826,6.74805436318188,6.80844950076991,7.48042554755928,7.52364849014092,7.97435531203801,29,9.66101694915254
6.0502641360923,6.73793651237216,6.78616684290835,7.46087802070795,7.51464974090378,8.0963391751977,29,10.1694915254237
5.99295707241919,6.7172269677896,6.76508126431473,7.46259263599145,7.51957061789406,7.88965442960273,29,10.6779661016949
5.95979194857441,6.66658997227928,6.73549278091244,7.45000802581723,7.49816095628957,7.82049778465032,29,11.1864406779661
5.96234333008007,6.66183170385363,6.71424098233754,7.4416730841146,7.49838173861474,7.77755703494691,29,11.6949152542373
5.84002851037662,6.63333599336274,6.70022755406989,7.43499289831915,7.49625986866681,7.98616774431791,29,12.2033898305085
5.75797321376529,6.59728331200086,6.67131695364745,7.42261150149721,7.48380174652544,7.68125735815496,29,12.7118644067797
5.75884966721467,6.57628989467569,6.63751472188511,7.4124237164704,7.45560713462893,7.82745189786564,29,13.2203389830508
5.65892419197793,6.54026313667777,6.61523871591295,7.39596366580636,7.46417261275343,7.65656063225311,29,13.728813559322
5.61045934492025,6.49412790591731,6.59072394186798,7.39345954383346,7.46441112213428,7.59814114336984,29,14.2372881355932
5.62959429345597,6.476272080546,6.56231686343353,7.37873076244089,7.45117946434622,7.61058753523815,29,14.7457627118644
5.41725506862928,6.46063108325367,6.52814691359895,7.37878984466542,7.44699500012833,7.67120292844501,29,15.2542372881356
5.37621575861402,6.40340903080329,6.50261732561018,7.353211153499,7.4235106398293,7.61513532891885,29,15.7627118644068
5.42321169747719,6.38843334363076,6.47468058718358,7.35013718201272,7.41857203720108,7.59276313590841,29,16.271186440678
5.39166734434461,6.35889903579156,6.43531508995854,7.33833463055608,7.38890323997965,7.57802172891944,29,16.7796610169492
5.37528929318442,6.31768625126761,6.41976233030238,7.33057176509934,7.39499884703766,7.56988107142183,29,17.2881355932203
5.30024030032477,6.29936893390875,6.3975245353378,7.3004573549906,7.39242606118951,7.57813036521139,29,17.7966101694915
5.19597251310689,6.27633813352607,6.36931703070022,7.29923596646364,7.35956136367106,7.50222265150349,29,18.3050847457627
5.17872578355387,6.2405934467575,6.34094628822977,7.29335890117822,7.36996381216658,7.51511783107234,29,18.8135593220339
5.24569155607761,6.20759572409259,6.30902673901988,7.27473936943097,7.36482000367597,7.57009940928884,29,19.3220338983051
5.06001082153325,6.1903990785984,6.27729964966488,7.2589670098322,7.34244722769309,7.48604368350951,29,19.8305084745763
5.06095827009603,6.14050818670059,6.25593722809217,7.26009043148163,7.32797022258887,7.56598095074274,29,20.3389830508475
5.02618831498489,6.1077172877087,6.23572545008658,7.22548182119293,7.30930534322025,7.49055064613904,29,20.8474576271186
4.96540987429347,6.08791069061244,6.21316652117304,7.21650363441631,7.30280018556307,7.50679298168108,29,21.3559322033898
4.88109309776621,6.04484437236594,6.16152201224196,7.21373960200521,7.30184583634844,7.53104797157305,29,21.864406779661
4.83665091291371,6.01300366281669,6.17968016561181,7.19627350977901,7.30670727392332,7.49489463671011,29,22.3728813559322
4.87185202976026,5.97126721544589,6.13553414565574,7.18802881265886,7.26854053281823,7.47834688580083,29,22.8813559322034
4.72007280668389,5.92199130044622,6.1150843307125,7.18291557065528,7.25981846536174,7.47097848898848,29,23.3898305084746
4.55776899187651,5.92304590544085,6.06398537936392,7.15740279563487,7.25774617503236,7.46485391270993,29,23.8983050847458
4.49883274212134,5.86399504693463,6.04236119535516,7.15266634224345,7.2622532331635,7.49909615500969,29,24.4067796610169
4.43474225504667,5.84075558354847,6.03060162908703,7.15510748426992,7.23549446138384,7.44812006780675,29,24.9152542372881
4.42234193912386,5.85769365022084,5.97840975014763,7.13814514406881,7.24633774492958,7.39885048964404,29,25.4237288135593
4.33813736134261,5.79302962694554,5.96236103745258,7.12883111023839,7.21083951207722,7.41540603076638,29,25.9322033898305
4.29293205585143,5.75406010321838,5.92470527700403,7.10839402864422,7.20788043778491,7.38779495041475,29,26.4406779661017
4.37890292573435,5.72384701992129,5.89313176558905,7.10746084622799,7.21129028100687,7.39894807811871,29,26.9491525423729
4.19200792917696,5.69815467278531,5.86227912041915,7.10134389910431,7.18365567633513,7.42201925674713,29,27.4576271186441
4.1478938191279,5.69215457473499,5.83836516617429,7.06517534419867,7.19072900933999,7.38889047074938,29,27.9661016949153
4.03064293748329,5.63909414497362,5.79701542238707,7.06852484678773,7.17586804363058,7.35674201364766,29,28.4745762711864
4.00000209004627,5.57455939981296,5.77502859244156,7.03374333798083,7.16039375352872,7.35997652908679,29,28.9830508474576
3.94921823549008,5.53796913104299,5.73433824294814,7.04377216811836,7.15938505449626,7.343497076927,29,29.4915254237288
3.81879733161778,5.53957593749302,5.71795374721961,7.02794722594356,7.12397319629253,7.30486996012389,29,30
1.25769272316407,1.40423203218302,1.45741994198528,1.96942205759805,2.01955238696996,2.40763002218431,30,0
1.20970272688053,1.44444074349668,1.48962882226647,4.39076250627191,4.78378295105276,5.2134254951214,30,0.508474576271186
1.4250972578674,1.71021309099657,1.85015010394741,5.85437731190754,5.91927732358625,6.13072494146008,30,1.01694915254237
4.13934742911058,5.23198924402333,5.38586990571377,6.32559915982895,6.38399952433575,6.5325601984249,30,1.52542372881356
5.49062035369029,5.86756529400877,5.92532268875836,6.57493341099196,6.63953633204576,6.81419171542988,30,2.03389830508475
5.79230559408915,6.07952519064638,6.15158360010323,6.74587492161648,6.80648105948345,6.97324338258273,30,2.54237288135593
5.89077988453506,6.18506018769271,6.2572116533952,6.84099698819127,6.90165310979866,7.04111838975894,30,3.05084745762712
5.95902317428045,6.27018484904785,6.32060354278061,6.91760358668138,6.96235778247381,7.10079732373061,30,3.5593220338983
5.97012872861596,6.28796412160134,6.35117175466978,6.96024546900344,6.99836340712518,7.16548424232535,30,4.06779661016949
5.9914370176168,6.28881635593614,6.37079735967789,6.98986204334771,7.04109756057378,7.20571286716068,30,4.57627118644068
6.03145021651972,6.29836542713481,6.36981644871169,7.02843863915184,7.07033458827608,7.27990363690387,30,5.08474576271186
5.9930836491424,6.29796945079985,6.36684412523581,7.03559850028758,7.07214039091514,7.17357420967101,30,5.59322033898305
6.00652909059636,6.28062290818635,6.33868228203065,7.0448777389437,7.08511652121031,7.23472110259869,30,6.10169491525424
5.99621021703339,6.25403642318148,6.35077583341335,7.02589980599863,7.0687670411217,7.23379850506902,30,6.61016949152542
5.88969533928938,6.23730423102851,6.32877029160534,7.03514032581948,7.08084922229039,7.21501977656883,30,7.11864406779661
5.89501846230088,6.19650132175705,6.30789635584597,7.02384470736512,7.07568347747035,7.22608114821672,30,7.6271186440678
5.7879445344173,6.18470532218059,6.29573010381538,7.01078418487776,7.06710903658387,7.20056116576045,30,8.13559322033898
5.69963497151543,6.1663978557523,6.25040761162839,7.01588485242471,7.05681364112786,7.18556295768358,30,8.64406779661017
5.61075218165088,6.13803663416101,6.24320144749498,7.00497845256477,7.04198522854892,7.22472693161631,30,9.15254237288136
5.50754156304781,6.09500129692058,6.21054084057547,6.98073929117578,7.02970370495218,7.18457363534694,30,9.66101694915254
5.32279711667922,6.06845815809055,6.19849077142579,6.96704079647711,7.0210035937798,7.19645695120929,30,10.1694915254237
5.33929516311697,6.04638230502914,6.16301726798953,6.96458994588996,7.00427962074189,7.17515110007188,30,10.6779661016949
5.24388108261074,6.02857898052907,6.13086443441327,6.9502619109553,7.00866546067604,7.22113634106043,30,11.1864406779661
5.11949451283244,6.01421463089302,6.12083423061521,6.92191588196139,7.00335725139591,7.20651712347046,30,11.6949152542373
5.08672422518909,5.99211686382633,6.09397382759046,6.91088991936002,6.98211398545426,7.20331756361898,30,12.2033898305085
5.05954638045088,5.95498712107206,6.04839050890719,6.90179115364997,6.94612759851154,7.103167570718,30,12.7118644067797
4.97098028461244,5.93075925482753,6.02402411989338,6.89211680553794,6.94517036779735,7.16080367554405,30,13.2203389830508
4.85966338151744,5.88337296038135,5.99217215952221,6.86437674448128,6.9145850492416,7.07182652688231,30,13.728813559322
4.84052476579198,5.86433979726983,5.97238816769723,6.85925736309361,6.92010414241451,7.10951870899867,30,14.2372881355932
4.68620492279653,5.81235432594231,5.92679171440829,6.84528320025509,6.90733478879649,7.05428900704312,30,14.7457627118644
4.49924044435246,5.78606619052951,5.89694339721651,6.82612132566111,6.88150573284902,7.08838735023633,30,15.2542372881356
4.58951456663208,5.76741559127636,5.86957184692795,6.8014113946583,6.8572895119648,7.03803080603283,30,15.7627118644068
4.4120407633997,5.7272844743294,5.83536374306293,6.79043045306616,6.8606470316769,7.05451262330986,30,16.271186440678
4.31845885072727,5.70837013140477,5.80304233391567,6.77262317946734,6.83930402522045,7.04823293779106,30,16.7796610169492
4.28130285788245,5.6807431120491,5.77930576014899,6.75671243925446,6.82650422650029,7.04385872312391,30,17.2881355932203
4.23579313499348,5.63123713125601,5.72783731475829,6.73540633716508,6.80150210460608,7.02810361079691,30,17.7966101694915
4.14037766442687,5.58846003374217,5.72206038669761,6.72942324110132,6.78593904801097,6.98939527368488,30,18.3050847457627
4.04014149574364,5.56190937988672,5.68369304426627,6.7184716070676,6.77250587090364,7.05181403593528,30,18.8135593220339
3.91176669591862,5.50650799075432,5.64526990489931,6.69351905579813,6.76533331651878,6.94512632424735,30,19.3220338983051
3.72643190460012,5.48968045396304,5.62747001732349,6.68206422911852,6.75388582566154,6.98430544299254,30,19.8305084745763
3.59725737735256,5.47865913038067,5.60703676934537,6.68058696444083,6.73553210903716,6.9359125197483,30,20.3389830508475
3.44856959759056,5.39902912869247,5.57193750309538,6.64175425522881,6.72544297435937,6.95081468757805,30,20.8474576271186
3.36676664719178,5.3950668033105,5.5157941697038,6.63378282630617,6.68953490157555,6.88769203640802,30,21.3559322033898
3.3826935747477,5.33836342912784,5.51701148083026,6.62046452145488,6.68506090959396,6.9890612985503,30,21.864406779661
3.20965080767012,5.30603981248249,5.47734365284064,6.61354759611796,6.68974861941498,6.86191560268946,30,22.3728813559322
3.29198948480463,5.26974699505163,5.44818886186469,6.58577363603171,6.65001332032794,6.91958745131417,30,22.8813559322034
3.23325620705267,5.23095415745975,5.40724372365304,6.58184720658132,6.65633420327065,6.99482505789326,30,23.3898305084746
3.18310981045107,5.1855258545292,5.3707188985588,6.56744260705425,6.62345340490051,6.97270976546793,30,23.8983050847458
3.34066549811989,5.16003175010894,5.34670699238242,6.53343460524305,6.62923031784241,6.950453314515,30,24.4067796610169
3.20547284939042,5.09610891462658,5.30755925297688,6.52570810320418,6.62231480974032,7.03570746063962,30,24.9152542372881
2.95146448759241,5.07987894784061,5.29953331161358,6.51470966630062,6.60552748458253,6.8251060724243,30,25.4237288135593
2.94404213802287,5.04715483240716,5.24999882444481,6.49977680304263,6.56376711817091,6.96146598146498,30,25.9322033898305
2.90370437365761,4.97656873272426,5.21941238271376,6.49769497597327,6.58054952347445,6.8340506947309,30,26.4406779661017
2.73650922442087,4.96068665739655,5.20575952840524,6.49198290494053,6.54991870134132,7.00192662684738,30,26.9491525423729
2.48250112976511,4.93141681308923,5.14670839237199,6.47920954912784,6.53921998939699,6.81380201725059,30,27.4576271186441
2.50242197709142,4.87240851291748,5.13474743652999,6.45170192940161,6.51397057426866,6.92724731234979,30,27.9661016949153
2.46679446951748,4.82412785806084,5.11792176635961,6.44381191689294,6.49915783458829,6.97546008379418,30,28.4745762711864
2.17062066469171,4.76141686755413,5.07074908930992,6.43233936507329,6.51683314061676,6.81542774188701,30,28.9830508474576
2.01452196008009,4.74765481384346,5.02754927642979,6.41025434000971,6.4987525143363,6.769617278159,30,29.4915254237288
1.99046785089206,4.74812289907805,5.02302328903087,6.40230509281275,6.4783283749537,6.87241917973252,30,30
1.24184161163204,1.40341915797807,1.45732574592328,1.97478971185819,2.017849916866,2.38724534582255,31,0
1.42431778492843,1.62494088860919,1.67872883455348,5.38330652044335,5.4853783199944,6.40250772453953,31,0.508474576271186
1.69562620503308,5.05798819700966,5.25732820461338,6.1895274818934,6.25200383490154,7.12018935709527,31,1.01694915254237
5.1560325066416,5.87335017501808,5.93398726533285,6.58589564294518,6.65039701490464,7.419523094496,31,1.52542372881356
6.00056644461672,6.18857711330062,6.24222275133325,6.82543569759054,6.8935034437548,7.64555485501259,31,2.03389830508475
6.15667067358974,6.35804383175911,6.43160832805182,6.97668555682127,7.04076453321011,7.4621805598984,31,2.54237288135593
6.25632671039985,6.48766679797982,6.54675891136106,7.08562184209019,7.14817175284597,7.51865562536215,31,3.05084745762712
6.35537652217187,6.55109824257071,6.617822206995,7.17047610137813,7.23386989028029,7.64518592210771,31,3.5593220338983
6.3183629620356,6.59631358393318,6.65937229088788,7.21352154536146,7.26308219112231,7.67937188653305,31,4.06779661016949
6.386788172346,6.62958027920033,6.68790133943206,7.26334396204407,7.32251221216032,7.73753981267211,31,4.57627118644068
6.43497195107821,6.63397765395665,6.69790925832303,7.29007544921769,7.34131991790384,7.69590103747743,31,5.08474576271186
6.44857348806267,6.65352474280982,6.70301786204786,7.30621395567593,7.36866826576191,7.76054853652559,31,5.59322033898305
6.40837176292302,6.64476244454845,6.69319402262323,7.33127917396189,7.38539446294326,7.79867351870367,31,6.10169491525424
6.38562646722312,6.62369188555879,6.6839064404369,7.34331393669646,7.38968650358053,7.78203309841424,31,6.61016949152542
6.35378179378866,6.60857728805427,6.68216177994105,7.35417760253512,7.39470581730221,7.75250157260016,31,7.11864406779661
6.40282028681236,6.59128857498207,6.65791705654438,7.33470996104537,7.40821964649779,7.6880665943533,31,7.6271186440678
6.38913052480951,6.57462262448161,6.63791086776125,7.34289573553698,7.38835372710012,7.78583537050096,31,8.13559322033898
6.39143852337735,6.52087452960586,6.62615586980935,7.3410773651422,7.38383027171846,7.78677322145475,31,8.64406779661017
6.32502904425899,6.52174013086418,6.58927525169963,7.33828384641447,7.39319314431323,7.68205528170671,31,9.15254237288136
6.22605599564818,6.47478762320003,6.56160625158077,7.32439131739747,7.37387667167814,7.74203295539715,31,9.66101694915254
6.24120150779612,6.43044977939198,6.53421739184684,7.32050752527932,7.38770353482953,7.64393608152117,31,10.1694915254237
6.13155264462446,6.42198790250727,6.49083165716399,7.31382756074919,7.37606964751967,7.65532410702911,31,10.6779661016949
6.12569338695106,6.37816742832058,6.46983595547708,7.30179895032842,7.35898296451618,7.73445148747706,31,11.1864406779661
6.12254723785833,6.34883832724798,6.44452717956064,7.28375243908546,7.34359534843104,7.60555421543613,31,11.6949152542373
5.9897052469691,6.31494540244025,6.41443373859827,7.28319674114959,7.33117408804499,7.65803268303616,31,12.2033898305085
5.99146801733514,6.28260629882547,6.38143171867745,7.25475551169864,7.31251330424301,7.60243201512083,31,12.7118644067797
5.86328862976819,6.23155354801523,6.35419724178561,7.24602000052778,7.31141837637534,7.70343619077537,31,13.2203389830508
5.80647074627626,6.2247370396104,6.31011606162921,7.241797931951,7.31140826621347,7.78762411471171,31,13.728813559322
5.71787161551946,6.18801103801928,6.28975949098775,7.22689470750854,7.29693879536714,7.55581920311299,31,14.2372881355932
5.71248983652536,6.13837580999081,6.24949862032026,7.20725527851699,7.28684205046561,7.57354346433456,31,14.7457627118644
5.7124020823858,6.0826551262376,6.2320378906926,7.19120701264428,7.26038699725426,7.66021748146629,31,15.2542372881356
5.61362211179,6.10696860691508,6.20620883488171,7.17817320128859,7.24533482602982,7.50791410957665,31,15.7627118644068
5.58605696837039,6.04223009844976,6.16576669144919,7.18750117774203,7.24597879479125,7.62022135496463,31,16.271186440678
5.50163809924441,6.0161542130368,6.12125948083499,7.14322132283562,7.21219806590749,7.50127203776515,31,16.7796610169492
5.49940651990485,5.97405758142411,6.09252883247261,7.14307547784006,7.2019189847404,7.6969535734082,31,17.2881355932203
5.39280874732148,5.91490236175138,6.05214753649868,7.11746660967134,7.19529839581103,7.60129227609114,31,17.7966101694915
5.30943869896716,5.89403381540669,6.03076659094736,7.1027904213188,7.19530564514661,7.60054182262698,31,18.3050847457627
5.35851237103921,5.84812924947801,6.00478655837351,7.08348798252801,7.17048263219964,7.44601269272057,31,18.8135593220339
5.16065645131753,5.79766581757946,5.9358571522754,7.06026026901958,7.15344517014482,7.68860777846534,31,19.3220338983051
5.1286450125067,5.77831873753446,5.90765400136573,7.05470978560103,7.1444046070546,7.6745974469723,31,19.8305084745763
5.18307223502302,5.72274997062105,5.88442499988372,7.03465131878291,7.12476696158451,7.53599529973866,31,20.3389830508475
5.10095919669642,5.69159310479885,5.8359662783762,7.02530561254983,7.12252374839531,7.57618328761984,31,20.8474576271186
4.95528960841276,5.64508711856838,5.79683480643119,7.01421874379869,7.08857098262756,7.49925284995396,31,21.3559322033898
4.95139441153998,5.61607830201329,5.75922447059466,6.99577244344836,7.0918342944116,7.41363998393012,31,21.864406779661
4.94673981454147,5.58484209324359,5.72503611469421,6.97917432494098,7.07846230645268,7.57685384105571,31,22.3728813559322
4.90722783480224,5.50414502951014,5.70538478632828,6.95949765528723,7.0511338777614,7.61834867652848,31,22.8813559322034
4.82511708930434,5.45910013380541,5.64419792702033,6.94551909909955,7.04255216810682,7.50480000301397,31,23.3898305084746
4.75076387250275,5.4468294671938,5.61791746751787,6.94406864377296,7.02488556576981,7.43946817229976,31,23.8983050847458
4.66026799093247,5.38939283425038,5.58021677492096,6.91854904615375,7.00607113585182,7.49300657594427,31,24.4067796610169
4.69029760813268,5.38371836676375,5.56847174081845,6.89836905982613,6.99803197679175,7.37955020164505,31,24.9152542372881
4.53219833627448,5.32617288369086,5.51207224969185,6.87487304732981,6.97280171398211,7.44043736991499,31,25.4237288135593
4.42335308441219,5.29083868202593,5.47614610765457,6.88588564067375,6.98365315924521,7.44133418908558,31,25.9322033898305
4.45346700989535,5.26935309535142,5.43488125415114,6.8597192782265,6.95196485934117,7.43626983337704,31,26.4406779661017
4.2845730304338,5.2034861482861,5.40239588495239,6.83833644236345,6.93074887668318,7.418162619037,31,26.9491525423729
4.2313972092862,5.19094903357213,5.36520442215972,6.83718126375243,6.90665485198148,7.56819082068945,31,27.4576271186441
4.23340771166989,5.12750418949267,5.31825339400423,6.83517227574194,6.90524924955511,7.33724499566387,31,27.9661016949153
4.21026838090936,5.09625849058208,5.30006597768696,6.80790030131786,6.89462475890197,7.26005444788523,31,28.4745762711864
4.08082559128775,5.00526789875963,5.24300033371475,6.81185366824764,6.866208456839,7.3916681338834,31,28.9830508474576
3.930729505546,5.02294737172212,5.22628259314366,6.77603288971402,6.85328105165444,7.53619899694531,31,29.4915254237288
3.96234758970904,4.92459865637274,5.18372813439256,6.7715198842059,6.84128836922932,7.4064017856817,31,30
1.24257551858026,1.4079098098571,1.46791002450194,1.96531974302069,2.00710758406326,2.42124955210014,32,0
1.27209088505179,1.44494757812472,1.50980804561603,5.04646768576537,5.16876223041752,5.78022899841927,32,0.508474576271186
1.48827261110407,3.8615534973141,4.43455348471851,6.13617729528517,6.22124970962236,6.70144199197039,32,1.01694915254237
2.97660479187876,5.77237973689733,5.8869959294936,6.6355640109849,6.6835028553189,6.90816396829499,32,1.52542372881356
5.84925503748642,6.24035781452227,6.30997788019228,6.93400266960854,6.98932910908036,7.17476348704929,32,2.03389830508475
6.32732597645614,6.50148484054661,6.56348755085572,7.12769688410873,7.18772295566797,7.3458163861632,32,2.54237288135593
6.43903793008913,6.65756356674639,6.71632505749495,7.27697034500073,7.31600147533093,7.43097975193763,32,3.05084745762712
6.63786880414641,6.77440251463717,6.82823135389621,7.35847581270617,7.40701678949395,7.60086073995802,32,3.5593220338983
6.69733749676091,6.85260240556593,6.90428005164307,7.43817559869488,7.50255950302424,7.7370181388555,32,4.06779661016949
6.67563593648437,6.90665082497369,6.956463763598,7.48658637478938,7.55681455017842,7.76495386232119,32,4.57627118644068
6.72652754849938,6.93451182668522,6.99072966558555,7.54767838414964,7.60633104606905,7.74117103253814,32,5.08474576271186
6.75910063463127,6.96254398204772,7.02068024994309,7.58285137903671,7.65544907476695,7.82804244914879,32,5.59322033898305
6.79440545798378,6.96584845308025,7.02183344444278,7.61240690702328,7.66791106926014,7.86927037742181,32,6.10169491525424
6.81653097391712,6.97828865034598,7.03335935266071,7.62310211579565,7.66750169589231,7.86805188083113,32,6.61016949152542
6.76037233930959,6.98020869605018,7.04162266822432,7.63268228659618,7.68210799180889,7.89714961054267,32,7.11864406779661
6.50708150759925,6.96953264350255,7.02476608922199,7.65070972483548,7.70309803393246,7.98403941588758,32,7.6271186440678
6.31886103227704,6.97107962206652,7.02182569997639,7.65429742238618,7.7109330882109,7.97358123347771,32,8.13559322033898
6.49250868831627,6.94211034102005,7.01990038199761,7.66275480564856,7.72068142375593,8.01001267845735,32,8.64406779661017
6.35003419763251,6.93335042540325,7.02301228796771,7.66439688352648,7.7118937214428,8.00741964250645,32,9.15254237288136
6.16448708340498,6.92147605938478,7.01121739256681,7.66753244792671,7.73288346910601,8.06074705451349,32,9.66101694915254
6.06467797398188,6.906408923059,6.99114829408366,7.66965595292282,7.72599777423763,7.9442498265706,32,10.1694915254237
5.91926826834377,6.90719147346029,6.97405858636019,7.65897353809405,7.71343046937998,7.94911011138242,32,10.6779661016949
5.51837082039715,6.86603043387701,6.95634885714858,7.65985641016355,7.73010333666939,8.0472267197988,32,11.1864406779661
5.69866334442481,6.84213255586469,6.94196038035933,7.65014803074645,7.71306894227699,7.94634567614084,32,11.6949152542373
5.53418118556808,6.8287902892941,6.92373394069415,7.64303194931288,7.69036737393382,8.00062845802072,32,12.2033898305085
5.41027557134844,6.79918447965136,6.90180023660555,7.63632082562389,7.69921469417389,7.94298901437771,32,12.7118644067797
5.17416624558404,6.78713069329995,6.86775572459143,7.61164981928905,7.68177264474567,8.00020406013753,32,13.2203389830508
5.21456845662853,6.74112718477854,6.8462430252162,7.60958437558235,7.67601767520966,7.99135601843036,32,13.728813559322
5.15257017815675,6.73649713331234,6.82575508623328,7.59558871501777,7.6605361125359,7.92595534255301,32,14.2372881355932
4.97392783461657,6.71214427512492,6.81195121343773,7.58446362136889,7.65438536234683,7.93694163037073,32,14.7457627118644
4.8278399998988,6.67999354266178,6.77182995024967,7.56471518100828,7.62069001701287,7.95517808500255,32,15.2542372881356
4.81826540807283,6.66332531201627,6.74079027812327,7.56556378733921,7.63312178217755,7.90436353840468,32,15.7627118644068
4.58992205032159,6.61772819429825,6.72877737645047,7.5497374325969,7.62346105730006,7.89356091285651,32,16.271186440678
4.42877856130373,6.58336733129494,6.70699647709746,7.52630861341541,7.60023082482948,7.91847021372771,32,16.7796610169492
4.24911861096571,6.55958039349453,6.66927010078797,7.52346559570314,7.5845204097939,7.86561051238242,32,17.2881355932203
4.32067904649594,6.55707191276705,6.64310685819165,7.51371397562478,7.58897372608742,7.97983835224711,32,17.7966101694915
4.05269427389502,6.4975926256374,6.63227556002769,7.49774365192548,7.57490782305631,7.8782516318456,32,18.3050847457627
3.82512589975021,6.46717946785169,6.5792623587263,7.48657063460446,7.57744490427303,7.77553228541863,32,18.8135593220339
4.057548644445,6.45521667515474,6.55830749362904,7.47465652917673,7.53374343100949,7.97202131965324,32,19.3220338983051
4.10951968484593,6.42396076996958,6.52313677002684,7.45231003120804,7.54916930556316,7.98644084981887,32,19.8305084745763
3.82796587868437,6.3943896370623,6.49583021907788,7.43722281891827,7.54488364906536,7.85841805696576,32,20.3389830508475
3.85635857432159,6.33313062205471,6.47808897507087,7.43058766714157,7.51536310474271,7.86127793722013,32,20.8474576271186
3.52502102690984,6.32419274848762,6.42082278740924,7.41353431148155,7.49890024408787,7.79118648184717,32,21.3559322033898
3.09321090321273,6.28662589719554,6.4031576400028,7.39930908583583,7.48013398794244,7.87932408015753,32,21.864406779661
2.95607574050503,6.26277186933513,6.38442423127949,7.38574166643147,7.45484032121268,7.86722991119592,32,22.3728813559322
2.90604727001692,6.21105012969621,6.35887182533282,7.37686322437025,7.4707217361715,7.84849068762651,32,22.8813559322034
3.01021790482963,6.17090530074201,6.33357868733441,7.36061840131642,7.44653324199202,7.89169340460875,32,23.3898305084746
2.70590556753532,6.15270817069751,6.29578460373602,7.35411682002596,7.43270206834105,7.84589434002932,32,23.8983050847458
2.78320611609771,6.10755511401396,6.25530594045816,7.32909007639592,7.40694114965627,7.81872775161319,32,24.4067796610169
2.59040947307466,6.07877035583263,6.24650832486511,7.30658779508272,7.38446804772108,7.83884289287764,32,24.9152542372881
2.58252372918706,6.03779939494554,6.19902014876641,7.30640627463664,7.39512998255217,7.8196256342826,32,25.4237288135593
2.78612234847441,6.0188488489247,6.18021219921927,7.29305820492279,7.4053573985064,7.81735118991592,32,25.9322033898305
2.83657293184868,5.97397611542831,6.13807361996699,7.28096399609014,7.36505044872885,7.77610807669754,32,26.4406779661017
2.65290883074434,5.94335562276134,6.11602297016507,7.27025698958502,7.36294518863506,7.82371613461381,32,26.9491525423729
2.61424567773436,5.91531695729935,6.07647679507286,7.25184411578773,7.340700413868,7.77175476251936,32,27.4576271186441
2.73001228940065,5.8741160050042,6.05481696087184,7.23562253383362,7.31791214293109,7.71567905157139,32,27.9661016949153
2.80706020270154,5.82165827746596,6.02574222398673,7.23281189731947,7.33150333017509,7.7392415006315,32,28.4745762711864
2.41904271421691,5.81128621639984,5.98685422586113,7.21746855429058,7.29700701599149,7.65072063217074,32,28.9830508474576
2.3798944629541,5.75200124713802,5.93758255625151,7.20546661523974,7.29492692536541,7.79810762580473,32,29.4915254237288
2.35909339339672,5.76082344909766,5.93601116892412,7.20322498008264,7.29211908864739,7.66839751747012,32,30
1.29311109430334,1.42785944744051,1.48143948158602,2.66083529457447,3.48301095594582,4.67069280785692,33,0
1.51408074529351,3.27049571869078,4.04861144223712,5.81967033847864,5.89657312663017,6.24432039470132,33,0.508474576271186
5.04643829413004,5.64242104507905,5.73200828522816,6.43105048763078,6.50860412012482,6.67101641339932,33,1.01694915254237
5.10325956806499,6.09253461122599,6.1418407783009,6.7421365242951,6.80343175929582,6.99727002139261,33,1.52542372881356
4.83723375413571,6.32080569830232,6.37734206621291,6.93472854545275,6.9987718458898,7.18803942676213,33,2.03389830508475
4.94374464378461,6.44122040084241,6.52490132983395,7.07094194992772,7.12131704689663,7.27235090512443,33,2.54237288135593
4.90370593485848,6.53200129972201,6.59255030899002,7.16781331202291,7.21762059045546,7.40551831665197,33,3.05084745762712
5.12329189617782,6.56605102463796,6.63662509809171,7.22222592788749,7.29606756708812,7.42225838810713,33,3.5593220338983
5.00096304024409,6.6032876686389,6.6725735637665,7.26771302106582,7.34269831848649,7.48566669392565,33,4.06779661016949
4.69813780226218,6.60403399563235,6.68180490718253,7.32723363068959,7.38517118717254,7.51121595504994,33,4.57627118644068
4.78310601525605,6.61263652801905,6.69318294702,7.32585762789588,7.39084512747512,7.60142276255998,33,5.08474576271186
5.15627389314808,6.59753329723426,6.68949919062544,7.33073675850264,7.39533655369901,7.5943132407713,33,5.59322033898305
4.9173469052394,6.60429311334022,6.66807044199402,7.34148855941488,7.43216333182333,7.67262697624098,33,6.10169491525424
4.65918189935069,6.58694681467706,6.66399774087396,7.34587363900155,7.42084868090528,7.70134861060151,33,6.61016949152542
4.21187581161924,6.55065857722093,6.63129348001839,7.33966084989751,7.41773126937022,7.70067658757599,33,7.11864406779661
4.48340294677916,6.51346529489328,6.61679800151995,7.35288745738516,7.43516437573957,7.72410421104687,33,7.6271186440678
4.39861563248823,6.50902681292188,6.5841921464907,7.34538214301311,7.43380126688928,7.78360479041248,33,8.13559322033898
4.76119226754525,6.45213539685143,6.57057390615961,7.34513747474774,7.41767312233036,7.71411349394304,33,8.64406779661017
4.67038621946266,6.42737495256417,6.52784747157887,7.32192554793853,7.40140623691652,7.76182165255873,33,9.15254237288136
4.3076925025247,6.39544899269717,6.52274457057989,7.31309133092827,7.40360753062838,7.74034773403473,33,9.66101694915254
4.46929683425422,6.39142881310337,6.4654892039819,7.28962047782185,7.39232899861468,7.74215240783276,33,10.1694915254237
4.78301453901042,6.33596492729105,6.43547125011041,7.28781053068824,7.38943624652292,7.7760388247268,33,10.6779661016949
4.44660981669435,6.31290294059385,6.39384634206398,7.27539614485654,7.37032442515122,7.78413418644532,33,11.1864406779661
4.63373412474572,6.26069600620972,6.36274542728956,7.26846623227785,7.36205653167781,7.7553657343331,33,11.6949152542373
4.7100450549559,6.23090787681063,6.34224916126175,7.24050423881095,7.36578396555506,7.77370136497855,33,12.2033898305085
4.70476813888647,6.19176602463621,6.31667885336642,7.25410870188336,7.3253147155974,7.70211814131736,33,12.7118644067797
4.66831033927523,6.16264835582028,6.26468019901988,7.21819647019554,7.31500915359568,7.7316371929835,33,13.2203389830508
4.57337136018156,6.13917018381732,6.24197907468809,7.22066755524191,7.29273422299421,7.69163386600887,33,13.728813559322
4.7033606019218,6.06544749061905,6.19878542258887,7.19351315353118,7.2869934771017,7.69145908854194,33,14.2372881355932
4.40227203856875,6.06038521898483,6.17225236313556,7.16144675379943,7.27652599167715,7.64450450532519,33,14.7457627118644
4.14208499906649,6.00741753174512,6.12046347905967,7.16734651558377,7.26335990034058,7.64909268139883,33,15.2542372881356
4.07444002058446,5.97510740313646,6.09478262655697,7.14891590577822,7.24712901522975,7.62882045363247,33,15.7627118644068
4.25809211266631,5.90257651946242,6.07007991678099,7.12002638424726,7.22597907861333,7.66111847651079,33,16.271186440678
4.45024735206592,5.87673126131169,6.02433646790437,7.12715015280155,7.20483378121005,7.65156131729205,33,16.7796610169492
4.35024458647294,5.87213790242967,5.99812796457002,7.08744547606325,7.17128440860409,7.59495424517757,33,17.2881355932203
4.7815652591369,5.81871806625352,5.96549688387923,7.07045517741334,7.16423480609404,7.60966037788347,33,17.7966101694915
4.41280494070897,5.76071924519976,5.9147771635814,7.05597686269626,7.1518929804694,7.68866636282696,33,18.3050847457627
4.41367391455966,5.71178541059517,5.86790759887526,7.03960584392117,7.15445849426204,7.57846641962426,33,18.8135593220339
4.39805638562817,5.68016790951475,5.84375547117524,7.01595428000021,7.12682938274726,7.58028879055045,33,19.3220338983051
4.757890314565,5.66703092992663,5.80231083591661,6.99051440863193,7.10376051568219,7.53681846198712,33,19.8305084745763
4.42631118149544,5.60881260341711,5.75777199179943,6.99309233339343,7.11016771848575,7.51900820571357,33,20.3389830508475
4.48484076203122,5.58053208191586,5.74617971933986,6.97749993131376,7.09736324065464,7.52468043636887,33,20.8474576271186
4.17066829852901,5.53391547076601,5.71184345046196,6.95904376426173,7.04411634653974,7.53240045731677,33,21.3559322033898
3.97965285137186,5.50445487579853,5.64809888256665,6.95205182794925,7.03293734332859,7.52535961607671,33,21.864406779661
4.23496463703903,5.42197034670635,5.62465763147682,6.91599733827559,7.03674222471736,7.46007538215174,33,22.3728813559322
4.26427652235731,5.4092386829338,5.56569294823104,6.90954234440529,7.01708765339031,7.50870824705196,33,22.8813559322034
4.20227756256169,5.36494214598448,5.56666535517709,6.89286156524554,6.98889616334973,7.48352298117725,33,23.3898305084746
3.79681810281409,5.27763838123736,5.50194243724346,6.88254224662105,6.99420721708849,7.46478272896473,33,23.8983050847458
4.12031577026542,5.22122903801146,5.4799223209795,6.86639243132317,6.97432462655442,7.51272618324916,33,24.4067796610169
4.02381287696744,5.19998700561881,5.43338849522929,6.84633113069448,6.97019879946604,7.47906439395644,33,24.9152542372881
3.99670268512837,5.1418062886421,5.38693073567674,6.84223068637721,6.91478996028652,7.46344130215663,33,25.4237288135593
3.89242929915296,5.09192368502803,5.34690590169134,6.83394041820896,6.94723209133069,7.43139832384099,33,25.9322033898305
3.81491117919362,5.09683539484731,5.33917251040481,6.79044927364169,6.92332228987985,7.41552057213759,33,26.4406779661017
3.74351327105735,5.0349955923729,5.28664291405456,6.79911246565083,6.91226239503249,7.42709945239207,33,26.9491525423729
3.76538197542875,5.0107131943351,5.24344900117306,6.75541372535485,6.89882397341266,7.39595530507059,33,27.4576271186441
3.78543744649795,4.94649205251151,5.21123914604991,6.76739554451272,6.88408703701365,7.38327519623831,33,27.9661016949153
3.82798245511864,4.93195039857263,5.18530710111748,6.75213440807918,6.85505767005531,7.34658902562802,33,28.4745762711864
3.75759012681725,4.88103161402286,5.12357345090501,6.73741157267515,6.84807758807889,7.39394991499132,33,28.9830508474576
3.59655337124852,4.81608849770778,5.09785983352727,6.70492401659144,6.8425067107523,7.3376307933853,33,29.4915254237288
3.60199900503579,4.79096595573142,5.05144120178587,6.71051851409414,6.82895580430459,7.34212514843029,33,30
1.26440736383214,1.40855189615332,1.47125020788295,1.97393457190869,2.03964426995275,4.57991243234196,34,0
1.43719792584557,1.63579918453098,1.70063926883741,5.72419177477581,5.83526167769277,6.17769044765285,34,0.508474576271186
4.56822572215731,5.40030765537458,5.57422210866889,6.50366897288927,6.56266806012013,6.87386168585154,34,1.01694915254237
5.89019766714595,6.18144571272833,6.24558760607514,6.86335726702135,6.90780041423184,7.17976368182286,34,1.52542372881356
6.19261792703141,6.44913599660056,6.510417967539,7.08768201617294,7.1421278328772,7.3079152649766,34,2.03389830508475
6.33640698510282,6.6408108729053,6.68507427569449,7.23043891093614,7.28693761152884,7.47385900662575,34,2.54237288135593
6.44178695782634,6.72587590573298,6.79121371112617,7.3299201595479,7.38077879149852,7.58381390783831,34,3.05084745762712
6.48998460259088,6.80370941878445,6.85359028322052,7.40178369903163,7.44796858968681,7.60994055222386,34,3.5593220338983
6.41461929080972,6.84102428684445,6.88860380340019,7.45168793829467,7.50465624079894,7.63815092633377,34,4.06779661016949
6.46387705975812,6.87679209572974,6.90488810285888,7.5049835692847,7.53022286616652,7.75947162553958,34,4.57627118644068
6.45615688151644,6.87286937830475,6.92663809052247,7.51771135166236,7.56583512260207,7.79281890015751,34,5.08474576271186
6.53483273739973,6.85048118696635,6.91559718012023,7.53416757411001,7.58090270079894,7.85198940709975,34,5.59322033898305
6.31670939990083,6.84645575053257,6.91347325020873,7.55961428814555,7.60591811051672,7.80608081938432,34,6.10169491525424
6.36937215867159,6.8296957957162,6.90324312410781,7.54991262615735,7.58925124994872,7.82612761351703,34,6.61016949152542
6.45881075332543,6.82204131569186,6.89621354741991,7.55922403111528,7.60750003166373,7.90520687613665,34,7.11864406779661
6.36313829389119,6.80356910665379,6.86316262143216,7.55292141192411,7.59722339239297,7.79521422074939,34,7.6271186440678
6.37788317779231,6.77638458939754,6.84238624264937,7.55005820942879,7.59981099859205,7.78253510121786,34,8.13559322033898
6.4032195232763,6.74426810346423,6.83756400023044,7.54768018105194,7.60826356521135,7.76941466141972,34,8.64406779661017
6.30116477500011,6.7264668432098,6.80016306234264,7.54967184747989,7.6104872194204,7.83791839312913,34,9.15254237288136
6.21023457076913,6.68507871565101,6.75270227911792,7.53142923356722,7.61513637023654,7.79829900830046,34,9.66101694915254
6.24170230241714,6.68714165680504,6.76129245206185,7.53424167442132,7.59364655048949,7.81642647432808,34,10.1694915254237
6.08544884736936,6.65066919432086,6.72656894027385,7.51640129716347,7.58077861897999,7.80143633595758,34,10.6779661016949
6.12622266969465,6.60469878391927,6.69982087600427,7.51108615388238,7.56444734903554,7.75859772561953,34,11.1864406779661
6.07295109939299,6.54869473806172,6.66178778547109,7.50806470060107,7.56464250717654,7.77990718691087,34,11.6949152542373
5.94026256398981,6.54302530253637,6.66116769550593,7.48263330952742,7.56449810449302,7.70761739513079,34,12.2033898305085
5.99394963518142,6.51108657018494,6.63459046063461,7.4586517924075,7.54452279769667,7.73782734188599,34,12.7118644067797
5.96841503474077,6.4777525989741,6.5851022169651,7.46201196484257,7.5445275802086,7.7419587432009,34,13.2203389830508
5.79054666266917,6.4352485409055,6.55200762481335,7.45453216489474,7.50779956640036,7.7455630606149,34,13.728813559322
5.75594764456709,6.41864453621244,6.51888960214618,7.43105499407074,7.5029486488654,7.72784407792105,34,14.2372881355932
5.77487178074359,6.37591911613362,6.50429628945504,7.4107028975571,7.48194668537334,7.72121325167546,34,14.7457627118644
5.70109346997184,6.30538867672091,6.46568594713491,7.39013348588278,7.48207482287626,7.69168894563471,34,15.2542372881356
5.68820533632116,6.31113200605104,6.43449256721814,7.39574723738675,7.47043050384725,7.698728378838,34,15.7627118644068
5.6277442841743,6.24408313669033,6.39036479780687,7.36694684858837,7.4553568273171,7.68719119330595,34,16.271186440678
5.53864126952659,6.21328391532528,6.35211358058169,7.35711305070464,7.43008532323876,7.66560361345035,34,16.7796610169492
5.54153584046734,6.18796599803282,6.31604431652454,7.34129952346153,7.44391994782688,7.68185237227271,34,17.2881355932203
5.49629196489633,6.12803628052015,6.30076242333373,7.33676155869283,7.4063417321844,7.69851235965002,34,17.7966101694915
5.38778313673958,6.14035643940328,6.2627483323279,7.31441163240235,7.39181737447128,7.66959298777203,34,18.3050847457627
5.31351803994624,6.07852191234166,6.2254591606888,7.30537617435529,7.38241596503702,7.66148701682917,34,18.8135593220339
5.28458286033047,5.9942801299549,6.18201636453813,7.28398427160801,7.36502178213204,7.68071973190771,34,19.3220338983051
5.20781223472255,5.95597633666841,6.13168207528349,7.27136518609937,7.34490201816327,7.63748019771964,34,19.8305084745763
5.15659808729924,5.89325051510661,6.10745956252412,7.2516985408535,7.33055543762777,7.62663858659964,34,20.3389830508475
5.09209541736615,5.86625981212163,6.06650379987338,7.24242728850507,7.32347444529322,7.58133082116893,34,20.8474576271186
4.91833295678002,5.81693578966544,6.03339096988833,7.2252278728734,7.32728517144716,7.57086771222671,34,21.3559322033898
4.80855051068929,5.79181233170679,5.99857627929672,7.21368217207785,7.29331762790896,7.53947012504931,34,21.864406779661
4.81896313270389,5.75773336767632,5.94588218649996,7.21062158391201,7.27657492256781,7.54101073011106,34,22.3728813559322
4.60582686262841,5.68198653613981,5.89494427570974,7.19614124459038,7.27091224504263,7.5273152093073,34,22.8813559322034
4.66703547415092,5.6554144797129,5.86585285601009,7.17812378729206,7.24545360656794,7.50988217493076,34,23.3898305084746
4.55872557519892,5.55983707144599,5.82873840737662,7.16239909147423,7.24831644429444,7.60318546214178,34,23.8983050847458
4.42181064870222,5.55279150084107,5.79356913271698,7.13940630166126,7.25517363671517,7.55094123535884,34,24.4067796610169
4.42534901552505,5.5542317130053,5.75578619952229,7.14757865379872,7.22789362957782,7.46889330769612,34,24.9152542372881
4.34237500505527,5.4750707926817,5.72466822042018,7.12115736804218,7.1946811293445,7.53295536567782,34,25.4237288135593
4.2785077225614,5.42480289984605,5.65363370392366,7.10125217646745,7.17563422687246,7.5019712077591,34,25.9322033898305
4.28258328182814,5.35305584911375,5.65099129792861,7.08091463939145,7.15953788387328,7.44359514998659,34,26.4406779661017
4.15613397201644,5.29861321435984,5.59324243867848,7.06373291391677,7.15706171117534,7.44086668940153,34,26.9491525423729
4.11781890983019,5.31795792331974,5.56728592458437,7.07805412184393,7.16471133866272,7.4284886084491,34,27.4576271186441
4.05074598186968,5.23430917582576,5.53009366779524,7.04772592587331,7.13024201140605,7.4388774528588,34,27.9661016949153
4.06385746247609,5.1753286351892,5.47680288553077,7.02524006299804,7.1249609373581,7.53059659869316,34,28.4745762711864
3.84179646870195,5.17046419623215,5.44735864873178,7.02057580772533,7.11539887336508,7.42256953095572,34,28.9830508474576
3.86237574661655,5.08527304640883,5.38813973361082,7.00901864287671,7.08823297842712,7.39787239509099,34,29.4915254237288
3.90263778065153,5.02975883627901,5.34864659690124,6.99131855206861,7.0731794324734,7.39223853319795,34,30
1.24533347245526,1.40560235542048,1.46548094605755,1.95874054633417,2.02245061279644,2.45028264230191,35,0
1.29151825174966,1.52017892726576,1.58285340909571,5.20552158950746,5.34695870900829,5.70652790303072,35,0.508474576271186
1.45054880766596,4.33031130254639,4.83444545073305,6.1707360429326,6.21652164049287,6.56135386942206,35,1.01694915254237
4.4143365210969,5.84444250708504,5.92045643211515,6.57801872152351,6.62556868097539,7.44628349009876,35,1.52542372881356
5.69380455020186,6.18747373577065,6.24701055942345,6.80866904806812,6.84908485903503,7.91564142387314,35,2.03389830508475
5.98593846530525,6.36520390992515,6.41213492354136,6.98021663983924,7.02312131070227,7.60783974724427,35,2.54237288135593
6.1607754711117,6.46962115473345,6.52676821789463,7.07056933432718,7.12653940135026,7.85018745707671,35,3.05084745762712
6.29545644585172,6.52672023629139,6.58405363800266,7.13893287934214,7.17728953038161,7.91811455908949,35,3.5593220338983
6.29443781833465,6.557919849045,6.62150072502375,7.19233891166308,7.24539789516131,7.84974253595622,35,4.06779661016949
6.28256406134044,6.57546096881757,6.63713070129124,7.22392481345976,7.27227224819195,7.87207661267883,35,4.57627118644068
6.32669062848685,6.59299434250841,6.64424679454078,7.25824363503824,7.31667645937122,7.76449309949197,35,5.08474576271186
6.2702306261729,6.5829842656172,6.64272696841149,7.27632837544947,7.33441302104205,7.81147255649563,35,5.59322033898305
6.26051389366702,6.57331656861219,6.63397299917022,7.28415864755879,7.34732584521084,7.70497538206585,35,6.10169491525424
6.26457810273099,6.54691702897647,6.62920507491601,7.28640292425676,7.33674537778162,7.67078002631539,35,6.61016949152542
6.23731026926834,6.50608089310166,6.60957531424228,7.28023882596581,7.35446440260258,7.58031616325601,35,7.11864406779661
6.05055174323145,6.50952857791886,6.58576658682755,7.28509540385364,7.32915653099488,7.49619303410732,35,7.6271186440678
6.12985274725567,6.49268492447198,6.56499229117253,7.28394202864782,7.35562940043632,7.49040769848175,35,8.13559322033898
6.05284940834333,6.44893822504953,6.54986590342253,7.27731053530951,7.33275555988515,7.55577800881692,35,8.64406779661017
6.07621671500831,6.40892432808744,6.53371953213435,7.25752185197926,7.34731344042968,7.55519965661187,35,9.15254237288136
5.90085368455949,6.40281133699411,6.5069714877622,7.25493986163552,7.32271114384504,7.50426930863355,35,9.66101694915254
5.94274275215286,6.38230455887229,6.47679160293817,7.25118892137941,7.31703782623899,7.50230775124222,35,10.1694915254237
5.84755623831641,6.35265918069945,6.44534016761539,7.23842132535645,7.29338141640578,7.48860457021665,35,10.6779661016949
5.81330332606127,6.30500895378827,6.41160050152984,7.22729702311611,7.30131957960932,7.46675986942886,35,11.1864406779661
5.79967769637157,6.26493638420233,6.3785452024087,7.2060250139437,7.27977029910275,7.44803947987595,35,11.6949152542373
5.71588524777673,6.2414156907155,6.38051140659497,7.20650306984639,7.25292057494097,7.41270409665343,35,12.2033898305085
5.68199095466244,6.22414455261614,6.34006197869391,7.18204964989332,7.23337160825357,7.40867690492813,35,12.7118644067797
5.66797426782601,6.17385019986058,6.30359163429143,7.17316259704939,7.24296461347483,7.42360633709734,35,13.2203389830508
5.59658806295258,6.15391487279507,6.27637657213932,7.15158055797256,7.22765601593157,7.45258786529421,35,13.728813559322
5.54105076775865,6.11195415521537,6.22423970643061,7.13308879766295,7.21426321103413,7.43825710901253,35,14.2372881355932
5.53349553426637,6.05667733777237,6.18766484546266,7.12092919146538,7.19028594437616,7.39843933404632,35,14.7457627118644
5.47667113975842,6.03124027967125,6.16883986268232,7.1177668450355,7.171038643466,7.34561497830557,35,15.2542372881356
5.38531068072344,5.99530380870503,6.12835537422931,7.10122834079761,7.16452348238536,7.36330736296816,35,15.7627118644068
5.30037237544599,5.9458151650346,6.09387283123232,7.08580816261903,7.14394078780859,7.36317205964606,35,16.271186440678
5.2302064580819,5.92420523029798,6.05394968612243,7.06105320567794,7.13926438426398,7.36674389779222,35,16.7796610169492
5.1940383775176,5.88779381076356,6.01162965180687,7.05198068722674,7.12251937985074,7.30542789708037,35,17.2881355932203
5.04830309810674,5.82990316987987,5.98543615149925,7.06176772254605,7.11172025392917,7.3279232005493,35,17.7966101694915
4.99856710308232,5.79837676301864,5.94195736487398,7.02472335049347,7.09350569876656,7.35486148030198,35,18.3050847457627
4.97418085088784,5.72572860454509,5.93292653111028,7.00691678672519,7.07494303122676,7.30926162690796,35,18.8135593220339
4.7930097214898,5.72143696161606,5.88382250849744,7.00219818117034,7.06063451530333,7.2862924719453,35,19.3220338983051
4.86913619990994,5.71236655036001,5.84941720688824,6.97422351388759,7.06024353378275,7.28697033618244,35,19.8305084745763
4.7459642314462,5.67640731608422,5.82086624923081,6.98258783895955,7.04283290049075,7.26263788588054,35,20.3389830508475
4.76495044729767,5.63993157003476,5.77845893356779,6.96057709685834,7.02040110407928,7.22850392483066,35,20.8474576271186
4.70648986113353,5.57528174024105,5.71890664399083,6.94848384772192,7.00930797746354,7.27355674927854,35,21.3559322033898
4.53113947975792,5.54772075175997,5.68296345655869,6.94175909853404,6.99094348693536,7.28414025201661,35,21.864406779661
4.57014416181732,5.51611982285869,5.66780908742864,6.90764486281931,6.99264672952962,7.24973029636548,35,22.3728813559322
4.52195435426284,5.47088186978391,5.62488133429702,6.87644569022599,6.98431041069349,7.21935255111261,35,22.8813559322034
4.29198513483215,5.42243205373209,5.59913655680201,6.8781610489849,6.96885864450396,7.18756420250909,35,23.3898305084746
4.33407728039206,5.36235378023931,5.55705305821908,6.86505894873681,6.94073397826286,7.22987053126942,35,23.8983050847458
4.21996095605516,5.36453216265476,5.55069104751762,6.82125033948025,6.93905934660667,7.15729253043687,35,24.4067796610169
4.18989866857194,5.34932984889317,5.49249603707736,6.82808496901411,6.92802189665698,7.17056846625827,35,24.9152542372881
4.01458654165153,5.27718260262237,5.49040545824128,6.81232304179983,6.90262004823701,7.16557864696002,35,25.4237288135593
4.17163675515999,5.24730037338579,5.4382068507916,6.80255610456983,6.88826249618369,7.11714499442216,35,25.9322033898305
3.9950270835836,5.19249416168352,5.40651484807458,6.78286901733502,6.88090389029837,7.14551584933234,35,26.4406779661017
3.9006874147344,5.17013864575852,5.36869157784522,6.76388558709459,6.88384099503394,7.16149012058779,35,26.9491525423729
4.01032640580132,5.12481463596993,5.32852837727405,6.75214377427619,6.86412180446666,7.13808034344785,35,27.4576271186441
3.91442700383116,5.12073322959777,5.30963651799252,6.72423576026447,6.85352611886844,7.12750393559631,35,27.9661016949153
3.85531965028797,5.05420686104212,5.23655140529727,6.70424899198499,6.83143793037946,7.10391632759851,35,28.4745762711864
3.61387596961348,5.02036595641676,5.22658150834331,6.69536442549845,6.82037670161829,7.14801991136412,35,28.9830508474576
3.65164804855545,5.00212844565954,5.18803044535221,6.67816842478193,6.78662756638316,7.14620795470433,35,29.4915254237288
3.51555452595317,4.91669062300786,5.14974134675314,6.66030847541502,6.79369707244151,7.09775893097414,35,30
1.27182864489857,1.42245834590761,1.46447406638635,1.96831261049392,2.01678867355248,2.48646687470745,36,0
1.36436504726625,1.4749090544662,1.52599807801284,5.1130987746564,5.25603548392562,5.52147846707564,36,0.508474576271186
1.56073664210032,4.45639803586222,4.79781038362678,6.13394986774232,6.20662743405224,6.62421044739114,36,1.01694915254237
5.12004458115699,5.80340449027402,5.91431057084603,6.60100825725625,6.66238779465325,7.0057300164443,36,1.52542372881356
5.90482719454653,6.22474265224864,6.27629297299284,6.87435230242885,6.92969729833982,7.49089417126453,36,2.03389830508475
6.2220106484169,6.42786757864806,6.50881770830397,7.04535961697257,7.10347837510648,7.71152264832217,36,2.54237288135593
6.34747946812847,6.5878273703933,6.64252404198763,7.1768146082867,7.23016707020681,7.81623327548965,36,3.05084745762712
6.4056577690467,6.67165146670957,6.71747084641648,7.26045083461661,7.31040830947648,8.14015006038803,36,3.5593220338983
6.52122672064323,6.71740963139515,6.77615077503827,7.3124941218374,7.37454733935758,8.26306049553457,36,4.06779661016949
6.40496850741326,6.76389876881698,6.80644613393023,7.36198108126974,7.41625054818463,8.26198580521593,36,4.57627118644068
6.48753012650871,6.78278294947328,6.82891058650538,7.38375717790022,7.44408973084237,8.18404869225145,36,5.08474576271186
6.51063069105089,6.78316703816371,6.82473876876914,7.41132457263195,7.46164048455057,8.15018788727708,36,5.59322033898305
6.47390666775428,6.78365553997505,6.84159954973224,7.42095847917442,7.48922863763062,8.37992339424368,36,6.10169491525424
6.40540916587879,6.78109377641349,6.83228730355604,7.43707777875517,7.49641086530337,8.09911614111117,36,6.61016949152542
6.31429065527586,6.76158768807179,6.83346174399324,7.45343178578186,7.50977271278369,8.40031238492761,36,7.11864406779661
6.27232456065885,6.7787452932192,6.83374134499167,7.44893014149169,7.52476043347983,8.2086407722814,36,7.6271186440678
6.3015589768802,6.73504798998072,6.81193994945593,7.45083357659015,7.50996306776852,8.20270738316843,36,8.13559322033898
6.20294408533534,6.72139476324417,6.79503395656511,7.45424756618297,7.49488257217824,8.43419747329736,36,8.64406779661017
6.17159153204693,6.69967900395826,6.78890687696937,7.45168819403831,7.51381250302587,8.33622743482339,36,9.15254237288136
6.15057536532117,6.69958889902475,6.78566295715227,7.44964293525123,7.51812887042652,8.26996714027565,36,9.66101694915254
6.05583610428226,6.66339535105488,6.75868004396102,7.43208758176767,7.48792693428924,8.21125708509197,36,10.1694915254237
5.99954551533584,6.64065539521662,6.74097635066774,7.44668123016637,7.49582117431308,8.40950323789091,36,10.6779661016949
5.98032185096668,6.63021271477568,6.72589316003156,7.42624484654459,7.48732609426883,8.14106725034162,36,11.1864406779661
6.03158413433646,6.58277909344786,6.68641362055351,7.41947007461004,7.48190167798953,8.17932292486357,36,11.6949152542373
5.9439701653734,6.55608343196807,6.66848450572872,7.40035578916964,7.47217591519075,8.39778906235208,36,12.2033898305085
5.9168905521667,6.5393939635057,6.66422457447187,7.38565568576296,7.44155313374418,8.17815499495308,36,12.7118644067797
5.79662469020588,6.51470979062877,6.61682313710687,7.3749325788948,7.42081054525731,8.51814384898335,36,13.2203389830508
5.86542200970193,6.4900770760524,6.59899895987311,7.37607357074658,7.4304754004991,8.39005765772154,36,13.728813559322
5.84260410679568,6.46037789316408,6.56908360386374,7.34463823416197,7.40676474144354,8.26250589726769,36,14.2372881355932
5.85750593359539,6.43880383927516,6.54585338629904,7.334045122561,7.41738110760382,8.43616947497888,36,14.7457627118644
5.75145808374623,6.41405138606871,6.51261926790281,7.34855505346154,7.42068783865381,8.13983333581073,36,15.2542372881356
5.77061678950044,6.38679874593586,6.50473441287509,7.32240162268437,7.39013491005733,8.31290553605791,36,15.7627118644068
5.76050851121607,6.38517115642871,6.47568680322018,7.31259066983202,7.37033272137257,8.18185476655446,36,16.271186440678
5.66844574928405,6.35276018433102,6.44455607136132,7.2996326683212,7.37933131284173,8.36160772175262,36,16.7796610169492
5.60608664000675,6.32425002351633,6.4231646645773,7.27876785113143,7.34546053459616,8.30234029162047,36,17.2881355932203
5.51758036258814,6.31223075168504,6.3858733332571,7.28086690571773,7.35190476267822,8.30121234340494,36,17.7966101694915
5.44418891297073,6.26275492459707,6.35364124315366,7.25677798859093,7.34069704038501,8.16841287128888,36,18.3050847457627
5.41347685431102,6.2371520430671,6.33841520141185,7.24357710657923,7.35172913164342,8.48673617560384,36,18.8135593220339
5.47003807738664,6.20951071416517,6.31038131021521,7.25422983227511,7.31994128215075,8.21514482790566,36,19.3220338983051
5.3619474564278,6.19307018482243,6.26483572210648,7.21884624847024,7.3071842847655,8.33646640480917,36,19.8305084745763
5.28368672490504,6.15896926242498,6.26122137639705,7.21418047110074,7.30288622191615,8.23709931191829,36,20.3389830508475
5.28182967194577,6.12585952265714,6.23092682394139,7.21427582737363,7.2924148501674,8.26016944729001,36,20.8474576271186
5.34883819465226,6.10391040130147,6.20280405102322,7.18812802063408,7.27295305863103,8.47043603650059,36,21.3559322033898
5.17790161969517,6.06130383186589,6.17484093934074,7.16012199983186,7.27433214375641,8.24236042812439,36,21.864406779661
5.22475800684509,6.05102137129817,6.14615176699489,7.16123296806092,7.24972184203538,8.14476035890933,36,22.3728813559322
5.1899565753969,6.00128657294019,6.12535710641485,7.15395931556514,7.2480259562931,8.34770470040636,36,22.8813559322034
5.1207471417853,6.01206980832975,6.08885061475099,7.14091483468913,7.24054569017412,8.18197619687932,36,23.3898305084746
5.09956010729789,5.96676123508166,6.07187256374877,7.13061919856862,7.23067558631419,8.19582857136253,36,23.8983050847458
5.00031010227749,5.90600844281813,6.04158499135,7.12327883499372,7.21244123522302,8.22024178475338,36,24.4067796610169
5.05176628389031,5.88454468526501,6.01561970626399,7.10186520997851,7.21451449675055,8.21602814076559,36,24.9152542372881
4.95942920016794,5.84958184749858,5.9847099432375,7.09234307272655,7.18278048724654,8.1486534342472,36,25.4237288135593
4.89963641299924,5.81813552717171,5.95337137415461,7.10590492306847,7.18174268655373,8.22420027577338,36,25.9322033898305
4.86610275175937,5.79229358576681,5.92652782303881,7.07844134694258,7.19277558763751,8.20946195516412,36,26.4406779661017
4.75230534275562,5.77302737821826,5.90138544361831,7.05014412365896,7.14753938943721,8.25534356889712,36,26.9491525423729
4.73485801868825,5.74728727876985,5.87927475973022,7.0439733183664,7.1545350707086,8.25666409299227,36,27.4576271186441
4.72510559424781,5.71823611408115,5.82416560816972,7.01832785393788,7.13177940456583,8.2963204948161,36,27.9661016949153
4.66190073982589,5.66532896950518,5.80800476824301,7.01467316506117,7.14655105091828,8.19104220441147,36,28.4745762711864
4.75342444449116,5.63451274062299,5.79033746506906,7.01955968652794,7.12638455699674,8.316037930746,36,28.9830508474576
4.63552364199502,5.61599082873463,5.7670502400675,7.0063643951956,7.10980482813281,8.23680931666138,36,29.4915254237288
4.60692540961327,5.59011723011697,5.73215277385119,7.01598012750643,7.10520412559424,8.04508806926161,36,30
1.17203897179105,1.40293761645539,1.46237147141044,2.00089684623428,2.12510651362025,4.63968654173681,37,0
1.43533950335929,1.87299237524477,2.53590324791352,5.77566528511277,5.84872167581345,6.22919089358621,37,0.508474576271186
5.21044527152153,5.62259621182636,5.71571946267919,6.44764551450134,6.50046363021166,6.77418713670551,37,1.01694915254237
5.81767491029183,6.15610509117114,6.21147663921275,6.79366433829473,6.87400049289383,7.06474611028482,37,1.52542372881356
6.11032431192073,6.43824075489091,6.49068249284503,7.0160620292994,7.08407137670189,7.26744885895568,37,2.03389830508475
6.31677584188542,6.58993887092179,6.6396174661085,7.16009990922458,7.19577282585042,7.40190194163284,37,2.54237288135593
6.42704607598104,6.68649635485712,6.74818188512304,7.26283794759138,7.31401058745632,7.56779986486185,37,3.05084745762712
6.51696249865891,6.75660743060004,6.82097715079291,7.33260429458698,7.37571911031673,7.62223199136251,37,3.5593220338983
6.4956645084679,6.81129743949347,6.87915867041478,7.37829357517701,7.43618865470613,7.69555811571516,37,4.06779661016949
6.54126119534664,6.83370352195659,6.9072129539135,7.43877685827427,7.47788133096373,7.72136960537061,37,4.57627118644068
6.60021606376349,6.85117533044204,6.9194955299409,7.46145390173529,7.51511388440798,7.73549533297075,37,5.08474576271186
6.62991102047315,6.85479625190676,6.92974602726323,7.50268058043189,7.55576336153849,7.73574724540193,37,5.59322033898305
6.52303829146151,6.85688593702303,6.929313588544,7.51013871148521,7.55121721497822,7.85538465665211,37,6.10169491525424
6.54888988635546,6.85111691135018,6.91218632580033,7.51998491321785,7.58327617339619,7.85569617279437,37,6.61016949152542
6.54713195910346,6.87156448439555,6.92520891417054,7.52094414784568,7.58933886074335,7.82849439909918,37,7.11864406779661
6.50804075506109,6.84333819760547,6.90060388670701,7.538523731328,7.59842881277504,7.82995509761545,37,7.6271186440678
6.55427988802125,6.82378625513377,6.88503878998118,7.53706900366943,7.60195212134701,7.80886156841018,37,8.13559322033898
6.47180369241766,6.81919499754177,6.87738559662091,7.53907108881432,7.59296234593436,7.83015895712346,37,8.64406779661017
6.47798922112873,6.77701052707386,6.86825661753711,7.53742985793639,7.59092124921517,7.82175690260574,37,9.15254237288136
6.34449265836768,6.76712704239917,6.84254644642231,7.53705244168315,7.59473403658494,7.78277707505529,37,9.66101694915254
6.45714988354537,6.76138430345458,6.8274372393147,7.53151694153043,7.59349298376327,7.80007024417421,37,10.1694915254237
6.36335674318618,6.75078757507904,6.79744624269828,7.51766724965443,7.5821735967593,7.75932040038129,37,10.6779661016949
6.40382366034606,6.71422544566276,6.78836744662683,7.50630606883045,7.55372697018095,7.83329778452303,37,11.1864406779661
6.43393233742422,6.71126254105843,6.76178748621551,7.49649598088111,7.56581798860596,7.81161848566271,37,11.6949152542373
6.31131954453629,6.64448522184558,6.73657027329684,7.49925425137423,7.55456291465089,7.79438827076785,37,12.2033898305085
6.37214864908242,6.62601372297131,6.71373558737773,7.47699443984224,7.53989245129962,7.82023683566963,37,12.7118644067797
6.2971327765071,6.59440750668207,6.69745233426574,7.4775535779847,7.53631176242608,7.8200850168226,37,13.2203389830508
6.26759526851922,6.56388967437951,6.66561151452428,7.44612796769517,7.52114250351962,7.77953971977257,37,13.728813559322
6.26516074747753,6.52548007324351,6.64139704262034,7.43216872957452,7.50609363977751,7.78546928126058,37,14.2372881355932
6.26935794948642,6.51678159130283,6.62790287499543,7.43260296922707,7.49092304669791,7.79035465866103,37,14.7457627118644
6.22508042564947,6.47341973676265,6.60855443507264,7.42038431976152,7.48626192648872,7.7682071151259,37,15.2542372881356
6.16672390897245,6.43308997537234,6.57759190756489,7.41777156723183,7.49442495796654,7.74972037168222,37,15.7627118644068
6.15574597907235,6.41931925170372,6.54545915604147,7.40059867400501,7.46292190000793,7.68154154186919,37,16.271186440678
6.08498784306295,6.37005905150734,6.52442602997115,7.38643289327969,7.4522854629979,7.68644105717436,37,16.7796610169492
6.11742394469147,6.31834555953023,6.49417542013034,7.36652958619293,7.42714623458023,7.7072077628155,37,17.2881355932203
6.07401194346991,6.30288509325899,6.46585847642051,7.35324529307591,7.44280478008835,7.67891602162785,37,17.7966101694915
6.01523044581147,6.2693295014535,6.44550294406431,7.35482470439178,7.42798281009055,7.64648222511432,37,18.3050847457627
5.9604653677561,6.25102002682864,6.41310177540598,7.34303070502759,7.39635678653814,7.62989535353978,37,18.8135593220339
5.90437769207882,6.21649382212481,6.38619221876006,7.32028949170586,7.37871049585501,7.6612149650654,37,19.3220338983051
5.89722591364423,6.1682978852485,6.36976682610333,7.30699008202997,7.37832205636334,7.63962638151546,37,19.8305084745763
5.87005684490124,6.14309982273776,6.34267922315181,7.29681763238692,7.37347253080727,7.65862549995795,37,20.3389830508475
5.75366147657971,6.11867062024963,6.28556516094897,7.28106054520989,7.35212535846088,7.63763013246732,37,20.8474576271186
5.77818612784867,6.07879901716674,6.27567379769618,7.26272835722276,7.35052653747205,7.62458966629453,37,21.3559322033898
5.69694249674731,6.05081830377275,6.26326465501265,7.25175211410102,7.32165999309554,7.59986539892341,37,21.864406779661
5.71478651280189,6.03718564928882,6.2185970673811,7.23236842763264,7.29771851244475,7.62619141306742,37,22.3728813559322
5.60382991183979,6.00874668282938,6.19356172848518,7.23170630015042,7.29922948391242,7.57106365455447,37,22.8813559322034
5.66510033626449,5.99075345546274,6.16015651886326,7.2144050055639,7.29822121334811,7.59929410129822,37,23.3898305084746
5.5991772476299,5.95082328708905,6.14609133623245,7.20009968509812,7.26493695162456,7.57819869535815,37,23.8983050847458
5.47441465181458,5.89647258632192,6.09831529091274,7.18838859672795,7.25357850754048,7.56831822989358,37,24.4067796610169
5.48724149595957,5.87339631601921,6.08866800967437,7.18336084475702,7.26812727877593,7.50934282610384,37,24.9152542372881
5.36482488005795,5.85461581555912,6.01138746367475,7.16939837370652,7.23643275836563,7.5448630590067,37,25.4237288135593
5.34996706480055,5.82361708506604,6.01806172432654,7.16201967980917,7.24597919341591,7.52498196179299,37,25.9322033898305
5.3401704779211,5.79153522959037,5.96722723898772,7.13842279414867,7.21196237131165,7.52604399627655,37,26.4406779661017
5.29873366700599,5.76483388814817,5.93541394484325,7.12900167051964,7.20747875306197,7.5358984937504,37,26.9491525423729
5.26472262897309,5.73309117485816,5.89534543901275,7.12013599037206,7.19007915044602,7.51756966332429,37,27.4576271186441
5.16081224868394,5.67604899817381,5.90809818278695,7.10294680863678,7.1865593075568,7.50284233505228,37,27.9661016949153
5.07183672004307,5.64699947950481,5.85801811335023,7.10158509915887,7.16871342405325,7.48006824247367,37,28.4745762711864
4.92616433866063,5.64491136560221,5.82079854484503,7.08239568564059,7.17580293558307,7.48616671610889,37,28.9830508474576
4.95128095170399,5.60891807061727,5.80135004438613,7.08660878364681,7.13551569528818,7.46924479169702,37,29.4915254237288
4.97456052757169,5.60693604880395,5.76031458916855,7.04194738505468,7.14727914917064,7.50732967929523,37,30
1.24740261912278,1.42161146060654,1.47177060961193,1.97302331477207,2.01426231034019,2.43256932063163,38,0
1.24197991516353,1.41119104777025,1.46741312468758,4.4395776277552,4.71080933595328,5.8000327013709,38,0.508474576271186
1.45382090781961,1.60199992047285,1.67854753491526,6.09158062952216,6.19531691191717,6.62287805694839,38,1.01694915254237
1.70346885410941,5.33767289572571,5.59677424040452,6.65773689649078,6.74284359513652,7.02556909677978,38,1.52542372881356
5.85523431129967,6.19799055049872,6.27442088270124,6.95533472863221,7.02250934861216,7.1802570526684,38,2.03389830508475
6.27893632259565,6.52085666201374,6.57777028984177,7.14694154713748,7.19681345671228,7.42302241357264,38,2.54237288135593
6.4804839600891,6.70920136433968,6.75014749135398,7.26907956976003,7.30454387649623,7.55773110243235,38,3.05084745762712
6.59281605176616,6.78997152778766,6.84847330125513,7.37325731963588,7.43274044246857,7.69213378740853,38,3.5593220338983
6.66954148611009,6.87501445145438,6.91049730903309,7.42468054064896,7.48702672331336,7.70673311689418,38,4.06779661016949
6.64531239899045,6.90258918982909,6.94337155681683,7.48141579555257,7.52299824846173,7.72719789935093,38,4.57627118644068
6.47172954530138,6.91959052787867,6.98455955211094,7.51713641441082,7.56250362246147,7.74647485871696,38,5.08474576271186
6.58776941103081,6.93420853042168,6.99590184735669,7.5470362434218,7.59572347564536,7.7438775950016,38,5.59322033898305
6.51904956681201,6.91478324601004,6.98840184980376,7.56402195233844,7.61461071796275,7.7823671640533,38,6.10169491525424
6.44947241587139,6.92247704726425,6.99332624337333,7.5677518324721,7.6279466801557,7.82599654104565,38,6.61016949152542
6.37083197192928,6.91934699946393,6.96361457933692,7.58505479712381,7.62184155064358,7.79893203463984,38,7.11864406779661
6.30598711038061,6.89104639199166,6.95791521904334,7.58048924540018,7.62784884702804,7.83197237160812,38,7.6271186440678
6.28967707665955,6.88169019507947,6.94395845184971,7.56924458400845,7.62079172146762,7.76496729601564,38,8.13559322033898
6.12019748316594,6.84148519150386,6.9117257847257,7.57925092448642,7.6276316955213,7.7810381901655,38,8.64406779661017
6.10805394901121,6.80707039100945,6.89869628735358,7.57488179513054,7.63054616430214,7.82382111542888,38,9.15254237288136
6.12088665133426,6.78437843812514,6.89045201417567,7.5695759317365,7.615584498072,7.83307041422776,38,9.66101694915254
6.05634306240069,6.73766921609826,6.85935170017194,7.55122371609313,7.6014510601204,7.74924483563433,38,10.1694915254237
6.16994482183377,6.72937998841062,6.82178739950118,7.55145911587583,7.60242394372621,7.80722245135686,38,10.6779661016949
5.91982764998151,6.66626389896198,6.81187406880276,7.53158249814374,7.59802231532896,7.74409982262845,38,11.1864406779661
5.87818599941397,6.65291026871643,6.76592997430796,7.52692575029037,7.58296634706927,7.76419230084864,38,11.6949152542373
5.74987362099952,6.61439293523737,6.74850202175432,7.52121006670108,7.57280015073693,7.75873518172592,38,12.2033898305085
5.84396489222085,6.59979955819632,6.7135128832224,7.50349917374303,7.54941369422578,7.72157395705387,38,12.7118644067797
5.775373172628,6.56169110001992,6.68436589335369,7.49203358329875,7.54865020772212,7.69431227196599,38,13.2203389830508
5.76393104053151,6.52964902417537,6.65454249900573,7.48511140999327,7.55185322442791,7.71850161982204,38,13.728813559322
5.60514568642936,6.48560239358078,6.62500577233646,7.46479902994007,7.52355734426172,7.73540186879345,38,14.2372881355932
5.58495379579891,6.4195713810323,6.60516738045326,7.44717066312134,7.52180167469741,7.66928177419345,38,14.7457627118644
5.42121528912908,6.42508644063312,6.56758162431255,7.44439645870687,7.50956656421835,7.68697726155421,38,15.2542372881356
5.44732198833924,6.37578749108771,6.53140887137143,7.40956000380828,7.4699561961534,7.60491651271002,38,15.7627118644068
5.54159243930683,6.34148024742533,6.50397393168643,7.40347034108941,7.47796675911119,7.63059658009935,38,16.271186440678
5.35981563100185,6.29269795769948,6.4508140303188,7.38881323901956,7.43612088264991,7.62092998431469,38,16.7796610169492
5.27379815820773,6.25788775644152,6.42812268217548,7.37268165347361,7.41792514206652,7.59293816644031,38,17.2881355932203
5.3231521835238,6.20430356964888,6.4075516303098,7.35283085591456,7.40951581040283,7.6111770388377,38,17.7966101694915
4.99811857139716,6.16094059125829,6.37020155072808,7.33018891918718,7.40835723750544,7.59536218421633,38,18.3050847457627
5.08608504210591,6.16695993204836,6.33903957564342,7.3246904967154,7.39749740726255,7.55625703146114,38,18.8135593220339
4.90608712229304,6.11374729308163,6.30685131014313,7.28561927928479,7.38620377152266,7.52786477265582,38,19.3220338983051
4.88093425372052,6.06521723197489,6.28325828960904,7.27982455656384,7.36210660461368,7.63166484650941,38,19.8305084745763
4.80902812910332,6.02780064468912,6.21251769010205,7.27320279505224,7.35182679371915,7.50510086901132,38,20.3389830508475
4.75884949294162,5.95630205784692,6.20597692821266,7.25468897154443,7.34437668944677,7.58006101044547,38,20.8474576271186
4.73127405289592,5.94866449934129,6.14115559795375,7.24695026713368,7.30462722940252,7.5125773298635,38,21.3559322033898
4.70149946689788,5.88755062583259,6.12367972865487,7.21660293606763,7.30965426274691,7.53484139736027,38,21.864406779661
4.60423062909039,5.79187364073828,6.08508084188827,7.20854759235542,7.30970182840056,7.57122946310495,38,22.3728813559322
4.60040615409558,5.78425289654335,6.06248804408361,7.203341231639,7.28830217855384,7.52215675178528,38,22.8813559322034
4.47824606869029,5.75920010883754,6.00774157393707,7.18369321081778,7.25832783297331,7.48425041914232,38,23.3898305084746
4.36248025897527,5.71205036406882,5.95608784088145,7.16263133533223,7.26471620371111,7.50303836858866,38,23.8983050847458
4.26617899283491,5.66534532622225,5.91951705407385,7.14423133865819,7.23652687008599,7.43937958710655,38,24.4067796610169
4.30248007869101,5.63302104384653,5.88999327098821,7.13521658012514,7.23887893843997,7.46997414107215,38,24.9152542372881
4.21940499202415,5.61665416327429,5.87501249940249,7.12761224702481,7.22247447078378,7.41880080868823,38,25.4237288135593
4.1171900030969,5.55499526553664,5.82962056896389,7.11074979050517,7.20287625079027,7.45821586034627,38,25.9322033898305
3.83630647897457,5.51094133972151,5.77960446763779,7.09490135324142,7.18886502077201,7.41422866717396,38,26.4406779661017
3.86287556065702,5.45257413985925,5.74375346739156,7.09069372961727,7.19392652281147,7.45374889259268,38,26.9491525423729
3.88959693805289,5.45903372943574,5.71636798869224,7.05674038367556,7.15438059604942,7.38119545417189,38,27.4576271186441
3.76165438369567,5.4091193105366,5.66418046906372,7.05611591478979,7.15707758986568,7.42205046175544,38,27.9661016949153
3.75708817939422,5.37892040873272,5.65221889442943,7.04210618279954,7.13041853155886,7.47709932823848,38,28.4745762711864
3.53431829987514,5.32821543553675,5.56839466741904,7.01311627855771,7.1304590944099,7.41182364016527,38,28.9830508474576
3.73488046475435,5.3062687246841,5.54093575416614,7.01450837843207,7.10927645653956,7.43172044215099,38,29.4915254237288
3.54922430075245,5.22194781313272,5.52177012199262,7.00539209894416,7.07521135583974,7.41572008935028,38,30
1.1993756239906,1.42178068995153,1.46991644772602,2.03251894909965,2.65447576528695,4.77882723499581,39,0
1.58807775358908,2.07227876048558,3.96038859242963,5.83136642013119,5.93835601982693,6.19430957196951,39,0.508474576271186
5.18997914289992,5.67128190475594,5.76511055255337,6.49859420657515,6.55249248645112,6.79337371345665,39,1.01694915254237
5.85465707071789,6.14057928938537,6.19221576261434,6.81366483981303,6.86504817168257,7.05287783873631,39,1.52542372881356
6.11820438524623,6.34950285672607,6.43212251088788,6.99752141851645,7.04024722953789,7.26964842920428,39,2.03389830508475
6.01890280053995,6.50583561018789,6.57409184812622,7.1045836208851,7.15210088329485,7.33036477001354,39,2.54237288135593
5.83972782831707,6.60836593635067,6.64927689226271,7.20482056126333,7.24798502331933,7.41292118046476,39,3.05084745762712
6.07198771211822,6.65074581350402,6.70690471239742,7.25379177319579,7.28988478438928,7.51263846723256,39,3.5593220338983
5.94708799302014,6.66871076019092,6.73395762593029,7.29587716774919,7.34147388994399,7.50285773524949,39,4.06779661016949
5.94285548260938,6.68457353515503,6.74279639247861,7.31375304148728,7.36084242704468,7.5788592905751,39,4.57627118644068
6.07074985144185,6.6884836025482,6.75347048452542,7.33806013617357,7.39057786804439,7.5511065454838,39,5.08474576271186
6.052857970656,6.67351386090383,6.74628244853382,7.3542882498025,7.40645619487913,7.55104315701207,39,5.59322033898305
6.04196108714872,6.66062062745895,6.73393234924208,7.35484939016518,7.42260902139141,7.56335328361743,39,6.10169491525424
6.22175555783525,6.67755648073948,6.72375453696951,7.36745055767544,7.40788813067391,7.60165474845886,39,6.61016949152542
6.04978489886027,6.61947781354292,6.71423711161593,7.36319263897411,7.41130483094378,7.55721583099324,39,7.11864406779661
6.10775611480512,6.6171618190141,6.69548790410597,7.36338859304992,7.41971718393634,7.54549444968583,39,7.6271186440678
5.97654628233547,6.59894854045798,6.66730731902021,7.36171587600569,7.41529408797712,7.56425841934649,39,8.13559322033898
6.0416378672846,6.57769136006818,6.64981254978712,7.3500071115132,7.4123379660418,7.53966656516302,39,8.64406779661017
6.05463395051554,6.55455326280619,6.62504379870057,7.34420016798045,7.39907451714208,7.58212051027059,39,9.15254237288136
5.93725482995094,6.5410870097951,6.59685818085993,7.33037171204171,7.39385275039675,7.60396462593212,39,9.66101694915254
5.88976604605249,6.49848425843347,6.58788079789313,7.30898224121093,7.39144569536412,7.56035630958502,39,10.1694915254237
5.8765523901116,6.46549997118244,6.5575720603341,7.31521028943009,7.39041067373508,7.52402340261676,39,10.6779661016949
5.76163962466355,6.44216591043718,6.52710453973959,7.28705773291908,7.3586345195065,7.54824191453899,39,11.1864406779661
5.69616626493811,6.43119520088532,6.5151683743877,7.27914301405416,7.34174977541339,7.53594058558803,39,11.6949152542373
5.70533376202376,6.37135375091734,6.48322832954019,7.27055072913302,7.33592996319497,7.52449626782238,39,12.2033898305085
5.62299459737901,6.35559083281731,6.44677218925548,7.27106710875569,7.3337345096891,7.51133932293882,39,12.7118644067797
5.6068040156524,6.34792924614862,6.4324417208433,7.25206015126389,7.30831457209397,7.48355248441299,39,13.2203389830508
5.58024167364661,6.30604924252934,6.39893190022042,7.2291028262224,7.29989982371544,7.50187435325355,39,13.728813559322
5.33540291233579,6.2699736089095,6.36524528842546,7.21318277502598,7.28845967690023,7.49167796632266,39,14.2372881355932
5.28865881539733,6.26229792024154,6.35529522842858,7.19034637611044,7.27333923690859,7.51299719308925,39,14.7457627118644
5.29406367643951,6.20198583508501,6.31393569833108,7.18652696567531,7.26095302320877,7.48161285103516,39,15.2542372881356
5.30958220132461,6.19647593129573,6.30594016406872,7.17452946133012,7.25741379814811,7.4899231464252,39,15.7627118644068
5.20084329020247,6.14445621505555,6.26922229937984,7.15371099361405,7.23199531839626,7.45957705757264,39,16.271186440678
5.203947512329,6.12518863470924,6.23629559748978,7.13590031209517,7.21444891988769,7.43489094669572,39,16.7796610169492
5.07089726196714,6.08355124694159,6.21460902842716,7.1223165567199,7.21047229378624,7.42448902165652,39,17.2881355932203
5.0212706374405,6.03449663892862,6.18909142476879,7.11711770696664,7.1948286401843,7.40636936306488,39,17.7966101694915
5.01721375992882,6.01067798999067,6.16353971679232,7.10359270911989,7.19563115687067,7.46728614707366,39,18.3050847457627
4.88552403728571,5.98062337230002,6.15015295686923,7.09639936010306,7.16090563650403,7.41717361572505,39,18.8135593220339
4.86030207482909,5.93409490823673,6.10409309264307,7.05483130817548,7.15989081280656,7.40313862181239,39,19.3220338983051
4.7688136865204,5.89794760398474,6.0895397762351,7.05658787571841,7.12994228899657,7.37578036214419,39,19.8305084745763
4.75460368574852,5.8700082797824,6.06743891122388,7.04765185997493,7.12147128399785,7.39235637009305,39,20.3389830508475
4.79753653736631,5.85480791060046,6.01256698232002,7.04096450525975,7.11203460895112,7.34554197255488,39,20.8474576271186
4.72398587957127,5.83170302148294,5.98744256639468,7.02396123455392,7.11041417936645,7.34297120691998,39,21.3559322033898
4.57353828750708,5.76530786109542,5.97797751998038,7.02338170258037,7.1066684728599,7.35522504638706,39,21.864406779661
4.60432431583317,5.73988534654213,5.93593409113501,7.00603543894609,7.06127895697338,7.29874613226963,39,22.3728813559322
4.52450606048074,5.66720220538687,5.92020037184854,6.99533867596846,7.06287583098327,7.31085502698641,39,22.8813559322034
4.51906807527567,5.65273600117683,5.8974909282819,6.96118014157769,7.04978153960689,7.28640618144827,39,23.3898305084746
4.28586600832955,5.62641745880959,5.8570944654185,6.96203038734596,7.02737735141318,7.30263549945766,39,23.8983050847458
4.08344669091237,5.62778545683064,5.8095138396346,6.95426878975354,7.02450565779471,7.32398485528292,39,24.4067796610169
4.05699151210383,5.58882875232459,5.77255406546947,6.94532862828905,7.00235909223923,7.29154621260883,39,24.9152542372881
3.94504060923587,5.54702834693054,5.74668519493313,6.90898519435816,6.99331166245113,7.32718637284652,39,25.4237288135593
3.93294349927278,5.52870914150083,5.72927248931528,6.90604929422302,6.98863600507581,7.33374348708197,39,25.9322033898305
3.93167696011897,5.44825675767748,5.68149416784821,6.88079653657286,6.96648637902625,7.273326697462,39,26.4406779661017
3.89007360928193,5.44972838894098,5.6806519353995,6.8846738091555,6.98553994099048,7.37116611176359,39,26.9491525423729
3.8423002864936,5.36380805079166,5.64519910331948,6.8763399309159,6.93905667316672,7.27354455033829,39,27.4576271186441
3.98267537799144,5.37367118810376,5.58883836540637,6.8641007474962,6.94748889619899,7.2447152161633,39,27.9661016949153
3.78247747888879,5.33731430077496,5.58133026804549,6.81878217490254,6.9396327557237,7.28034028240576,39,28.4745762711864
3.73378663659124,5.2678750167144,5.55107221844761,6.82471250087422,6.91675413762706,7.23102102459965,39,28.9830508474576
3.66648362749166,5.24985012102265,5.51243452794845,6.78478992297394,6.88772358979501,7.24126681553597,39,29.4915254237288
3.65176072134934,5.20450064257521,5.45695676654909,6.78612034637729,6.88990997765008,7.29082421865203,39,30
1.20760064447294,1.4149555664722,1.46156820908195,1.97921805824216,2.04095424158137,3.59135310730476,40,0
1.43797610779657,1.64752861266246,1.79607518639711,5.66778450175608,5.71286429074933,6.07709782685941,40,0.508474576271186
2.42682144861814,5.35931848214861,5.52137292676238,6.36863075253014,6.42091263758654,6.60204262006324,40,1.01694915254237
5.54892744101693,6.03020501331273,6.1061320287606,6.70969007124403,6.75392294891553,6.94439000495165,40,1.52542372881356
5.93789172346398,6.30716637087141,6.34669005836604,6.91113539981602,6.97761015620742,7.10692227652257,40,2.03389830508475
5.93676742334903,6.43320412412588,6.50756894267402,7.04224143137327,7.10016559113026,7.29614737643681,40,2.54237288135593
6.16010824532934,6.5179346679749,6.59353582808994,7.1339160156439,7.18064438342644,7.32859188296739,40,3.05084745762712
6.02707560574782,6.57674134253581,6.63836353323083,7.20370706528865,7.25896184248922,7.41342569528763,40,3.5593220338983
6.1257366615093,6.62528639557642,6.68256732666609,7.24771781972069,7.29721718374496,7.47609821654458,40,4.06779661016949
5.86777343426743,6.63835901141749,6.6940386920962,7.26745251453611,7.31508750340058,7.54863776859632,40,4.57627118644068
6.09935719567673,6.64012253121107,6.69057458177809,7.29617957131647,7.3475202366902,7.53733062705339,40,5.08474576271186
6.04088615841271,6.61486599907806,6.68520137108886,7.32185355225319,7.36383797295835,7.58144482372434,40,5.59322033898305
5.83052793563416,6.61691358544743,6.67683505198801,7.31155936949747,7.3544295182837,7.67530338300855,40,6.10169491525424
5.90762622874212,6.59511142108111,6.67512543403663,7.31131778838495,7.35921617144717,7.57327413343844,40,6.61016949152542
6.0844374132906,6.58004072222084,6.64408054196723,7.30077797443218,7.35845238071657,7.57330925115121,40,7.11864406779661
6.02500097720162,6.54393222734062,6.6328159565077,7.31305600285226,7.35977986350283,7.55852295620292,40,7.6271186440678
6.04043059501354,6.52681795255066,6.61399481098178,7.29924212101265,7.359438748672,7.55194720130503,40,8.13559322033898
5.94130142615277,6.51639402959667,6.59900747888214,7.28895824593063,7.35112920467087,7.58103453564738,40,8.64406779661017
6.02674816929704,6.48443896387362,6.55803099047903,7.27423160548618,7.35595790849495,7.55154021766916,40,9.15254237288136
5.89789114478926,6.4693671029551,6.5265315095751,7.27166864582645,7.33486472776706,7.59883375351759,40,9.66101694915254
5.77275368908279,6.43908651906583,6.51828639827,7.25619045279224,7.31784379361628,7.61185874754764,40,10.1694915254237
5.73974155976963,6.40001866785445,6.49380325985655,7.24891747472305,7.31481760487344,7.52055745473387,40,10.6779661016949
5.79096567993462,6.35881183588643,6.45565138728406,7.2229070984933,7.29606307132582,7.52940804191314,40,11.1864406779661
5.80128610058499,6.33818151178123,6.41681487533164,7.2255077612728,7.29284418117156,7.54842058564868,40,11.6949152542373
5.76025938247155,6.29481934082283,6.37239106755084,7.19676576826696,7.26707230081811,7.48483718605608,40,12.2033898305085
5.70184796866059,6.28624028136112,6.36577661179857,7.18855934414556,7.25462254272186,7.49554032230316,40,12.7118644067797
5.60921228431839,6.22278971328045,6.3241587348844,7.17716708779273,7.26053212755942,7.45558886872656,40,13.2203389830508
5.55704794203194,6.17515736244591,6.28083232639205,7.1582365748685,7.24595742864058,7.48094244239786,40,13.728813559322
5.60074984488156,6.15130128320601,6.25142020402891,7.13824188413147,7.22382950684627,7.4575050603478,40,14.2372881355932
5.51758347838129,6.12754005664365,6.2286217538577,7.141685828451,7.21459281319518,7.50945024485535,40,14.7457627118644
5.45070052449532,6.06947929562156,6.20158726873141,7.11570865936555,7.19156114077968,7.44449385557568,40,15.2542372881356
5.44092456146503,6.06263663045987,6.16017197117896,7.11008738473821,7.1692440865893,7.41845633054976,40,15.7627118644068
5.39076858048833,5.98986071013288,6.1410744089064,7.08668560013127,7.1521093567643,7.42296674069916,40,16.271186440678
5.2891193870444,5.96104826729604,6.13042439989449,7.06745155925054,7.14905502889187,7.43532034360217,40,16.7796610169492
5.24499397135189,5.90723474471069,6.06028849904768,7.04226549178484,7.12669439314628,7.43546043292451,40,17.2881355932203
5.20928225877457,5.881382950965,6.03698432001278,7.02903264949676,7.11212003501983,7.41387932492573,40,17.7966101694915
5.22327709550972,5.85226856443716,6.02197538499695,7.02408041859406,7.10054552098207,7.40857065876287,40,18.3050847457627
5.11148295128533,5.82774139592763,5.9699399703313,7.02756353885515,7.08563677778835,7.34747620089578,40,18.8135593220339
5.13366441744737,5.76641517961473,5.94887985015584,6.99133870837712,7.08370313051113,7.34912419203137,40,19.3220338983051
5.0555723694677,5.75460282875554,5.90286224106751,6.98317397329098,7.05771393375913,7.38879666836388,40,19.8305084745763
5.04014126182133,5.72004250061324,5.86364916192624,6.9528824436753,7.04742768961664,7.36939601106064,40,20.3389830508475
5.04334090728195,5.68833571372442,5.85370187140552,6.95893566289954,7.02944642688186,7.34477028664819,40,20.8474576271186
4.96670228885766,5.61577546964575,5.80823390863092,6.93648009723015,7.0027965964066,7.40707186685072,40,21.3559322033898
4.9151034455454,5.59009106051661,5.76207415255138,6.92382086774448,7.02294610386743,7.36230826898419,40,21.864406779661
4.80601504896704,5.52624601332902,5.73364099021432,6.92269354650339,6.99295425721822,7.30994957545945,40,22.3728813559322
4.70481058135297,5.48330033217662,5.70028248368742,6.90728206492278,6.98071992051269,7.32293430442069,40,22.8813559322034
4.65746624866152,5.44817287032087,5.64641320860903,6.87505684123013,6.96813579770767,7.39244953611105,40,23.3898305084746
4.4837497335639,5.42780027703274,5.60785704729016,6.87588989354511,6.95376018277088,7.29505886764789,40,23.8983050847458
4.5873882663896,5.39059538735556,5.57934371955978,6.86113933522712,6.94374329337336,7.3203837186997,40,24.4067796610169
4.44909936033031,5.33970032578624,5.53582157859323,6.84474359639824,6.93672405251956,7.30296161783736,40,24.9152542372881
4.42100240758348,5.32014474827682,5.49709343260726,6.82881377322114,6.90748672860356,7.30500390619315,40,25.4237288135593
4.49556976770594,5.27966569664083,5.4822077645992,6.83477598950143,6.88378863700578,7.3316324931024,40,25.9322033898305
4.36515459995094,5.23700715586046,5.43518076317628,6.79706766025996,6.87711657328798,7.24658861798957,40,26.4406779661017
4.19716151522876,5.21442384424492,5.41620224398611,6.79655480117701,6.8733897992169,7.23483370664658,40,26.9491525423729
4.17463140603898,5.15486256550919,5.37417754319902,6.78747617621877,6.86139626796401,7.24267960838221,40,27.4576271186441
4.11987367142676,5.12720095411879,5.32619941157691,6.74608673471747,6.85380169909577,7.25066951278086,40,27.9661016949153
3.93880775793005,5.0825044071593,5.28491341031976,6.74091213582142,6.82482976650431,7.21762877773042,40,28.4745762711864
3.95225325933733,5.04360911384627,5.28005682203684,6.72227775172629,6.82173564228197,7.28148299230526,40,28.9830508474576
3.85486387821055,5.01014458010995,5.23700752141614,6.71342718560672,6.81090028899943,7.17486901072071,40,29.4915254237288
3.91771654036389,4.94175791950935,5.20184442245802,6.70595837073867,6.80103501836619,7.23410923550673,40,30
1.22684591778872,1.4106080140796,1.45583340042023,1.95794074873667,2.00502108912576,2.42373018648802,41,0
1.21434211602543,1.48025310695503,1.53065368625972,5.1478813638678,5.27994211953474,5.67652784853674,41,0.508474576271186
1.42700231395098,2.31805432219213,4.38303440158668,6.12641346775684,6.21958397923925,6.51553712769342,41,1.01694915254237
5.21098886627613,5.65697679489455,5.82781132830422,6.55442258966051,6.62297033342063,6.95828476145688,41,1.52542372881356
5.94092520245286,6.16718178236444,6.23736709144972,6.81679844113877,6.89349435310795,7.10465893507665,41,2.03389830508475
6.09534950054543,6.38004990062982,6.4537427275707,6.98110003944103,7.04999344150956,7.29698795630691,41,2.54237288135593
6.26672926613325,6.52207392745542,6.56532266403622,7.11912699779448,7.16735076531944,7.49495759401852,41,3.05084745762712
6.20850861597352,6.57967887630486,6.64613816657845,7.19887326432014,7.24382762738863,7.40864919627505,41,3.5593220338983
6.31302351794264,6.64513602998117,6.69066688321519,7.24382618524238,7.31302798451978,7.63819552552144,41,4.06779661016949
6.29370077730446,6.67604857430688,6.72047405971489,7.29418130239902,7.34485100351053,7.66247930469699,41,4.57627118644068
6.30662116165817,6.68279670932641,6.72252620469487,7.31239451138412,7.35929871000297,7.68210947685428,41,5.08474576271186
6.18515920927863,6.6702191070036,6.72746450972899,7.33335454141042,7.38442176534279,7.81365823502725,41,5.59322033898305
6.17400524291173,6.67067776004703,6.73104393478683,7.32970029460367,7.40539385348855,7.67395363345635,41,6.10169491525424
6.21577469887188,6.64855550112486,6.71013557319258,7.36471528233207,7.4163687603877,7.80777375035081,41,6.61016949152542
6.1314994275447,6.63221226598766,6.70136138538766,7.35437096391632,7.41610983040269,7.64810391109689,41,7.11864406779661
6.07405553156678,6.5984075838956,6.67843116788728,7.35351755641278,7.39942152547669,7.7541766829193,41,7.6271186440678
6.08091192525664,6.57419353888435,6.63767145127677,7.35670521987944,7.4131295093788,7.69056380676597,41,8.13559322033898
6.09112936929314,6.55139140710863,6.62758467476306,7.35567104852298,7.41723798392649,7.61832523930824,41,8.64406779661017
5.92667297665352,6.52621689736349,6.60257213114075,7.3411226937148,7.41411788422974,7.73017952097399,41,9.15254237288136
5.92961443498202,6.4794590741028,6.56988467907923,7.33271786864125,7.38878069067139,7.58139026097433,41,9.66101694915254
5.77455121501533,6.48334583831225,6.5644994447229,7.32326388111527,7.39837183856393,7.57868357087445,41,10.1694915254237
5.72755096779619,6.44232839775952,6.53640030785044,7.3072927812696,7.38676838811156,7.70929238289831,41,10.6779661016949
5.56280550520573,6.40017572182032,6.50160634011238,7.29980600017043,7.3624117997271,7.56154368959355,41,11.1864406779661
5.55256172945423,6.36022597846829,6.47645864967048,7.29050383664863,7.36175025876571,7.63382006042457,41,11.6949152542373
5.31561511898942,6.31827604622193,6.44840728754273,7.27172947245071,7.34308580659028,7.64891070019648,41,12.2033898305085
5.21930611736843,6.29896626564462,6.4076904248425,7.26045429769687,7.33881828132838,7.54312392078174,41,12.7118644067797
5.28307923378927,6.28162078252146,6.39875881402372,7.25450466135841,7.33733275938267,7.58774086201587,41,13.2203389830508
5.26632885008663,6.24827186030727,6.36266125415622,7.23981972661559,7.30958038327256,7.58899634485769,41,13.728813559322
5.26440430898596,6.18075320469946,6.31703843098554,7.20799229018057,7.28137175812606,7.61197844877827,41,14.2372881355932
5.2240724441461,6.15547216703233,6.28589604422412,7.20414423557489,7.30457001862475,7.70814357548962,41,14.7457627118644
5.12682577075485,6.135857821373,6.27686612399271,7.20052755833672,7.25482297408783,7.54720676265362,41,15.2542372881356
5.12592349112085,6.06727400526709,6.22603821222585,7.17316284288198,7.24741134010723,7.49284288192578,41,15.7627118644068
4.94367725330145,6.05271569934916,6.19785387788733,7.16616045491234,7.2372489520573,7.55719638960868,41,16.271186440678
4.8949434429294,6.0213892211797,6.17190954849014,7.13278538899818,7.22169908569598,7.51166633582417,41,16.7796610169492
4.69264082530472,5.97090976279479,6.1529460221026,7.11416303945176,7.21146350420783,7.44145820084114,41,17.2881355932203
4.63917025263764,5.9559498049296,6.11017689535523,7.1240115239925,7.19191229861481,7.4338589067143,41,17.7966101694915
4.60719342205192,5.90800503117521,6.08095768231615,7.10361579908615,7.191369587197,7.45154068685397,41,18.3050847457627
4.46582378391957,5.82552135457339,6.04055926021107,7.07961911848962,7.18618806555498,7.39336255908556,41,18.8135593220339
4.48814913953361,5.78674580970396,5.99834422906629,7.06878935379296,7.13856546595548,7.37475666730118,41,19.3220338983051
4.44316909312471,5.78215146408166,5.96688261972769,7.05370940734736,7.12816365098166,7.38206957720093,41,19.8305084745763
4.17556867365862,5.69961971674948,5.92119249260561,7.03289041973361,7.10995988241279,7.40465791569687,41,20.3389830508475
4.30295922821205,5.63578526023964,5.89543639797665,7.02329415056987,7.12013623421046,7.31950958035584,41,20.8474576271186
4.11579886467777,5.63797221643711,5.87063448532165,6.99604970236332,7.06683518919481,7.30832266006489,41,21.3559322033898
3.98950218177118,5.60377575865213,5.84838911125061,6.99185122907934,7.08311104873412,7.32002294262844,41,21.864406779661
4.02808454804203,5.56915272062293,5.81122887447337,6.98459034668655,7.0807226137039,7.31508417198586,41,22.3728813559322
3.91041212148764,5.5346577087805,5.75372518265906,6.96730437643312,7.06047898909836,7.31360041648839,41,22.8813559322034
3.83299917712398,5.47455448392424,5.72230024109828,6.95940787131964,7.04024650124107,7.29791025617166,41,23.3898305084746
3.81875233950194,5.42326331944598,5.67780765699431,6.93989064893403,7.04735520429297,7.22070430112466,41,23.8983050847458
3.8865253994604,5.37869942966415,5.65074200901292,6.91771254107081,7.0152708518134,7.23368367408802,41,24.4067796610169
3.72957375604979,5.37050006855957,5.61801292087504,6.91187245961421,6.9947844774383,7.22389856675897,41,24.9152542372881
3.81454875507408,5.29238623164849,5.58399139228393,6.89180393538464,6.9995790913924,7.24266869500186,41,25.4237288135593
3.65265569336606,5.26475614028293,5.54371811985816,6.87257018625389,6.96012174029608,7.23352848440973,41,25.9322033898305
3.69181167162913,5.23329008770172,5.49251418978173,6.85184579287012,6.97550413979389,7.21806860424522,41,26.4406779661017
3.51295349486391,5.1811376230872,5.48881574408674,6.83713344017712,6.93132008098809,7.23696716923083,41,26.9491525423729
3.51865104430907,5.13954088574645,5.42296140795469,6.84874798787804,6.94744625091851,7.21933020052809,41,27.4576271186441
3.38939340332956,5.07098096633129,5.38545383453945,6.82470544605506,6.91985501623761,7.25340054162404,41,27.9661016949153
3.17923588543388,5.05691395631139,5.35959135510556,6.80959519504398,6.91918049866399,7.20481781953328,41,28.4745762711864
3.01661302218973,5.02904447729438,5.32312546902735,6.80710978883788,6.89098406413025,7.15968471621586,41,28.9830508474576
3.02133212578415,4.96840928502086,5.29841373353243,6.78110796510768,6.88614010801658,7.1765555066336,41,29.4915254237288
2.88132753180684,4.93484110132135,5.27246813299326,6.76003407008212,6.87400063337647,7.16707822374181,41,30
1.24949590013486,1.43804883724124,1.48042728313975,2.57716961485334,3.47984327401795,4.31300840417639,42,0
1.60221291888155,4.0323700355896,4.45739056702481,5.8448151421227,5.91470137837058,6.21697036706071,42,0.508474576271186
5.3795790259689,5.74209008639335,5.82077568256841,6.46143297536386,6.52507608146994,6.88594886581842,42,1.01694915254237
5.88758596889737,6.1395006073238,6.19610286624118,6.76706782309899,6.81198425761657,7.27511361663494,42,1.52542372881356
6.12526943851367,6.3370710160903,6.39316236287186,6.9543079351403,6.9949648521637,7.19530881119305,42,2.03389830508475
6.15203462628843,6.44930297927212,6.50415860494637,7.08535284313705,7.13117533431884,7.49399464142709,42,2.54237288135593
6.35671122122735,6.53835108227515,6.58248176272221,7.1743308167213,7.2138399896998,7.40306966907911,42,3.05084745762712
6.31981578501325,6.57322635845814,6.64303574236955,7.22224491886722,7.27529256272015,7.48886997017268,42,3.5593220338983
6.36103497664761,6.61517545196662,6.68207947526053,7.26434603541835,7.30407402359975,7.49101361200775,42,4.06779661016949
6.40141805042789,6.64212237175191,6.69848085663057,7.28128131231953,7.33124008355147,7.56648215896814,42,4.57627118644068
6.37193888002329,6.63616634676393,6.70741902473094,7.29898272922316,7.35897763794272,7.53044360627265,42,5.08474576271186
6.32310655134525,6.63875502270151,6.70620034185693,7.30411516310802,7.35847006121925,7.54146209621137,42,5.59322033898305
6.36207258769887,6.63302899943178,6.70175116879524,7.33223095176244,7.36675950289826,7.59838905682201,42,6.10169491525424
6.28173092440178,6.62449464155991,6.67975211176195,7.33436886150948,7.37555682126622,7.57503030122136,42,6.61016949152542
6.2675212824738,6.61562245704191,6.67758933613309,7.32861966110628,7.3910093313087,7.50719019706021,42,7.11864406779661
6.22277999226676,6.58510489126822,6.6566929179678,7.31275394939507,7.3891396146214,7.59001017009078,42,7.6271186440678
6.19850875232073,6.57778049279105,6.64613839276086,7.31885885399735,7.36785903154382,7.62937555338308,42,8.13559322033898
6.14018611552148,6.55883893641444,6.61614226391231,7.30793894279863,7.35960713166012,7.55429542749148,42,8.64406779661017
6.15282686126827,6.52089624100711,6.60204896757522,7.28274311822791,7.34831947888539,7.54196236494924,42,9.15254237288136
6.11374248130781,6.49401705566151,6.57732238571975,7.27956605720889,7.3408171335108,7.551928425089,42,9.66101694915254
6.02494021076529,6.4676770303832,6.54953297864118,7.27786900005145,7.33964410876065,7.54415548370085,42,10.1694915254237
6.00709633504114,6.4584052376577,6.53600277248503,7.25109512532473,7.29875028715112,7.556650099656,42,10.6779661016949
5.93285066917128,6.4250006437938,6.50580850984311,7.24807109282752,7.29191603028392,7.52108559647735,42,11.1864406779661
5.88062022095913,6.4012098450462,6.47579540321761,7.22951150718861,7.29081528969256,7.52966434024485,42,11.6949152542373
5.92424310952627,6.37699480726036,6.44626152835568,7.20382328811372,7.26947934865772,7.55431679930299,42,12.2033898305085
5.72271890641903,6.3405335704496,6.41572495523935,7.18894712369845,7.26938571633155,7.48922639759808,42,12.7118644067797
5.76738332534702,6.32751203675833,6.39870774137224,7.18934948020993,7.22716980053967,7.49761839172012,42,13.2203389830508
5.70872367254261,6.30105687488227,6.3594684716641,7.16381923326835,7.23206338420123,7.49888737920262,42,13.728813559322
5.65446025262615,6.26132093588014,6.34890849327295,7.15175787637408,7.20573360677947,7.48355350276172,42,14.2372881355932
5.43746004760157,6.24309188846107,6.31255003014318,7.13119251371554,7.20695246188816,7.49008629145803,42,14.7457627118644
5.54594486397676,6.18005449762041,6.27920857354745,7.11816700211253,7.16810299114821,7.4429753657694,42,15.2542372881356
5.48527411925396,6.15453986989744,6.25183991726745,7.11098262315841,7.17729633484563,7.49035981181899,42,15.7627118644068
5.39644582881969,6.12675099783112,6.22920918365316,7.07931004129373,7.17435185444664,7.43035148403698,42,16.271186440678
5.41816287029484,6.11090429834616,6.19574573617508,7.08208431903024,7.17159240011923,7.44518400088307,42,16.7796610169492
5.31943702013781,6.08611351178978,6.16212187362489,7.06095571078189,7.14256921664346,7.40969472242278,42,17.2881355932203
5.26041118725019,6.04168431756135,6.13937692796563,7.04737540519611,7.13091758939367,7.40360744566092,42,17.7966101694915
5.16188615479408,5.99709146746274,6.12617938842691,7.01748187616225,7.12205200512845,7.37191609799123,42,18.3050847457627
5.12610167221639,5.99006706071708,6.06284946232288,7.00014742185409,7.08893849529965,7.31048878823146,42,18.8135593220339
4.91487492493447,5.95713987937494,6.04724350733337,7.00930877947455,7.09829817532079,7.39157249864029,42,19.3220338983051
5.02682691795248,5.926432789781,6.02239332617838,6.98677111002056,7.07906563896911,7.41207203804322,42,19.8305084745763
4.853159043519,5.89028395354619,5.99171465859226,6.97541880607237,7.06483530524558,7.37264340572023,42,20.3389830508475
4.8513225226781,5.84775352256382,5.9486581565604,6.96199871478017,7.05468536468256,7.40476440487041,42,20.8474576271186
4.83169654892098,5.8107304075105,5.92794889290079,6.93591288806324,7.04723530373397,7.36194886918235,42,21.3559322033898
4.67389049136146,5.80485395744659,5.88352272115147,6.92871554366806,7.03353373808104,7.36014563359362,42,21.864406779661
4.66710162771358,5.75812124111723,5.85009435376295,6.91588247276796,7.0405409464557,7.2986246344666,42,22.3728813559322
4.51942526512402,5.70709878043565,5.83013258885772,6.89449387392401,6.99955615674971,7.30824987528277,42,22.8813559322034
4.54914725460645,5.67143570387734,5.78391225026192,6.87530648239642,6.98510689680657,7.24772373704155,42,23.3898305084746
4.50920538102945,5.65530045540776,5.78843659899689,6.87949224235613,6.99604976297405,7.34381479347396,42,23.8983050847458
4.29315393495809,5.62949064652975,5.75145921857886,6.86957494576127,6.98174342254427,7.2301578855645,42,24.4067796610169
4.29264750110137,5.59095240449028,5.6932379348548,6.82641087409118,6.95013425462528,7.25840594745646,42,24.9152542372881
4.27465551489311,5.5416606702962,5.66356606337479,6.84141691093165,6.92770663671073,7.28507484768552,42,25.4237288135593
4.09289282001383,5.51507686381794,5.64011094357708,6.81231753011453,6.94068623932496,7.21748864237343,42,25.9322033898305
4.02941100085473,5.47721229820217,5.59005668898898,6.81363298095838,6.9419856711462,7.28722076781624,42,26.4406779661017
3.99597896501411,5.45973850542985,5.57457891095051,6.79268011083616,6.89731745938813,7.19081751126257,42,26.9491525423729
3.95862976733463,5.42875895025085,5.5111841936521,6.78684415086774,6.90107013228058,7.15092697625645,42,27.4576271186441
3.90770338831022,5.36114296686023,5.50394754196246,6.77079734125885,6.86755001279566,7.13918349590765,42,27.9661016949153
3.81766666711036,5.32677660061754,5.47153891033786,6.75064239284172,6.87095565816221,7.22038678026421,42,28.4745762711864
3.76992961114735,5.29363048377872,5.44357868719456,6.75719698516824,6.82185569691836,7.18867708331988,42,28.9830508474576
3.84105245894977,5.27030415865016,5.39590790663204,6.73496544832615,6.83092271131071,7.1427490044738,42,29.4915254237288
3.73491662631992,5.23511193453256,5.36712491035769,6.73212524926532,6.83518955509178,7.15315839883563,42,30
1.24042029344171,1.41644551058632,1.45659351525112,1.97739229554948,2.03464770179909,3.69542536950213,43,0
1.47605104656668,1.74240599566229,1.86949520445521,5.80051341521362,5.88871510085054,6.19967360661032,43,0.508474576271186
1.94104457239678,5.62418651365799,5.72507413875601,6.51333143291007,6.54304935556305,6.71355191994007,43,1.01694915254237
5.79368935725338,6.16093876062376,6.22630226997211,6.85228818626006,6.89632361098686,7.09635138448821,43,1.52542372881356
6.00021463046262,6.43668932106099,6.49207714049727,7.06491845700396,7.10762757102691,7.25726900842429,43,2.03389830508475
6.25205866178625,6.58801573913599,6.63928828129668,7.19668619973667,7.23643579293597,7.37830436441633,43,2.54237288135593
6.37747466959713,6.67464582561928,6.73553909744868,7.28039804823519,7.33401913079472,7.49938369912154,43,3.05084745762712
6.32249205934123,6.72943251793671,6.77773560319805,7.34837261136249,7.39190385540139,7.58344602393929,43,3.5593220338983
6.37503339493848,6.77259814132154,6.81138111307136,7.38985456442742,7.42962905442488,7.61136704156485,43,4.06779661016949
6.25890662210989,6.75118220190758,6.82173843226596,7.42447449167935,7.46201547282942,7.61951919644815,43,4.57627118644068
6.48281845315523,6.74676053751295,6.81888208517104,7.44634352746403,7.50055433845013,7.68186312883713,43,5.08474576271186
6.44031473203379,6.75450527417071,6.81357536280892,7.46710512743781,7.50560318462584,7.6589879933125,43,5.59322033898305
6.46955415773704,6.7307621771334,6.79543261871312,7.47084836995333,7.51264374158263,7.77895473411978,43,6.10169491525424
6.24266496649437,6.72326610111363,6.76732402976979,7.47319779476808,7.52691370713418,7.69447751343088,43,6.61016949152542
6.36186078355451,6.70109400217094,6.78141258636795,7.4724747337446,7.51898122828799,7.76196756318369,43,7.11864406779661
6.27915232000046,6.69041938536574,6.74077980068045,7.46555803584563,7.5197995657707,7.70724157130796,43,7.6271186440678
6.26085108683949,6.62563391130713,6.72701315803964,7.45175778844599,7.50211673785163,7.77588285587891,43,8.13559322033898
6.26018101399363,6.6247216756177,6.71085690179401,7.45903942719391,7.51048145258189,7.68292111213509,43,8.64406779661017
6.29194403346722,6.57039996319149,6.67675615802533,7.43855562249034,7.50440705788617,7.7076047275357,43,9.15254237288136
6.21180604364405,6.5394279583971,6.6385707456954,7.42821839248778,7.49859174586998,7.67935536435475,43,9.66101694915254
6.14223815729414,6.52739713854745,6.63605892767686,7.40539469717149,7.46459396356274,7.71726400117162,43,10.1694915254237
6.08146457681742,6.493877206034,6.59260755947029,7.41424014660895,7.45797246607628,7.69449564766905,43,10.6779661016949
5.95404672976931,6.46577257865269,6.56308745069342,7.38386749411324,7.45084571205327,7.66963383187941,43,11.1864406779661
5.8898738001109,6.4221850041112,6.52306795296498,7.37898886158589,7.42036489464694,7.64135032882248,43,11.6949152542373
5.73257618116848,6.38322168310301,6.51070675848161,7.3470975994704,7.43687162041389,7.65455547067882,43,12.2033898305085
5.77882009793402,6.32433346155016,6.46246174864544,7.34389910031156,7.40470511305545,7.6687616006822,43,12.7118644067797
5.63271436129058,6.28255355653912,6.41636955365338,7.32774664968038,7.38532400232604,7.66439934953222,43,13.2203389830508
5.54841401202253,6.26841143449466,6.38891618813921,7.31292274029058,7.36359988057286,7.58966145186066,43,13.728813559322
5.58661753881772,6.22038857204174,6.36858222177181,7.28359017534519,7.3568584510796,7.59797800219981,43,14.2372881355932
5.49818860409473,6.15068279861792,6.32192136660627,7.27141918708283,7.35908384980777,7.62108028624848,43,14.7457627118644
5.3432687273419,6.11679806256029,6.27585975766945,7.26099206009657,7.31542420555603,7.55184188296919,43,15.2542372881356
5.28401090425383,6.09752501550878,6.23805396897754,7.24079028471998,7.30647308044247,7.52589627607641,43,15.7627118644068
5.08892453226178,6.07292772926054,6.19635907766308,7.22571901914422,7.29928011799218,7.59399287985323,43,16.271186440678
5.15949796292036,6.0001874378715,6.15448172163523,7.21616722604892,7.28699998976057,7.47750836304586,43,16.7796610169492
5.08380071248538,6.0130245388998,6.1139361325677,7.19451549319558,7.28160641583783,7.49680068438094,43,17.2881355932203
4.90667189207936,5.91828646208695,6.07925320228671,7.19344297624301,7.27271806927087,7.47394390195309,43,17.7966101694915
4.88241471058952,5.87791775079669,6.03106279631219,7.1667264720507,7.24707721453464,7.45913393567708,43,18.3050847457627
4.86367430396649,5.84866311233607,5.99190593325208,7.14765360573321,7.21081999028866,7.4937667775402,43,18.8135593220339
4.63736511521499,5.76829688876562,5.95001302537659,7.12037777336666,7.21123482599522,7.3957371668954,43,19.3220338983051
4.56792267694757,5.72560226896142,5.90391814516548,7.10596813074415,7.19241900536396,7.44169090900081,43,19.8305084745763
4.56631968397338,5.68530716920617,5.88752604699236,7.0838066295906,7.19427574448586,7.38205714939023,43,20.3389830508475
4.40470223553889,5.63362902230469,5.82868505198443,7.07787712790281,7.14819086078066,7.45391280314126,43,20.8474576271186
4.3179416848371,5.5946279324056,5.79651237918533,7.06361149266068,7.15613981405085,7.38016318281695,43,21.3559322033898
4.25970971877971,5.56173283663455,5.73316310404077,7.04894926689434,7.13089593012288,7.44569902481448,43,21.864406779661
4.23627854655244,5.52174273510106,5.70003160211266,7.03241586916151,7.12746976848142,7.3294928650306,43,22.3728813559322
4.16533452249093,5.49129267477083,5.66570130366439,7.0011431272612,7.10835555777917,7.37797598510748,43,22.8813559322034
4.06432072603164,5.39856374779267,5.6135874318444,6.98234357645024,7.09785814946956,7.33614864552418,43,23.3898305084746
3.95107700885136,5.36555405121504,5.57741149333237,6.97962253002818,7.08921954053111,7.32715957856935,43,23.8983050847458
3.97924458766871,5.32436697623499,5.5277051007296,6.9531202733432,7.06100804973503,7.27897932672651,43,24.4067796610169
4.04114535802591,5.28966694468781,5.48384131226967,6.95878392056238,7.03904346696395,7.35618432514419,43,24.9152542372881
3.85686536066107,5.21692071001422,5.4425586198249,6.9310176705864,7.0364022173474,7.31307267893697,43,25.4237288135593
3.77212236791846,5.16160089168931,5.40432007701708,6.89786670504822,7.00982915975644,7.24686299525653,43,25.9322033898305
3.66764705762483,5.13151926209938,5.36846788096011,6.89986490711085,7.00981555159997,7.28235130229212,43,26.4406779661017
3.65170392953887,5.0792478479812,5.2919972716307,6.89560826109028,7.00303807199418,7.22705862337337,43,26.9491525423729
3.72077112805627,5.06572284308296,5.28429688497564,6.86082480449389,6.98164067955224,7.2273244896702,43,27.4576271186441
3.57838759447505,5.03874615380983,5.23060130176041,6.88436008878773,6.95198061619832,7.22370222889428,43,27.9661016949153
3.57079206233764,4.97632018956101,5.18504612991109,6.84087931885495,6.94500121892914,7.24187933329005,43,28.4745762711864
3.6034473917529,4.91207511284597,5.15348300479082,6.81204544625135,6.95284076398568,7.23148848247973,43,28.9830508474576
3.49802032394076,4.862676217474,5.07907608119419,6.80200074541712,6.94358438751001,7.15673632493385,43,29.4915254237288
3.47459129374286,4.81970103294185,5.03961551892798,6.80090591623462,6.91134151755965,7.21180397457651,43,30
1.3570176108422,1.51550729847601,1.57400185937154,4.62921283705003,4.75879107372858,5.14849957569333,44,0
3.97655888661845,5.15418813816528,5.27084385906313,6.05423508061126,6.13410252995369,6.41091130286397,44,0.508474576271186
5.60024420399425,5.89138699568922,5.96615786426007,6.55932415280111,6.61756786637639,6.81637383840884,44,1.01694915254237
5.30000725701661,6.18408049544107,6.25504999736959,6.80646502762755,6.85826190431995,7.15105665703963,44,1.52542372881356
4.94592490002427,6.34504104017105,6.40162490708638,6.96884944277404,7.01734064568033,7.3495830051466,44,2.03389830508475
4.84534594305992,6.44401359579201,6.49452078967926,7.0720953912217,7.12127708738947,7.45892248252076,44,2.54237288135593
4.38111336463476,6.48213328832355,6.55297677877557,7.12983015589853,7.19257430296802,7.51102299032191,44,3.05084745762712
3.97913912613007,6.51642995846032,6.57453890329018,7.17979484173128,7.2269039975508,7.54102638896455,44,3.5593220338983
3.99222144186751,6.54182767324504,6.61003880359633,7.21161934439873,7.26450210832241,7.64021880429076,44,4.06779661016949
3.62342887194936,6.55323495790643,6.60948521248968,7.23755071497369,7.30895931747093,7.58068570446106,44,4.57627118644068
3.51458523916338,6.55787769874459,6.60737968868284,7.24296415034567,7.30724416540803,7.68042846023812,44,5.08474576271186
3.34798902303276,6.52365640375553,6.58992921806634,7.25418280871429,7.32356147255012,7.72682128394179,44,5.59322033898305
3.26102417897888,6.51717622262781,6.57105515065846,7.26680808940553,7.32292972865893,7.63404415007074,44,6.10169491525424
3.15232587518109,6.46420602768297,6.55912686019527,7.25794611991704,7.32077366322203,7.64895013727412,44,6.61016949152542
2.92004913462919,6.44919176105677,6.53365446374015,7.25336822828679,7.31551413624498,7.65485836516686,44,7.11864406779661
2.6659065630407,6.45424866091362,6.51032187693945,7.24950282171603,7.31652305653258,7.64104241745119,44,7.6271186440678
2.82527852488558,6.39969742721769,6.49308887908845,7.22838464472509,7.29341919573878,7.66201345628736,44,8.13559322033898
2.72058343955829,6.38908085701215,6.4819255643477,7.22032696422354,7.29229659494125,7.59219637850437,44,8.64406779661017
2.46307624981495,6.33159787188228,6.44680396617094,7.20881447566906,7.27424254573509,7.75733472745974,44,9.15254237288136
2.53957070136181,6.32360529868181,6.41415976040768,7.21132649965176,7.27957390189039,7.59673780496769,44,9.66101694915254
2.37896464667502,6.27328619646224,6.37584434911363,7.18046311313025,7.24915833817116,7.59729590282432,44,10.1694915254237
2.46444916563237,6.24516397302313,6.35363936160616,7.16599681772143,7.23116498259999,7.64371861246877,44,10.6779661016949
2.30559615623784,6.22016157632194,6.32779659588231,7.1719035337191,7.22471498413149,7.57275584601049,44,11.1864406779661
2.43166926555337,6.18057033263396,6.29864707379508,7.15318801204144,7.20019228961579,7.53362705394584,44,11.6949152542373
2.59092413705891,6.16124739828717,6.27196025565736,7.13401316761407,7.19123841208856,7.56667309226087,44,12.2033898305085
2.37002650498774,6.12579690368917,6.25289128930018,7.10792697084509,7.19022420325315,7.44349799657828,44,12.7118644067797
2.38527678969113,6.06532204058315,6.2149411784058,7.08623408998812,7.14748477438162,7.49601748832943,44,13.2203389830508
2.32735142689063,6.04944903436661,6.16588613940722,7.07112086689763,7.14564654182058,7.47673774171508,44,13.728813559322
2.47113329805013,5.98906239445211,6.14675419079006,7.05436357514209,7.13488912092429,7.53195371528656,44,14.2372881355932
2.39176552832561,5.96598353728188,6.11112307846364,7.04845499040272,7.11277324320223,7.50401282964076,44,14.7457627118644
2.39025085761017,5.91231582302554,6.07260276618363,7.01974865091849,7.08813304597362,7.42858778144688,44,15.2542372881356
2.33795629965105,5.92416448764032,6.04373915342211,7.02025814124751,7.07579948158118,7.49245990195611,44,15.7627118644068
2.31366595263218,5.85382520476155,5.99653454530508,7.00189657520531,7.07350660850331,7.44686854465642,44,16.271186440678
2.40444280664108,5.82593364562101,5.98553105127994,6.98127395967951,7.05622201264028,7.41722650354701,44,16.7796610169492
2.38499820631563,5.76873616067671,5.9130281999844,6.95201632758492,7.03472031712659,7.33212115591852,44,17.2881355932203
2.48990461556633,5.73730951669384,5.91205244784243,6.9278258432189,6.99356420694723,7.38181593113478,44,17.7966101694915
2.39597804380118,5.68975075860255,5.86177212810568,6.91327960617372,7.01565404754016,7.35634275408252,44,18.3050847457627
2.23853163820088,5.61427695579355,5.86165558686388,6.89971074375832,6.99717171414916,7.33007857130547,44,18.8135593220339
2.53137273244524,5.56964457460339,5.81068032506331,6.88807018661092,6.96452920278941,7.33697140703583,44,19.3220338983051
2.35647227346264,5.51834697033079,5.78283850560402,6.86681510994279,6.95429718443733,7.36596606409213,44,19.8305084745763
2.42025438580798,5.46578769868822,5.73249901982249,6.85344356868852,6.94513069878173,7.30851697105112,44,20.3389830508475
2.42212252379565,5.44687309557697,5.69437931623491,6.8409916232297,6.94501726774372,7.23412152154603,44,20.8474576271186
2.39246344527637,5.37206315210741,5.67466181376228,6.81807067009401,6.89050526865981,7.28304306188064,44,21.3559322033898
2.45752986013016,5.36473089525094,5.64026025919629,6.80835906697421,6.89696107275592,7.32139483132791,44,21.864406779661
2.37957527294875,5.31884753582331,5.58308732056821,6.81153249122264,6.8904162520165,7.26293991863591,44,22.3728813559322
2.55817608641898,5.2645334792082,5.55641850837658,6.77780078067134,6.88057768268052,7.28368119761734,44,22.8813559322034
2.4727667957446,5.29854431893057,5.52260190607692,6.77043779639507,6.8708992610111,7.23249090273756,44,23.3898305084746
2.41820484508313,5.20945084546853,5.51410921409287,6.73820427311795,6.83792444362973,7.2145567230191,44,23.8983050847458
2.32742890090473,5.13512552490028,5.44347809743546,6.73778313417317,6.84305785541236,7.21744372693073,44,24.4067796610169
2.22099027454355,5.12126975518092,5.40708046110872,6.70835240143835,6.82750731250125,7.18728308447862,44,24.9152542372881
2.4806800775383,5.1158019078191,5.35760250639187,6.70755320703634,6.80348887781598,7.20480087054416,44,25.4237288135593
2.32120785154214,5.05222472009765,5.32576059986947,6.68741323410484,6.80054833741916,7.22228662431982,44,25.9322033898305
2.39840432064823,5.02422998181086,5.2978254190684,6.66470194949632,6.79630932718351,7.22766328663677,44,26.4406779661017
2.42630960186848,4.97676416207863,5.26516260946585,6.64925969574572,6.76287657706992,7.22033081253449,44,26.9491525423729
2.44288990350732,4.95344363196452,5.20939432028328,6.63826926919719,6.75364616618552,7.15939580329967,44,27.4576271186441
2.40526354480387,4.90488071816398,5.1596561618274,6.63157727144883,6.72172427616603,7.16042541326021,44,27.9661016949153
2.35469766165014,4.85812562360246,5.15698471398075,6.60327979556352,6.70382933856977,7.15048769824974,44,28.4745762711864
2.18367208807851,4.84555198010014,5.11330534404469,6.61247275901897,6.68910009558481,7.15498293475819,44,28.9830508474576
2.28301525475661,4.80822299254641,5.08550580108811,6.5900379562799,6.7078770288522,7.0777034146674,44,29.4915254237288
2.35774478423655,4.75852651996804,5.01187091875746,6.56318168925349,6.66385751031501,7.13013300189204,44,30
1.24642402418205,1.39792851516037,1.46457718173983,1.97251157167698,2.0170495452126,2.54833641872229,45,0
1.30053936421214,1.43664452897734,1.47753420982882,2.00263823231872,2.10097207253457,4.79703927239033,45,0.508474576271186
1.41253682833191,1.54340352708707,1.61411171550476,5.94976701650594,6.06082993573714,6.40073163181944,45,1.01694915254237
1.4862656697767,2.32360451244582,4.40925290134044,6.56736983668642,6.62983515516045,7.03820776759862,45,1.52542372881356
2.35230926440327,5.89195011724207,6.1025652447419,6.92906892567432,6.97333673978216,7.31016992700256,45,2.03389830508475
2.34423066736865,6.41376796703492,6.47324530869751,7.1129729424327,7.17929379132909,7.56624939917507,45,2.54237288135593
2.19169975195434,6.64126341765337,6.68608190640342,7.27025529701962,7.31797995033289,7.78908921009438,45,3.05084745762712
2.39784347911575,6.76531305524117,6.80721420361507,7.35967667091486,7.41306278840847,7.77758098398799,45,3.5593220338983
2.47722659634343,6.84818490847385,6.89164902639865,7.44825090455185,7.50560096124399,7.92155939501916,45,4.06779661016949
2.43473961424884,6.89676216105655,6.94997741446981,7.49721449477435,7.55628605117146,7.81674678785464,45,4.57627118644068
2.34829384065186,6.92522950127788,6.9813968670973,7.53441969901983,7.58208383245527,8.03509419060002,45,5.08474576271186
2.4768309470484,6.93330932709738,6.97935359371904,7.56283367120054,7.61636660185971,7.96902355352478,45,5.59322033898305
2.32377595590665,6.93771540666211,6.99807580238556,7.5793005143337,7.63326083352038,7.89328506024732,45,6.10169491525424
2.43972330622355,6.93942603976171,6.9921683616591,7.60353679207291,7.65970786869419,7.87175913695162,45,6.61016949152542
2.59276610660938,6.90912072863806,6.97228310586794,7.60811428934052,7.66277338092535,8.08003846521546,45,7.11864406779661
2.33856098416733,6.91047636727783,6.96378772002348,7.6013908268324,7.65837547555527,7.90862841601086,45,7.6271186440678
2.34894987498163,6.87650889616634,6.94214329875128,7.60897597191976,7.67869643235993,8.00058019535691,45,8.13559322033898
5.36589192920272,6.87518440542713,6.94086695062326,7.59201712607468,7.65613913980357,7.98204475668387,45,8.64406779661017
6.15594686970969,6.84501971804003,6.91292630268149,7.5900862810754,7.67220000863665,7.95901038603593,45,9.15254237288136
6.32239626048783,6.80956395330082,6.90397957248009,7.58791114962844,7.64288179058397,8.00632465196675,45,9.66101694915254
6.30869713014792,6.79176486594266,6.86929853100994,7.58878282822974,7.6459942505367,7.90433993389871,45,10.1694915254237
6.20105813599015,6.76828490655633,6.85161915766838,7.58048029668908,7.6517842445094,7.98751639529361,45,10.6779661016949
6.09932985651876,6.74095191606235,6.82712266463419,7.55863823072617,7.63990377601911,7.90096947032241,45,11.1864406779661
6.17714222433975,6.69170001713455,6.79381886274785,7.56667280363779,7.62893090430209,7.90075079503214,45,11.6949152542373
5.99690691471808,6.68185254223427,6.76237841988482,7.55216435752454,7.59717213089527,7.9606745422817,45,12.2033898305085
5.9269344628121,6.63734626999335,6.7399862157426,7.53621226293256,7.59907283415383,7.9471298736999,45,12.7118644067797
5.90034000555584,6.61041671280203,6.72520852313971,7.52451918885928,7.58080094294411,7.8326081723496,45,13.2203389830508
5.81777968831594,6.55381953902211,6.71398672856289,7.50929628220133,7.58141005757265,7.85908597352535,45,13.728813559322
5.73886265594036,6.53304358881355,6.66109246560018,7.50498094958549,7.5718750672389,7.8337296815689,45,14.2372881355932
5.57472951988012,6.49840081214765,6.62845401127651,7.4822594019115,7.55052520322128,7.86896233539402,45,14.7457627118644
5.5290155160667,6.47179331751447,6.62207153806335,7.4703649287676,7.53988980231474,7.80601642323098,45,15.2542372881356
5.38005782546772,6.41563033722036,6.57753214537918,7.45567295500688,7.50656874733241,7.84904299938839,45,15.7627118644068
5.40091872788578,6.37751458667272,6.543957809607,7.45447154003312,7.50897953091156,7.78303590307796,45,16.271186440678
5.34662898650317,6.33081254109485,6.52589731685651,7.43211349747093,7.50676012859094,7.74610127763965,45,16.7796610169492
5.24847280277149,6.29086043236811,6.5004858479369,7.40757127009103,7.46477055772676,7.80020714230864,45,17.2881355932203
5.13294730039215,6.27755497249475,6.41037502216399,7.39894251021057,7.44469568992972,7.80597220142066,45,17.7966101694915
4.99285473768136,6.22158450291039,6.39922574956731,7.38973306876674,7.43737408624133,7.70935366209047,45,18.3050847457627
5.03117233560369,6.20709383647806,6.37283561902232,7.3711529909499,7.43659732775998,7.74555000811271,45,18.8135593220339
4.98832441710835,6.17356244737331,6.32579277805705,7.36310179883739,7.41704734856895,7.70219062187901,45,19.3220338983051
4.96130649213464,6.14158150664729,6.28894133166538,7.35035348029124,7.38851204849726,7.75423733694229,45,19.8305084745763
4.87391819654485,6.071584748939,6.27403625337699,7.32513499266927,7.3977069813621,7.66184617644681,45,20.3389830508475
4.81107548005287,6.04074177181911,6.22436544045639,7.31361122235762,7.37024754399617,7.65297004037901,45,20.8474576271186
4.68267784580141,6.01641746387302,6.19581584844982,7.30282688115866,7.37830231586354,7.65287860978354,45,21.3559322033898
4.69278963856621,5.92260889425692,6.18046816501096,7.28523403582468,7.36904220386816,7.655698239286,45,21.864406779661
4.62969903093758,5.9184271999231,6.12483647173601,7.28691669629553,7.33784092290287,7.60368570096763,45,22.3728813559322
4.58285113680261,5.90670457163243,6.08032500947959,7.25812333236029,7.31947858463283,7.57235685110577,45,22.8813559322034
4.51885312400307,5.82879910375985,6.07212992370633,7.25900983739764,7.31731127789555,7.52283920103668,45,23.3898305084746
4.47200967456166,5.80879263111366,6.03092830863314,7.23427818653977,7.29237622841428,7.57924491433153,45,23.8983050847458
4.44661944319248,5.76482948839614,5.99613564073141,7.22425972546201,7.28511079253598,7.64461489589822,45,24.4067796610169
4.3873486521939,5.69752709233873,5.95724722123498,7.20713129075779,7.28352851039064,7.61449747932661,45,24.9152542372881
4.20025573222423,5.68198915965499,5.9225555952721,7.20434062335554,7.27263466043688,7.57799160736693,45,25.4237288135593
4.29057983465879,5.6682776050834,5.89915194746597,7.19935717491521,7.25343667703244,7.51990244409598,45,25.9322033898305
4.14223147852435,5.57860457643941,5.89550607293633,7.17587716109383,7.24041821683076,7.68487651200665,45,26.4406779661017
4.10596095955155,5.58273585738428,5.84442345145212,7.17074957773595,7.22265092653321,7.56657965679491,45,26.9491525423729
4.11687010212806,5.50821699339646,5.81719382803876,7.16461203860019,7.21310441925385,7.49354786145483,45,27.4576271186441
3.96705055750923,5.53013132923263,5.76895636427456,7.15164377338999,7.20693677274719,7.57896941248584,45,27.9661016949153
3.91769553187371,5.40758892282482,5.75380078205035,7.12848030944747,7.19593186349802,7.64025039232012,45,28.4745762711864
3.94076745365653,5.37346224925597,5.72198072837712,7.11374905954902,7.16268377151395,7.49835764544549,45,28.9830508474576
3.84356780692227,5.3257764971764,5.65954598321455,7.10635755381826,7.16131129393837,7.48229569275632,45,29.4915254237288
3.73426385264361,5.30441703189392,5.64515210322889,7.0794830991233,7.13918133972473,7.52736650885128,45,30
1.25397479834931,1.40950648640787,1.45847722170309,2.0243085981917,2.67372788124739,5.357277392044,46,0
1.34224080247191,1.88229828345609,3.32042271471271,5.89918993827194,5.98333298072946,6.2608642503614,46,0.508474576271186
2.3730826884204,5.73667886054596,5.82459430589466,6.59082248790856,6.65069681848762,6.88078539895037,46,1.01694915254237
6.03384742284544,6.26589758344892,6.32194427911163,6.95421265981938,6.9975871193632,7.20306195920545,46,1.52542372881356
6.34253882747211,6.53050952681445,6.58700673621268,7.15022873114147,7.20710617949305,7.45874079180604,46,2.03389830508475
6.49282798042751,6.6942835809577,6.74695822819289,7.31153712349157,7.36964162280688,7.52676945832586,46,2.54237288135593
6.55643099576875,6.81532250078673,6.86477433970187,7.41424470003402,7.46268869732172,7.69050468735402,46,3.05084745762712
6.59872620246769,6.87394926025368,6.94137208372,7.48775319186209,7.53761606648498,7.75195693088525,46,3.5593220338983
6.69774041138079,6.95320791253796,7.00769009533107,7.5495478707597,7.60097305298348,7.74204375090894,46,4.06779661016949
6.72152686693928,6.97108710639033,7.02292288760763,7.59507363638229,7.66372442411817,7.90728164946718,46,4.57627118644068
6.78399657030466,7.00371130876339,7.05866495281726,7.62194789742869,7.67805168847672,7.85369849063642,46,5.08474576271186
6.6643687038438,6.99119655997507,7.0794158400087,7.65731463018357,7.72031990539393,7.89221128051592,46,5.59322033898305
6.74755851615896,6.98486557967085,7.08395914654835,7.66515681357125,7.72078517489247,7.89390210213376,46,6.10169491525424
6.67487098686329,6.98503520645321,7.0575483919642,7.66895839587464,7.75225767386771,7.95139386993595,46,6.61016949152542
6.65069223887365,6.9818536850338,7.06683994816345,7.68583843618,7.75907727011148,7.94372842382502,46,7.11864406779661
6.55952410675556,6.95497107522845,7.05315060592265,7.68741757350335,7.77372553461931,7.93312958715532,46,7.6271186440678
6.54795831895206,6.94733618100947,7.0313561776562,7.68856436363739,7.76439139515878,7.9646003011949,46,8.13559322033898
6.44415921299375,6.90743184712805,7.00495286910341,7.68508475075101,7.7768921871899,8.00724893561201,46,8.64406779661017
6.46761911800979,6.88928991382541,6.9881861996388,7.68623597075007,7.76806462531306,7.95905612768795,46,9.15254237288136
6.40984165779117,6.8651481536993,6.95663612926391,7.67984623542165,7.75652171971692,7.99193383567732,46,9.66101694915254
6.42948015153974,6.8258763621971,6.93730219523654,7.67752461715054,7.76473081658685,7.97337133491855,46,10.1694915254237
6.25403603674506,6.81340276577828,6.90936156343191,7.667838784301,7.74306617439903,8.01542417142335,46,10.6779661016949
6.25112473027187,6.75747969013986,6.88447569615374,7.66508393847944,7.73473201492735,7.94864966518904,46,11.1864406779661
6.15572997911623,6.73714210680373,6.8417523932806,7.65484787531529,7.72948756417221,7.93992926459488,46,11.6949152542373
6.18852199469443,6.68726094116813,6.83166323729468,7.64583618941705,7.73484079482872,7.91969671670319,46,12.2033898305085
6.12539347211744,6.66437427683422,6.79470611163051,7.65162831704279,7.71788605879315,7.97533707794053,46,12.7118644067797
6.06372250162323,6.60288157038509,6.74978795256758,7.63711153158049,7.71137851295769,8.00753573430547,46,13.2203389830508
5.93764456089727,6.58227713701326,6.7371576697118,7.60895959376803,7.67652113330667,8.01563980269466,46,13.728813559322
5.91480344513851,6.53019836824428,6.67941456230382,7.59887163854443,7.67621269812236,7.90893954004287,46,14.2372881355932
5.90408323741286,6.49287071125191,6.65491364214113,7.60145725824464,7.6833897071965,7.90174380104986,46,14.7457627118644
5.76601437650648,6.47833009188808,6.61240740325672,7.58413611140742,7.66004977474461,7.88958754005896,46,15.2542372881356
5.68973986807904,6.41651725865534,6.58029070671525,7.57270819125455,7.64015484576466,7.88990391994146,46,15.7627118644068
5.64443285470819,6.38894556753535,6.56559388933165,7.56248693986489,7.62955938747854,7.92399089184909,46,16.271186440678
5.56107281306317,6.35587474661421,6.51641919280532,7.54387783813053,7.61612580458354,7.88635549476099,46,16.7796610169492
5.52149234578622,6.29597442386385,6.47344583522694,7.5325304312621,7.60577372572115,7.8353031232453,46,17.2881355932203
5.44508420977824,6.23934320392116,6.42514346301659,7.5209870437057,7.6005534616839,7.85859954476508,46,17.7966101694915
5.31455249964428,6.16711890336255,6.39382097176229,7.5126647533169,7.59101935091125,7.82017959140652,46,18.3050847457627
5.27773954610851,6.13674054787001,6.37494795213114,7.48814620926745,7.58389303183463,7.82718072523506,46,18.8135593220339
5.09685050184636,6.08837429731537,6.34549769113477,7.46274469521709,7.56790219959412,7.81272840609414,46,19.3220338983051
5.11739816782874,6.05539141435281,6.32066203435145,7.4603853216332,7.5636330362199,7.80116900099743,46,19.8305084745763
4.95035323346795,5.99629688758299,6.2675924511421,7.44458274394407,7.5350121070962,7.83458348228256,46,20.3389830508475
4.84104286071203,5.96129508827983,6.22951112669074,7.43134154123916,7.52672766295603,7.81055413797327,46,20.8474576271186
4.78062694313521,5.92139807239375,6.18819938886761,7.40834634530645,7.50950754300959,7.81177951297036,46,21.3559322033898
4.72474228750688,5.82907993065444,6.14955414793907,7.39240772342241,7.50149389609414,7.79061958941379,46,21.864406779661
4.54559134368641,5.79953952560566,6.10662813374419,7.384576272018,7.48741446990097,7.74987252656578,46,22.3728813559322
4.55396793932391,5.79630332338885,6.07669991325262,7.36129772605409,7.46999633725763,7.74710424414376,46,22.8813559322034
4.36521882880343,5.75129142110338,6.01168494341288,7.3479680684168,7.45921041227328,7.70640861812473,46,23.3898305084746
4.37291372093955,5.67494795533828,6.03132079253419,7.33611515835231,7.45566641923066,7.73203243429299,46,23.8983050847458
4.27499836943071,5.62072137669554,5.96001193156046,7.33280586773673,7.43308021639845,7.67234480724976,46,24.4067796610169
4.1833946240449,5.60326188540127,5.92767781436641,7.31621657255385,7.41018083670757,7.67017207701579,46,24.9152542372881
4.12120761428731,5.5467324587609,5.89171253241329,7.29698063893342,7.41174369494169,7.6912046401733,46,25.4237288135593
4.021302318926,5.53940390249637,5.86102703863547,7.29010880272737,7.37554568919852,7.69370186832221,46,25.9322033898305
3.98489207493451,5.45233485187971,5.79824044469415,7.2844514867614,7.36266830527472,7.67080935941837,46,26.4406779661017
3.8004714452804,5.45318297769006,5.77799180012347,7.25594678101917,7.36275886758942,7.67401225856809,46,26.9491525423729
3.66299427821729,5.34832286088901,5.74208404549835,7.24022596756386,7.33173618009967,7.65874076566548,46,27.4576271186441
3.58461907308784,5.33902455402291,5.72990995382744,7.23501794674825,7.34643218401498,7.71040928322177,46,27.9661016949153
3.47855812625536,5.28164281629948,5.68832534450665,7.22333414022146,7.33270612445888,7.61448711755238,46,28.4745762711864
3.46305996866049,5.22144715313743,5.67102298290877,7.20477898793343,7.2886044912439,7.58437597195304,46,28.9830508474576
3.39307068633776,5.20165453008807,5.58293732222095,7.18795737865018,7.28690872541465,7.62190843500317,46,29.4915254237288
3.22834653273463,5.18598363371445,5.55628771883091,7.18606053739152,7.26153209023138,7.55218229813867,46,30
1.18436752382385,1.45243623571233,1.48598830391358,2.34597352985296,3.2416782053369,4.49686036594183,47,0
1.51519599435138,3.60187888221213,4.13266903810076,5.69895302538106,5.77495469333125,5.98773600073389,47,0.508474576271186
4.86985525273632,5.54896727937475,5.60282554534166,6.27562885933544,6.34507601210535,6.52745603551223,47,1.01694915254237
5.53707148633289,5.93683104968446,5.99184499275615,6.58734073821712,6.63891354446245,6.83889705466961,47,1.52542372881356
5.68216454773023,6.13445098292184,6.1881251864988,6.75485117665066,6.80953773245345,7.06011057142276,47,2.03389830508475
5.73371100345114,6.23988699354782,6.3102866685051,6.86759716738293,6.930932068663,7.17462210638025,47,2.54237288135593
5.92489433165328,6.30609181320702,6.37360323174471,6.95429552829167,7.00170856906227,7.31717858586599,47,3.05084745762712
5.95623761429826,6.34176237316618,6.39176458574156,7.0006021382036,7.06863677054027,7.24325097890734,47,3.5593220338983
5.94567757668335,6.34712258287874,6.40420153687511,7.03741296319974,7.08463833996519,7.26060816279458,47,4.06779661016949
5.98855584390254,6.35061365375699,6.40542388434314,7.06661537103648,7.12830768288749,7.34045664176308,47,4.57627118644068
6.04497198557241,6.35042694214764,6.40226003615115,7.07997407231196,7.131748263373,7.27282234734032,47,5.08474576271186
5.98928848043937,6.33229838509924,6.38068112859145,7.07404884227296,7.13889058813924,7.29738865204214,47,5.59322033898305
6.03546088619437,6.30111932581947,6.36892985408298,7.09716617753651,7.14370813901642,7.31916577923728,47,6.10169491525424
5.94048188306819,6.27062093788416,6.34993547790579,7.08226590469454,7.14594561176389,7.33216503084671,47,6.61016949152542
5.95612124281799,6.24862062295428,6.32845263245021,7.07242131739399,7.13077665402064,7.29914692326807,47,7.11864406779661
5.93357271870534,6.21519439614983,6.31149087179913,7.07003978270504,7.12817150825023,7.31169440349127,47,7.6271186440678
5.92785035129752,6.15665678434688,6.26714913283983,7.04644498989883,7.11675533623855,7.33255011429028,47,8.13559322033898
5.77806801825654,6.14793244176889,6.22886123560579,7.04979336234218,7.09948695531547,7.3385360401977,47,8.64406779661017
5.79080379264807,6.10641409987087,6.21341440979895,7.02817010118792,7.09099856706192,7.30234425409457,47,9.15254237288136
5.78304185991224,6.08716071300998,6.18692500304953,7.01514086648406,7.06492442498168,7.24766838108811,47,9.66101694915254
5.66998916877858,6.03313169041433,6.14577884083772,6.99165062654205,7.07015718479627,7.28728728402678,47,10.1694915254237
5.6723968874919,5.98438693506158,6.09717131082871,6.98428450289824,7.05479878708865,7.29021022202588,47,10.6779661016949
5.57521267543416,5.95013426495305,6.08198936430321,6.97668656966135,7.03834216788791,7.24880619024207,47,11.1864406779661
5.51425430248954,5.92123221236699,6.0455128952149,6.95435689653891,7.02048898061572,7.19920154671295,47,11.6949152542373
5.44495306551778,5.87046619385844,5.99861163124873,6.93469434112139,6.98326544433931,7.21681718065148,47,12.2033898305085
5.43980875001698,5.84176213024017,5.97764641992345,6.92561072075303,6.9917318651348,7.19958621123303,47,12.7118644067797
5.3404112224516,5.82201948054222,5.93544460666363,6.9181580446814,6.97556952868378,7.18185689896651,47,13.2203389830508
5.33471560413892,5.76720514200844,5.91415561580672,6.8697427035297,6.93838848762827,7.13340631046544,47,13.728813559322
5.22660893891987,5.72329378046932,5.85170883523989,6.85734017938824,6.93665625199983,7.13429070659049,47,14.2372881355932
5.19682306436297,5.6735900059768,5.81368185298251,6.85557630676937,6.9236238395639,7.14232666962894,47,14.7457627118644
5.18787003755776,5.62706105485835,5.78658728635842,6.82833535064427,6.89382287669914,7.15443899969867,47,15.2542372881356
5.09376750694742,5.54628418016064,5.75003135534572,6.81917724765689,6.89767528305367,7.10478668134893,47,15.7627118644068
5.07199090473169,5.52242585988938,5.68735286596969,6.80171597730595,6.88159611897055,7.10500134029231,47,16.271186440678
5.05407099027478,5.4772107407808,5.65604855740587,6.77194370352337,6.8423141681375,7.10713204477136,47,16.7796610169492
4.93992193943588,5.43419278866178,5.62859166380359,6.74863703459241,6.82491489014945,7.08165905678336,47,17.2881355932203
4.8977980243387,5.37831644602236,5.59339943451503,6.75550726834151,6.83562397848327,7.08077280604667,47,17.7966101694915
4.77920148791307,5.37571094801855,5.55073875745399,6.73734681448583,6.81584386107459,7.11124765438483,47,18.3050847457627
4.70655608060941,5.32677074773044,5.5029554850322,6.71732913667003,6.79316281311896,7.08511670833471,47,18.8135593220339
4.64622866622082,5.2582621039235,5.46197890035207,6.6914604317336,6.77543218846355,7.01513886271004,47,19.3220338983051
4.62508426569236,5.21045785631559,5.45103278880311,6.6641690148478,6.75740785589381,6.98216654307944,47,19.8305084745763
4.47635444218814,5.17128340185068,5.37220830817401,6.65540837122539,6.73482988147304,6.98439745659975,47,20.3389830508475
4.43099635619739,5.09760054518406,5.33688127708233,6.65515443503311,6.7312340979873,6.97937864529456,47,20.8474576271186
4.35024368098687,5.06395153193999,5.30952692341755,6.62702467669916,6.70125376472279,6.9577062515943,47,21.3559322033898
4.29951611174477,5.06670195220139,5.28837832519679,6.61272677782429,6.6934644935627,6.9585947311108,47,21.864406779661
4.20336841549905,4.9699369519936,5.25952765029694,6.59761365476576,6.69361381682402,6.96775185608699,47,22.3728813559322
4.24327304796802,4.89819425630367,5.19211212829617,6.58302495861548,6.67411855797656,6.90054966168988,47,22.8813559322034
4.20028328049891,4.86898221578981,5.1492161730064,6.57780353356095,6.66705579538573,6.90477374702792,47,23.3898305084746
4.12146220578352,4.8326620242202,5.09769845177717,6.54976515185098,6.64146230442374,6.86628062806678,47,23.8983050847458
4.07286446377668,4.80297128223113,5.06646587249629,6.530681676769,6.6151613307909,6.90907648175355,47,24.4067796610169
4.07086782797056,4.71805544356864,4.99267277993141,6.53440977898837,6.60563129381926,6.89096257062035,47,24.9152542372881
3.9881328872038,4.71382063549862,4.9656714688266,6.5106962031581,6.6049445035959,6.84191848347387,47,25.4237288135593
3.99208952063748,4.61542707776871,4.9278952548996,6.49325228120195,6.5966203275718,6.86254420299664,47,25.9322033898305
3.8097317274944,4.6005626787303,4.88345100356837,6.47874354956401,6.57018449856077,6.84082664354783,47,26.4406779661017
3.72064684969269,4.52517850224263,4.84394760485251,6.46486365696659,6.56085564372707,6.85272657612429,47,26.9491525423729
3.66425488564445,4.49375032471703,4.77283432766728,6.45866429617941,6.55802467749928,6.78042883110986,47,27.4576271186441
3.46903758092485,4.42240062106938,4.75220903260635,6.43382518425772,6.51812666593382,6.8204525093494,47,27.9661016949153
3.49609726828874,4.36068060097016,4.72415675984728,6.42441724130658,6.532722039943,6.83402326801801,47,28.4745762711864
3.32814252833224,4.3438417540977,4.68399499162438,6.41674557127624,6.51348526733036,6.77956079440742,47,28.9830508474576
3.31278076525229,4.27697913609307,4.62650859550084,6.39972374659282,6.50104431780758,6.79675890855192,47,29.4915254237288
3.1561973510754,4.22214604217525,4.55508884904677,6.38616527768224,6.46531857838588,6.77021318061083,47,30
1.2357268067983,1.40678413720935,1.4645042600139,1.99918577842229,2.10552363781287,4.54425550680707,48,0
1.59463019234628,1.86294731721632,2.83591488323353,5.77217349699,5.83513732757004,6.59441407428064,48,0.508474576271186
5.08340826734402,5.59695632532051,5.68768014434628,6.44467677507198,6.50390129890403,7.62635637229303,48,1.01694915254237
5.88145008506652,6.12917471745306,6.19368006338818,6.78749127761836,6.84467578251118,7.90717149807875,48,1.52542372881356
6.21696064934424,6.3814166049543,6.45403979068278,7.00858434638577,7.05490789760172,8.31407083358946,48,2.03389830508475
6.35668320432031,6.5536636755115,6.60403515509875,7.15830004602797,7.19309978956108,8.34198533664462,48,2.54237288135593
6.50177715993043,6.6459797081136,6.72501654139638,7.25272209412819,7.28768658245532,8.33553617770163,48,3.05084745762712
6.51748086850155,6.73660116531031,6.78463404821709,7.31592730350439,7.36243863771056,8.55151149160252,48,3.5593220338983
6.61188037548561,6.77652905249458,6.81765661604302,7.37521892256703,7.42001189108307,8.6292934564936,48,4.06779661016949
6.63196915092551,6.8073964512837,6.85098553592829,7.40218970176981,7.46637687267188,8.64085835322081,48,4.57627118644068
6.65195608597556,6.82039652438726,6.87015815657712,7.42545100386716,7.4732692197801,8.53022174192549,48,5.08474576271186
6.62242325348398,6.81936455936042,6.87363799642583,7.44087488294766,7.51796790931879,8.50784390438292,48,5.59322033898305
6.65252153890147,6.82194280115153,6.87808206730755,7.46277285821047,7.49889500237506,8.61885848775499,48,6.10169491525424
6.58792609416144,6.82063617598719,6.8796288730731,7.48947907231088,7.53324795445803,8.73452585262044,48,6.61016949152542
6.59116989125092,6.79831363443057,6.87107056123526,7.4965748838783,7.53752341862334,8.70061807240482,48,7.11864406779661
6.57890401203043,6.78440260365425,6.8600506442286,7.48476955589608,7.53966669565067,8.69004308424891,48,7.6271186440678
6.53101480790279,6.77212741660982,6.83378485279891,7.49541154716204,7.55699396098663,8.60921393775136,48,8.13559322033898
6.52085361296637,6.7497160426381,6.8132610806009,7.48940064719722,7.54996269382568,8.75642210064039,48,8.64406779661017
6.44997853120789,6.72014652003962,6.80155800010509,7.48481118484894,7.53908253761805,8.76940483068981,48,9.15254237288136
6.37095472565777,6.70691747000461,6.78736060765766,7.49282178653622,7.55517412224137,8.90906141832498,48,9.66101694915254
6.43336215262773,6.68395345028998,6.76641099407926,7.48635353109773,7.5447524230579,8.87013849706703,48,10.1694915254237
6.29516353440331,6.65356667353868,6.73030801235073,7.47125430935726,7.52673755735212,8.75065191889428,48,10.6779661016949
6.3213832190854,6.64302414618546,6.7093464105328,7.47273653829053,7.52186499811966,8.63511321032331,48,11.1864406779661
6.21947533865898,6.57778540777893,6.66575955361809,7.46202953196373,7.52713755392679,8.74407600978926,48,11.6949152542373
6.17294786290555,6.57245790774286,6.6445236732981,7.45181986427869,7.50021407911333,8.6458029771951,48,12.2033898305085
6.16846730279439,6.5490717862808,6.63314925871567,7.44499197981012,7.50575738021809,8.74125274254048,48,12.7118644067797
5.95686446406699,6.52120271113762,6.60486426971288,7.44314005320515,7.48972959470735,8.78833001274859,48,13.2203389830508
6.06201335696194,6.50609961298614,6.57707458065778,7.41480052087456,7.47751543760805,8.60315955606145,48,13.728813559322
6.01694669293724,6.435192321484,6.54632239981807,7.40854691762667,7.4635393305588,8.53428315987487,48,14.2372881355932
5.83439740812399,6.40689036179818,6.53352771439672,7.39694235206287,7.45566188035436,8.70173086233343,48,14.7457627118644
5.76426344710717,6.39371838974657,6.50427422869167,7.37865028357476,7.45312175578437,8.75719251715128,48,15.2542372881356
5.74528542002566,6.35062655008158,6.46570803760604,7.37498280168612,7.43917940599428,8.51507811234174,48,15.7627118644068
5.61392468065285,6.32026811044398,6.4341682295294,7.35489746282336,7.42510716638732,8.61967917775834,48,16.271186440678
5.59564302596093,6.29481094071122,6.41443534891694,7.34044990928934,7.40246196473291,8.56574060492798,48,16.7796610169492
5.62898716547169,6.25285044197506,6.38426541159701,7.32300912953454,7.40181754366585,8.61788339476091,48,17.2881355932203
5.58733144716297,6.19806310344303,6.33187204199932,7.32510115098796,7.3932249105357,8.61615319138076,48,17.7966101694915
5.4469736307327,6.1900189902692,6.30884613346594,7.30422253463226,7.39060404955054,8.41723781144711,48,18.3050847457627
5.41479492404252,6.15196307534719,6.27125398366831,7.29415779531684,7.35227649467678,8.48893301060124,48,18.8135593220339
5.4027245669924,6.11904665867529,6.22725515816542,7.27434506516195,7.34495947219454,8.60775551467263,48,19.3220338983051
5.42263310191213,6.08224573185654,6.21102226361656,7.26892305067529,7.34611889014685,8.51519678678626,48,19.8305084745763
5.3025455094823,6.03330075770325,6.19702077379728,7.24458313170256,7.34926754802606,8.70827251575151,48,20.3389830508475
5.23101507076326,6.0191938099337,6.15628449894661,7.24633522041203,7.31674999415165,8.76520663377242,48,20.8474576271186
5.19302150633887,5.98410256110612,6.11944752155246,7.21883624476194,7.32029965614989,8.60587719035708,48,21.3559322033898
5.07249701996633,5.93287418750625,6.09615892175279,7.21018189588509,7.29853030893591,8.70265152457767,48,21.864406779661
5.07132377052257,5.9082788535268,6.07109616581581,7.1965727929909,7.28409343912004,8.61930722231216,48,22.3728813559322
5.02998376387909,5.85156254027754,6.02399861483319,7.19081994014589,7.26573855301798,8.68881885468134,48,22.8813559322034
4.93525623502971,5.84039345616785,5.99384648917879,7.16374223356494,7.25771351180296,8.51823933409106,48,23.3898305084746
4.9554103957384,5.79203211186212,5.98576722932456,7.15772473749028,7.23913219831154,8.38792720781919,48,23.8983050847458
4.79584307411007,5.7609873722103,5.91838052936713,7.15731847231827,7.24239237595807,8.41149241704027,48,24.4067796610169
4.75753486360367,5.6969232850648,5.89631883713606,7.13385315367073,7.22728666093179,8.55913605436788,48,24.9152542372881
4.81248630232694,5.66218265211327,5.86910258658529,7.10491498638008,7.20212482409978,8.41308533942408,48,25.4237288135593
4.58455636653128,5.64872259872687,5.81583689356623,7.10140336359457,7.20008912987771,8.48753446473118,48,25.9322033898305
4.55458166931499,5.59520165091527,5.78790216594085,7.07821571257484,7.18755250876222,8.45362912078868,48,26.4406779661017
4.5920078243755,5.57707523623053,5.72340261145092,7.07552304962104,7.17235732034979,8.42545345687142,48,26.9491525423729
4.47119794900828,5.54806205305406,5.74183913017144,7.03828089457157,7.16845906889667,8.55033046141744,48,27.4576271186441
4.45645450199032,5.49424132950063,5.68728917125265,7.05338254679099,7.17860514102633,8.56088062487448,48,27.9661016949153
4.36875981925983,5.42360559777626,5.62520291888081,7.02575159019251,7.14442624567375,8.31972511272899,48,28.4745762711864
4.29478927741462,5.4161509690228,5.60960020530882,7.0164371239548,7.12288346967256,8.29234118848241,48,28.9830508474576
4.13287480557259,5.35917564571641,5.553006125456,7.00247169736202,7.12345823399327,8.51136291076959,48,29.4915254237288
4.03413243791893,5.32766378861672,5.54203834133327,6.99688969631847,7.1139142490714,8.40311294293692,48,30
1.33591443946573,1.46694914131072,1.50253922212938,4.07184444718879,4.34360219011573,5.29834961191318,49,0
1.63914494899527,4.86670392894019,5.04848878267801,6.24336685447574,6.29389474016821,7.24481913963459,49,0.508474576271186
5.86312234398456,6.07794929789242,6.12121225832527,6.80944084163169,6.87089305273687,8.27009456048515,49,1.01694915254237
6.21662662720608,6.45657687789409,6.50955947618402,7.09944598358796,7.16222286595659,8.47663708816716,49,1.52542372881356
6.43497910741102,6.6299858035991,6.69309987088562,7.2656992778829,7.33663220737673,8.63386653358557,49,2.03389830508475
6.57247003916589,6.79948009277026,6.85348829082913,7.38610878175252,7.44394567725573,8.71750408103058,49,2.54237288135593
6.5539114889926,6.87867626796283,6.93001266416046,7.45558152982756,7.52540781687913,8.6177832120814,49,3.05084745762712
6.59022394936142,6.93764864786659,6.97451725418475,7.5193397139909,7.57726395636611,8.68232494846906,49,3.5593220338983
6.7050522526892,6.9432039253012,7.00311179186477,7.55966808986414,7.61140560479678,8.54035768045033,49,4.06779661016949
6.68215832506853,6.94573279807845,7.01198706966016,7.59725846957751,7.65248153147653,8.60092741484972,49,4.57627118644068
6.61027784759056,6.94526945701985,7.01912770025524,7.60714216618737,7.67478638370069,8.66097835511971,49,5.08474576271186
6.6834410731578,6.95411071924822,7.01973491699948,7.62847620715734,7.67794626300314,8.40432038660654,49,5.59322033898305
6.59032675069895,6.94244938986522,7.00505149894347,7.62941368665695,7.69241767193266,8.66056247507186,49,6.10169491525424
6.64123306330126,6.8907347351534,6.99024915400545,7.63141664175997,7.68519069663405,8.4316462014272,49,6.61016949152542
6.61234815473644,6.88452909340311,6.96300048570314,7.63344584231862,7.68333721757808,8.45314735282471,49,7.11864406779661
6.58114681133283,6.88330193796993,6.96035442514752,7.62581672567877,7.67470608148004,8.60693977047373,49,7.6271186440678
6.54906540227475,6.83985118893296,6.92868755525858,7.60166932282662,7.67277506145187,8.37765124036378,49,8.13559322033898
6.52379278727323,6.81291817986741,6.9017911501632,7.61091313772335,7.66385324977454,8.29315945252056,49,8.64406779661017
6.42076006124001,6.78212888796091,6.87353248587146,7.6082430757642,7.65788556817529,8.3953456309989,49,9.15254237288136
6.42782167077555,6.74237103191428,6.84968483218229,7.58836265949519,7.64241175637381,8.37865449002382,49,9.66101694915254
6.35903538468989,6.72164860009804,6.80861270881058,7.56351669854339,7.64828378312944,8.21714388036542,49,10.1694915254237
6.26809211143459,6.68467359200624,6.76502809591584,7.56290480202472,7.63132796746531,8.30952260536557,49,10.6779661016949
6.2186151498544,6.63396453991034,6.76316067196699,7.53770199927956,7.62294294741617,8.25571236704434,49,11.1864406779661
6.17174891099024,6.61906407709448,6.71687429920819,7.53140573399358,7.60438441759604,8.20144143610177,49,11.6949152542373
6.08132817701728,6.56909632800912,6.69022949794128,7.51758631913367,7.59479782461826,8.19627453835155,49,12.2033898305085
6.04672626445617,6.55036037731775,6.65044975413762,7.50175226714574,7.56717874726689,8.04949712773657,49,12.7118644067797
6.01440754647464,6.50249246411202,6.63402862740699,7.47125606308141,7.55108194046467,8.145548840971,49,13.2203389830508
5.94855274897977,6.4777807936107,6.59213291017198,7.46371882889484,7.55218680372533,8.01299483446039,49,13.728813559322
5.91784407662546,6.43092807817486,6.55309671884553,7.44903004450737,7.53437661386462,8.01242006119757,49,14.2372881355932
5.85310974821854,6.40414407191066,6.53182168580428,7.45566735637732,7.52668174023227,7.77771361839923,49,14.7457627118644
5.76003403703526,6.34332533231044,6.48913593641431,7.42930337222398,7.5157079163644,7.990565279936,49,15.2542372881356
5.65598392520928,6.33030360700072,6.4366013064022,7.42738333729142,7.48941559733207,7.77290409082104,49,15.7627118644068
5.6545930708283,6.29229580573153,6.41008968502635,7.39179911613505,7.4752178320018,7.864175467443,49,16.271186440678
5.53264382535365,6.26112503891949,6.36625858914936,7.37771874616405,7.47507826567338,7.76981940173111,49,16.7796610169492
5.45719381537382,6.19786872366643,6.33326948286705,7.36663616225264,7.45560227579812,7.75547650948498,49,17.2881355932203
5.40089533611845,6.14661619965294,6.31145078288095,7.35476142500561,7.42691282685509,7.74001013653743,49,17.7966101694915
5.28587008251467,6.12979534773823,6.25473315910246,7.33041047951641,7.41062234178079,7.86326488617347,49,18.3050847457627
5.28770212128607,6.07500520653442,6.22780571846057,7.31334384364454,7.41217956255518,7.7021947529021,49,18.8135593220339
5.24229798828984,6.01792696984054,6.20366144617291,7.32601583852153,7.40705430474311,7.67594339886382,49,19.3220338983051
5.12491871255684,5.9352884861875,6.14860732407431,7.28475273481462,7.39658383424454,7.66319501521947,49,19.8305084745763
5.07655363881526,5.9216542293385,6.13817758060524,7.29092264837611,7.38125122131539,7.73562959701754,49,20.3389830508475
4.92531873493457,5.85268128596186,6.09923702079704,7.27215431368809,7.35091198037927,7.67010618008655,49,20.8474576271186
4.87751182534459,5.8344060496614,6.02604810090224,7.25059759724563,7.3497629857505,7.56312428740534,49,21.3559322033898
4.89447713095394,5.80140951072378,6.03681876080091,7.24058214814305,7.33472035604706,7.54494917106891,49,21.864406779661
4.80912824980043,5.75166059394044,5.988127762206,7.22254026106919,7.31940983952857,7.5679277157516,49,22.3728813559322
4.73505740891089,5.68889899226638,5.92647224175529,7.21623000610463,7.31683355905467,7.55796230847142,49,22.8813559322034
4.6073925083803,5.66666017315125,5.88503606245989,7.20834212325112,7.28766323473147,7.53945093051738,49,23.3898305084746
4.61188287419284,5.60212488249512,5.86641147617588,7.17854465390135,7.30211655022054,7.55883449380131,49,23.8983050847458
4.56993821369481,5.55932261921778,5.83546819462297,7.17583792521952,7.26343409539339,7.52326825551331,49,24.4067796610169
4.4156875039406,5.52177548359708,5.78810578156674,7.1580210938895,7.25096354001327,7.52720531978322,49,24.9152542372881
4.37842450004018,5.47373179898407,5.76403183455822,7.16986025343293,7.24340426277651,7.53446833653279,49,25.4237288135593
4.29702029574178,5.41674951293316,5.70893366164805,7.14422085117903,7.22591782614055,7.49486242236974,49,25.9322033898305
4.1066710921438,5.40834855775749,5.7127241953804,7.13588052492179,7.22868225522858,7.48955619575183,49,26.4406779661017
4.10679038838919,5.34791586744213,5.65889869927808,7.11732243943202,7.21587512884383,7.46744137863909,49,26.9491525423729
4.05841407401345,5.31431293178149,5.62390698854697,7.08989822009779,7.19336504977317,7.44037349305302,49,27.4576271186441
3.88104925871676,5.24471507094757,5.59781845559725,7.09120571271876,7.19606348638954,7.4763271168088,49,27.9661016949153
3.88185282176498,5.26006408009215,5.5351387849498,7.08230101843501,7.17684990295553,7.47410617293878,49,28.4745762711864
3.85871904230472,5.19113185676563,5.48311835548454,7.06466456965228,7.16650780536756,7.5070345204292,49,28.9830508474576
3.80076246057234,5.17848075785232,5.46919206736893,7.03497573541734,7.15015501260602,7.46009584950026,49,29.4915254237288
3.71606524130407,5.13253643547836,5.39680399687472,7.02460370872343,7.14926967222641,7.48199917716933,49,30
1.24991737581229,1.42353353857836,1.46033231809451,1.96812548934275,2.01500496538517,2.43602292655136,50,0
1.22841384363102,1.48645384927373,1.54079248761052,4.88768389372713,5.04261511594675,5.47501138464761,50,0.508474576271186
1.34418927466622,3.93393874879108,4.54223265620369,5.78907044209374,5.86016805036517,6.18682321990883,50,1.01694915254237
2.47139485187379,5.38369474834523,5.49155334300515,6.17311617198823,6.21977021137646,6.54294412589177,50,1.52542372881356
5.35490143798405,5.70011154229638,5.786578883163,6.38566915442035,6.41782583882077,6.60123513343502,50,2.03389830508475
5.29761623632732,5.8530687622686,5.91394905115724,6.5037691373369,6.55026844684807,6.70134044309249,50,2.54237288135593
5.37026988229365,5.90113967210084,5.98718508806626,6.58276354956008,6.62074348508205,6.81998485266622,50,3.05084745762712
5.39220356670285,5.94416152933303,6.01665828348313,6.62540439226602,6.67837871165596,6.78976655045248,50,3.5593220338983
5.40756682231323,5.9278159032528,6.01252721246713,6.64748665210611,6.68590299160002,6.93105626328847,50,4.06779661016949
5.43006811280383,5.91426258267257,5.98953374196683,6.66452152870294,6.71586278449773,6.92698796989874,50,4.57627118644068
5.42993431581501,5.89668817697726,5.97788790497297,6.67949617513092,6.72592329521095,6.91637126317756,50,5.08474576271186
5.46855978415503,5.89127988178131,5.98000431304857,6.67261541747987,6.71822311346616,6.93810505384496,50,5.59322033898305
5.41157800573353,5.8560390086371,5.94604852079145,6.67982127999236,6.73335066938676,6.92976976326583,50,6.10169491525424
5.37659528745846,5.81356213169171,5.94494003267768,6.6695164066196,6.72749895746067,6.99918113460478,50,6.61016949152542
5.40066308706563,5.81096407272825,5.9120804637575,6.65993276565468,6.73181380157931,6.99744201616304,50,7.11864406779661
5.33311563205946,5.76460022186063,5.88831922360489,6.64896195411951,6.70460903484374,6.95567815559023,50,7.6271186440678
5.2864920973294,5.74289158344386,5.86333886477012,6.63203367523135,6.69055042767623,6.91651436634161,50,8.13559322033898
5.19406041864963,5.6892899329034,5.81391950551838,6.62635217850498,6.68687253428222,6.89580974393626,50,8.64406779661017
5.24299825863757,5.68663943591734,5.80068336535899,6.5948936919615,6.64829774736032,6.92865130471351,50,9.15254237288136
5.06647028061918,5.66904053271145,5.76157173985993,6.57968822576021,6.63392065550345,6.86867741585435,50,9.66101694915254
5.18231116556083,5.63589688611519,5.72959679128838,6.57149235693778,6.61581057411213,6.8562955696822,50,10.1694915254237
5.01500274935257,5.61018369184259,5.69108373352435,6.54432820173366,6.61435734956689,6.90006943438026,50,10.6779661016949
4.99410831881148,5.55641477979043,5.66397958348582,6.53275124882116,6.60315943713985,6.84367807896406,50,11.1864406779661
4.88390982910359,5.53512621407392,5.63066009825184,6.51286744813486,6.57405938493554,6.81148467824167,50,11.6949152542373
4.79955743244985,5.46097684510897,5.6136178563444,6.50684122336459,6.57084163843262,6.78922322840465,50,12.2033898305085
4.67351051557242,5.44989520463874,5.57680344152923,6.4986317695153,6.55568016335944,6.80733287052982,50,12.7118644067797
4.52693716458698,5.40305156568588,5.52779012694413,6.46108446913197,6.53404627527817,6.76965284698862,50,13.2203389830508
4.45872197752655,5.34854936885849,5.4944638994256,6.43863649537257,6.51390060388823,6.80376649235784,50,13.728813559322
4.441978133613,5.32829462808321,5.4590967202593,6.42934574368941,6.49523959970878,6.7026957749102,50,14.2372881355932
4.35753016625856,5.31297631777078,5.40033493455876,6.42253136150861,6.49801194647433,6.75476740792215,50,14.7457627118644
4.31607548024592,5.22750863112059,5.40048084542622,6.40482958005615,6.47495660855177,6.68454242491561,50,15.2542372881356
4.23279958977021,5.20534753096352,5.36215364961611,6.39833093820611,6.45628135909965,6.68506157877049,50,15.7627118644068
4.21579136570099,5.17518964397375,5.31841943694242,6.37507940078981,6.44806406409892,6.73281363928144,50,16.271186440678
4.1232970160643,5.12172976436509,5.2879880077634,6.36310665970951,6.43043745104587,6.70325087315259,50,16.7796610169492
3.92605712741619,5.08374415014119,5.24724735377495,6.3405451812559,6.41470616864839,6.68960189609199,50,17.2881355932203
4.04777543751635,5.03420605296877,5.20283549167752,6.33067988265266,6.39046308572365,6.64524317968699,50,17.7966101694915
3.81540789524733,5.02169779200876,5.19729670753935,6.31641672908021,6.37423980008385,6.70023146675587,50,18.3050847457627
3.74321830870216,4.96099097939423,5.12079107127527,6.29889464416995,6.351326653518,6.70706487055946,50,18.8135593220339
3.45134909448885,4.94570426832729,5.13591000101575,6.2724633808733,6.36634835329494,6.63656623123647,50,19.3220338983051
3.49216739891656,4.89104758944009,5.05994433187827,6.26753909876202,6.33655914255183,6.60501568953942,50,19.8305084745763
3.47264325172056,4.85344094685273,5.02242143448931,6.25834584169822,6.34465234215272,6.69536438925199,50,20.3389830508475
3.13527458302853,4.79904610777537,5.02583357046606,6.24479945252826,6.30031218479152,6.62486482329891,50,20.8474576271186
3.31955968475854,4.73282527362142,4.96122871397529,6.22865424771832,6.28582477890669,6.57402944190623,50,21.3559322033898
3.01128079275368,4.72991347963273,4.94521911241514,6.19570669348791,6.25778869689984,6.56484883009202,50,21.864406779661
2.95647645597927,4.67910375437856,4.8708887770332,6.1843690534485,6.25965908889187,6.54202412867725,50,22.3728813559322
2.97923204163754,4.61599989632394,4.90866628465706,6.17491531076648,6.25510744543383,6.57231388052505,50,22.8813559322034
3.09936453835381,4.5761930677618,4.81696753649183,6.16600182490544,6.24702245421588,6.48052761001273,50,23.3898305084746
3.13058192689811,4.57079696064343,4.82318935161954,6.15417870841077,6.23385878811439,6.50222382459362,50,23.8983050847458
2.77390467638407,4.51354391518708,4.77964475636214,6.1388795653627,6.21877383436084,6.48551616247453,50,24.4067796610169
2.89666906021967,4.43360699659588,4.73962835021831,6.12435797927923,6.18778252302271,6.52439021088802,50,24.9152542372881
2.73483932397167,4.41024619584385,4.70584969229634,6.09720516630209,6.1875173273406,6.45913063104034,50,25.4237288135593
2.62784853292255,4.35372524056664,4.69301049993203,6.09187947433679,6.16457157540854,6.4855064307783,50,25.9322033898305
2.79925864125616,4.36134047500316,4.64914017839594,6.07059044055864,6.17334163163517,6.48307795866914,50,26.4406779661017
2.6173063637512,4.31832794596999,4.59992751629429,6.06947754386815,6.15231143036223,6.43138360250672,50,26.9491525423729
2.43421656207201,4.23861614805616,4.57170999478472,6.05706201097248,6.14807715184928,6.44485708983144,50,27.4576271186441
2.57110069838639,4.22563496802104,4.53922419553519,6.04272935242378,6.11278101916609,6.44099120651116,50,27.9661016949153
2.36725490108202,4.14143075840765,4.50577045661092,6.03550077483637,6.12696032723561,6.41153555211609,50,28.4745762711864
2.46591703761859,4.12691591069787,4.47263651653261,6.00419972051506,6.09459478250331,6.43879568527445,50,28.9830508474576
2.52885196319911,4.00672930078418,4.41210755860146,6.01172314351588,6.08401874802847,6.41633097863464,50,29.4915254237288
2.41555447279693,4.01293567662116,4.39626129643313,5.98251308879555,6.07481549611636,6.39018328582768,50,30
1.22138716717905,1.42049070638501,1.46177855078391,1.97305561266928,2.01860290974931,2.40205891906181,51,0
1.34101823723462,1.51573320259474,1.56394819712216,5.3047568124327,5.48914343359964,5.91239737516199,51,0.508474576271186
1.66053802377393,4.48636805781007,4.90608301954573,6.30403906446818,6.37973622319471,6.52030318454663,51,1.01694915254237
2.31425197851369,5.89598704280432,6.0144655823684,6.70758603789969,6.7507791777795,6.96116476847092,51,1.52542372881356
4.3163301785832,6.30923822980127,6.39116964907551,6.95758736723905,7.00063720919212,7.28549326130904,51,2.03389830508475
5.05945445167172,6.49640032014185,6.57450135882721,7.11898614412759,7.16246925582552,7.44347976060056,51,2.54237288135593
4.97245720858397,6.638823972076,6.69645236043147,7.23008603491585,7.28797187634225,7.54093410818967,51,3.05084745762712
5.23157806536477,6.70481662289483,6.77004492230274,7.30030692265934,7.33564653730083,7.66854357367151,51,3.5593220338983
4.93328459491088,6.74965708127941,6.81601476540948,7.35195966706291,7.39454689228462,7.65360161048923,51,4.06779661016949
5.16840853881011,6.77491783060498,6.82979133037201,7.38972982943881,7.44537750187962,7.69863124302792,51,4.57627118644068
5.15992247784688,6.79332825816754,6.84526281413599,7.41541043878804,7.4742506580559,7.7192157124408,51,5.08474576271186
5.09607460538861,6.78371677978483,6.85000173888784,7.44557052316616,7.49624218969571,7.77391162916357,51,5.59322033898305
5.04626952278825,6.77704257309234,6.84170234560329,7.46699095503197,7.5096705781036,7.76757519353577,51,6.10169491525424
5.08050213557179,6.75398491409758,6.83607668392441,7.46306701415266,7.51612936444738,7.71466014430006,51,6.61016949152542
4.9260556368465,6.74969880096751,6.81803396119144,7.46363706683895,7.52721847270841,7.69771113225477,51,7.11864406779661
5.12868531856407,6.74642021484864,6.80621710390512,7.46169908283958,7.53176978962999,7.66424656839007,51,7.6271186440678
5.16031494901845,6.7198713050522,6.78244269763323,7.4516291968076,7.5076019078192,7.7439138299293,51,8.13559322033898
4.99670499908311,6.70431992482586,6.75341197031622,7.45166001909994,7.52344879093014,7.72161342760704,51,8.64406779661017
5.15261714819653,6.6700388763203,6.74613188617334,7.45526520680369,7.50164019688136,7.73237712913219,51,9.15254237288136
5.22662225129154,6.6582585925069,6.72397972076083,7.43743819034128,7.50775984736309,7.66667980850577,51,9.66101694915254
5.15121829758993,6.60901440179427,6.69330555155132,7.41844226706149,7.49958079455524,7.67135551757273,51,10.1694915254237
4.98466196788009,6.59216446523245,6.67661864596242,7.41946106471084,7.48069412754844,7.66918550131882,51,10.6779661016949
5.09754782705245,6.57780747161007,6.65630661436886,7.39694324466127,7.48327276473681,7.60837713764183,51,11.1864406779661
5.11369565286872,6.5311408186523,6.6158222752407,7.39221604753298,7.45174660614664,7.68058791570089,51,11.6949152542373
5.17984525931147,6.51249949670687,6.5957906738244,7.37714433092829,7.43993842856823,7.67108961518034,51,12.2033898305085
5.01286847912963,6.48558168412855,6.56877203760563,7.36317757758629,7.44030599646593,7.63552073356072,51,12.7118644067797
4.95078830909776,6.45258465992914,6.5393248341989,7.34939737393841,7.42041054121272,7.58704355860804,51,13.2203389830508
5.03280638678923,6.43421166158625,6.51063499177347,7.33092107687521,7.39599839648332,7.61023031687505,51,13.728813559322
5.03998887659004,6.38765782396309,6.49761767921246,7.33386457429381,7.39457622730842,7.59609117607825,51,14.2372881355932
5.10677202322665,6.38523764162264,6.45808004065537,7.31997050577829,7.40769824829774,7.58797034795797,51,14.7457627118644
5.00806209890113,6.32514260611273,6.42570106180173,7.29798136281751,7.38233109648987,7.60961614910245,51,15.2542372881356
5.00074905537439,6.28990877114398,6.39722291919969,7.28439665793969,7.3599679422133,7.57094367790075,51,15.7627118644068
5.04574273810098,6.29200703677982,6.38304201936384,7.26807804458056,7.33559586378817,7.50198098553933,51,16.271186440678
5.07052106654917,6.24032502913997,6.33169164696577,7.25981675106422,7.31994273195363,7.54537716025003,51,16.7796610169492
5.09702808192034,6.22320276400414,6.31769037452867,7.24932651591685,7.31793745536094,7.55731427372913,51,17.2881355932203
4.9405715371006,6.19297136044923,6.28765416410213,7.21890842846515,7.30211753532179,7.55386123140333,51,17.7966101694915
5.05826933942571,6.13149167565403,6.25145558444805,7.20451191489001,7.29294581811814,7.47812225216845,51,18.3050847457627
4.98740671495484,6.11916466884025,6.21323801109357,7.20100735427518,7.27846069012863,7.51497137425327,51,18.8135593220339
4.91260011813083,6.09666143934112,6.19230081206087,7.18197017880816,7.2735561428137,7.51074239162734,51,19.3220338983051
4.85741337998813,6.02792651694856,6.15558570578775,7.18068808959405,7.24735441732884,7.46543673788387,51,19.8305084745763
4.73981564043285,6.02079549720848,6.11601282956693,7.1645827022741,7.25247801354066,7.4870305106681,51,20.3389830508475
4.7170778001906,5.99643115409539,6.09312373157629,7.16037638081135,7.21969384348588,7.48695242940171,51,20.8474576271186
4.63909403019369,5.94840654419189,6.06951288808844,7.13532738059922,7.22763598318368,7.43194372846202,51,21.3559322033898
4.44225828124978,5.92302094293355,6.02594335761424,7.12555218787941,7.19122418320002,7.43174664641548,51,21.864406779661
4.41305668681939,5.91200119487531,5.99184687580033,7.10236547114169,7.18773006163322,7.47884983015684,51,22.3728813559322
4.25536988496914,5.87148414615262,5.96951831784246,7.09245773753395,7.16736102631683,7.40869861003685,51,22.8813559322034
4.22604382069822,5.83989683577464,5.93548180005793,7.08030170016046,7.15556544072946,7.44272122077992,51,23.3898305084746
4.14939374598985,5.78204389888222,5.90974961653733,7.06578120361435,7.1579193576792,7.3687139264309,51,23.8983050847458
4.03979857524729,5.73903233320307,5.87798219207201,7.06417599768534,7.15697840179693,7.35038173998024,51,24.4067796610169
4.05246712868421,5.7189491939621,5.82332943049522,7.05240585192946,7.13826228337623,7.34040422256794,51,24.9152542372881
3.98090511376152,5.68151186085065,5.79845707804339,7.02479072398044,7.10607360227231,7.3980947201056,51,25.4237288135593
4.11288427211738,5.63850181631936,5.76956668558319,7.0251568471011,7.10315656139601,7.35687641727954,51,25.9322033898305
4.02030447332171,5.61047668539244,5.74390033147681,7.00027349988541,7.07685206157825,7.31549789427206,51,26.4406779661017
4.01779175500951,5.58841498539889,5.70366149529106,7.00472054970318,7.09658685903685,7.32842910007449,51,26.9491525423729
3.89481458065284,5.55415529161238,5.66354367903589,6.95654691734134,7.07670774433422,7.32324652281173,51,27.4576271186441
3.7683626167049,5.47901188802464,5.63615410563187,6.97556042956687,7.05816919252213,7.32019718950631,51,27.9661016949153
3.62478273439703,5.45797886719739,5.62447472400175,6.95501319718055,7.05522543425894,7.31601704325884,51,28.4745762711864
3.75756648863675,5.45087312433821,5.56734731277345,6.94844868203764,7.0183168461502,7.26984441550559,51,28.9830508474576
3.6121244695128,5.39139110168336,5.52776001304435,6.93779450093069,7.02204404233432,7.3449187388435,51,29.4915254237288
3.43016122043925,5.35617346751518,5.49392952748706,6.91846906001011,7.02353111193712,7.25825256352863,51,30
1.26325233928334,1.43702713994144,1.47033137477818,3.50932477906105,3.82250208853811,4.85562108413853,52,0
1.73991478599686,4.34311700294161,4.65231151301542,5.74167501181341,5.82457488951222,6.14676999164612,52,0.508474576271186
5.254085888247,5.61816276777851,5.68699738314874,6.30706602073734,6.36909781509337,6.62970987658564,52,1.01694915254237
5.76277182911485,5.9879436227836,6.04525447310392,6.58045491447678,6.63943153111202,7.01346345438713,52,1.52542372881356
5.88501511550866,6.15939662236317,6.21696019769813,6.74791750559539,6.81264692392473,7.32507325261465,52,2.03389830508475
5.87842879881077,6.28190111512305,6.33255133495746,6.84666553629028,6.9283653110926,7.14994853341746,52,2.54237288135593
5.86209671444573,6.32696323557395,6.37036485374434,6.92422351094094,6.98871264067154,7.20483353103735,52,3.05084745762712
5.93755383291361,6.37057435792763,6.41383857001829,6.96423544514977,7.03239497558242,7.39886796923844,52,3.5593220338983
5.87186725893209,6.36950995371249,6.42318513890272,6.97400254421007,7.06501830495507,7.2518068837069,52,4.06779661016949
5.84212203843651,6.37660130269438,6.44055382261185,7.01382441686912,7.07343081798038,7.31550854099079,52,4.57627118644068
5.89575261314305,6.36095459780189,6.43652757867723,7.012612394147,7.09076719602498,7.30095694070945,52,5.08474576271186
5.8159867427252,6.33150885797968,6.4041323708508,7.03316542464425,7.09242425366674,7.50894466375235,52,5.59322033898305
5.80607509523822,6.33599935377882,6.41138109292659,7.03157344630102,7.10107398175558,7.29004026757119,52,6.10169491525424
5.84446507973392,6.29996947819413,6.38242503318624,7.03473760487838,7.09825305286204,7.31377308837726,52,6.61016949152542
5.77284071585442,6.28940558226829,6.37061900909464,7.01236440653327,7.08059941161434,7.34312818987225,52,7.11864406779661
5.712444569247,6.26143115303041,6.36183289207935,7.01802545438137,7.09044661738294,7.32973843644621,52,7.6271186440678
5.72624671010402,6.23521992427525,6.31532158156019,6.99871118745085,7.06856528916723,7.35897172454789,52,8.13559322033898
5.82196948247715,6.21114145577609,6.29202203410184,6.98542624711787,7.06255856912727,7.35071380291511,52,8.64406779661017
5.72285179909296,6.17234117715258,6.26471359740616,6.96945212563146,7.05525075541476,7.31058836008977,52,9.15254237288136
5.64900189486507,6.13945081167179,6.23057591934699,6.97208880285876,7.02837220010689,7.34653787609114,52,9.66101694915254
5.64953986961915,6.11322181676057,6.21821019737682,6.95729681534778,7.01865923208523,7.28920013108909,52,10.1694915254237
5.73189813587867,6.11727919862052,6.18119624123007,6.93063252158518,7.01579607442897,7.3301458111728,52,10.6779661016949
5.6861339088989,6.07472331515009,6.16379531964832,6.92014269518969,6.99591968450388,7.37843373455165,52,11.1864406779661
5.53710959923411,6.03331793773382,6.13142503551355,6.89502714209261,6.97758481357589,7.42904441596934,52,11.6949152542373
5.50368263253728,6.01467009126341,6.09902562843068,6.89371583130309,6.95971318881892,7.43853183299374,52,12.2033898305085
5.44115968599642,5.97211333182392,6.09659119718353,6.87416314143805,6.93680002505226,7.36663658118014,52,12.7118644067797
5.43243088789652,5.93080887273871,6.03012517077676,6.85050551717295,6.93008694363328,7.29071266661143,52,13.2203389830508
5.38998683327522,5.92818782362142,6.01703970345937,6.84363016561129,6.9225116317074,7.2865800687895,52,13.728813559322
5.32487455189735,5.8799124399691,5.982611914019,6.82279215474702,6.8975346297486,7.22737161532295,52,14.2372881355932
5.32434953608749,5.84424415862958,5.96731518823951,6.82104097361081,6.89122668396092,7.30418110038955,52,14.7457627118644
5.21437600894381,5.78950314155401,5.90004596083526,6.7995005855945,6.88341125379653,7.23492824940246,52,15.2542372881356
5.20585538499091,5.75028907447488,5.88676892661671,6.78983750105272,6.85531615852228,7.21789361684649,52,15.7627118644068
5.1455760028779,5.7094579826789,5.85590034026682,6.7881184074854,6.85610076685914,7.40780292665826,52,16.271186440678
5.14056103710409,5.71368840322391,5.82065295449496,6.7611669518697,6.84236253813174,7.17396838041947,52,16.7796610169492
5.05935697185262,5.65580749288649,5.80064675842316,6.75378352465587,6.83204585010913,7.27128914137384,52,17.2881355932203
4.99211228786855,5.62748756727816,5.74513835508752,6.73691230796162,6.79800120346987,7.21954077657743,52,17.7966101694915
4.95898259417966,5.58925188170747,5.71774635592852,6.7067663808247,6.7960721679219,7.30350035735104,52,18.3050847457627
4.86034920528398,5.5501758632775,5.70406016712067,6.70177595502181,6.77681005931347,7.28655570113446,52,18.8135593220339
4.74083270557651,5.49288186858122,5.66598232091452,6.69472215664676,6.76890156979717,7.18550186123332,52,19.3220338983051
4.67231809385452,5.48215458647027,5.63080654581449,6.67918853208398,6.76052506907076,7.15117431944521,52,19.8305084745763
4.71741930355957,5.44234716047939,5.59146437768181,6.66289485554182,6.74005629663904,7.20110149580406,52,20.3389830508475
4.60423469719245,5.40752851094614,5.5574540985403,6.65575019084415,6.73963937161699,7.34875019682834,52,20.8474576271186
4.5834540802181,5.36764823903254,5.5200184231924,6.63317107574987,6.71973197632236,7.19340949247578,52,21.3559322033898
4.39361283235601,5.33958568108239,5.48956269162442,6.61533318343862,6.70155383050289,7.18072187261146,52,21.864406779661
4.45204780569805,5.24478315833759,5.46323228711989,6.62695842654442,6.70891204572361,7.13182416068363,52,22.3728813559322
4.41927836649611,5.25527299855476,5.44330944998785,6.5913131340239,6.6956199989763,7.04008769735053,52,22.8813559322034
4.54002502436801,5.17771584426216,5.3746754344918,6.58704336782526,6.68573671088527,7.0864346896594,52,23.3898305084746
4.48599858923355,5.15413502213795,5.35252051968487,6.57583220832437,6.66482142488393,7.31291084751483,52,23.8983050847458
4.45584359832554,5.10205098465236,5.33908778718065,6.56734912927839,6.65023624115392,7.14895895281088,52,24.4067796610169
4.33194861161309,5.06277064378494,5.29467436179018,6.53183240666152,6.62857800895757,7.32095218207657,52,24.9152542372881
4.28015835198739,5.07632526344422,5.24203827088087,6.52663656753964,6.62114518561675,7.08785863251007,52,25.4237288135593
4.22857328898684,5.03275146544018,5.20387139382703,6.52811537440454,6.59688282281481,7.2280596443205,52,25.9322033898305
4.13695857652074,4.96568319309103,5.21344757086188,6.5003396153425,6.6040859713321,7.16875793402132,52,26.4406779661017
4.04403925154076,4.91987660470653,5.15974799618347,6.50991528187484,6.5758392868051,7.09282598537933,52,26.9491525423729
3.93546696538091,4.94898612612487,5.11284342193363,6.48191613537792,6.57007714465369,7.05317800817844,52,27.4576271186441
4.02270893198818,4.87070523529277,5.09146420835352,6.46395599166564,6.56793898598979,7.16507681512563,52,27.9661016949153
3.91525562194424,4.82612992509558,5.05529297107614,6.46213579050665,6.56028957467013,7.10800399936298,52,28.4745762711864
3.87536802512534,4.78692144169413,5.01791587258547,6.44747984668604,6.54647934873395,7.11048533922148,52,28.9830508474576
3.79737104131352,4.76584211228497,4.99298597963434,6.42710019775788,6.53110485003179,7.19215049811513,52,29.4915254237288
3.81542074306444,4.74121382976018,4.96710609546911,6.41221576923111,6.52914911168425,6.93551576638925,52,30
1.20532385987954,1.41201981773538,1.45459641509537,1.97257844640842,2.0055857119457,2.52440560051412,53,0
1.26613269136702,1.4920399874972,1.53622972241588,5.28085881899048,5.57553526579445,6.0140661395806,53,0.508474576271186
1.50300946619157,1.98546721340178,4.34584700799584,6.46790322183338,6.65461053672493,6.88923366503698,53,1.01694915254237
2.29931485555735,6.07777876218227,6.18733025944382,7.05676300581861,7.13532951207037,7.33059835413912,53,1.52542372881356
2.47160633991078,6.64113094593495,6.6971977735281,7.37926718361724,7.455125626264,7.67760244583805,53,2.03389830508475
2.51243296999154,6.88577436358818,6.95236013178544,7.59325560317986,7.66729496297029,7.88421735286374,53,2.54237288135593
2.34215789626414,7.09856260386176,7.14535692311564,7.73562203623316,7.81537533553356,8.01379672584462,53,3.05084745762712
3.93663945877753,7.22447915191891,7.27803888447137,7.86434351616865,7.94205725621752,8.14955585624554,53,3.5593220338983
5.87550846105446,7.31934254933704,7.35797280803106,7.95178892049305,8.0219034853619,8.22735128308916,53,4.06779661016949
6.20818245784612,7.38998663798016,7.44231495321838,8.01129582628655,8.08657805622708,8.2373641419276,53,4.57627118644068
6.36875321864519,7.44976265717788,7.49474492305057,8.06545607494535,8.14450247913725,8.33750792711595,53,5.08474576271186
6.71682726989665,7.51848707004303,7.55347609468276,8.11635236307179,8.18441998540906,8.34870378580623,53,5.59322033898305
6.83036907578764,7.53748011001324,7.58414421609486,8.13847124436657,8.20987229697088,8.39041014491064,53,6.10169491525424
6.99208723370544,7.56912053609776,7.61356622547108,8.16704144479306,8.23523036617773,8.46520605212707,53,6.61016949152542
7.00712652835701,7.57260654325163,7.62557201830595,8.1940302249297,8.26441566204163,8.52410867420346,53,7.11864406779661
7.11848972586493,7.59604105421246,7.64009142125734,8.2271734744698,8.29791088572612,8.49648632854738,53,7.6271186440678
7.17238524914863,7.57783727447019,7.64268557145041,8.22822211630391,8.2984036006587,8.55216402790639,53,8.13559322033898
7.12067148633713,7.60169762769611,7.64981384037019,8.24229636376926,8.31739305697989,8.53423710716165,53,8.64406779661017
7.2638928200998,7.58910193015464,7.64526581676538,8.26013746100783,8.32571545142402,8.57013772772878,53,9.15254237288136
7.13090572389209,7.58520081709843,7.64973780668009,8.27003109814934,8.312184734277,8.52387905787672,53,9.66101694915254
6.99874687935353,7.56686364731734,7.64143033616732,8.2729051830826,8.3184492076293,8.53009532821873,53,10.1694915254237
7.13134267316633,7.57175808279808,7.62691256270795,8.27375599035358,8.32696165164073,8.51069140673098,53,10.6779661016949
7.06765861930965,7.54524445520685,7.61050253413885,8.28100243032497,8.32987928969679,8.501219466694,53,11.1864406779661
7.0020332645833,7.54145694989046,7.60067281496016,8.28683398424811,8.33047532234552,8.54734546312357,53,11.6949152542373
6.97440239459202,7.52529182198506,7.57489059734768,8.26547116288801,8.32878724266358,8.50871298154069,53,12.2033898305085
6.85643213804411,7.4832245530079,7.56471908632038,8.26038118411511,8.32242574599153,8.5156555524045,53,12.7118644067797
6.85150507267588,7.46245715436503,7.55307354260586,8.26706940713,8.30956202898443,8.47956652068523,53,13.2203389830508
6.79418059025293,7.44175972359104,7.52588368387222,8.27077549534766,8.32622602674584,8.4940189068545,53,13.728813559322
6.80939027224546,7.4326543473896,7.51944144627351,8.26243371884492,8.33013370614104,8.51202129497013,53,14.2372881355932
6.65324502123432,7.40594097389932,7.48601032338243,8.25046062875435,8.32771552121197,8.47719834464703,53,14.7457627118644
6.52417775762964,7.36676292951937,7.47341934847354,8.23788895627476,8.30059283682968,8.47603629688735,53,15.2542372881356
6.49454850119997,7.33479794942796,7.43616285159261,8.2365332462466,8.30962770418512,8.51140251078441,53,15.7627118644068
6.46949668063367,7.30837096403212,7.41035640046689,8.21236533409516,8.30963508888799,8.48918738335475,53,16.271186440678
6.34839677715109,7.28820397949974,7.39581448750979,8.20578610729432,8.28821974834058,8.50697390859531,53,16.7796610169492
6.27054201721258,7.25695647791544,7.3618756151876,8.20860252805041,8.28982890658188,8.5026293437265,53,17.2881355932203
6.24180793549202,7.20661700299073,7.34693408028037,8.19582975133731,8.28911003802766,8.50515863791669,53,17.7966101694915
6.19011757966659,7.18723921742068,7.31229233480629,8.18551802741752,8.27539678609182,8.49054615715045,53,18.3050847457627
6.03344962533238,7.15076505390401,7.28969473798219,8.1687299594125,8.27060347756452,8.49923537032218,53,18.8135593220339
5.91923750560637,7.11563567503873,7.24143366911541,8.17310558160162,8.25173315518813,8.51249149787488,53,19.3220338983051
5.96063653641503,7.05468943011589,7.22782659750315,8.15266495617076,8.25357309913067,8.49654387637807,53,19.8305084745763
5.90982829093755,7.04430268800278,7.19398026315985,8.13417514427128,8.24720778889827,8.4505390312623,53,20.3389830508475
5.8440300221749,7.0068857902422,7.18189443744387,8.13192291603412,8.20544401068749,8.42022558222914,53,20.8474576271186
5.72310725140236,6.95972937261952,7.13649852384904,8.11542248156363,8.23052798035751,8.44180539877164,53,21.3559322033898
5.74606749334854,6.93318428911388,7.10502987999292,8.10630370961243,8.19675236736964,8.39437392576423,53,21.864406779661
5.64340356751592,6.90832182441203,7.07811128372655,8.0895660637412,8.19495228585486,8.45371689475288,53,22.3728813559322
5.55091909742803,6.85629088912649,7.03697329145305,8.06893562199598,8.17831932950448,8.46615021211942,53,22.8813559322034
5.5128735276136,6.84773911022658,7.0126692078904,8.0561771326233,8.16333092492339,8.44418393711343,53,23.3898305084746
5.52667156320586,6.80718044724607,6.96428270971631,8.04094350467267,8.15537248046942,8.43916186433888,53,23.8983050847458
5.34342075437151,6.77424680110093,6.9428885069901,8.03196529244219,8.13072390796641,8.44274818869796,53,24.4067796610169
5.37935510022568,6.69145091559969,6.91545090558678,8.02788038875399,8.14912796181311,8.37127532514934,53,24.9152542372881
5.23077450174368,6.66360014216363,6.85533160943887,8.004602071355,8.12253916595346,8.38583584312765,53,25.4237288135593
5.11331937858741,6.62087463584809,6.83690717981517,8.00451011913638,8.1169587894309,8.38476324816699,53,25.9322033898305
5.1569532743495,6.59069733109778,6.81591082332365,7.98339053728961,8.11547923608077,8.39123454954139,53,26.4406779661017
5.02363744823388,6.55155394874512,6.78974296125287,7.98929823676503,8.09454388122273,8.35279070828036,53,26.9491525423729
5.05978317546252,6.54199215252743,6.72851243813987,7.96854432809208,8.07559488203337,8.33353656033319,53,27.4576271186441
4.96944641618368,6.50576835767846,6.70097981782726,7.95428775728413,8.07453753523279,8.32901542026531,53,27.9661016949153
4.91448791582602,6.46786335476326,6.67661852141605,7.93446152007342,8.05186137498633,8.33280759683672,53,28.4745762711864
4.76705825884857,6.41948158562898,6.64516552923102,7.92081059126642,8.04471375423791,8.38419014522048,53,28.9830508474576
4.79342157432755,6.36687427427904,6.58778523531579,7.90514651600654,8.04525134898315,8.29374637512718,53,29.4915254237288
4.69476291554373,6.35663860050612,6.5738628912137,7.89280702444517,8.04435475581359,8.32361052426777,53,30
1.23110354595748,1.410167466354,1.45618662651559,1.97067990604758,2.01506208452427,2.54764301794501,54,0
1.2374367150203,1.4350548075794,1.49155022027267,4.57873193529552,4.74960822747149,5.25701880602987,54,0.508474576271186
1.56728472834889,1.81559161686952,1.96694297416838,5.79734852597225,5.88271569399365,6.16870860216538,54,1.01694915254237
2.36496428541228,5.36789185581392,5.45977282421171,6.30988351757543,6.37335624955637,6.64932497134057,54,1.52542372881356
2.35839861240374,5.91913958948644,5.99194557737146,6.61953174367602,6.67589175474137,7.01818685089957,54,2.03389830508475
2.50071222055825,6.17597512419448,6.24703362387661,6.78814254377314,6.84861038262802,7.15697426153922,54,2.54237288135593
2.46463748404872,6.36202943992361,6.40916387927717,6.92816005545082,6.99400422206594,7.15915378424844,54,3.05084745762712
3.09879343026135,6.45157305653265,6.52418331592926,7.02319710007147,7.07676630303614,7.25842884806687,54,3.5593220338983
3.85159395154903,6.52069432663587,6.57005549740543,7.09462194875227,7.15373047665615,7.33787241584602,54,4.06779661016949
4.1837129448346,6.56143218851058,6.61651660319217,7.13594189096943,7.2097321145469,7.37849330860014,54,4.57627118644068
4.33254872048052,6.60198857482249,6.65105605029958,7.18118463446886,7.23058680720105,7.45065487763312,54,5.08474576271186
4.54656616001118,6.62082705616222,6.67761237222485,7.21660497412723,7.27938375881972,7.47438190715814,54,5.59322033898305
4.70700906857716,6.61017780098007,6.66583720834554,7.23633926286642,7.29223995690421,7.48155705817868,54,6.10169491525424
4.91954165507446,6.62135397375346,6.67401905136205,7.24567568484453,7.31849937258756,7.50932440758076,54,6.61016949152542
4.88759383803774,6.60111093519411,6.65921588014948,7.25143834222618,7.32496091882994,7.52830127763728,54,7.11864406779661
5.00677645711817,6.59885792154481,6.65658705002102,7.27341515717231,7.34746859914458,7.57692848334492,54,7.6271186440678
4.90139386945427,6.59524026547622,6.65316639541938,7.28023463991623,7.33936828408393,7.56953236595708,54,8.13559322033898
5.09583584198421,6.56499027697724,6.63135442683101,7.27506679481079,7.34894429129204,7.53748596222188,54,8.64406779661017
4.93985492785205,6.55058999938638,6.61385009579802,7.27292780414294,7.34327447217758,7.5201619993232,54,9.15254237288136
5.12737951794229,6.52864639636106,6.59024506228304,7.27555896984172,7.33231570683455,7.53113984681225,54,9.66101694915254
4.96470373706434,6.51842080587098,6.57798598961265,7.25316217732649,7.33871629467219,7.52609633490448,54,10.1694915254237
4.83313160714114,6.4939719884426,6.55284957821492,7.24219537793754,7.31367576656602,7.51435306893578,54,10.6779661016949
5.16296341516154,6.45572919316562,6.52848969326668,7.24094099497752,7.32108552590039,7.49036421943693,54,11.1864406779661
5.07449083895491,6.43598902344651,6.51758016903832,7.23053886116079,7.30454631485725,7.57974268545903,54,11.6949152542373
4.76860236948207,6.39279604960813,6.47471153885921,7.21365830551665,7.3009398022718,7.55065767490625,54,12.2033898305085
5.07120484496675,6.35866293022753,6.45122113615696,7.20834861844515,7.26868930573709,7.57867031791472,54,12.7118644067797
4.91134123661604,6.33433556692904,6.43377386670383,7.19115248861344,7.26681251551968,7.48766858672808,54,13.2203389830508
5.03525226404759,6.31888923494648,6.39925001149814,7.17554602024125,7.24344385227491,7.48442316680542,54,13.728813559322
4.96010570991058,6.27688903111102,6.3720054357993,7.17414782237473,7.2526729823807,7.50069093882335,54,14.2372881355932
5.01102603437369,6.24768604609181,6.35780694892657,7.16202717120151,7.24428878657232,7.53083536379909,54,14.7457627118644
5.03226329165814,6.19996875120197,6.31470129508953,7.13725395848355,7.21663397798273,7.47877240424949,54,15.2542372881356
4.97709559283185,6.20542766087291,6.29066282833292,7.1294547810545,7.21078900390201,7.50024420030314,54,15.7627118644068
4.91215060954565,6.13611282568658,6.27039535376795,7.12465918242265,7.19205215203059,7.45003904042533,54,16.271186440678
4.91634255607052,6.10547260041407,6.2175235721465,7.09487356518395,7.15693656418408,7.46929240881541,54,16.7796610169492
5.01352724063657,6.07986915659192,6.18921148803155,7.07885962661198,7.16149363918836,7.48093240166482,54,17.2881355932203
4.82572792727643,6.04027163158096,6.15627192108657,7.0715597211804,7.13902343926921,7.47322128195599,54,17.7966101694915
4.94034998321865,6.0179327818597,6.11828513487059,7.05180001612057,7.12976564027988,7.43293875871155,54,18.3050847457627
4.76860473804243,5.99743753923833,6.10676983805666,7.04221370159896,7.12879744092452,7.51892951235369,54,18.8135593220339
4.79980513771681,5.90750292720311,6.06447077104706,7.03171959647996,7.10284326345616,7.34920608432218,54,19.3220338983051
4.74865418340943,5.9111305074936,6.03624786135781,7.00028751300296,7.08117769716088,7.45048836968039,54,19.8305084745763
4.86033455668176,5.84511864420503,6.02039865793278,6.98723711651311,7.0627592956029,7.42805485325007,54,20.3389830508475
4.84492661001048,5.85503153169394,5.9638365286946,6.98759565277957,7.04930215550797,7.42459447661887,54,20.8474576271186
4.87637389858637,5.7743051301136,5.93614603477254,6.97181091251815,7.05266108278547,7.37377764939905,54,21.3559322033898
4.73002456218672,5.77893279822406,5.90728949952554,6.9501412351078,7.0246851968964,7.38292483631413,54,21.864406779661
4.80478332982389,5.72335683443804,5.885001740035,6.94059360316645,7.02317074885043,7.41995713269988,54,22.3728813559322
4.68736037065886,5.6754437600364,5.84237221241179,6.92160301984982,7.00256638979467,7.3533290298185,54,22.8813559322034
4.57812175280158,5.63440746252097,5.80595370486221,6.91080887704508,6.99691253476487,7.42623789025784,54,23.3898305084746
4.58050186126843,5.61466290373967,5.76808147664429,6.88987967221383,6.9718022845683,7.3611780270615,54,23.8983050847458
4.76217469313785,5.60983106957542,5.75229720344216,6.87584843453904,6.95046133737635,7.37145908570774,54,24.4067796610169
4.64819159494864,5.55107095831247,5.7206371149989,6.8580269624367,6.9275587938341,7.32386852455459,54,24.9152542372881
4.65497028391919,5.52188618312609,5.68405707204905,6.84252238584837,6.92308072016215,7.36168535464755,54,25.4237288135593
4.72529555104398,5.47938171599033,5.63359987820458,6.83343316909477,6.92061989665176,7.33666491912445,54,25.9322033898305
4.46898738029224,5.45630906564461,5.61729781913654,6.81552878715595,6.88579105255096,7.32031388446392,54,26.4406779661017
4.63275121840367,5.43458971074229,5.56977782775603,6.80410376671511,6.87092275004014,7.36157335887109,54,26.9491525423729
4.66234970392227,5.39144649236748,5.53871411561668,6.79065682785785,6.85810443332183,7.34986764500649,54,27.4576271186441
4.63661928510579,5.36112074712819,5.51371827773734,6.78753660105625,6.85677816536607,7.29406946102987,54,27.9661016949153
4.53161191024993,5.32630917655482,5.51185167801045,6.77479299810966,6.83962472659348,7.33463774430265,54,28.4745762711864
4.51268135188532,5.28231513148771,5.46899402051285,6.76220878629607,6.8317593493831,7.30821791659438,54,28.9830508474576
4.53233958051777,5.27347618094474,5.42295772943032,6.73410341878806,6.8333526763976,7.31992387637659,54,29.4915254237288
4.43912701964066,5.17594732656158,5.39558007039383,6.72617541831135,6.82818799963687,7.27271787973241,54,30
1.23080930538455,1.43690432940571,1.48017047412227,2.72784809547601,3.71455154115084,4.54915924646594,55,0
1.46897102593937,3.53330325507029,4.41213180937691,6.00023792886163,6.07342576484763,7.63806249204228,55,0.508474576271186
5.42077045098197,5.91623970937718,5.96607320524511,6.63150792228181,6.67650683788937,8.23536513600763,55,1.01694915254237
6.07385407442812,6.35290185204763,6.41059948617777,6.9626318671958,7.01778968338964,8.7027305993615,55,1.52542372881356
6.4483949380466,6.58007503158379,6.65392892470345,7.16242229874294,7.22488321488243,8.78751544789459,55,2.03389830508475
6.59854098875407,6.73090628088957,6.78422152316286,7.30205032091319,7.36501902976373,9.12580279852363,55,2.54237288135593
6.61515641150488,6.83120428125614,6.88885664399754,7.39660397165033,7.4528853228458,9.18480351150361,55,3.05084745762712
6.72328158754021,6.91031534151606,6.95312611057497,7.47085467283584,7.54007993863268,9.45191366572288,55,3.5593220338983
6.75904102938838,6.93909986113145,6.99169246083113,7.52780313449981,7.57813320078514,9.52731797022654,55,4.06779661016949
6.76098350080447,6.97210321908862,7.02776633021235,7.56235256206411,7.62384034370533,9.46692724585185,55,4.57627118644068
6.74231564305796,6.98087799008282,7.04485992742191,7.60246902765058,7.65633319489511,9.66644901223639,55,5.08474576271186
6.71275990227915,6.9886047718303,7.04984936719738,7.62141721556819,7.66722795020714,9.79764792715499,55,5.59322033898305
6.78274310605793,6.97336409785857,7.04424785211551,7.62674564762773,7.692568985752,9.80796656336519,55,6.10169491525424
6.7275134058387,6.95871658234977,7.04643649662759,7.64398740226787,7.71023318996316,9.87502662657088,55,6.61016949152542
6.78309331858815,6.96508431496143,7.03120684273814,7.64991486215636,7.70750658160218,9.92764425597514,55,7.11864406779661
6.76696397162971,6.93341226622013,7.01985601579368,7.65738454056732,7.71960539348638,9.91649484476964,55,7.6271186440678
6.68586412698061,6.92380268821362,7.00224502227643,7.66484297186417,7.74847167740136,9.90788563558101,55,8.13559322033898
6.67825784717976,6.9189815441745,6.97321026818749,7.65411947423291,7.71894982515957,10.0271441080632,55,8.64406779661017
6.69035635122906,6.89513677796606,6.95753564909935,7.65082079472464,7.72872080054053,10.0423331817248,55,9.15254237288136
6.64179603642725,6.85666408682787,6.93919885675074,7.64914746017378,7.72724586883587,10.1297314422263,55,9.66101694915254
6.57167902909581,6.83886962547385,6.89778714828847,7.64051846878336,7.71377507768546,10.0163723673101,55,10.1694915254237
6.58231369080666,6.8102832049849,6.8761559234503,7.63698730375002,7.71455573847463,10.0989931045436,55,10.6779661016949
6.48994515222535,6.78712160753545,6.85107201957169,7.63039706876788,7.69329718226576,10.0129249334813,55,11.1864406779661
6.47900020957175,6.75548253613871,6.8388674633114,7.61349609619931,7.70723298306155,10.0706815067787,55,11.6949152542373
6.42381956573127,6.73568340029585,6.81112093121249,7.61788479168135,7.67897524949741,10.1934600418666,55,12.2033898305085
6.36929964407785,6.68594240331023,6.78551753216628,7.61027378315161,7.6606685030617,10.1052329800707,55,12.7118644067797
6.33282592219965,6.66482736859716,6.75864252873327,7.584796879623,7.66196236903905,10.364938066466,55,13.2203389830508
6.17889001620317,6.64320153933874,6.71921137226732,7.56881047697961,7.66293091570094,10.2642932662497,55,13.728813559322
6.19545007019026,6.605335725216,6.70468794021853,7.55664928144007,7.64101876069155,10.2355465862515,55,14.2372881355932
6.12185236373094,6.58281906079417,6.66758126266214,7.54002778117388,7.612634578795,10.047973257297,55,14.7457627118644
6.14565317273133,6.53090953913811,6.6414425543036,7.54122197607075,7.62499578310889,10.1408051333809,55,15.2542372881356
6.00675162285525,6.52484727268993,6.63370902356116,7.51689560004755,7.6186805925359,10.2355376084812,55,15.7627118644068
6.00789254294297,6.48295587560052,6.6299323146028,7.49960703151596,7.57715408691611,10.123753254237,55,16.271186440678
5.99207224969586,6.46973073327875,6.57442960994642,7.49269268449123,7.5695332260015,10.1382545827329,55,16.7796610169492
5.91827456704377,6.39491467709443,6.56061274162484,7.47703663301922,7.5683971412917,10.2762130124552,55,17.2881355932203
5.81500298701242,6.39017679872232,6.50933188338207,7.46928990554874,7.56888546112319,10.2138415783914,55,17.7966101694915
5.81763761538667,6.3232422297518,6.48865666786974,7.45081810896753,7.53907508104531,10.2116709886836,55,18.3050847457627
5.61833226037411,6.33390760278969,6.46999175350735,7.44641716383778,7.54003336868319,10.106042922184,55,18.8135593220339
5.57658195190835,6.28156597647941,6.42808674778593,7.43056239375026,7.51626161524034,10.170989553883,55,19.3220338983051
5.57501197262814,6.25497476906239,6.4129223452711,7.41438840584059,7.50509690481576,10.2473915548147,55,19.8305084745763
5.39697380347576,6.23987588076194,6.39879379523107,7.40737841978129,7.50616710110578,10.1680810628609,55,20.3389830508475
5.32310905829321,6.19225960315757,6.36436139169868,7.37180923352953,7.47421840055873,10.2640456227841,55,20.8474576271186
5.2663114783151,6.15386931751581,6.32179443927479,7.35793470227748,7.47228848316767,10.1756322651275,55,21.3559322033898
5.14365094928687,6.14927871946045,6.29303196285748,7.35130494076786,7.46926854640382,10.1368556487921,55,21.864406779661
5.0598158075543,6.10207164222401,6.262597006631,7.34175284655618,7.47243058140595,10.0643809055975,55,22.3728813559322
4.97286337038943,6.05352066883207,6.23811319680978,7.3342907872571,7.41327575748679,10.3097994430816,55,22.8813559322034
4.95723611792279,6.03885212089097,6.22025050906245,7.31449678214313,7.41315450942857,10.2010923024761,55,23.3898305084746
4.89477341562882,5.98103764137552,6.16293412811355,7.30445054228251,7.41359022146931,10.126588747492,55,23.8983050847458
4.79278172381542,5.93314336028719,6.14623331436312,7.27981312970039,7.39034880588139,10.1366848706761,55,24.4067796610169
4.7023036889492,5.9527514551929,6.11389372809706,7.27592384177451,7.38755246758512,10.187372101373,55,24.9152542372881
4.44236200472138,5.89588910973697,6.09853740229144,7.26949739145037,7.36381590323493,10.1656919580796,55,25.4237288135593
4.35577925446927,5.88086227300618,6.06840792287934,7.24368309284102,7.34018913047975,10.2308600276166,55,25.9322033898305
4.26083786181166,5.85072219026994,6.00980772194764,7.24230804856555,7.34734571482531,10.1540872190628,55,26.4406779661017
4.17562372046556,5.81493804657891,5.99969332734647,7.24088610295964,7.35160843149801,10.0563331472399,55,26.9491525423729
4.22036316772839,5.7625218828965,5.94606178846129,7.21219722121407,7.31230614893698,10.2104157649998,55,27.4576271186441
4.20019690943436,5.7418517698197,5.93120609739002,7.20167982091149,7.30895333579656,10.1899623984741,55,27.9661016949153
4.10836569639097,5.69774450613227,5.87550973874373,7.19598193921638,7.28950441472041,10.0532252685752,55,28.4745762711864
4.00536803531624,5.69141359310981,5.88646973025303,7.18624515020779,7.29052439139423,10.1533182139942,55,28.9830508474576
3.87610949477803,5.65724082715963,5.80443411670911,7.16177177090932,7.29109863002668,10.2079606366119,55,29.4915254237288
3.86420072693868,5.61677326908939,5.7670646328209,7.15710996991899,7.25461668618977,10.1459131564073,55,30
1.27890290086952,1.40816797957755,1.45816983840744,1.98609504277093,2.04181878606702,3.61391234191835,56,0
1.41237442527279,1.65253175959999,1.71544981164288,5.7530799477933,5.84392522267134,6.15401808538669,56,0.508474576271186
4.24096216465333,5.48605933324967,5.58565987079937,6.51415103126642,6.57712900775965,6.77335436578685,56,1.01694915254237
5.68652798558242,6.1638087778575,6.24442625916057,6.90316030825283,6.94634538378882,7.206391469481,56,1.52542372881356
6.15959934606006,6.4840545449425,6.55066036205421,7.13358038020368,7.18182418676723,7.42732501386219,56,2.03389830508475
6.39405047932941,6.6936462858623,6.74798810014684,7.30630495587604,7.35748759546531,7.57531615968711,56,2.54237288135593
6.61344422121888,6.81834855536458,6.85830790823697,7.41407589522889,7.47827212319624,7.72667950862599,56,3.05084745762712
6.63645237168862,6.89664105207167,6.94983306047805,7.49943183164381,7.53637178742074,7.72572910009059,56,3.5593220338983
6.77251569349511,6.93832663763333,7.00262056238079,7.55961048172863,7.61319382553338,7.89099259878476,56,4.06779661016949
6.78735216474219,6.96731263151639,7.0278694225802,7.59939122266416,7.656164292254,7.84919467990938,56,4.57627118644068
6.83683713404518,6.98990597740494,7.05317949579785,7.64439996902002,7.69509716854124,7.89393624494083,56,5.08474576271186
6.78032016559039,6.99035990671629,7.07151684067672,7.66906293212146,7.72275676603529,7.92226815443424,56,5.59322033898305
6.80366894886304,7.00047850616494,7.06942604349054,7.6803731351806,7.73476436609139,7.90420880518984,56,6.10169491525424
6.71767872812832,7.00066935892329,7.06196445807063,7.69558393252239,7.75739120898504,7.94618975345998,56,6.61016949152542
6.76395298645158,7.00589689224751,7.05882605000159,7.70854226057578,7.77020307610138,8.01805669041313,56,7.11864406779661
6.64696578131929,6.97151339885948,7.04167534064382,7.72040779303764,7.77376421633447,7.99476876169468,56,7.6271186440678
6.71141508174099,6.97034897148094,7.04205549352362,7.72046618175781,7.7796424613419,8.00524546056879,56,8.13559322033898
6.66164532687055,6.96635223487766,7.03067761077053,7.70876564577934,7.77756583039886,7.98232815030138,56,8.64406779661017
6.68096652301746,6.91580286280256,6.99437894859293,7.70264083129748,7.77399298305509,7.97012876530812,56,9.15254237288136
6.56697769947543,6.89528082776732,6.95075425718785,7.68638009135196,7.77436913909766,8.03142157960939,56,9.66101694915254
6.56323876334156,6.8759108591332,6.94248462185991,7.71065275264958,7.76695209085027,8.01119277023557,56,10.1694915254237
6.53750507891913,6.84341370924546,6.91315608519104,7.69687290994003,7.74725643824743,8.00889200449916,56,10.6779661016949
6.58916532894921,6.81065832236929,6.89687100396865,7.68638717334192,7.737141309639,8.00316463569203,56,11.1864406779661
6.47295830241741,6.79288887488077,6.87124924736259,7.667293883944,7.7332656800571,7.97205810759733,56,11.6949152542373
6.38346352129007,6.79411047896355,6.83843615536835,7.65897932145802,7.70691136961379,8.03745005713542,56,12.2033898305085
6.456471716648,6.71750536541498,6.81270663421918,7.64245763505312,7.72068131455057,7.91796254156048,56,12.7118644067797
6.23414563353222,6.70344532770432,6.77321381583581,7.62720954948337,7.70773628258516,7.88770774051678,56,13.2203389830508
6.30157544218381,6.65982085128696,6.75551957164477,7.62731771167049,7.69404983030651,7.95658825569384,56,13.728813559322
6.16429588688151,6.63609024661967,6.72161508783789,7.6135306100846,7.66629007765212,7.92049236906275,56,14.2372881355932
6.19931070661364,6.59444179536278,6.67065328270702,7.60043101055058,7.66192633612505,7.89808347412612,56,14.7457627118644
6.10870612616672,6.53826241887592,6.67299316802487,7.58268523643571,7.66919319396398,7.87735552007939,56,15.2542372881356
6.07431478561538,6.52257743506304,6.63063609871124,7.56605642743612,7.64854602239244,7.86300472502876,56,15.7627118644068
6.04818483464484,6.50247624683367,6.60614056631798,7.56572262806014,7.62029824308916,7.82860584780465,56,16.271186440678
5.95981860553225,6.47250650037831,6.57518321950816,7.55338937440202,7.61781312549465,7.85360551856415,56,16.7796610169492
5.95232127884329,6.40556546525717,6.53043929578568,7.52861481447328,7.59650134582234,7.88349853194208,56,17.2881355932203
5.90332378563117,6.36466449130955,6.50516151308394,7.51790475210819,7.59280205987508,7.82831915071895,56,17.7966101694915
5.84427420103614,6.30242293384049,6.46274377134626,7.49827948035909,7.57234500846021,7.77466885870302,56,18.3050847457627
5.74128463525385,6.28834296254576,6.44121239838548,7.48160738180208,7.5424875751799,7.78733897596215,56,18.8135593220339
5.72063201391346,6.24789308540912,6.42864057956335,7.47912935341251,7.53787756827103,7.75018708126642,56,19.3220338983051
5.64217137655985,6.19194771653599,6.37299584064673,7.45626862799419,7.53205528263332,7.80314556812737,56,19.8305084745763
5.59009867973904,6.18361205183049,6.35299523063453,7.45087144425012,7.52166180553933,7.77088609821806,56,20.3389830508475
5.56162855713687,6.1340944588984,6.29843253448124,7.42353797522573,7.49210973388049,7.74573507769545,56,20.8474576271186
5.45180672658901,6.08765654669977,6.28183571486663,7.41392512751391,7.4773772430923,7.74041318173508,56,21.3559322033898
5.43724482759753,6.05192353371444,6.21178668863684,7.40460000345078,7.46985284206425,7.74225957353308,56,21.864406779661
5.42666395110237,6.01120336692298,6.20092156680687,7.3849614700521,7.46718197892019,7.76967458039515,56,22.3728813559322
5.28915894079165,5.96883103346393,6.16239022487392,7.37353872124885,7.44984568111797,7.75015461286131,56,22.8813559322034
5.22720661349027,5.93111107330579,6.11844985692475,7.35055686596687,7.44030791448775,7.73234451720716,56,23.3898305084746
5.15396564276742,5.90085000253422,6.09498786552962,7.34205659793961,7.41447215217157,7.71788847590953,56,23.8983050847458
5.15674641189139,5.85213004152355,6.06077360882968,7.32604492506831,7.41290537742626,7.69647198033405,56,24.4067796610169
5.0213428862403,5.839622878892,6.02303573172846,7.32813303931188,7.37396637998502,7.63329299119197,56,24.9152542372881
4.98296118788455,5.75265771146658,5.9740417613332,7.29109713288685,7.36818355001365,7.68939736747148,56,25.4237288135593
4.99577215147063,5.73027576767267,5.96180006364314,7.28003948162867,7.35007022231919,7.65414650126604,56,25.9322033898305
4.89968443513145,5.62577329372476,5.93577402692097,7.27008725574827,7.37029700629713,7.65635510495593,56,26.4406779661017
4.79301121699479,5.65812982953399,5.89646331190572,7.24896084203295,7.3348375044442,7.61834379695116,56,26.9491525423729
4.73690201747284,5.60128098747545,5.8247084706911,7.22842596240461,7.32061487994603,7.59828842900524,56,27.4576271186441
4.60422347607171,5.62277768263219,5.80598252598036,7.21712991868897,7.30084710835636,7.60026874607049,56,27.9661016949153
4.59906781938543,5.53235827710253,5.79013654286564,7.19628312166573,7.29727690498474,7.58860912448497,56,28.4745762711864
4.56289027113915,5.5029951025237,5.74525160352577,7.20721098700369,7.266421434653,7.60467682090495,56,28.9830508474576
4.50783099413234,5.49785545141992,5.72428494877172,7.17392038980351,7.25271203401295,7.53777688469868,56,29.4915254237288
4.46702061164631,5.40896591560856,5.7005294330777,7.15856351400615,7.24667085397634,7.54885953873747,56,30
1.26726825411642,1.45746774185869,1.48496942448461,4.01129220308591,4.40774010204346,5.01589061846695,57,0
1.74303772493345,4.62058276850313,4.90137466407714,6.1305780279569,6.18984143268682,7.44942408634434,57,0.508474576271186
5.51919937593457,5.94803589061778,5.99912217084346,6.68500414195707,6.72813002175575,7.752333153364,57,1.01694915254237
6.13280662326015,6.32054075732595,6.37591930942203,6.97103065553779,7.0353262712247,8.18852900283642,57,1.52542372881356
6.31304304726092,6.53346351742103,6.58561858914424,7.15380571172533,7.20675977741796,8.21382639698825,57,2.03389830508475
6.44839001310675,6.65692274892247,6.70993460608024,7.27449107752647,7.33569800062765,8.45717870038095,57,2.54237288135593
6.57510686740035,6.73801931577498,6.80226753499307,7.34436839354157,7.40907987569081,8.23746981566598,57,3.05084745762712
6.57534151910747,6.78233891206443,6.84284388992026,7.41875562754354,7.45674308888377,8.37411132665029,57,3.5593220338983
6.60434670110055,6.81132651623344,6.89303746954311,7.46280509617952,7.50781472204896,8.35086135188991,57,4.06779661016949
6.59852770791156,6.83339403555611,6.89927743631867,7.48486883837586,7.53090378582202,8.5958627466514,57,4.57627118644068
6.53034746618546,6.84531952922004,6.91082043488584,7.49919931819154,7.55407046523734,8.4771813218337,57,5.08474576271186
6.54789850935752,6.85540904765655,6.90474538240895,7.52206260910299,7.57666840999045,8.44663921226558,57,5.59322033898305
6.49696805387975,6.82511874774761,6.90253187021131,7.53916219487762,7.59215903798998,8.44277572308583,57,6.10169491525424
6.51793045789046,6.79943072540785,6.9027439471746,7.53310183182439,7.6032738885719,8.32140628751137,57,6.61016949152542
6.55312893160163,6.79555325098638,6.87345220836947,7.52186509594684,7.60859665342055,8.37685080232988,57,7.11864406779661
6.54456774317337,6.77581134874227,6.84682103836914,7.5229425085665,7.60547489876727,8.31461079764544,57,7.6271186440678
6.5284584221625,6.72836586702198,6.82588758650277,7.50998443571739,7.60372794960381,8.28883892401804,57,8.13559322033898
6.44816726423009,6.72340414055531,6.79609455495795,7.50491758301239,7.56978363496953,8.44225020595722,57,8.64406779661017
6.38904234268184,6.69005588381714,6.77610612263539,7.49728506343826,7.58620502850008,8.17300352595564,57,9.15254237288136
6.41987686526456,6.67437754754503,6.74985261962838,7.48389255936926,7.57565716182691,8.18430881026683,57,9.66101694915254
6.34143507800266,6.64706122916293,6.72955999624705,7.48766779674752,7.55540272820537,8.22619173572959,57,10.1694915254237
6.37137735460084,6.61088831109638,6.69238331484046,7.46056924165764,7.56362875702716,8.05123767763703,57,10.6779661016949
6.32944655927651,6.58274069442729,6.68040266258726,7.44210609582621,7.53543762834733,7.96907576354494,57,11.1864406779661
6.30490730177352,6.56045710820027,6.63971080751232,7.44026636967366,7.52307535940192,8.07089930556553,57,11.6949152542373
6.30701857184302,6.50490888547628,6.61022873525152,7.41608403490915,7.50739814394073,7.89279678604308,57,12.2033898305085
6.2235726186253,6.49767787899666,6.57601387362636,7.39658754538605,7.49698263859722,7.99710664685693,57,12.7118644067797
6.0487647940833,6.44640535153228,6.55203988068783,7.38910463623303,7.49485420333699,7.93620751022934,57,13.2203389830508
6.1005779925048,6.42621397250628,6.52387992167398,7.38124537310979,7.47743447893777,7.82119803356073,57,13.728813559322
5.99330780703274,6.37842280014204,6.48599502492478,7.37814510897699,7.47507411995984,7.79281918195592,57,14.2372881355932
5.94605793806596,6.34919214095517,6.44439526908829,7.35937682320187,7.44873246389734,7.70638892237509,57,14.7457627118644
5.82085129533776,6.30419046671885,6.41797342408325,7.34324853076315,7.4480881403045,7.77726795620976,57,15.2542372881356
5.71304400528004,6.2985454377988,6.39580775897546,7.32595110093525,7.4370662095621,7.73405654342873,57,15.7627118644068
5.73869904298948,6.23737929884388,6.34675262998352,7.31425693929684,7.4190697467565,7.81557156418018,57,16.271186440678
5.596624764969,6.21514245232471,6.31370772223479,7.31076327603875,7.38906573602091,7.67859929163905,57,16.7796610169492
5.49293078890356,6.17454853962875,6.29975039228908,7.29600562954733,7.36949817333922,7.72932032862258,57,17.2881355932203
5.46343381874242,6.14112696826427,6.27185359569958,7.27491448166621,7.36010721375866,7.69379762386936,57,17.7966101694915
5.47918407699445,6.09429784021744,6.23232924274809,7.26175795498808,7.35628418958734,7.68771293943746,57,18.3050847457627
5.31534585277407,6.09715567125466,6.19203299873882,7.24169091864679,7.34566853924066,7.67198072610423,57,18.8135593220339
5.3463483678893,6.04411819516755,6.15130730714164,7.24695531694059,7.33504137076601,7.6098591772127,57,19.3220338983051
5.23913608417771,5.99948966635842,6.1334471574443,7.2220840421118,7.3202274486016,7.67416409754805,57,19.8305084745763
5.18301471998127,5.98775045988955,6.10460890399255,7.2195294238806,7.30651529096045,7.68958821559595,57,20.3389830508475
5.07841280953202,5.94636227368756,6.06310017825934,7.20436935100557,7.28908895471424,7.65215486519823,57,20.8474576271186
4.87380388609071,5.90340876939205,6.02816759731009,7.18291062114135,7.271968838634,7.66504785679655,57,21.3559322033898
4.94080359551639,5.87453675766796,5.98534814424273,7.17775649284452,7.25901518159145,7.68321624068995,57,21.864406779661
4.84721248013537,5.81850846402253,5.98413517163426,7.16539794264484,7.26482750114116,7.61517990280091,57,22.3728813559322
4.70991200894843,5.79332292207952,5.9372841926356,7.16290291700443,7.24884016246896,7.57360548740963,57,22.8813559322034
4.69858506215127,5.75501075006182,5.89948208951164,7.13583813916384,7.21745075467631,7.60434724469379,57,23.3898305084746
4.55393407768226,5.71769159650623,5.85916490160674,7.12907380587911,7.22729381606583,7.589261479481,57,23.8983050847458
4.54318350756451,5.7234210802135,5.83787203228388,7.1145895496325,7.22999590951272,7.57643499142542,57,24.4067796610169
4.46855811254277,5.62395498390316,5.78302048746878,7.08124354179716,7.19770593343925,7.6777322460575,57,24.9152542372881
4.41435908645604,5.58603987246161,5.76856157792316,7.095224496917,7.17498269116675,7.67668659037549,57,25.4237288135593
4.41927273028718,5.54924434163787,5.73300864381617,7.06897234695918,7.16419804199636,7.52946795403014,57,25.9322033898305
4.2400757845783,5.53921463888159,5.70710929828877,7.07538922385633,7.16336501799508,7.59525574294373,57,26.4406779661017
4.21610267081336,5.48000797572361,5.68812728863663,7.0517177562362,7.12723474061696,7.61579984631952,57,26.9491525423729
4.21612620271313,5.46020759570364,5.61122894092868,7.03761339910728,7.14680588594801,7.56490118482894,57,27.4576271186441
4.17548943844033,5.40071114312093,5.58119398728078,7.01968675738247,7.11854109197215,7.48219291506306,57,27.9661016949153
3.9362477458019,5.37654683831191,5.56839684171673,7.02302578665998,7.13140306149516,7.52305829122598,57,28.4745762711864
3.81737860886771,5.33676289264503,5.54885759774634,7.00888702790012,7.11494041268451,7.55427286447183,57,28.9830508474576
4.03404449609314,5.30677277606015,5.51114669922377,6.98824126399979,7.11790268067076,7.50610378111738,57,29.4915254237288
3.91409430675704,5.26851697009359,5.45213609852102,6.96236680377115,7.08115496450609,7.54285987317534,57,30
1.22737374190375,1.4183348442866,1.46838114079959,1.95969811282333,2.01036414409778,2.56709743491468,58,0
1.32082982281549,1.52688709228704,1.57994233893496,5.33491310389239,5.55064616895532,5.7605243305921,58,0.508474576271186
2.44480875700432,4.21774875684444,4.82969875240271,6.25463651098894,6.35060682561336,6.56703225150506,58,1.01694915254237
5.23174309460502,5.84635930919408,5.91748483661573,6.64394410556099,6.70732880924225,6.85624344925837,58,1.52542372881356
6.0350332489076,6.19258904334791,6.2459533112876,6.85087873205263,6.90670597494882,7.10036236713492,58,2.03389830508475
6.13470925660064,6.3668965890683,6.41128585585286,6.98187638172519,7.02366983259214,7.21261724384679,58,2.54237288135593
6.1903423375034,6.42982494148944,6.48318192897161,7.06404936751547,7.11646101542003,7.34800017649498,58,3.05084745762712
6.18455591314417,6.45292309386579,6.51638024698838,7.11080942604775,7.16680305745738,7.39275378681935,58,3.5593220338983
6.24893412639853,6.48191077278605,6.53782977484064,7.15985339759995,7.21047684385044,7.53034607979046,58,4.06779661016949
6.24970397391032,6.46958801436759,6.54609811546563,7.18622098766456,7.23979506854509,7.55246981454514,58,4.57627118644068
6.22094062654828,6.46454621088988,6.52248423669765,7.19152887361544,7.24843453747304,7.64264802446948,58,5.08474576271186
6.16887421633081,6.42654764813729,6.51798031049177,7.20322971703976,7.25340473505567,7.64694907572137,58,5.59322033898305
6.18772055031939,6.42327515193199,6.51129708035518,7.20327455444565,7.26080186692372,7.62079723986953,58,6.10169491525424
6.12489869742019,6.41009943105779,6.47293670173608,7.20423471980742,7.24506468937392,7.65875793402653,58,6.61016949152542
6.13963364301475,6.37693315142822,6.46202774517075,7.19093074962537,7.2528093549602,7.66941213561255,58,7.11864406779661
6.09117685307962,6.34702825395613,6.4490911763735,7.18228335262894,7.23528954650268,7.63032755547633,58,7.6271186440678
6.00685822900684,6.32300404405925,6.4261027551348,7.17954005094245,7.22741310283832,7.62879322884651,58,8.13559322033898
5.90914725871823,6.29492170053063,6.37450977574591,7.17488693351726,7.2301679710566,7.62320315012383,58,8.64406779661017
5.90432553607481,6.26614196020577,6.36232382721392,7.14406048124781,7.20436906020871,7.65850142307421,58,9.15254237288136
5.85577524423087,6.26587109959327,6.32387464500335,7.14091669571951,7.19829099500656,7.60882475338425,58,9.66101694915254
5.76019926399849,6.19995337145232,6.28568618848024,7.13172020272935,7.20098133141654,7.69764705274254,58,10.1694915254237
5.71144411521259,6.17621358746769,6.27615526764502,7.11583057700296,7.17533049576932,7.62440198062253,58,10.6779661016949
5.64600946235741,6.16662781940496,6.26094054247538,7.10428279646784,7.16792264597891,7.63804351404771,58,11.1864406779661
5.56511221352481,6.12398148056533,6.22192245854412,7.08606052744064,7.14287336573517,7.62032081099072,58,11.6949152542373
5.53266535532531,6.09733084198978,6.20333483547348,7.07368578082204,7.12758266530131,7.65518081423932,58,12.2033898305085
5.41055627756849,6.07184138423908,6.16811421081946,7.04481553632884,7.11001696832054,7.6006389050449,58,12.7118644067797
5.38376927361303,6.06037009543164,6.13363159869871,7.03548317980266,7.09213914746235,7.61848312162295,58,13.2203389830508
5.29404549428064,6.00343920605741,6.11032778598813,7.02239066058924,7.08416085795975,7.59862118740014,58,13.728813559322
5.25224836406113,5.98313135452451,6.09590227535977,7.01766076702696,7.06872330192175,7.59370904996064,58,14.2372881355932
5.29546174014854,5.94321869562491,6.05309612518525,6.99647433437195,7.07394323047056,7.57918373245955,58,14.7457627118644
5.12822439287505,5.91792295428122,6.01732522992738,6.97865649322117,7.03853685031887,7.56419219121202,58,15.2542372881356
5.0757490852004,5.88365991434782,5.99199606107517,6.96934597325335,7.04267224858369,7.55863825877498,58,15.7627118644068
5.01113774607191,5.86003327199029,5.95583629610789,6.94629105346214,7.04002587040352,7.57391989798766,58,16.271186440678
4.8935685398881,5.79420182847177,5.90660961686193,6.94384273514872,7.00976859223331,7.52863020303869,58,16.7796610169492
4.86478312351494,5.74923962773781,5.90215525002778,6.93247685937217,6.99631917846363,7.56620936310008,58,17.2881355932203
4.66798680614368,5.73798012042537,5.89250891193063,6.89771282294339,6.97070320423253,7.50398513905207,58,17.7966101694915
4.72650610354425,5.73772660673421,5.82939463129523,6.89437030217467,6.96720935856143,7.51652942238568,58,18.3050847457627
4.64870102364355,5.67443357416293,5.79212092290817,6.87452894668067,6.93854487381904,7.49060767815065,58,18.8135593220339
4.59137416833892,5.62537565337449,5.78748080436471,6.86254783232752,6.93786450189085,7.50756318999449,58,19.3220338983051
4.51905307297682,5.61875860618605,5.74051595476748,6.84445281973857,6.9363736078609,7.47040624864993,58,19.8305084745763
4.49764654386769,5.56936566643798,5.69628897337413,6.83680323626135,6.9200863187471,7.45699393362557,58,20.3389830508475
4.41176599972596,5.53243011216097,5.67607225002493,6.8245216209561,6.89415609651669,7.48289202227213,58,20.8474576271186
4.43400876770298,5.47655851196257,5.62145343637266,6.81113916307318,6.89737563353415,7.45781306899033,58,21.3559322033898
4.30337879507446,5.45007927320417,5.61085315896291,6.78189533942612,6.84953008841316,7.45445950580689,58,21.864406779661
4.26195061143386,5.3835697965485,5.56523640938396,6.7845937845451,6.86347377197077,7.44928378204743,58,22.3728813559322
4.1885073981138,5.38577512316361,5.53787086905834,6.7602487733687,6.83110152718933,7.395141458339,58,22.8813559322034
4.06527513849179,5.34917041745286,5.49362646183125,6.75372204616373,6.84384741879194,7.39868272413123,58,23.3898305084746
4.09119568555584,5.2929307453972,5.48898993468927,6.73044522311126,6.81620525217689,7.33144453170486,58,23.8983050847458
3.9868232395779,5.2800613296106,5.4328226115524,6.72447840123554,6.79959130653905,7.30391193815596,58,24.4067796610169
3.8857634612675,5.25219694671415,5.40085386933612,6.72839406039255,6.80208945878345,7.3094738173459,58,24.9152542372881
3.87869824196163,5.19525337695882,5.35713547053697,6.68602941578737,6.77633388385065,7.35101284773385,58,25.4237288135593
3.83633725205961,5.14749698600362,5.35161352928415,6.68045224761766,6.76756577110597,7.26802344146595,58,25.9322033898305
3.75896623769484,5.11123803276618,5.29404611217719,6.66873886070951,6.78386801464978,7.30489919671542,58,26.4406779661017
3.78414659891647,5.06471579016899,5.2663212425416,6.65939625289609,6.74609628367326,7.26264196606447,58,26.9491525423729
3.76056714845976,5.03582891211861,5.21834134846951,6.63456427623376,6.74204584695098,7.18566816682606,58,27.4576271186441
3.6297622356074,5.02359514098977,5.20776180022259,6.63341406695832,6.72082078784706,7.30542842914215,58,27.9661016949153
3.46752038806777,4.9747117523301,5.17390541092777,6.6199653729578,6.71449420989571,7.18688153038502,58,28.4745762711864
3.4918865557983,4.97927526643693,5.12477439503344,6.62011217117272,6.69309670228217,7.18008065026917,58,28.9830508474576
3.42709883872571,4.916027745738,5.09914955653055,6.61126405601173,6.69771555196582,7.18035475299189,58,29.4915254237288
3.41587051904275,4.86468103019275,5.06095054846497,6.59340365475983,6.67062542752242,7.14822876041037,58,30
1.26045056342101,1.41805764188559,1.47314085597713,2.0165213846436,2.54145912649515,4.445154816902,59,0
1.49297240898289,1.87213117632498,3.29392329470778,5.75289656820701,5.83508166944537,6.17694428236765,59,0.508474576271186
5.2481243871239,5.62582928693338,5.72391200000005,6.43726411016948,6.47602747838913,6.68531226281936,59,1.01694915254237
5.90602434339591,6.1160556133795,6.18374958659976,6.77866640744659,6.8160013325125,6.99775343232912,59,1.52542372881356
6.09701000078079,6.36933928053951,6.41691570247441,6.98671381696057,7.04210651933855,7.19854662725214,59,2.03389830508475
6.29465474346524,6.49732463847747,6.56352432029818,7.10688816058989,7.16710096882534,7.2713059708115,59,2.54237288135593
6.42588942209645,6.59989741113809,6.65258964397123,7.20504152673904,7.23981599372426,7.40099114102664,59,3.05084745762712
6.38932480239928,6.66746921629717,6.71049489613024,7.269514665506,7.31380505794556,7.48888288276493,59,3.5593220338983
6.54735988701756,6.69527240383365,6.75497746466753,7.33212610738043,7.37296044280208,7.53314868772098,59,4.06779661016949
6.55924493858533,6.73568704256166,6.77452114268779,7.36491228240863,7.40044132473492,7.60487798676339,59,4.57627118644068
6.5416385926972,6.73531488214987,6.788190779212,7.39246501446897,7.44369574472508,7.66551139530573,59,5.08474576271186
6.55076550667555,6.74197224819522,6.80687412740294,7.40787406489453,7.45596772864022,7.64786833253768,59,5.59322033898305
6.49386276727292,6.73591919555201,6.79053972610957,7.42696650451832,7.48138544963675,7.6547124422342,59,6.10169491525424
6.53119522457823,6.7363257568249,6.78317362021293,7.43314531217509,7.48641135445711,7.71054541380618,59,6.61016949152542
6.51527403774518,6.71407559459027,6.77235536308226,7.44782518799025,7.49597121325381,7.70801489725963,59,7.11864406779661
6.49399846590857,6.70203682548492,6.76301847197831,7.44926680160958,7.51068981420486,7.66379245115436,59,7.6271186440678
6.47971380327503,6.68176976772491,6.7399345062605,7.44558303337465,7.49823736630832,7.70185899291601,59,8.13559322033898
6.41353920761055,6.6756204191678,6.72373882230453,7.43018835268339,7.491632643708,7.72161437003353,59,8.64406779661017
6.41874756732187,6.65805538083277,6.70573182644196,7.42158853921838,7.48963116524413,7.75295045216365,59,9.15254237288136
6.38541301629442,6.62522406563024,6.69774556995885,7.41748535116663,7.50827204268588,7.75089386720421,59,9.66101694915254
6.26782308324972,6.60058792217529,6.67090478506323,7.41197809284336,7.46793615551557,7.75987238609266,59,10.1694915254237
6.24157901048733,6.58318605163719,6.64486808145183,7.40223769603285,7.46186457546313,7.76601631923322,59,10.6779661016949
6.15413186616956,6.54046955670862,6.61100618426331,7.39427871223846,7.43763487517383,7.75965011981622,59,11.1864406779661
6.20673907317606,6.53593797107719,6.59494161633384,7.3883535000971,7.46310966852084,7.7264236351323,59,11.6949152542373
6.13130475723036,6.51017576506908,6.5754661551237,7.37432541913066,7.43292902372635,7.73814915023724,59,12.2033898305085
6.04870677538626,6.47133537207197,6.55031250904685,7.36433495513534,7.43605349448968,7.75332676841993,59,12.7118644067797
5.98254991717207,6.45540701928197,6.53388993269709,7.36215517696372,7.41672257521167,7.74056199689638,59,13.2203389830508
5.84988600874978,6.42120604585961,6.50058732816868,7.34796712719336,7.39784650983687,7.78670697902044,59,13.728813559322
5.87117966984534,6.39688597689034,6.48102434502721,7.32000848423843,7.3918169945166,7.72877639718314,59,14.2372881355932
5.85243359544891,6.37764548348983,6.45056269284788,7.31266723807954,7.36915578505209,7.79884680698148,59,14.7457627118644
5.82239839562416,6.35187581866097,6.43676715955242,7.30078299533263,7.36622542858969,7.6890112640308,59,15.2542372881356
5.80690255995676,6.30649115016462,6.39586159080552,7.29381567407746,7.36046582360662,7.71830025639229,59,15.7627118644068
5.75038010020808,6.27246111251291,6.38059843332454,7.26281015686149,7.33950855399842,7.69583220578396,59,16.271186440678
5.67579812527138,6.22376555778398,6.33839637113475,7.26190286738032,7.3460465632522,7.76873944898061,59,16.7796610169492
5.58852342705892,6.20758650986587,6.31470602755097,7.25810943145674,7.31517013532773,7.72442985395398,59,17.2881355932203
5.67450590530839,6.19169667653625,6.28880030039126,7.23728007608854,7.30331252423761,7.73355573197856,59,17.7966101694915
5.6541299221667,6.16382118619577,6.26127789526423,7.23343974080509,7.29414908660594,7.65708160461246,59,18.3050847457627
5.55225328590458,6.11927572032623,6.2382683354004,7.21283997074243,7.27785418430665,7.7314191260901,59,18.8135593220339
5.50046612511565,6.10826874078526,6.20903045138312,7.19987649674791,7.25833993548526,7.67585473169928,59,19.3220338983051
5.4577637253743,6.08526870007116,6.17583138372181,7.18045123466359,7.25817120638122,7.72758276376796,59,19.8305084745763
5.45752756631367,6.03347252729724,6.1467738621891,7.17007607818934,7.25291388352215,7.62342753586924,59,20.3389830508475
5.45643856943982,5.9890393437095,6.11278418640503,7.14639153790445,7.23086158164236,7.64226433660619,59,20.8474576271186
5.28228790978475,5.96378688073508,6.09400462932922,7.14149254838665,7.21818113047306,7.7292905138719,59,21.3559322033898
5.33680227183408,5.95822036517951,6.04767300347297,7.12482153460989,7.21163737631662,7.71794691531366,59,21.864406779661
5.17967707927787,5.91528297898975,6.03048514499261,7.13614083787035,7.20722294126234,7.57063184945136,59,22.3728813559322
5.09364969704456,5.88094387891843,5.99594705912551,7.09751209253355,7.18562271304225,7.6935502212501,59,22.8813559322034
5.10312258765095,5.83685107004621,5.95697754593362,7.07389474835595,7.1790224334139,7.67811036795762,59,23.3898305084746
5.07868018898568,5.82945349603514,5.93191862671073,7.07375907030038,7.16577177722519,7.67086956471366,59,23.8983050847458
5.01876555429818,5.80751569185527,5.92176344821753,7.05478855173005,7.15416451821606,7.6013802317047,59,24.4067796610169
5.03254908904268,5.76954738341487,5.89026544816084,7.03942946126865,7.14270900339519,7.67741161183749,59,24.9152542372881
4.95038707274136,5.73906129908065,5.84580768813406,7.0101026348841,7.13454461930659,7.69523294664728,59,25.4237288135593
4.9177221080809,5.70399166764075,5.82445405531489,7.00364008525164,7.10604571171981,7.625731690104,59,25.9322033898305
4.82066864924078,5.66133710874482,5.79829466466178,7.01823967931866,7.09870119485809,7.62423495463053,59,26.4406779661017
4.74096031544616,5.63420687433219,5.77902929126314,6.99423227490877,7.09573389546912,7.62323071431986,59,26.9491525423729
4.74590578338137,5.60766547355287,5.73134137760172,6.97073058921629,7.06618708525732,7.61240560900228,59,27.4576271186441
4.70687025084174,5.59675614605362,5.70053308672862,6.96237792433118,7.05817759221443,7.61864803803101,59,27.9661016949153
4.56503068916568,5.54794521964187,5.6759152404286,6.94073301314268,7.07902573194063,7.62161492796983,59,28.4745762711864
4.59165540129278,5.51740665337301,5.64274619563577,6.91193242316794,7.07137112662141,7.61763017485009,59,28.9830508474576
4.5149084923373,5.49712600496449,5.62056268119099,6.91427257363256,7.04821286481842,7.55052209410836,59,29.4915254237288
4.44254843822962,5.45044709711141,5.59380364516706,6.91113226799235,7.03677268198353,7.5797137903025,59,30
1.29124088333412,1.40462734750772,1.45869829211065,1.99108301487528,2.06995673899222,4.4598198661571,60,0
1.42000909948466,1.77502916219804,1.86542313255915,5.83727237514424,5.92632944986563,6.74242315741693,60,0.508474576271186
5.07380951753372,5.65117964118274,5.76190814157346,6.57554039517521,6.63824196500057,7.35149369139703,60,1.01694915254237
5.86946337870708,6.22226546085601,6.30961384788858,6.92143108331508,6.9622694001443,7.50017676991125,60,1.52542372881356
6.23964865336777,6.49789971240539,6.56548872170822,7.13078326139914,7.17462812128334,7.71344576879211,60,2.03389830508475
6.40799494283094,6.67139909571796,6.72203675983093,7.26875607899361,7.30684648696028,8.00422944417007,60,2.54237288135593
6.52584916268711,6.76163926594764,6.81688834623338,7.37024251060962,7.40796368200257,7.83140919090763,60,3.05084745762712
6.61136906866924,6.82834882423182,6.89332951342247,7.43368844876902,7.47545477646159,8.13830797925003,60,3.5593220338983
6.66026927304911,6.88256943678123,6.92287472758524,7.49334506162143,7.5215301909006,8.18419897301752,60,4.06779661016949
6.61058330740533,6.88124975105495,6.9468081328908,7.52025654562474,7.56796150369788,8.20648293046929,60,4.57627118644068
6.68673670680416,6.88567879663264,6.96904231672378,7.54069503679289,7.57773504816582,8.17803617025465,60,5.08474576271186
6.71721251034215,6.89837404937589,6.94856761747771,7.5709922507065,7.61972473271554,8.14613834903344,60,5.59322033898305
6.60233410557828,6.88756164274943,6.94426755801661,7.58524913829884,7.6279967811194,8.40605779231204,60,6.10169491525424
6.60194770527379,6.86516060998008,6.93455501110684,7.56948189206255,7.64835111838629,8.45134621735715,60,6.61016949152542
6.62321032544907,6.8504490388814,6.90656350321355,7.57456160264692,7.64981175475846,8.4619256195291,60,7.11864406779661
6.50143321150204,6.80748192380732,6.88709976814747,7.57793247277211,7.63043805195136,8.56192339553467,60,7.6271186440678
6.36881630071951,6.80194485762177,6.87302010353216,7.58734868663035,7.63993845495966,8.07856261681639,60,8.13559322033898
6.37738492181878,6.77238867316096,6.84974905611123,7.5663489996144,7.65158091632685,8.54525696682912,60,8.64406779661017
6.20222674870081,6.7553243204412,6.8224670475417,7.57145925077305,7.62602762377361,8.35092850124215,60,9.15254237288136
6.11077513855754,6.72356134229212,6.81095518648967,7.5521962230648,7.61925682534391,8.42689892958867,60,9.66101694915254
5.9734067118239,6.68040102250534,6.7576008844667,7.53406546680413,7.62541119882916,8.28806105545821,60,10.1694915254237
5.9174601972057,6.64250962594574,6.74914582625491,7.53645655747629,7.60474539854529,8.32856260988323,60,10.6779661016949
5.84983254903134,6.602838274204,6.71138279483804,7.51518700666924,7.61452149630548,8.36879176662017,60,11.1864406779661
5.725986321163,6.55522701194907,6.67694386023003,7.50032277480165,7.57615839985204,8.36133871062813,60,11.6949152542373
5.65957870742802,6.54574257325271,6.64710228559922,7.49094237623462,7.55119970626302,8.27591716484175,60,12.2033898305085
5.52400335328486,6.48988179301579,6.60140084125206,7.47268001612393,7.54654851298431,8.33961709373899,60,12.7118644067797
5.42396418491863,6.49448315756892,6.58352338886328,7.44876483000559,7.52319035839286,8.39501480874309,60,13.2203389830508
5.36650129628242,6.43166097762178,6.54729565772285,7.43589280193946,7.52563737399207,8.29056753686248,60,13.728813559322
5.13589330301172,6.37992325117243,6.50370725443673,7.41497738074489,7.50661045181139,8.37644238682144,60,14.2372881355932
5.15799119904507,6.30855128099472,6.46001858904518,7.41601886509189,7.49674698650864,8.03193544809272,60,14.7457627118644
5.03546518650556,6.29938282021541,6.44588857575623,7.37973474979004,7.47174969012755,8.12742003295697,60,15.2542372881356
4.90358129635511,6.26136654529014,6.39380845594023,7.38081106892836,7.46103071770174,8.23295382209437,60,15.7627118644068
4.77157525450707,6.19197449652112,6.34202502018843,7.36622366530768,7.4291043885732,8.14567021896192,60,16.271186440678
4.66215646953812,6.15401266944012,6.31101537872047,7.33850769490946,7.42703706847558,8.20027157096908,60,16.7796610169492
4.53136056003812,6.0911590327659,6.28252113906234,7.34267332505046,7.40716066486143,8.04006097441544,60,17.2881355932203
4.33630502954832,6.01420806451334,6.25183473968409,7.31518762323989,7.38851619343632,8.07226679828323,60,17.7966101694915
4.24768697408498,5.96086659190768,6.19912391849555,7.29708748574793,7.38394049957825,8.14479948987099,60,18.3050847457627
4.16398146544098,5.90077214464814,6.14819577660031,7.27910493366582,7.36523757187196,8.0241566543124,60,18.8135593220339
4.10968370802362,5.90310832616087,6.11803701634604,7.26340403734419,7.32988472715056,8.05192619155295,60,19.3220338983051
3.88566439657488,5.87106237595435,6.07729477355964,7.25452132928803,7.31656581559327,8.11369990583014,60,19.8305084745763
3.79422410391779,5.7907596040673,6.03987266346936,7.22760860179371,7.31754198675308,7.99363208602526,60,20.3389830508475
3.8467886555497,5.80760424765463,6.01359457066429,7.2103033848313,7.28625296322963,8.07242317371119,60,20.8474576271186
3.46253550764793,5.74503565978614,5.96464462987954,7.19857077950473,7.2749803489504,7.93105805582332,60,21.3559322033898
3.26853640793426,5.69688205109495,5.9373058434128,7.18903781133059,7.25375343589418,8.02342604353052,60,21.864406779661
3.17523425129083,5.63490095279749,5.89365648567199,7.14367423095551,7.24300043667029,8.01157509103481,60,22.3728813559322
2.98890521491989,5.56428074717426,5.84307098612795,7.1461638437262,7.25744766800703,7.94162031225649,60,22.8813559322034
2.96482882015294,5.5360277444932,5.783113033589,7.12481466632952,7.22748612488992,7.99257148175112,60,23.3898305084746
2.92529426231903,5.48266144474676,5.73645972915246,7.11619623794233,7.20534477803903,8.06734688342897,60,23.8983050847458
2.81012714424306,5.41806609958286,5.70805202005821,7.08948113093585,7.1889797576973,8.09192205860641,60,24.4067796610169
2.78424488113043,5.37121851982088,5.65437022682355,7.06763925093139,7.17476211514389,7.85221957076856,60,24.9152542372881
2.64405116705667,5.35883580519443,5.63186280637149,7.07234879891736,7.15797032345625,7.74625131933414,60,25.4237288135593
2.55826128566697,5.26589959314047,5.5917054642954,7.0493958750132,7.15301857452088,7.82413116289139,60,25.9322033898305
2.63960874881981,5.19856098610718,5.5447494071218,7.04080395450915,7.15259635178669,7.75306665271732,60,26.4406779661017
2.40514771580222,5.16729765698458,5.49687755136299,7.01363901500087,7.10331268804166,7.8854715002386,60,26.9491525423729
2.28082327042453,5.13576950061196,5.43173763681571,7.00535360509365,7.11441393482645,7.90553362262406,60,27.4576271186441
2.16596636665996,5.10312520626659,5.40273300126569,6.96757030605787,7.09549257109366,7.67592522084325,60,27.9661016949153
2.22854527494217,5.03823167030679,5.37305117360415,6.95214093318842,7.08457724472376,7.65570587604866,60,28.4745762711864
2.18241944373775,4.98384853955277,5.30855558456099,6.95998975387439,7.08038681466965,7.65855027302785,60,28.9830508474576
2.1509813021613,4.92561682883353,5.3038996509559,6.93113104235625,7.05773713656183,7.65044921531951,60,29.4915254237288
2.03968405475126,4.9153981023134,5.22602406707387,6.92200669914776,7.04995690317186,7.66206735914245,60,30
1.23253064023153,1.40310091199119,1.4601865439872,2.07441985808111,3.00336187123262,4.20099301045818,61,0
1.3667958668575,1.96235405316977,2.78687642504023,5.53691496023265,5.6058106881884,5.85382273029898,61,0.508474576271186
3.8534388063004,5.32880320197585,5.41207605557809,6.15060167049379,6.18962801289747,6.43506650064621,61,1.01694915254237
5.40731092194844,5.75727351607259,5.81328117242962,6.43842700035379,6.48990120155127,6.72589869250159,61,1.52542372881356
5.721875935867,5.96450007995668,6.0084039504634,6.61656637794017,6.67185984738279,7.02806959797436,61,2.03389830508475
5.61142643942676,6.07445322301699,6.12177510232466,6.71689868580391,6.76111151198678,7.03299572597263,61,2.54237288135593
5.68897978852484,6.11690962106512,6.17996249297299,6.78306245764021,6.82937585790125,7.09525111811479,61,3.05084745762712
5.71723102884105,6.158720644351,6.19831148682731,6.81809092280802,6.87381835948557,7.20327521321538,61,3.5593220338983
5.49743295526802,6.13714821380412,6.18211588935485,6.84284437782534,6.89983861712031,7.1106560354849,61,4.06779661016949
5.24737017497659,6.12092654390998,6.19154668349404,6.85398142207411,6.91546835606067,7.17444889054258,61,4.57627118644068
5.18650858014518,6.10539238013376,6.16801088029188,6.8581989677344,6.90839746461269,7.15425875750682,61,5.08474576271186
5.31822176403434,6.049395589217,6.14061754265327,6.85540488996987,6.92020064140612,7.13400415849,61,5.59322033898305
4.97161768152047,6.04276230637935,6.11920747590706,6.85387300815435,6.90365199462381,7.16668495360193,61,6.10169491525424
4.79190851142084,5.99675926920567,6.07702109204425,6.83372862794388,6.90833676382873,7.1853569706382,61,6.61016949152542
4.634048255107,5.95327227010553,6.04689440162376,6.81905378909724,6.89806809352392,7.11287512540301,61,7.11864406779661
4.5956468398428,5.93471648967177,6.02521524563022,6.80611198168468,6.86359023626683,7.16269756393494,61,7.6271186440678
4.71947105097705,5.87275935297246,5.9743219261919,6.79276694548799,6.85071843006419,7.11345450409666,61,8.13559322033898
4.42623411529612,5.82864878088499,5.93831058716449,6.77617997541384,6.83053238469714,7.0760420594225,61,8.64406779661017
4.40250062193306,5.78098609157338,5.87455913287278,6.75909403983834,6.81750813317019,7.10974564034019,61,9.15254237288136
4.24469199299322,5.73838606351546,5.8419640828654,6.73908008213911,6.80980213271404,7.03734868258873,61,9.66101694915254
4.32224118535314,5.68130850126861,5.78594950679824,6.70761988782271,6.77580720533103,7.05526929976815,61,10.1694915254237
4.15280593737624,5.61534498560011,5.75342061413176,6.69557386401629,6.77557535347235,7.05016380365387,61,10.6779661016949
4.15701207006907,5.56688491643586,5.69498138200953,6.66262118365624,6.74146073796045,7.05115393788729,61,11.1864406779661
3.99542618274132,5.51201109227937,5.65953517483387,6.64094286248942,6.70924731923729,7.00540193591304,61,11.6949152542373
3.98228023096418,5.49176095568937,5.59815936377175,6.62192495034393,6.7011157923235,6.95515853426098,61,12.2033898305085
3.72934067348928,5.43554757227963,5.54839171745183,6.60612949971058,6.66797922845486,6.89310638144428,61,12.7118644067797
3.79060259994264,5.36748009556862,5.48611462511861,6.58096909190024,6.65380326978624,6.93542907670811,61,13.2203389830508
3.68908610017475,5.34495154617332,5.43697187977918,6.55656438920007,6.60788028768188,6.89953529378466,61,13.728813559322
3.84224936637465,5.26128094449672,5.38848713575111,6.54448802703134,6.60437342725047,6.87197132723523,61,14.2372881355932
3.73908326421511,5.17030542889953,5.32447676351855,6.50761503191197,6.60192767684385,6.8687435909713,61,14.7457627118644
3.50708964438058,5.15711668426557,5.28396781521282,6.49185015089555,6.57319035414998,6.82981723236096,61,15.2542372881356
3.47248514612463,5.08995650371342,5.24381409466231,6.48126589539629,6.56136527767973,6.81519576563357,61,15.7627118644068
3.14996426463473,5.04024237661245,5.14614891044306,6.46056518749116,6.52821253599351,6.84987619246291,61,16.271186440678
2.97107474259877,4.97196803733717,5.09191619294093,6.44011890262443,6.49859451964127,6.78104130653082,61,16.7796610169492
3.0002856224621,4.92533839597657,5.073978894376,6.42668149174729,6.50580774048268,6.76290604556023,61,17.2881355932203
3.07975480770422,4.86471418534991,4.98576336051394,6.40752669216632,6.47573708385678,6.72119775698275,61,17.7966101694915
3.37668669683875,4.80364044592084,4.95624369421452,6.38881756715422,6.46535440232737,6.69449660528035,61,18.3050847457627
3.15071896184727,4.74841563293525,4.89872247204041,6.3712400838891,6.44665421782223,6.67326252828277,61,18.8135593220339
3.07167020646373,4.66986920832594,4.85419388929298,6.34188562127683,6.42165401074254,6.65433980251064,61,19.3220338983051
2.98352921063025,4.56874275672125,4.80347243904919,6.33173745924652,6.41983699658604,6.65906319218089,61,19.8305084745763
2.75372624571281,4.5318487381269,4.73817284366983,6.3000580735864,6.38373790978843,6.65082349645596,61,20.3389830508475
2.7098697127302,4.47695062922882,4.68711598426127,6.27658534172973,6.35906961131815,6.69284808388625,61,20.8474576271186
2.54883989702876,4.39175694481446,4.66834695475993,6.27347737874295,6.35362438083422,6.59522729859748,61,21.3559322033898
2.53160975050395,4.36705783818035,4.58757817249426,6.2572852146036,6.340539015373,6.62755971795217,61,21.864406779661
2.42192254899817,4.25829389887656,4.5739378661909,6.21030675990343,6.31607096163157,6.56496380446023,61,22.3728813559322
2.37406795987045,4.23828024116521,4.51783901937792,6.19258574540669,6.3088980930501,6.56892812098954,61,22.8813559322034
2.17767593173649,4.17625533035482,4.44163254808869,6.18330082373086,6.29015684234944,6.51686682417139,61,23.3898305084746
2.0795034826914,4.09417152797763,4.36668995542753,6.16781020768593,6.29388829264742,6.56250679783043,61,23.8983050847458
2.23297093905824,4.03857593135793,4.29045652633175,6.13001948761668,6.2896432558529,6.52303628348404,61,24.4067796610169
2.21339261336712,3.97122189515292,4.2502180229516,6.12279254127253,6.24229183774021,6.49200321225156,61,24.9152542372881
1.91038643452062,3.915176541677,4.20234934691566,6.10946631442704,6.22554283343588,6.55298138490287,61,25.4237288135593
1.89804461824303,3.88379576367722,4.14712589777829,6.10881598312415,6.23182700983576,6.42403097161232,61,25.9322033898305
1.8289312135925,3.82944646929641,4.10381545817755,6.07227040353796,6.18658419252219,6.54048802498355,61,26.4406779661017
1.91744657634916,3.76433218570637,4.00907204310356,6.04961890445257,6.1993466859596,6.43636158731621,61,26.9491525423729
1.91106938564076,3.72440361159523,4.01476270239604,6.03533632444081,6.16355140675835,6.38187735305537,61,27.4576271186441
1.82443940990591,3.63129774234727,3.96056085609464,6.016330550728,6.14631387492747,6.43157998781916,61,27.9661016949153
1.80752739323908,3.58237041019671,3.89380377146574,6.00348396168191,6.1621152589116,6.46322234920336,61,28.4745762711864
1.65578982079412,3.58704091368292,3.85195850729379,5.99813854740058,6.11667434449597,6.35461494190983,61,28.9830508474576
1.79265573186185,3.52935841563477,3.82819789500293,5.97359283886467,6.10590787973413,6.27452096980103,61,29.4915254237288
1.70017704064254,3.4971538918771,3.77501299297183,5.95466545952833,6.07722001438362,6.39784901120253,61,30
1.23229636426773,1.41660834304317,1.48245269173694,3.43978643162724,3.89840880517884,4.8151493284182,62,0
1.44576239073566,3.51642261291383,4.04640756890112,5.75700916689496,5.87669458008183,6.18234831659952,62,0.508474576271186
2.37646802225967,5.54884186913622,5.62863592031896,6.31084778180719,6.37936922698148,6.54532691017377,62,1.01694915254237
2.18507258488687,5.92780763090748,5.97359563172265,6.58068182027914,6.63622680754639,6.80159848907151,62,1.52542372881356
2.33666151977072,6.07596189997287,6.1430274084931,6.72843147855051,6.77022299221183,6.96427528052531,62,2.03389830508475
4.98108550595022,6.17002944553631,6.2269091410662,6.81313220918636,6.86424918077295,7.05022757845354,62,2.54237288135593
5.55832184095952,6.18714987820677,6.24636046267079,6.87731413686111,6.9178487982502,7.13357309950433,62,3.05084745762712
5.33742334928943,6.1696439979303,6.26310422281227,6.89765098029976,6.97463847043562,7.11582706412573,62,3.5593220338983
5.3260661133077,6.17112868261455,6.24244730535717,6.91234980651155,6.97583872947353,7.1547017933928,62,4.06779661016949
4.88200261455115,6.13095972607138,6.23284207999784,6.92197191808145,6.98096515081632,7.14010605841549,62,4.57627118644068
4.73357017927039,6.07836131293286,6.19876988902043,6.92624277671248,6.97463978070522,7.17856558161528,62,5.08474576271186
4.09762128875312,6.02263760267857,6.1356939421136,6.91770079077933,6.97860296182796,7.20665818834232,62,5.59322033898305
3.98883534643382,5.97000558134791,6.10413614156387,6.90317831160447,6.96302775249164,7.24287326698565,62,6.10169491525424
3.7876123543848,5.90994128439638,6.06155249256768,6.89242403035664,6.94402054759617,7.23311340326533,62,6.61016949152542
3.32703861650644,5.84766785713537,6.01622317488497,6.87427285310137,6.93584784789172,7.24765693853391,62,7.11864406779661
3.14667025362466,5.80501008909028,5.95319484528549,6.85487531067372,6.92119566317845,7.26286987766543,62,7.6271186440678
2.68449648988318,5.74808441880871,5.92704048525735,6.83284981230277,6.903091713143,7.274843365055,62,8.13559322033898
2.40422308154738,5.673461827912,5.85827525685315,6.8213630420955,6.88035917869976,7.26602114484091,62,8.64406779661017
2.63924373455373,5.62064317836995,5.78833491470515,6.80537052491983,6.85232741719254,7.22616404742698,62,9.15254237288136
2.41190918458378,5.57229444803764,5.72374220470476,6.7718663657811,6.85027057089272,7.21802412925019,62,9.66101694915254
2.22033732660503,5.46838613731381,5.66633748426849,6.76531207523628,6.83126366470219,7.29021650720707,62,10.1694915254237
2.32205649816864,5.38462534623656,5.62151503789803,6.73895066484426,6.80862387885092,7.21653248800785,62,10.6779661016949
2.24520813849461,5.36422016341214,5.57914401890871,6.7188911183348,6.78129869597498,7.28861134668494,62,11.1864406779661
2.38262391781882,5.26409686703796,5.52528807307544,6.71064794457224,6.76958159073895,7.27590726683051,62,11.6949152542373
2.49000879098461,5.19750379750964,5.45742733947355,6.68428716285436,6.7316962139087,7.22087795176226,62,12.2033898305085
2.49742325788681,5.16028656939715,5.40806606316585,6.67039946128887,6.73632528430434,7.25230903120855,62,12.7118644067797
2.24375180425706,5.09198965540955,5.3505406791936,6.64409175889058,6.69673677964631,7.18243230411991,62,13.2203389830508
2.52868118917233,4.98298475377376,5.26636650455926,6.62227887574193,6.69262811810193,7.17283922933058,62,13.728813559322
2.36022397726401,4.91548957046777,5.19273069130381,6.61305740763321,6.66639092266224,7.17835378653948,62,14.2372881355932
2.421092130964,4.84716643173789,5.17703577300203,6.60044437783369,6.65250534672733,7.16791540159338,62,14.7457627118644
2.49096483153335,4.78577308930856,5.09509858546846,6.57612639511195,6.64207648174681,7.18767282890738,62,15.2542372881356
2.58141876808508,4.73717269589953,5.03226274301419,6.55306658949055,6.61175457855098,7.14213882179139,62,15.7627118644068
2.55641975055245,4.70419454411591,4.97565408176917,6.52896617437611,6.60703503941207,7.08060230344323,62,16.271186440678
2.37567744104641,4.57382031478275,4.88146845444525,6.50961498976637,6.57924764513097,7.10895285998049,62,16.7796610169492
2.19619304797159,4.55421048600308,4.8761024399282,6.49309882344684,6.58775117520952,7.10361584642738,62,17.2881355932203
2.38343193308421,4.47469226480698,4.78666194959056,6.49303102632077,6.55479858292158,7.07986290765602,62,17.7966101694915
2.46015053639146,4.3467607330185,4.75237304736565,6.4537449042698,6.53308927581049,7.07596333352011,62,18.3050847457627
2.25572401090483,4.30135275607533,4.68420814531556,6.44088986768107,6.53559607918603,7.00862704808442,62,18.8135593220339
2.51158488056232,4.2306299190572,4.6230061362565,6.41270064098305,6.51537851172521,7.0164760483366,62,19.3220338983051
2.40457178048176,4.1384366459372,4.52117726215401,6.41052520621798,6.48498867813982,6.99127988552948,62,19.8305084745763
2.4085259192987,4.06724826560997,4.50135603578159,6.39495124908227,6.47248813444698,7.06690281062013,62,20.3389830508475
2.45181730837417,4.05859493969919,4.4193554802319,6.37652090623855,6.45565031059769,6.97981360601969,62,20.8474576271186
2.35607549770308,3.956390454115,4.36847313216949,6.34846034502141,6.41613606481163,6.89671355734561,62,21.3559322033898
2.32704769942857,3.93971155607779,4.27450329417949,6.33451207770952,6.42269838978082,6.98768643984555,62,21.864406779661
2.37175395470768,3.78805636950655,4.23333981556795,6.31434081125918,6.39623556521061,6.88547404960876,62,22.3728813559322
2.32132095180321,3.71877291221908,4.18866946366632,6.29617553958238,6.37158206158707,6.90136421196456,62,22.8813559322034
2.32112580766614,3.56214502641283,4.11517997784085,6.28639823502274,6.35922424003685,6.94230219723247,62,23.3898305084746
2.31522538624891,3.50784239985686,4.0832066323433,6.25943517674216,6.33842258896519,6.85605398173243,62,23.8983050847458
2.1973913375412,3.40852445592415,4.03938550949929,6.25662194866342,6.32886895689784,6.88211633071626,62,24.4067796610169
2.17621680345809,3.343084417132,3.98923337718196,6.22023034684516,6.30033900406976,6.84531759984214,62,24.9152542372881
2.07042918708083,3.2711992717375,3.90632362197526,6.21092578954493,6.28962464990275,6.84319170765023,62,25.4237288135593
2.07960859547418,3.21986595161471,3.85143493434455,6.19442712719223,6.27310355236493,6.82802643236756,62,25.9322033898305
1.96055820686814,3.1097459460755,3.76518698330662,6.1728426597206,6.25289309647346,6.82541445667663,62,26.4406779661017
1.85218397631465,3.0437138338767,3.69088845967567,6.15284778992337,6.24363282447967,6.85314123670698,62,26.9491525423729
1.78041009810573,3.01927463945492,3.6448437814952,6.12808015157751,6.20017676675011,6.78300117422063,62,27.4576271186441
1.67599942513461,2.9739342173538,3.61354604519673,6.13122593640575,6.20758675074307,6.80783398589761,62,27.9661016949153
1.61300914987578,3.03373070528749,3.51217755230466,6.11586863508352,6.2009817375336,6.7690400488829,62,28.4745762711864
1.67912069853823,2.90925787318668,3.43790189038096,6.08240904162026,6.16411816081851,6.7731903734353,62,28.9830508474576
1.68334260719404,2.83929789289237,3.40054123475763,6.07000313191292,6.13894184649026,6.75300670126381,62,29.4915254237288
1.71329903786292,2.76334687089331,3.30299064068001,6.04065047979092,6.13495704582771,6.68594101213176,62,30
1.27262296291264,1.41819935566018,1.47192688696757,2.74354570865786,3.11347728283356,4.07753197897172,63,0
1.51614346091025,2.07376576679523,3.82315349550773,5.62982348535115,5.69509994181811,6.04975667253419,63,0.508474576271186
3.06720070894384,5.49441230400754,5.56170098118203,6.25080723260617,6.30781129320337,6.51748538948848,63,1.01694915254237
3.54127034671556,5.89537008840046,5.96607752586691,6.55441273419594,6.60177861131609,6.74969538685264,63,1.52542372881356
3.11803241703727,6.08339895629311,6.13832452874968,6.71865332960423,6.75747214156226,6.93646608483771,63,2.03389830508475
2.89186804712499,6.17536758670719,6.24339241665515,6.82009402668868,6.87129162901211,7.07076421824279,63,2.54237288135593
2.79362174774774,6.24690683021512,6.29669102441908,6.89220690908308,6.94105288473553,7.10387741098363,63,3.05084745762712
2.8206863088278,6.2416528249168,6.3222813461171,6.94606730528498,7.01215666330479,7.16977078751249,63,3.5593220338983
2.70804143580164,6.2066803372066,6.31088991612098,6.972217502659,7.03109294072602,7.18945672585446,63,4.06779661016949
2.83164214005287,6.23811342066589,6.3112174657824,6.98753740652432,7.04373231761923,7.25142372612092,63,4.57627118644068
2.79376094901934,6.19866365302825,6.29916924664685,6.99664910206508,7.0420543198175,7.22841118139004,63,5.08474576271186
2.94378272881411,6.16767134438878,6.24448712586968,7.0163407881708,7.07002955489743,7.2498642676881,63,5.59322033898305
2.35638293269744,6.13187418089982,6.20808450245634,7.01230111465907,7.06198499907976,7.29096469838745,63,6.10169491525424
2.87073611046178,6.09628021410564,6.17804828506227,6.9998242739492,7.05947421462076,7.30929835105887,63,6.61016949152542
2.84481395307657,6.04226121823031,6.13024795190939,6.99151576013276,7.04083358316621,7.25330650039588,63,7.11864406779661
2.50959627972337,5.99177807185133,6.10260471964848,6.96906711276347,7.03341874007825,7.27339317450497,63,7.6271186440678
2.34909987545531,5.93688543308703,6.04325045504109,6.96410044732253,7.0311128977228,7.32103212363493,63,8.13559322033898
2.34052188990815,5.88659095949612,6.00900203166794,6.94353569694222,7.01385423015613,7.3252491538156,63,8.64406779661017
2.33247509565643,5.82365267934451,5.93856090598157,6.93987276028944,6.99601989091671,7.27031155370629,63,9.15254237288136
2.65099925592715,5.76690423915129,5.89883990857776,6.9182137802708,6.98541525137747,7.3248060707317,63,9.66101694915254
2.42204753900385,5.71007509721267,5.83829995739038,6.89591581090206,6.95287657234155,7.24873687235404,63,10.1694915254237
2.3225337019909,5.68565103470964,5.79676364357482,6.90084911211777,6.94391394252807,7.22702030136361,63,10.6779661016949
2.56228666201451,5.61753362429698,5.72331206511859,6.85210179091333,6.92444828009189,7.23537500678369,63,11.1864406779661
2.26355472269114,5.53005521346386,5.69021581010599,6.82670145873775,6.89806197837675,7.22356905465151,63,11.6949152542373
2.40376841992194,5.47024695285366,5.63137910080522,6.81731421403498,6.87903678498637,7.16885280563814,63,12.2033898305085
2.48226873322948,5.43122654281957,5.58427975260042,6.81133981373182,6.85686209451712,7.1893739859663,63,12.7118644067797
2.38450979328031,5.36339523037876,5.53364098452782,6.77666190477046,6.84992970877996,7.18844790646995,63,13.2203389830508
2.59004106261146,5.28245843147595,5.48565436689161,6.74684869128065,6.82007644941638,7.21191993682415,63,13.728813559322
2.45323236528049,5.2471674409236,5.44196248691519,6.74017797266572,6.78948897449583,7.16008721998878,63,14.2372881355932
2.33360898826417,5.14547146010139,5.362685768192,6.71837076383971,6.77985652732801,7.16953829772026,63,14.7457627118644
2.19230896910682,5.12051247640306,5.33414927910155,6.70875024264823,6.77631445240277,7.14955816049753,63,15.2542372881356
2.20561062267158,5.02222542074918,5.25202425896497,6.68847066696941,6.74385522825973,7.15510386572787,63,15.7627118644068
2.35689074650412,4.99096043471308,5.21347742930258,6.66248684829123,6.74114465416027,7.13150286694024,63,16.271186440678
2.34791424481968,4.90898617209702,5.15929166651524,6.64199762257199,6.70193063249344,7.13851866586789,63,16.7796610169492
2.64549098621198,4.86570504981492,5.09719911296197,6.62656346695267,6.68314296117601,7.08047338894723,63,17.2881355932203
2.27712394140911,4.77952905475679,5.02142006614373,6.5969770767482,6.6691896268955,7.07631054460545,63,17.7966101694915
2.51525185853646,4.7345013357955,4.98394901824351,6.58047874957451,6.61892741684676,7.06788211240834,63,18.3050847457627
2.52851556258397,4.67571052985138,4.90887485850587,6.5542880106124,6.62201746835107,7.09335024554063,63,18.8135593220339
2.40440401625776,4.60291069281848,4.85585157468316,6.54659087663329,6.60344956669013,6.98692130019456,63,19.3220338983051
2.49406067217458,4.51457164079152,4.79442362626019,6.52595912811492,6.60279045852135,7.0758887649193,63,19.8305084745763
2.27055846080567,4.41949628342331,4.72048892529557,6.5104228713213,6.57702570853361,7.04052751431893,63,20.3389830508475
2.36481188669385,4.37348212499521,4.68252496147595,6.47265679330733,6.55477181889483,7.03210801728337,63,20.8474576271186
2.35442642903513,4.28032428308178,4.61759437594498,6.43966864609195,6.53481895089218,7.01244699397279,63,21.3559322033898
2.16743310721321,4.1749306799423,4.5628742479088,6.44395552766118,6.50413269999658,6.91930739692846,63,21.864406779661
2.00233494891536,4.12033938462633,4.49521747234596,6.39738702325086,6.48587482279714,6.91464548122506,63,22.3728813559322
2.10029432032212,4.00691028623344,4.44806324070742,6.38826651671548,6.46774433559563,6.93067326703054,63,22.8813559322034
1.94432954647342,3.95165598740913,4.39239811378553,6.37947376473409,6.4487917977116,6.87671777275906,63,23.3898305084746
1.77052337185501,3.94936573220499,4.37344514957051,6.34336065087447,6.4095330457553,6.85629273219899,63,23.8983050847458
1.78554300410069,3.85868711732769,4.29752403663341,6.32806037632111,6.39943768454617,6.9079604927436,63,24.4067796610169
1.64924597603402,3.86698689125044,4.24185951765768,6.3181440347253,6.38757614221796,6.9240125801213,63,24.9152542372881
1.61416595787495,3.80014026550401,4.1642986971725,6.29527104449322,6.38228353765598,6.89684069987372,63,25.4237288135593
1.6550790795594,3.72348558418351,4.13607191318279,6.2664759043235,6.36423700654569,6.9123448220937,63,25.9322033898305
1.61918592401296,3.67395541630508,4.071959440005,6.25905364862253,6.33426486959773,6.82604850759992,63,26.4406779661017
1.67152976667848,3.60215447242478,4.02659079095275,6.24651406545396,6.31221047522171,6.93296338856892,63,26.9491525423729
1.60498759024496,3.49506510817161,3.96134094543605,6.21273630573024,6.30681386070855,6.82421236754762,63,27.4576271186441
1.60592861554841,3.38613615748222,3.9417167034702,6.20343491692691,6.26425873733496,6.81285276821389,63,27.9661016949153
1.65637988361357,3.38967100154893,3.84413528579158,6.17785487257214,6.24599220966441,6.80102518470034,63,28.4745762711864
1.67485014133189,3.36940507273115,3.80482887418316,6.15598333044661,6.23802954261783,6.75713964469452,63,28.9830508474576
1.62697861337934,3.26084533166849,3.73350168149464,6.14982248863839,6.244452295962,6.73255670407698,63,29.4915254237288
1.61297822928164,3.21787717889741,3.67403488038643,6.12374473161542,6.22084034043152,6.79570603065857,63,30
1.27162769691319,1.4299915845619,1.47841016200459,3.0312525434063,3.53708608796418,4.70050935134764,64,0
1.56097146756549,2.03948599212676,4.14452640853206,5.88920486021609,5.97351850297216,6.21472220001911,64,0.508474576271186
5.18421219763498,5.73912196337897,5.81129754365108,6.52976891882209,6.5925444687116,6.81405463243887,64,1.01694915254237
5.74694472827994,6.20654629757864,6.27362042244374,6.85969721364784,6.91343207075947,7.11755555452571,64,1.52542372881356
6.22037123478709,6.3972381275848,6.49636683611817,7.07037239244672,7.11942035840797,7.27552594310194,64,2.03389830508475
6.3138831195418,6.54671017027647,6.60941565335231,7.19570845654514,7.23770988631766,7.45466599461723,64,2.54237288135593
6.34115279046547,6.64148641886698,6.69576290153124,7.26397054301551,7.32915413036155,7.60684093296234,64,3.05084745762712
6.52181626869739,6.68464635869391,6.7637514292979,7.34712067592007,7.40219611911475,7.59052317825106,64,3.5593220338983
6.50839098343137,6.72923427524581,6.79268227680627,7.38499711563811,7.43549010505642,7.68626178515188,64,4.06779661016949
6.44539619608764,6.73802685187075,6.81856661716502,7.41230408818874,7.4672030114829,7.76651396743317,64,4.57627118644068
6.47502033603481,6.75953881407143,6.81744136361744,7.42546122213375,7.48508576867065,7.76442201782883,64,5.08474576271186
6.37803109487035,6.76183149956046,6.81832908356304,7.4593146527116,7.51888303085745,7.87491920192944,64,5.59322033898305
6.28982100437612,6.75394353387742,6.8106977436648,7.45408900512411,7.52279123964785,7.81085204880813,64,6.10169491525424
6.2209113260765,6.73228069143818,6.79051466905853,7.46171860216447,7.53914988592001,7.75513479282196,64,6.61016949152542
6.20220616160575,6.71102800223835,6.77602138329543,7.45236440348171,7.51448500367865,7.78867336225721,64,7.11864406779661
6.16621253085771,6.67962498119305,6.75981651168683,7.45570182038008,7.51884671482726,7.7159846638595,64,7.6271186440678
6.05591985792048,6.65883729814948,6.73278493256314,7.44923938606719,7.50312460399168,7.74109456720832,64,8.13559322033898
5.98197386853158,6.62896389489391,6.69836078618756,7.43496939803787,7.50987611126819,7.69986368312107,64,8.64406779661017
5.92514108388784,6.5915971019406,6.66838859139711,7.42156170074445,7.48781412000424,7.74938615925993,64,9.15254237288136
5.86358311528325,6.55268298695416,6.6340604407949,7.41477497244802,7.48967076313274,7.73372658726099,64,9.66101694915254
5.8294116095028,6.53985474927827,6.61130671958303,7.4042451192256,7.46933593411647,7.68871965602854,64,10.1694915254237
5.76571469726226,6.48165001286548,6.5742351086553,7.38765107164137,7.45344560193402,7.67248913794179,64,10.6779661016949
5.62298724163639,6.46201053591497,6.53572590650441,7.38015624778271,7.42988731686966,7.69244997544328,64,11.1864406779661
5.50560089278209,6.39735078197534,6.49222930266348,7.34989575743556,7.44651369852093,7.66760874388544,64,11.6949152542373
5.37971463447623,6.35873496674925,6.46276807893502,7.33750746283593,7.41697790789615,7.64130301555924,64,12.2033898305085
5.26782261588634,6.31809488749369,6.43365686927126,7.32620963831105,7.40819308964976,7.66114232103393,64,12.7118644067797
5.23682009651364,6.26301386565848,6.38966286392671,7.30439614567602,7.38153173243958,7.63493254570904,64,13.2203389830508
5.17959543457543,6.20871455929643,6.33847828306024,7.2746669474929,7.36204544822062,7.62259900775064,64,13.728813559322
5.09233241595392,6.19018335479805,6.31906027462323,7.26151334498041,7.34159744964838,7.60914197791358,64,14.2372881355932
4.98361412376833,6.15338780372324,6.28650341880901,7.26756866754634,7.3433139324059,7.61357008796805,64,14.7457627118644
4.79992544033809,6.10379983441373,6.23465955441086,7.23854492364173,7.33878343436489,7.56482539367274,64,15.2542372881356
4.74215611150283,6.06846576895864,6.18406213634426,7.23992842527849,7.31690221222477,7.59420291930333,64,15.7627118644068
4.67978877834145,6.01230976778728,6.14598250877226,7.21451387407278,7.29606646787966,7.61009107363985,64,16.271186440678
4.4753421748838,5.95755968431609,6.10998585881616,7.2015116814885,7.27192442306852,7.51322815656116,64,16.7796610169492
4.36395229632069,5.91248844701187,6.08004465200396,7.18951810670391,7.27244003202659,7.53173534510369,64,17.2881355932203
4.13041041557525,5.85611005640924,6.02537974881892,7.16204658408548,7.26274277335876,7.51548829625697,64,17.7966101694915
4.09482590659716,5.82875732966166,5.99758892580254,7.15591831821426,7.24777076288056,7.50446092737944,64,18.3050847457627
4.1024245019013,5.8028906306773,5.9585247176378,7.13428301609093,7.22833688849582,7.53671187689241,64,18.8135593220339
3.81221402291737,5.72877106399614,5.90939659511536,7.11439387123247,7.18161283429104,7.4640889686857,64,19.3220338983051
3.70398146946669,5.70471242023212,5.8650216520051,7.09047437093741,7.18488569971782,7.48932080368639,64,19.8305084745763
3.60828453725219,5.64813400785634,5.83776351680943,7.08643254239653,7.14977979710331,7.43108567236623,64,20.3389830508475
3.47302614906362,5.62746346670926,5.81481202163413,7.06844486863018,7.1430139722988,7.46540499971038,64,20.8474576271186
3.47390045507402,5.57111578803045,5.77481774634259,7.04393601028814,7.14224552142904,7.43099718307582,64,21.3559322033898
3.47326585192135,5.52620011577516,5.71895275476244,7.02674487702537,7.10724107066709,7.46675507321584,64,21.864406779661
3.22980448587631,5.46483593745699,5.65738662431179,7.01971793170226,7.09415186917067,7.43990009583409,64,22.3728813559322
3.24798889977616,5.41531039502179,5.64589659189366,7.00222450071807,7.0612723553057,7.37938153945277,64,22.8813559322034
3.14899304544218,5.36561154148882,5.61917803295018,6.97680915057725,7.06032776169348,7.42591077308705,64,23.3898305084746
3.08267849131638,5.29531365297057,5.56011369778084,6.97067318964543,7.04349676629252,7.36766991066841,64,23.8983050847458
2.87140288057843,5.24810462674892,5.52358894691028,6.95740006542529,7.02630625903345,7.38249227349805,64,24.4067796610169
2.69975284289591,5.19733594597539,5.48596708786972,6.93017427310779,7.00880683387051,7.36079408955166,64,24.9152542372881
2.70279143523176,5.13298529779697,5.45589777355855,6.92381335846994,6.99645473927551,7.32796667456972,64,25.4237288135593
2.27884395964588,5.10105145345665,5.41945571874495,6.90586866286521,6.97564889065909,7.34031430956029,64,25.9322033898305
2.29929271939783,5.03904697586889,5.43155395436993,6.88502321357189,6.9658814837753,7.29954116649295,64,26.4406779661017
2.16901672718449,4.95874151070095,5.34045874841543,6.86450764790763,6.9555918598749,7.34731275896549,64,26.9491525423729
2.15326124806474,4.96997340190993,5.31449358369771,6.86399342024086,6.94415442531361,7.32839099867186,64,27.4576271186441
1.8638979203164,4.91010642928511,5.2607046863556,6.84008126148057,6.93056953833308,7.34468509473805,64,27.9661016949153
1.86202976019893,4.85814519204861,5.19453350706819,6.83462421520121,6.90953484275026,7.3186836344845,64,28.4745762711864
1.74685845476469,4.83962485826597,5.1753978861296,6.81116701228363,6.87977374152391,7.2552602623761,64,28.9830508474576
1.70877157715799,4.78763764318177,5.15575221103992,6.79483473182154,6.88154775002822,7.32857534190006,64,29.4915254237288
1.74456456667418,4.73277009551799,5.10009075312874,6.79237057227516,6.86438555901673,7.30288519168082,64,30
1.22948394357245,1.41329278698088,1.46720614503503,1.9947995877084,2.06533209282401,3.68738540464231,65,0
1.45321278205651,1.75710548111484,2.02485699094572,5.63320534575329,5.69446249571169,5.97623834631216,65,0.508474576271186
5.1935755824892,5.44308413247352,5.52202650260488,6.30648933681774,6.34880778103156,6.61590519511978,65,1.01694915254237
5.73350843989128,5.9818829763324,6.0560532708335,6.6499927716444,6.70304447577832,6.90095762919283,65,1.52542372881356
6.07240163616274,6.26464120832929,6.31692195564578,6.86412943094579,6.91403369529391,7.09424815913288,65,2.03389830508475
6.22071387395903,6.4224692796618,6.46349658156811,7.00390645454842,7.05023964664366,7.22583130507859,65,2.54237288135593
6.32276362993879,6.51148823675407,6.57093423072771,7.09792367632306,7.13495464692364,7.32184135800286,65,3.05084745762712
6.42898822308235,6.56526609166121,6.62876684322689,7.17093580687788,7.2060629291357,7.43165448730379,65,3.5593220338983
6.47667719436585,6.61422132012037,6.66588146330824,7.21898919741712,7.26276991362136,7.44773803593456,65,4.06779661016949
6.42288922625748,6.63854726918543,6.68852790373905,7.26087779715027,7.30695686244355,7.53756795820229,65,4.57627118644068
6.38740904942473,6.63643555396238,6.69926244599313,7.29601491581248,7.33486755395199,7.54164498719462,65,5.08474576271186
6.43906584207751,6.64179432506416,6.70330694734535,7.31264145648878,7.35392646243868,7.61995803316925,65,5.59322033898305
6.31699301045415,6.6086911969202,6.68160373307207,7.32112465408126,7.36611904055213,7.56397904094871,65,6.10169491525424
6.31267154220043,6.59875231012812,6.68339974888409,7.34496595528196,7.38523185603356,7.63965954195415,65,6.61016949152542
6.30648437532555,6.58261339398924,6.66682002733883,7.3414699065106,7.38998959847217,7.59077688523318,65,7.11864406779661
6.21072130465903,6.54411419304187,6.63172255535653,7.33792889793996,7.38377747522634,7.56937420177441,65,7.6271186440678
6.13258526660126,6.51300999949732,6.62027360812914,7.33053971410592,7.38174777618367,7.62349832302477,65,8.13559322033898
6.11834060522326,6.46783726380057,6.59394279267597,7.3206979786771,7.37719113488789,7.58755929880101,65,8.64406779661017
5.97395631985359,6.41832359030577,6.57933688475136,7.31467626345248,7.3721185454403,7.6365877387387,65,9.15254237288136
5.98712209423815,6.39147075247067,6.54787307520879,7.31632518586687,7.36056678526852,7.58374472931321,65,9.66101694915254
5.89728605842753,6.36209622457757,6.52070592672005,7.31238374295093,7.35366375503393,7.57099325928226,65,10.1694915254237
5.71652885370105,6.30212578953592,6.47526126953968,7.27874233743485,7.35535917876408,7.61458029544338,65,10.6779661016949
5.78640126732609,6.28954359054088,6.4423475961629,7.28342358567758,7.33394939705286,7.56530026196802,65,11.1864406779661
5.68475272125947,6.23711629496315,6.39395742386192,7.26268042950278,7.31837148523114,7.48321186217775,65,11.6949152542373
5.63291702787916,6.18274882660624,6.33065029940758,7.25276820371895,7.30702719770617,7.52113297868562,65,12.2033898305085
5.52264256817835,6.15180985003943,6.29037717155219,7.24517195914457,7.29807284895031,7.5797212715033,65,12.7118644067797
5.43032930792599,6.09731365265203,6.25175825249959,7.22444583164488,7.28685110820962,7.49511449176941,65,13.2203389830508
5.31979830053876,6.04842505555637,6.2292034404024,7.21318089359205,7.27541349614807,7.4669844857062,65,13.728813559322
5.24837954447085,6.01464520944225,6.17929168798376,7.19029344000145,7.25356346024098,7.4589969982657,65,14.2372881355932
5.31814176217164,5.99400737706332,6.11211721405591,7.18016385692817,7.26899486832944,7.4717377794385,65,14.7457627118644
5.24742154061103,5.9177696298382,6.07946371971717,7.174546931316,7.24449348651085,7.48958626517594,65,15.2542372881356
5.18605677402434,5.85864578102165,6.05375811032464,7.14615869473172,7.22411575858062,7.49523659271255,65,15.7627118644068
5.10202098343497,5.80162784926193,5.97761618560991,7.14482968598854,7.22062991212007,7.45388957427214,65,16.271186440678
5.03008275099059,5.77219468650722,5.95686450014863,7.11454824247929,7.19841936644701,7.42325161609621,65,16.7796610169492
4.88777222252345,5.69501831024842,5.92044290994188,7.09048980299471,7.1858643283202,7.40721768647782,65,17.2881355932203
4.85057061152002,5.63667937086481,5.86562074287633,7.07711790512267,7.16905959182531,7.34045930740521,65,17.7966101694915
4.73553549694266,5.61436738346687,5.80868486022311,7.08358437630057,7.1634000147319,7.33250599373628,65,18.3050847457627
4.67554418223685,5.54418066631643,5.76876754531825,7.06875943114164,7.14759060061022,7.40175927040297,65,18.8135593220339
4.59942559394007,5.51460600576231,5.69090598441103,7.04674018301102,7.11376187127401,7.35814349120732,65,19.3220338983051
4.39351238161038,5.47945404682766,5.67649028775191,7.02573940487522,7.11675033542752,7.30555224118609,65,19.8305084745763
4.30941438691375,5.39373344975695,5.63342578982959,7.00927399382909,7.0950643277963,7.26459258140789,65,20.3389830508475
4.14246439009511,5.3574685500589,5.58908602519371,6.97878728961857,7.0887253402004,7.28646462161928,65,20.8474576271186
4.02482386485599,5.32864454853276,5.52432867669744,6.98526296937567,7.05978375998165,7.2573555046264,65,21.3559322033898
3.97352982902888,5.28327559545899,5.48611971284739,6.96170213032736,7.03891715756807,7.24408502772359,65,21.864406779661
3.84944476692868,5.19387810099205,5.44537699136742,6.94985798561519,7.02428454524564,7.19961383550113,65,22.3728813559322
3.88999172253612,5.12929495476207,5.37994298308762,6.95097549485461,7.02129568547361,7.24407771734733,65,22.8813559322034
3.7765272284022,5.06390836912721,5.35319800838392,6.9279500106237,6.99299892548864,7.20518217906693,65,23.3898305084746
3.82498846591682,5.0020548398708,5.28010019600232,6.91490848638573,6.98530458261858,7.1905565288331,65,23.8983050847458
3.74570001091353,4.96933292011178,5.2424038724318,6.88453204057357,6.97347781165133,7.21358301664841,65,24.4067796610169
3.64792714646091,4.93901197610863,5.20140638524254,6.87636295758204,6.95561141432572,7.15889464577672,65,24.9152542372881
3.36085184412341,4.88498859931202,5.14526668647818,6.85796702121316,6.94505084502943,7.16949040422693,65,25.4237288135593
3.2148236699565,4.82714922849554,5.12132168132029,6.8462876530826,6.92944622324091,7.17294197785116,65,25.9322033898305
3.11601246274898,4.74655970689293,5.0198393128927,6.81932111118071,6.91918318138988,7.13099783847565,65,26.4406779661017
2.91429553218148,4.73037760893148,5.01838815365488,6.81609559118678,6.90289926423635,7.14946824820167,65,26.9491525423729
2.92321971055659,4.65009826781512,4.95970212340157,6.79397236128324,6.89504124520878,7.13939930942545,65,27.4576271186441
2.83498343482552,4.57402243294726,4.90671479306591,6.79903060778095,6.87532032767405,7.1023735197892,65,27.9661016949153
2.65822172730418,4.56821562419019,4.91664290903852,6.77149554828309,6.87061935533461,7.08777553630718,65,28.4745762711864
2.730423801441,4.47561723872857,4.82910667942381,6.75032475313564,6.85518932012268,7.10486985829423,65,28.9830508474576
2.56742687269142,4.48656302424105,4.73815911733219,6.72555378627355,6.8450745860458,7.09061662568139,65,29.4915254237288
2.35865354563295,4.34175549660979,4.67628255129475,6.71379775186144,6.8175241286622,7.07137735680512,65,30
1.2235200239093,1.4208902687356,1.47182123339979,1.97671429521811,2.01632163405886,2.41144915927317,66,0
1.26828039385997,1.63646948586163,1.70310567559499,5.25448829976584,5.3670969859587,5.65431363102475,66,0.508474576271186
2.4018723518669,4.97988908452305,5.13937165951267,6.0129903069333,6.07497275055083,6.29537375697504,66,1.01694915254237
2.37331801915954,5.69069360499062,5.74239141193204,6.35724487263686,6.40225854594968,6.59887093647862,66,1.52542372881356
2.37227435909269,5.92457593460912,5.99430090290521,6.56513100359846,6.61256595203728,6.78456732347496,66,2.03389830508475
4.72563478225692,6.06661243229547,6.14965056626206,6.69169396425186,6.74283215350049,6.90134797009048,66,2.54237288135593
5.60258047916791,6.13920929819961,6.19632132647065,6.76293404805723,6.81272684758521,7.0600700160333,66,3.05084745762712
5.86281112373167,6.19341119319908,6.25819280214344,6.82461785021909,6.87776295405908,7.10524536060846,66,3.5593220338983
5.84132643950996,6.22186632175578,6.27121405747543,6.86668812628192,6.90161707573137,7.05775186927491,66,4.06779661016949
5.89309625300145,6.20425981976419,6.27759801442456,6.88111233925199,6.93800386053648,7.13661817924585,66,4.57627118644068
5.80086826363013,6.20036562091398,6.28230151469467,6.89917781588142,6.96037351308689,7.36049223848723,66,5.08474576271186
5.83223547269594,6.19453049656108,6.27226939854511,6.89743612270095,6.9473668351576,7.15619493338239,66,5.59322033898305
5.82108400462401,6.17524846380863,6.25274719644342,6.91213149296976,6.97082847809975,7.31468678759771,66,6.10169491525424
5.80358354432743,6.15783797145869,6.22794358494246,6.88903105006741,6.94603235809996,7.18798269730954,66,6.61016949152542
5.81552967900978,6.11867077999761,6.20383604771881,6.89676570416073,6.97038194062702,7.1199652339511,66,7.11864406779661
5.75159592873147,6.13420089416797,6.17820421331932,6.89759280048557,6.95221027683993,7.21256502367889,66,7.6271186440678
5.62566411930942,6.07070545266413,6.16111974437502,6.87733202847544,6.93012684048838,7.15539018927171,66,8.13559322033898
5.62973929746951,6.06312909132118,6.14065456705862,6.87539687132248,6.93734751898512,7.2237456172781,66,8.64406779661017
5.60106002013996,6.03327506648572,6.11084664218794,6.84834700620593,6.91380081733891,7.24201993406211,66,9.15254237288136
5.50219999375417,5.98698393110432,6.09159929503256,6.846357757483,6.90788778185782,7.19799155001929,66,9.66101694915254
5.53595368720785,5.96159984453482,6.06284817140157,6.82897769161669,6.9034502047449,7.23281600175357,66,10.1694915254237
5.47335041065076,5.93273506029515,6.03557818168187,6.81917569349724,6.87953557143822,7.16795325411122,66,10.6779661016949
5.4569998993525,5.90498344302212,6.00660309156576,6.79752288576445,6.86076902106133,7.1260179630867,66,11.1864406779661
5.50350618311332,5.86883725537423,5.96467908402411,6.79261923686865,6.85830342111378,7.16995319474856,66,11.6949152542373
5.45290422753771,5.84661270311724,5.93830097250112,6.77669707636058,6.84078046981732,7.22055236033836,66,12.2033898305085
5.39172578947296,5.79693973828322,5.89246921038431,6.75230471684059,6.84320542819633,7.14577132836484,66,12.7118644067797
5.41258887928425,5.75122965714053,5.8647296146136,6.75285217394252,6.80743934897898,7.21420381259805,66,13.2203389830508
5.4049975334406,5.71743845025817,5.84845328463764,6.73660723870627,6.82928628980997,7.4086484768619,66,13.728813559322
5.29420439695571,5.69288568972468,5.7954465785031,6.72703770435086,6.80481890995025,7.14301019750479,66,14.2372881355932
5.23707925309919,5.6556234570148,5.75865221736726,6.70617001788131,6.79193372524089,7.1140679270088,66,14.7457627118644
5.16175232160124,5.64449568308829,5.74479206690882,6.69317636774919,6.7749110533962,7.0962924850113,66,15.2542372881356
5.12401750564688,5.5949047048392,5.70514536211699,6.6698803905555,6.77699958871172,7.16416769609172,66,15.7627118644068
5.04110246832411,5.54992700037976,5.66725543258723,6.66218143627773,6.72728288469589,7.11258230270588,66,16.271186440678
5.03594248342266,5.50841521185956,5.65393685329392,6.64421058253567,6.73454252723616,6.97593109654438,66,16.7796610169492
4.94063712613294,5.48822250632437,5.60804838840597,6.63864610221395,6.72027436548521,7.02210629522557,66,17.2881355932203
4.82521423937872,5.43698417633866,5.57466405569007,6.61830237209611,6.69607717072729,7.16597817996856,66,17.7966101694915
4.8177280523699,5.40653449413414,5.51253904862712,6.60166414448156,6.6946931898824,6.98575933595046,66,18.3050847457627
4.67134358830831,5.38417473567009,5.49006803282283,6.58375390502861,6.67412337001829,6.98485932040921,66,18.8135593220339
4.58064864923346,5.33114063930862,5.45731106573769,6.57886530781255,6.65584802225813,6.97708917214532,66,19.3220338983051
4.56253863211874,5.28775151190502,5.41170131127155,6.56449571326206,6.66424339644817,6.92213023284467,66,19.8305084745763
4.46421616906683,5.23557826691148,5.39066445652182,6.54254931442625,6.63777532475524,7.08866219533664,66,20.3389830508475
4.39063562187745,5.18535151532975,5.36410448528706,6.54105367476334,6.64296189514226,6.88712144113636,66,20.8474576271186
4.37387034911074,5.16814586767359,5.32717886922599,6.50771485026998,6.62476919000714,6.93913517956619,66,21.3559322033898
4.31906441684632,5.11799486683438,5.29077312713036,6.49811911409946,6.59330832974686,6.90208636992833,66,21.864406779661
4.25659387653209,5.08831665265865,5.26001613833825,6.49125713669657,6.59034023867097,6.90309997600823,66,22.3728813559322
4.13781781645325,5.02583452824596,5.199122981599,6.48050712478278,6.5768503606088,6.88642092376314,66,22.8813559322034
4.15990524183345,5.0134552384166,5.1669134406949,6.47409546173955,6.54253360271144,6.81154794108202,66,23.3898305084746
4.03070963618142,4.95851581919279,5.12922639783451,6.45674872331569,6.54756780665603,6.82067338627081,66,23.8983050847458
3.87940009576554,4.9485605754373,5.10151619381823,6.45513742393968,6.53532985173538,6.84483698416273,66,24.4067796610169
3.8311358834204,4.89172041719285,5.08553101552433,6.41564257198015,6.49921053211245,6.83381382259092,66,24.9152542372881
3.87701026329727,4.84078890650273,5.03609488969389,6.41575779997694,6.49082372773042,6.80717621460187,66,25.4237288135593
3.76756370390507,4.81840845389338,5.01909452426761,6.38382482218185,6.48341782526873,6.8273702932952,66,25.9322033898305
3.67773925274067,4.77970641421479,4.95520920534223,6.36113033236797,6.47754827758476,6.77438300413112,66,26.4406779661017
3.64851097289443,4.73193311971368,4.94397978977302,6.36401898638977,6.46181087542696,6.7583500042992,66,26.9491525423729
3.5905720558712,4.69683664563401,4.86443988337445,6.36747393899745,6.44445841738948,6.74604622709615,66,27.4576271186441
3.51232120524646,4.68283764754171,4.8352149208339,6.3203093368216,6.4440833136798,6.76969687578984,66,27.9661016949153
3.40310067645107,4.60000287538321,4.79051665435138,6.30550267096192,6.40969246029043,6.7697004684222,66,28.4745762711864
3.53326286475841,4.5623963124271,4.73728764355546,6.30840100086601,6.38787374107995,6.7247602799214,66,28.9830508474576
3.40609215586153,4.54059203749852,4.71131693655345,6.30220062317333,6.38828582134822,6.69758054746926,66,29.4915254237288
3.20890562684262,4.48391418429985,4.69550672529914,6.28970142331783,6.39278188336913,6.73305732489096,66,30
1.19554443921219,1.42554610014892,1.48973674992729,4.03403065528893,4.30603968829109,5.16015459664236,67,0
1.7798939377295,4.84822523692064,5.04447662174357,6.01607174016865,6.1040388106226,6.5034556349147,67,0.508474576271186
4.7103415855767,5.86149701091645,5.92536732029745,6.58956382604546,6.64359776135888,7.00793828172679,67,1.01694915254237
4.9530496916182,6.17176471568319,6.24164833850193,6.87113306284655,6.92435467252023,7.15199281877557,67,1.52542372881356
5.21511861405914,6.37472569032114,6.4268933026947,7.02769792878528,7.08802540591716,7.44151617592112,67,2.03389830508475
5.07735262657652,6.49818590163472,6.56175313780479,7.14277300345028,7.19682302137083,7.50084005229455,67,2.54237288135593
5.15688157235694,6.56012063743814,6.63133060243807,7.19991408977913,7.25481755281313,7.58314444996528,67,3.05084745762712
5.18526070694183,6.61044339055043,6.66907310268008,7.26158148775852,7.3275080443405,7.61220144708682,67,3.5593220338983
5.19541730571043,6.61418717847143,6.68178351238995,7.28419713314904,7.35435988378815,7.65445735705564,67,4.06779661016949
5.11707006604919,6.59349570015479,6.68908200905357,7.31573373901044,7.38023177286763,7.7010500032935,67,4.57627118644068
5.08315886453891,6.59650760431287,6.67529109540151,7.33782018132638,7.40952080699537,7.7232231005763,67,5.08474576271186
5.04711378304846,6.58861560009914,6.67239830071143,7.34756534356439,7.40975641785777,7.74845681918547,67,5.59322033898305
5.07854677157452,6.56480358259222,6.64103479941295,7.33996598192172,7.42227828044266,7.76108167736322,67,6.10169491525424
5.0773475535082,6.55951372564715,6.64848599110805,7.3502207547925,7.41670810645545,7.6725696781913,67,6.61016949152542
5.08752082819241,6.52787212447518,6.62216451095682,7.33454791639542,7.39762338879116,7.76726892432457,67,7.11864406779661
5.01161791859773,6.51715008009233,6.59508969139956,7.31799064791999,7.3986840307083,7.75367557036634,67,7.6271186440678
5.22251580041613,6.48765745601217,6.56601437929343,7.30857399020283,7.38995893981057,7.72298303013864,67,8.13559322033898
4.7450619118723,6.47353810608558,6.55904164384073,7.29952611334209,7.38039328729642,7.78367337028946,67,8.64406779661017
5.03282428753207,6.42257109660374,6.52160892213066,7.2960592381682,7.36884848925048,7.76266391615664,67,9.15254237288136
4.83861930397641,6.41462435856407,6.50506076903406,7.27165639355313,7.35862767873869,7.68528261669031,67,9.66101694915254
5.05975169324605,6.36218647317461,6.47062489609986,7.26816448357774,7.33165660341698,7.68569857245777,67,10.1694915254237
5.07998272416128,6.3520163575944,6.42346627929461,7.24469077782781,7.33085503935041,7.68589329174677,67,10.6779661016949
4.94719475910097,6.31944780977666,6.41688073099536,7.24364537589965,7.33587410944367,7.68246988085794,67,11.1864406779661
4.93509621171119,6.27514754551569,6.35654869838034,7.2184107429389,7.32003077958815,7.59805762081205,67,11.6949152542373
4.86700566925203,6.24118444309153,6.3381693228855,7.20839403717819,7.30194542700566,7.65565154169083,67,12.2033898305085
4.79882072310689,6.2152937815834,6.32202246211653,7.16600615604908,7.28172796853594,7.53040297121882,67,12.7118644067797
4.95682163347421,6.20079621392385,6.28074684968004,7.18318154820063,7.27721003786498,7.52288693655915,67,13.2203389830508
4.72291186573877,6.16393047727672,6.25126217323303,7.14656377229367,7.23132561797517,7.60006976428833,67,13.728813559322
4.96583565990101,6.13367208069989,6.21536491166869,7.1379186088712,7.22273274451311,7.57385074176324,67,14.2372881355932
4.6453670816199,6.06450719680465,6.18062786124559,7.11671615400835,7.19630982296321,7.58277195731835,67,14.7457627118644
4.974688569051,6.02970881452316,6.15476019677075,7.09766268510324,7.17136390653674,7.48952736534395,67,15.2542372881356
4.84032591244788,5.98064288449274,6.09982437306718,7.0862759769829,7.15138917797624,7.51323350881367,67,15.7627118644068
4.77163228959052,5.94737099726499,6.09341230168103,7.07048521771906,7.14364440605873,7.49343134436568,67,16.271186440678
4.63991818721721,5.87180826610044,6.04801272621699,7.06763508674487,7.1448032578729,7.40208522043621,67,16.7796610169492
4.79456788234964,5.85348990719287,6.03211332626862,7.03596988333656,7.13708859693819,7.48050199519969,67,17.2881355932203
4.68689561360735,5.84462365636729,5.99181426038076,7.03149559456222,7.11093823097374,7.44446088403499,67,17.7966101694915
4.77778141296212,5.7803513183832,5.94448801100195,7.00730731011545,7.08741670780181,7.41524377313887,67,18.3050847457627
4.69141829423026,5.73242087333774,5.91904722826368,6.99198737638182,7.09709711979777,7.43168775704049,67,18.8135593220339
4.54842283536435,5.69599939171535,5.87434371290833,6.97869427854915,7.04742171546804,7.40281389969961,67,19.3220338983051
4.64582962752382,5.66446134144859,5.83168781421686,6.95045356630367,7.05418416856744,7.38658616423147,67,19.8305084745763
4.55966872723634,5.60677470652346,5.80706747630406,6.94138114089152,7.02544509117408,7.35800240432637,67,20.3389830508475
4.49319829324763,5.57080105606685,5.77269418820789,6.9479804784832,7.01504168891236,7.33788558894311,67,20.8474576271186
4.64640394981896,5.54827398169264,5.7324707030936,6.90542783278852,6.99239698504781,7.31378788528743,67,21.3559322033898
4.4184026842926,5.48002147634308,5.70642685294204,6.89892591133408,6.97159264599512,7.35283643428548,67,21.864406779661
4.51512577196609,5.47200036647849,5.6632766248811,6.88775466189784,6.97432798560048,7.40423090944187,67,22.3728813559322
4.56913996797405,5.40250592783717,5.61996770613263,6.85741550059571,6.9533923699418,7.34561224940429,67,22.8813559322034
4.4090650820427,5.34707575291186,5.57567851289417,6.84432124665262,6.9330445332258,7.33993899082553,67,23.3898305084746
4.38565650388103,5.37181110144202,5.53207298332647,6.82521145269277,6.92976086655418,7.28697696622422,67,23.8983050847458
4.35224301889213,5.31651441760859,5.51155178434958,6.81917954756492,6.90875445741513,7.31395206196194,67,24.4067796610169
4.187439138188,5.27581105435016,5.44590586156531,6.79968382798232,6.89575039530853,7.25640340125509,67,24.9152542372881
4.08736916661475,5.23308816173621,5.41569581171663,6.79187946343158,6.89412847482133,7.32151114038905,67,25.4237288135593
4.0629217026426,5.13245317820017,5.36648648689568,6.77299999465207,6.90400275605962,7.22276284032286,67,25.9322033898305
4.02464757876221,5.11561648659423,5.33659491777243,6.7576532586266,6.87427957577595,7.2414797844246,67,26.4406779661017
3.97361810602178,5.08076244952287,5.30767918428892,6.73752797754728,6.83265841355321,7.2091700792591,67,26.9491525423729
3.83354305126906,5.02313602685219,5.26633008580082,6.72509720988521,6.83783572711998,7.21379316727336,67,27.4576271186441
3.9007896580954,4.97350962408311,5.21491627616079,6.70694024181778,6.8220601762264,7.25989878554071,67,27.9661016949153
3.90974582433795,4.91972138053304,5.16544958606544,6.69067510583239,6.81718356923898,7.16559682793682,67,28.4745762711864
3.90357229897001,4.90176030493433,5.15007044254645,6.67263727114233,6.78178729189943,7.19833332853832,67,28.9830508474576
3.73545049484175,4.83929383070178,5.10101538619888,6.65984028966042,6.79760579884611,7.18281811462017,67,29.4915254237288
3.68927962313665,4.79760195961776,5.06497323565814,6.64831566542328,6.76062605622053,7.17357297923729,67,30
1.24787299837578,1.41778815856235,1.45901662353642,1.978800513287,2.02790508607147,3.61562311865688,68,0
1.40407139195529,1.63260182805169,1.71257813284249,5.54679468745649,5.69968639038325,6.04958073062388,68,0.508474576271186
1.57364161293004,5.25046428998785,5.41929125436585,6.3635583920986,6.4358152429444,6.59107209871055,68,1.01694915254237
5.44528225515427,6.00472237748196,6.07662570634546,6.74246364701766,6.78926710775315,6.93827669757474,68,1.52542372881356
6.00601604052954,6.3002655577873,6.3605248635587,6.96500431390905,7.01551083178366,7.233509389728,68,2.03389830508475
6.18281677969604,6.47538215003019,6.52919228158031,7.1046185544444,7.15262524643263,7.30367369471761,68,2.54237288135593
6.4312325620247,6.57489550668972,6.6357453295859,7.20197789601346,7.24805419244919,7.40258815821687,68,3.05084745762712
6.46766296675945,6.64342069870125,6.70257633866508,7.29273674064871,7.33419544872145,7.52786493525714,68,3.5593220338983
6.46665695567171,6.69357152239736,6.75626448719671,7.33105330145638,7.37420170687008,7.56259614951003,68,4.06779661016949
6.5206553934304,6.71427815513194,6.76824118929247,7.36375272067177,7.42587214025491,7.55966378967903,68,4.57627118644068
6.39675613402283,6.71739812706193,6.76639557974578,7.3885398021635,7.45408902979792,7.6768677038867,68,5.08474576271186
6.494088557475,6.73696338193903,6.7875023824353,7.40782686023298,7.47093771034379,7.60394796518804,68,5.59322033898305
6.43025193674072,6.70385759887491,6.77868633327166,7.41974319168836,7.48492485076231,7.64593722413442,68,6.10169491525424
6.40909088342386,6.69859448875441,6.7611968663065,7.41711723062958,7.48157728500721,7.64116075140112,68,6.61016949152542
6.34795721427894,6.67195045277656,6.74736682652787,7.42434962212439,7.48085068217123,7.67245544901334,68,7.11864406779661
6.35012704246737,6.6593771193139,6.74065586337837,7.42668088539971,7.50003966496338,7.63656593696076,68,7.6271186440678
6.36087438243691,6.61771805425093,6.7186660852967,7.4150356927106,7.49056852475926,7.70656721501848,68,8.13559322033898
6.30939003926759,6.60932425629152,6.7021257899417,7.41355795004746,7.47384397099357,7.62781696245404,68,8.64406779661017
6.22183033587099,6.59048385271374,6.66174012368603,7.40689900839974,7.47080730115983,7.624456144718,68,9.15254237288136
6.27224702958288,6.53055858418534,6.6449033800563,7.39247602086431,7.45965297019572,7.73068834805105,68,9.66101694915254
6.04709540065739,6.51911554979152,6.61868699781856,7.38967527445133,7.45097772728221,7.74014431573547,68,10.1694915254237
6.09496551503776,6.48517534533836,6.5801943521961,7.37299732918139,7.43926640492964,7.67399868327624,68,10.6779661016949
5.98343264646278,6.46063722222282,6.54532845540658,7.36969113428367,7.43943715637355,7.66568462138901,68,11.1864406779661
5.98779980840946,6.43104304997156,6.51520681150571,7.34090548835195,7.4104445825689,7.65423864819075,68,11.6949152542373
5.99448336246058,6.37558501402177,6.49919644658709,7.33601995531154,7.40363942186521,7.65786692288785,68,12.2033898305085
5.8969149646781,6.34701897979068,6.46397175708916,7.33659906172352,7.41522946354439,7.57567409629866,68,12.7118644067797
5.68302045882872,6.31610750157099,6.39822504169357,7.30529907277133,7.39637627668448,7.65000764668775,68,13.2203389830508
5.62500350481913,6.24931499766806,6.38633210077557,7.29625979539589,7.37114406658142,7.63713703520666,68,13.728813559322
5.6290118380014,6.23134696259084,6.35567141272196,7.28126250771484,7.3667245072301,7.69651558456104,68,14.2372881355932
5.54021570372044,6.16307825022861,6.31759076535495,7.26156031609135,7.38112642155594,7.58415450340607,68,14.7457627118644
5.37038542369494,6.14401520730579,6.28174383224009,7.25401597167341,7.3411480342655,7.62974172070772,68,15.2542372881356
5.31129277292645,6.09518985219426,6.25389974646901,7.23298535123,7.32324172367013,7.62115231707938,68,15.7627118644068
5.27690337917772,6.06451844346786,6.23260888819514,7.22719728315087,7.30302496323548,7.6091674361687,68,16.271186440678
4.87402802945526,6.00360384761562,6.17494998285287,7.21324620821491,7.30171024886888,7.54004866653874,68,16.7796610169492
4.88073283766809,5.95745142789061,6.15428814171811,7.20307384687291,7.28570521362523,7.53381029754649,68,17.2881355932203
4.85307933013652,5.93836819413557,6.09503867104548,7.17910808641284,7.25340239175225,7.56016502437895,68,17.7966101694915
4.80106389806186,5.90049372241583,6.05455958405715,7.16759931015865,7.24915376851142,7.48353886004719,68,18.3050847457627
4.75045895920203,5.86949562701697,6.01506414643911,7.14842192780031,7.24405557460157,7.52538733269026,68,18.8135593220339
4.6953489394961,5.84487716181807,5.99920993970542,7.12789932361446,7.22218785583794,7.5317482129167,68,19.3220338983051
4.68491407792231,5.79556061296439,5.93583933729829,7.11839005987551,7.22330586667286,7.44873004078405,68,19.8305084745763
4.6573884339093,5.73451024684199,5.9191904398459,7.10243486828284,7.19186039796396,7.47235262920845,68,20.3389830508475
4.53525775834199,5.68816037542019,5.86584675431379,7.07902491893132,7.19675398966652,7.48450750267062,68,20.8474576271186
4.47725152599277,5.61697832679405,5.81804114359594,7.05278780375604,7.17579028346354,7.48831879769528,68,21.3559322033898
4.38620772594492,5.62237944844221,5.80060487781346,7.03421551173195,7.13816589122936,7.42895871961342,68,21.864406779661
4.33199312188641,5.54334559944198,5.75090201416024,7.03323691826554,7.11263161851061,7.41742926716441,68,22.3728813559322
4.19487563877608,5.48901227994958,5.71066324021174,7.02011598301862,7.11391623356753,7.42985931729232,68,22.8813559322034
4.18770749470114,5.47459846510335,5.6883747199598,6.9946654653438,7.11599231017728,7.41062847593465,68,23.3898305084746
4.1054861188079,5.40269648773137,5.63459440067566,7.00318064782691,7.09449887878576,7.45090583300051,68,23.8983050847458
3.99147806023246,5.39946084056682,5.59400025994727,6.98276542089718,7.08320934960096,7.43751582934626,68,24.4067796610169
3.95003140984373,5.29976339610371,5.55796384672719,6.96078635363672,7.06935144436566,7.41878203727723,68,24.9152542372881
3.80168460805021,5.27261783080692,5.52419976430792,6.94520117872619,7.04650944904904,7.44121077704217,68,25.4237288135593
3.69532598387503,5.22705812201281,5.48817831180923,6.92837314518151,7.01348976308564,7.37732663165389,68,25.9322033898305
3.77144886000321,5.22600816061609,5.45410345487093,6.90548618394105,6.99642646967985,7.30523105822171,68,26.4406779661017
3.74201745499739,5.1843577238261,5.41838350983742,6.90675584068268,7.00869333175479,7.32640733072108,68,26.9491525423729
3.77234853145155,5.1396845846158,5.38578125229731,6.88618262907451,6.99017777513423,7.38428305351861,68,27.4576271186441
3.50076701696421,5.07538422735421,5.35507302523529,6.87493717325391,6.96039095870577,7.33401337252006,68,27.9661016949153
3.33460708965787,5.06029052266434,5.28233273408375,6.84660887608446,6.96049296011008,7.34487153591934,68,28.4745762711864
3.27701665136733,4.95269710544881,5.25965486887398,6.83412730727119,6.93983916280955,7.35932466818699,68,28.9830508474576
3.27390045884185,4.946019906147,5.20194648316692,6.81425677898019,6.94540289672637,7.31174559374122,68,29.4915254237288
3.14035139182988,4.95810575382807,5.17203539002595,6.81256867964943,6.90044791843687,7.2985432883104,68,30
1.2618716702249,1.43600865906305,1.48723345040156,3.9284270045429,4.27828817232978,4.81177019737531,69,0
1.80804688529147,4.523166095332,4.792939895473,5.99522682108977,6.07471140522472,6.23335086778157,69,0.508474576271186
5.34352693924974,5.88789535120017,5.95423318175906,6.56579655306761,6.62319296149953,6.87256783972667,69,1.01694915254237
5.98139980616502,6.23653527828653,6.29126925553007,6.85538308652852,6.89863238709759,7.09909367771107,69,1.52542372881356
6.1923895825924,6.42553402258401,6.46730889272348,7.03839191290241,7.07806673774562,7.28121455031674,69,2.03389830508475
6.2695780093586,6.53745037829088,6.58950599340678,7.14548687630625,7.17920412112057,7.47153251000873,69,2.54237288135593
6.3674368664722,6.61296906008591,6.65941148248641,7.22620628444763,7.26331216619654,7.4718623120298,69,3.05084745762712
6.23482365749164,6.64643260689199,6.69069721375773,7.26140783182658,7.32609615686635,7.56688322162212,69,3.5593220338983
6.37752814172962,6.65149998614323,6.7220884601573,7.29704890281994,7.36170787766993,7.70120494637238,69,4.06779661016949
6.25226030033232,6.65509645777744,6.72290958408613,7.32412950013909,7.38806002577244,7.62603796416796,69,4.57627118644068
6.32890217710681,6.65444083410953,6.72445176839543,7.34281914797861,7.40253169730304,7.61470539660839,69,5.08474576271186
6.18244469527787,6.64269823199936,6.70874451121385,7.34250729806651,7.40689492040785,7.57805860307033,69,5.59322033898305
6.25965788096909,6.62688963859033,6.68894122238415,7.34974573430139,7.42959505758941,7.61867904878909,69,6.10169491525424
6.13668873000395,6.58829304632357,6.66840485983423,7.34500339710576,7.39601692313095,7.63839310272593,69,6.61016949152542
6.20437876135625,6.59981387533926,6.64553213753047,7.33580704724457,7.40286042917775,7.60532545010935,69,7.11864406779661
6.27006630442324,6.55258721077941,6.64068390336824,7.33237419642886,7.39746380149902,7.63864295829219,69,7.6271186440678
6.25238953908615,6.53896489144076,6.61618890687423,7.33374957504983,7.38599924429649,7.61939245318574,69,8.13559322033898
6.10033224373005,6.49934968075518,6.57602669585604,7.31793567125975,7.37574699809773,7.63125534549354,69,8.64406779661017
6.19620125475755,6.46884746895987,6.55615941807079,7.31114540577978,7.38017293048962,7.6673495537396,69,9.15254237288136
6.18801759284626,6.44994398910425,6.52893115352242,7.28148906046611,7.35586256439042,7.66271180803936,69,9.66101694915254
6.05926490789118,6.40491751136025,6.51311699213541,7.28185132595845,7.35138320560252,7.60557894513299,69,10.1694915254237
6.07547784900195,6.37257473837493,6.45287505935914,7.27966310173736,7.34051001755845,7.56081983000955,69,10.6779661016949
6.02738354650691,6.32456662992404,6.43872369950141,7.24818552739429,7.32206172345961,7.66502367311217,69,11.1864406779661
6.00999635943044,6.28895626979335,6.39292027961584,7.24100283977045,7.30979208923042,7.6074807649568,69,11.6949152542373
5.96560381114644,6.2728297974648,6.37742489901962,7.21286938398615,7.30293663562304,7.56641881382094,69,12.2033898305085
5.93540254686914,6.23239708509722,6.34540528979846,7.21540513891419,7.27636843635369,7.57496658174742,69,12.7118644067797
5.86521040844903,6.18254690066639,6.31465287078787,7.18859405775094,7.26006664235977,7.57350858057861,69,13.2203389830508
5.7974914053064,6.1449022728532,6.25386111769464,7.1804167133313,7.2609107726458,7.5321864170325,69,13.728813559322
5.76445168689369,6.12293185829891,6.25149679251453,7.15898006876926,7.23952246786228,7.54205086290583,69,14.2372881355932
5.67434221040185,6.05597234459603,6.21062649715092,7.14589082434861,7.23569808431868,7.49440112881317,69,14.7457627118644
5.60426285887655,6.0534702759423,6.16711092964662,7.12510202840057,7.231620500652,7.54732028185713,69,15.2542372881356
5.62875170836332,5.9986129658009,6.13316964992893,7.11014337917615,7.19720878918728,7.4364001792788,69,15.7627118644068
5.5639820204346,5.97805327988457,6.10170491936345,7.09995003347395,7.16757675030348,7.46819479331535,69,16.271186440678
5.51967071585248,5.95087857136554,6.04981814907369,7.09066592523432,7.15919193519228,7.41112640760185,69,16.7796610169492
5.46781822160847,5.8748829480908,6.02466735199708,7.07178339560278,7.14547579085045,7.47066151183977,69,17.2881355932203
5.4521766942942,5.85181839873458,5.99564764851173,7.04333913630112,7.13946153255258,7.43159460246019,69,17.7966101694915
5.35859337471039,5.82246730497401,5.94986019364273,7.03400502813392,7.11914438821408,7.4115701581338,69,18.3050847457627
5.30566102731234,5.76945273592013,5.92106323423908,7.01037261876237,7.12641346969684,7.36860956940292,69,18.8135593220339
5.24525003249673,5.74154968834088,5.88966399848145,7.00611762966924,7.09826048075823,7.3672494898106,69,19.3220338983051
5.19292271974642,5.70958670949607,5.84081820995452,6.98362480474636,7.08069093046569,7.31308230804962,69,19.8305084745763
5.17318859364311,5.65519595941238,5.78939861598677,6.96791314600759,7.0544433125946,7.34117654358466,69,20.3389830508475
5.10174789512386,5.599028977616,5.763305873005,6.96269475801701,7.04493180158248,7.29911890261429,69,20.8474576271186
5.0415225139754,5.58226189480561,5.72982129999646,6.93097003470451,7.03553654579014,7.28006357356397,69,21.3559322033898
4.986308121722,5.54524109777418,5.71553608508024,6.9270388770174,7.01011188794961,7.23286814546212,69,21.864406779661
4.92744679093577,5.50114101439235,5.65391215688309,6.90183704726701,6.99856734260842,7.25298223143899,69,22.3728813559322
4.83498685300067,5.44020658717084,5.64453246338817,6.89003973837021,6.97911287797081,7.24457257081719,69,22.8813559322034
4.90394612435901,5.36568826791351,5.60699033168912,6.87285815673125,6.97748320385278,7.25064163532683,69,23.3898305084746
4.75607225708441,5.36208943394328,5.58232861058242,6.85208463154898,6.95127351466717,7.20436051561812,69,23.8983050847458
4.64757954148709,5.31118524089483,5.51353233824506,6.83905025497526,6.93042014964391,7.1646021191756,69,24.4067796610169
4.69299113175174,5.28135972418721,5.50291581152208,6.81724920186879,6.939888626857,7.2510253071922,69,24.9152542372881
4.64350344279051,5.23742717103878,5.45665282437678,6.81697099035676,6.90576536566881,7.18729823209085,69,25.4237288135593
4.54996168438208,5.1756740404002,5.40440519286436,6.79802218187295,6.91026373017359,7.20603890350788,69,25.9322033898305
4.45719488760614,5.18806621367856,5.38390712180465,6.77838711394132,6.91079625753056,7.14384603731351,69,26.4406779661017
4.43346187910362,5.14376867427655,5.33697053888042,6.76975358702928,6.8904757640231,7.20922310136079,69,26.9491525423729
4.39180308108806,5.05987768442114,5.30977551594327,6.76572180613349,6.87809352680383,7.14510747330533,69,27.4576271186441
4.2761474434527,5.02343850760333,5.25983742202042,6.73538024675177,6.85623828288981,7.0990468287708,69,27.9661016949153
4.19523994305577,4.98023009348808,5.23921845559848,6.73504244149729,6.83106498744768,7.10785437706771,69,28.4745762711864
4.19400477416846,4.97702219530741,5.2022508380862,6.71313819559477,6.81916077761008,7.12935314570077,69,28.9830508474576
4.15914821836443,4.91692926547291,5.17139721248421,6.69531307771073,6.80743097935228,7.085477689929,69,29.4915254237288
4.02472157086201,4.87530372003138,5.11039253342297,6.69253122376049,6.79726882477136,7.12240493613762,69,30
1.51748005972072,1.80527876429946,2.56780771289816,5.37731923873124,5.46677275658307,5.98409341293201,70,0
5.24979743326298,5.8183264457502,5.88277629829246,6.49814651724946,6.56724399535867,6.72865497649607,70,0.508474576271186
5.87974234478326,6.31887174023376,6.38115100546892,6.92808279354577,6.98437884625087,7.22683804750265,70,1.01694915254237
6.2410152933357,6.58010951393076,6.63790345653996,7.17373209997613,7.21495866020825,7.43719711355589,70,1.52542372881356
6.58556991593944,6.74127383498402,6.81004497628151,7.32264108830098,7.38370743137144,7.53919496207567,70,2.03389830508475
6.61078576004004,6.83472521227778,6.89713828185609,7.41979401093095,7.4777142918716,7.73063171254524,70,2.54237288135593
6.61785226328589,6.9265821547532,6.96794218547209,7.50161602295763,7.53907088552733,7.77828693187811,70,3.05084745762712
6.62712356233544,6.96518810125286,7.01114752861404,7.56695136032088,7.60414800526736,7.80329502328931,70,3.5593220338983
6.71909458084641,7.0053399676105,7.04478166509384,7.5874019472862,7.62800635233721,7.87445763446366,70,4.06779661016949
6.69767559127982,7.02145499746774,7.05031216928728,7.62728566238528,7.66844892600774,7.90930546009154,70,4.57627118644068
6.63738816934919,7.01601244877498,7.05939609886651,7.63550238514347,7.67672170618207,7.92848328383382,70,5.08474576271186
6.60020954445412,6.9864427429085,7.05228313000485,7.64345052488741,7.70507183706794,7.90974750814147,70,5.59322033898305
6.58482265104464,6.985857868465,7.04590248565685,7.66615290718036,7.69892946800273,7.97310011926588,70,6.10169491525424
6.61471128940353,6.97086924611153,7.02733242368817,7.65581081119741,7.700500783785,8.00595958128619,70,6.61016949152542
6.51713929021735,6.93748677003579,6.99604941636722,7.65627703079625,7.69990749175377,7.97313345066997,70,7.11864406779661
6.49643085624289,6.94476994105376,6.98591239561125,7.65764869153442,7.70864363182282,7.98082521609148,70,7.6271186440678
6.45066958067315,6.90374712642528,6.9610988948915,7.65240170147323,7.69841221453062,7.93505956245151,70,8.13559322033898
6.47194208962499,6.86544536876441,6.93664558518499,7.6484332607766,7.72480745422583,7.93415641046707,70,8.64406779661017
6.30462270048989,6.85165793706318,6.9312244731111,7.63594062195631,7.68299049489027,7.9631539920043,70,9.15254237288136
6.38388457357022,6.80554400724641,6.89002872381696,7.6201164535257,7.67130258948424,7.98124145466044,70,9.66101694915254
6.33519665929874,6.77313180551491,6.86921836245697,7.61881669917834,7.67599409426687,7.91317834931982,70,10.1694915254237
6.25795379228148,6.73835377972032,6.83646368428941,7.60309503189441,7.66698677101687,7.93717081050572,70,10.6779661016949
6.19543268129267,6.68924547351873,6.82105741015922,7.58398694554866,7.64893385663484,7.92677994184387,70,11.1864406779661
6.19179250224158,6.67359370239846,6.79010825114125,7.57689280392543,7.64217727754941,7.98264399462239,70,11.6949152542373
6.20228323243613,6.64153909784443,6.74620654310054,7.55355692766575,7.64788446797719,7.94798342591929,70,12.2033898305085
6.08573188126795,6.60508877001808,6.7078654465722,7.54223550774149,7.61238472488376,7.90753647943532,70,12.7118644067797
6.03538935726525,6.54579822700552,6.6802372684177,7.52844685828621,7.60771718537351,7.86316840755337,70,13.2203389830508
5.99234312518663,6.53128777194404,6.6541628991472,7.51134388731363,7.61010439836812,7.89727433106131,70,13.728813559322
5.89817079251527,6.47198610796365,6.6013720800467,7.49986116776344,7.58707421527299,7.96121904725529,70,14.2372881355932
5.90821243136753,6.45211235292423,6.58302872179998,7.48170120990576,7.58407493896915,7.87712523687799,70,14.7457627118644
5.84040027943672,6.39960446665162,6.53385024257458,7.47962315249288,7.53709311323274,7.90895922083983,70,15.2542372881356
5.74352947213724,6.36182170958071,6.50622632497608,7.44217516906948,7.53615530592258,7.88711600814057,70,15.7627118644068
5.72626071188511,6.32725382969893,6.4733137812063,7.43883689457112,7.52289364119835,7.82799201931725,70,16.271186440678
5.68218396197198,6.2919668479498,6.44386229119217,7.42581597428311,7.50494426945693,7.91367248453796,70,16.7796610169492
5.6181142664936,6.25806859455186,6.38133412259379,7.41670584317469,7.47797878364644,7.85553517131491,70,17.2881355932203
5.56280788987318,6.2064324742645,6.38062563273011,7.39618655569129,7.49103526837996,7.81218376650804,70,17.7966101694915
5.54194681680001,6.16943753104282,6.32383745592733,7.36132325578706,7.45467632415011,7.8241559846976,70,18.3050847457627
5.39481352042808,6.12736916149298,6.28641228244018,7.36352682042739,7.44093363781424,7.80232203273702,70,18.8135593220339
5.37951745963397,6.05509424302779,6.25390244384966,7.36784773040987,7.42143655234739,7.80958260936053,70,19.3220338983051
5.28040452691069,6.05591921565032,6.2291225836586,7.33906163206772,7.41491645213923,7.79573479213284,70,19.8305084745763
5.19285042048804,5.98207761695672,6.19092624201545,7.32037714766767,7.38252153732525,7.78219421778159,70,20.3389830508475
5.12053246338226,5.95423119967686,6.16643438221005,7.2954416614842,7.37907892777401,7.78826010167809,70,20.8474576271186
5.12047681435378,5.89193659950505,6.12891174502675,7.28966648836447,7.38298224426107,7.768840460035,70,21.3559322033898
5.13378367972222,5.88689236280111,6.05474444950207,7.27719291321392,7.35634551132053,7.78740493387954,70,21.864406779661
5.03592344966438,5.82556830245445,6.06586187295428,7.26597114939426,7.34982690224769,7.77709828099064,70,22.3728813559322
4.98222054620956,5.78912507095929,6.02442946647941,7.23989255512522,7.32266912049997,7.76887789923632,70,22.8813559322034
4.91931291793895,5.73674174260423,5.98216069835228,7.22475219738504,7.33531137492439,7.69385409620924,70,23.3898305084746
4.8345820720394,5.70461067787472,5.94134966876032,7.214425364653,7.30673698036437,7.68478306567523,70,23.8983050847458
4.72650857178939,5.63985213629917,5.89037611322052,7.19533684531415,7.27573224653525,7.74162033517107,70,24.4067796610169
4.65862948990768,5.63466246382293,5.86914450558759,7.18585557350091,7.28359554022805,7.66151899694879,70,24.9152542372881
4.57671941650017,5.60670709419191,5.85494541102712,7.16722449596887,7.26210457252101,7.69192987838584,70,25.4237288135593
4.48260635766401,5.54328657748984,5.80826122087949,7.18352448751018,7.25683259141224,7.64148737991819,70,25.9322033898305
4.45908602133482,5.48995670902574,5.78469787069816,7.14230417686923,7.24021288594878,7.73303171737096,70,26.4406779661017
4.32959521778187,5.43210791787012,5.73471924561446,7.13711769575194,7.20062023864339,7.6987194784313,70,26.9491525423729
4.21108797624152,5.43521050119021,5.69991730510475,7.11830186159264,7.20227336789222,7.63967946405888,70,27.4576271186441
4.10712221507315,5.38078079223085,5.64441979134697,7.09710893584992,7.18852016089919,7.64918156763683,70,27.9661016949153
4.06652295175203,5.31623465965605,5.58903671087034,7.10058589453758,7.17884477540894,7.6287622348436,70,28.4745762711864
3.90347831604983,5.2986026339575,5.53649937819412,7.0653608878667,7.14819346850556,7.67208645120356,70,28.9830508474576
3.82248265189796,5.21507550762687,5.51153009155464,7.04906816589079,7.14858281969082,7.66931581898395,70,29.4915254237288
3.68090593562204,5.16541157532417,5.48351120984903,7.03385039542354,7.13438022899929,7.67945614016019,70,30
1.23198597936274,1.3989945674234,1.46345878964954,1.98773336996088,2.02520989011247,2.61042347032184,71,0
1.26154900539996,1.45620626154161,1.5325498447119,5.20539479026107,5.37556548618274,5.73614377424051,71,0.508474576271186
1.43994326556378,3.18318091981793,4.18593923693145,6.25154244170237,6.32061585552418,6.63825414843323,71,1.01694915254237
2.39232012773095,5.80488456507872,5.93210430021016,6.68270988279995,6.7304768872979,7.06939663844138,71,1.52542372881356
2.40198166927063,6.28058179907367,6.33897340816687,6.90856406549837,6.9747440423758,7.34405572718526,71,2.03389830508475
5.80082167032617,6.46209450090949,6.52851662756347,7.07149412420048,7.11876167374389,7.47991415574941,71,2.54237288135593
6.02253059776499,6.57900634686412,6.64936150706504,7.17774695275892,7.22156922746175,7.64124227261614,71,3.05084745762712
6.01436000437607,6.6431225580139,6.71071406256686,7.25239305253659,7.30604809442254,7.64914345808331,71,3.5593220338983
5.79201109022673,6.67230923538219,6.74631284567936,7.30002754226126,7.3530382191568,7.67579709732804,71,4.06779661016949
5.93693462559369,6.6921927214567,6.753119357601,7.33640804797843,7.39073584644991,7.69515457424759,71,4.57627118644068
5.86033527220912,6.68312716234012,6.75108023787955,7.3628702838205,7.40470841436828,7.72812518005083,71,5.08474576271186
5.86581080359418,6.69857645488144,6.76113733509547,7.37532149350801,7.44444165748927,7.74406346248191,71,5.59322033898305
5.72426739668779,6.65547071320422,6.74169238886581,7.39345546642427,7.44974852926954,7.73550932852134,71,6.10169491525424
5.90634445614244,6.64570500944004,6.71300934857372,7.39303075742232,7.4482425949529,7.75462547414317,71,6.61016949152542
5.91792344035288,6.63405773650474,6.70355040877577,7.39018738061623,7.47780080623441,7.80196074992158,71,7.11864406779661
5.87536020440206,6.60830720082958,6.68160760664662,7.38944244277431,7.4670994954282,7.82425858622858,71,7.6271186440678
5.85195752112664,6.56402673246467,6.64498444764236,7.39103264125598,7.47941207459616,7.77670842491381,71,8.13559322033898
5.7243341488299,6.534669600895,6.62555778506967,7.3718154543971,7.45095048320178,7.79847910917354,71,8.64406779661017
5.64836849060345,6.52224673752359,6.60055358503189,7.36596079490922,7.45633197717023,7.80771450295845,71,9.15254237288136
6.01824960464701,6.48671817675193,6.5701372292118,7.36636035651771,7.45255284502453,7.77583300216564,71,9.66101694915254
5.81417942989276,6.45326097116112,6.53414918016854,7.3463371261057,7.43421899267554,7.81659791203999,71,10.1694915254237
5.76566984939077,6.42817131696385,6.50085661678204,7.32606469939377,7.41412711086217,7.85660651612337,71,10.6779661016949
5.64881174672109,6.38642285703998,6.48764547615041,7.31282101710872,7.43278402933278,7.76636443788288,71,11.1864406779661
5.74477641229919,6.36408717793657,6.45007825029382,7.30812896138576,7.3961323924768,7.82948645101527,71,11.6949152542373
5.53963905952552,6.31337596545777,6.41355258843388,7.29202378498086,7.39690009102934,7.74744612478169,71,12.2033898305085
5.58295681761107,6.29381951314781,6.37908303431316,7.27796914997639,7.38252449580655,7.77193649117047,71,12.7118644067797
5.44078108766566,6.25385731337174,6.3524113355265,7.24783044694101,7.35438498946822,7.75248161884539,71,13.2203389830508
5.32268812335116,6.2360922226225,6.32987392002659,7.23882083886921,7.32972906018742,7.94926015619999,71,13.728813559322
5.13450245310515,6.19362127177478,6.29678650666985,7.22794154484132,7.32234526168645,7.74230838715828,71,14.2372881355932
5.06737445453806,6.12902167878844,6.24656262164189,7.21495881034312,7.31356283803052,7.82736188143082,71,14.7457627118644
4.9930149970404,6.11600745198417,6.2331132048286,7.22125822916247,7.2913794419332,7.75752474122779,71,15.2542372881356
4.86958819043286,6.07152563237168,6.19398382910236,7.19378961504296,7.27633074834198,7.75890471929702,71,15.7627118644068
4.75268334134442,6.01761527893598,6.16976618650156,7.17962148398203,7.25510559388694,7.76636045719093,71,16.271186440678
4.68258073175327,5.99006469466505,6.12883578701735,7.14471059938196,7.26609051489963,7.776204313395,71,16.7796610169492
4.57170914453223,5.96055508985606,6.0997620153824,7.14574325603739,7.23570094756203,7.76261436612091,71,17.2881355932203
4.35385021135724,5.8993834470577,6.05457103634748,7.13202838690695,7.22031731324154,7.79778174323989,71,17.7966101694915
4.39888300516921,5.86118524402254,6.00315382466222,7.1056967018379,7.2068073568587,7.73092652262898,71,18.3050847457627
4.39349658635238,5.79369962242254,5.98590301155732,7.08056006801492,7.18217138183003,7.71677121158731,71,18.8135593220339
4.16183470829977,5.78167357995496,5.94349220706475,7.07218731512865,7.18282152595954,7.70094790207052,71,19.3220338983051
4.14891936608373,5.74321620843296,5.88704679253409,7.03571348967152,7.14947547811358,7.64764435917101,71,19.8305084745763
3.98061809864382,5.69485658637895,5.85433497917862,7.05491306206271,7.14604779402351,7.6992064369406,71,20.3389830508475
3.94384365396078,5.66634590660493,5.82029009606022,7.01771216497476,7.15407339697901,7.6003831742835,71,20.8474576271186
3.84204534037751,5.61500515079528,5.7832282250153,7.00703601366016,7.09873840796955,7.66711422112871,71,21.3559322033898
3.59711211499262,5.56025260580552,5.77480599052485,6.9891197168762,7.08329986769218,7.65145531701111,71,21.864406779661
3.45400260513944,5.54916566721262,5.70991695797517,6.9709302349472,7.0775721156757,7.54928948679125,71,22.3728813559322
3.32159008741204,5.49689216641817,5.67637559863567,6.9555211579762,7.07081968839891,7.73477713471856,71,22.8813559322034
3.30330530013841,5.46867785108857,5.63557337182922,6.94397394993663,7.06663305941901,7.54612410501878,71,23.3898305084746
3.27413214139116,5.41245589414738,5.59567948895241,6.93999685540954,7.05565373227088,7.60008440413138,71,23.8983050847458
3.14184989635726,5.36868726945252,5.58164374180811,6.92107903280241,7.01660300954364,7.50959853348475,71,24.4067796610169
3.03944939801177,5.31075569270186,5.54388783737593,6.90528553477705,6.99971390202776,7.56658958460829,71,24.9152542372881
2.79212299611431,5.27369657545869,5.46989076283429,6.88926404696586,6.99965807257855,7.62753995680043,71,25.4237288135593
2.80392644617707,5.24042188016431,5.43775666040484,6.87972437873999,6.99061156711447,7.46726957515245,71,25.9322033898305
2.69747364951193,5.22517386057692,5.41966181857933,6.85220196260021,6.96429796558568,7.44952507914984,71,26.4406779661017
2.67225557862572,5.1807529394597,5.37913710001281,6.84030773178941,6.9434040582221,7.39570371641107,71,26.9491525423729
2.54395609970565,5.12245651382785,5.32884116066924,6.81778051349263,6.93293161071709,7.56229635914308,71,27.4576271186441
2.62966216952349,5.11312773583126,5.33111553235565,6.82285392155439,6.9258544427551,7.47239694582004,71,27.9661016949153
2.32456882623144,5.02648599496423,5.23431054954989,6.79905892342049,6.88342013294342,7.46136077022468,71,28.4745762711864
2.36634923351688,5.01021539807893,5.2309919763635,6.78538968068309,6.89275147392503,7.40678939071893,71,28.9830508474576
2.24816859882555,4.95991773610835,5.19436865694266,6.76165486949173,6.89250543785676,7.42836715141142,71,29.4915254237288
2.02034209141288,4.90447170934174,5.15840769536609,6.74575532381653,6.86323670273433,7.36145867828234,71,30
1.22472407303929,1.42623234147511,1.47496926331459,2.10462873656911,3.08096184543535,4.7233528651821,72,0
1.46765598562803,3.35343085070317,4.26719862591699,5.88391661544368,5.97521916139064,6.25756381268613,72,0.508474576271186
5.35007588028784,5.78435648278498,5.86508267065692,6.54033523669803,6.59823013881819,6.9751686674075,72,1.01694915254237
5.78198947565375,6.2067831134804,6.2875655279378,6.86327911507299,6.91825693761451,7.25043060056383,72,1.52542372881356
5.89987716218222,6.4402385500263,6.5028147278571,7.05160599820913,7.12162707967866,7.5366376478265,72,2.03389830508475
5.88855880615966,6.57307680902047,6.6376356171804,7.19621421251794,7.26334783853043,7.49970642428003,72,2.54237288135593
5.94589293072958,6.67611551933491,6.72705097863774,7.2888529680158,7.32990970303772,7.67449533833029,72,3.05084745762712
5.91981269907283,6.73358782083819,6.77300360967677,7.34130383705597,7.39092916007015,7.63084163693149,72,3.5593220338983
5.97123174548929,6.74438440601519,6.81395703819917,7.39489791152414,7.44319933924371,7.67202786712429,72,4.06779661016949
6.1065061052987,6.77835980845315,6.8189052695871,7.41918204125144,7.47568261333589,7.76499273755082,72,4.57627118644068
5.89965794355435,6.76330670110075,6.81555346805367,7.45400285037299,7.50443524131936,7.73689960199236,72,5.08474576271186
5.79945826056763,6.74784875379925,6.82071718254086,7.44948428802742,7.52367168938505,7.78495941049172,72,5.59322033898305
5.87782036581414,6.73801564729574,6.81982840923436,7.46086977586512,7.5299928660649,7.77473845319347,72,6.10169491525424
5.65089942637024,6.72408967009708,6.79132251361738,7.47010573974147,7.5106267276675,7.78969623271824,72,6.61016949152542
5.58919619030286,6.70610611570654,6.76909751995234,7.47016041350909,7.52039906744747,7.8470356320359,72,7.11864406779661
5.40505896749098,6.66714215510507,6.75206198099707,7.45829047488205,7.51962771923708,7.73125355929867,72,7.6271186440678
5.64405232488212,6.65100563852535,6.73021709643899,7.45243153833304,7.50632442156265,7.81448871400694,72,8.13559322033898
5.51676049617602,6.60116695955344,6.71164084483268,7.44323022971177,7.49993585816473,7.73054796560087,72,8.64406779661017
5.37967148722164,6.58967285335894,6.66247724280472,7.42893990580322,7.50630666245338,7.83894354056618,72,9.15254237288136
5.31613885553472,6.54386815518373,6.64380234581762,7.42899592675949,7.48896729680275,7.81411033219128,72,9.66101694915254
5.07860673325772,6.51600639023905,6.6196294540966,7.39330616183074,7.45913251592903,7.80809704871735,72,10.1694915254237
5.04790653121413,6.47841097499807,6.58808696508504,7.39174888154553,7.46396335802342,7.78403975265487,72,10.6779661016949
5.13520946200731,6.46419779210366,6.56249860160119,7.38209169728713,7.45293461652368,7.83824597504559,72,11.1864406779661
4.8334860487484,6.42066734020086,6.51625033281576,7.37191754923919,7.42592260579951,7.72619112132917,72,11.6949152542373
4.84334114010506,6.36391504631128,6.49439127247814,7.34915860167331,7.40410727730803,7.77452901240968,72,12.2033898305085
4.93614173786465,6.32428718849403,6.4446316287557,7.33510598425567,7.40525081924687,7.76375888210567,72,12.7118644067797
5.16067243260924,6.29648987063052,6.40885949469664,7.32077754036098,7.40649226346681,7.69123297415808,72,13.2203389830508
5.19231862286779,6.26226930240218,6.35801051560148,7.31684135734877,7.38045420986135,7.66742290356574,72,13.728813559322
4.9975723831442,6.24295671775011,6.32303436357978,7.2905741864775,7.34812309775137,7.65022978912477,72,14.2372881355932
4.89756406654374,6.17229022275796,6.29648082569437,7.27393216005886,7.33865460789054,7.6188594077321,72,14.7457627118644
4.95644585774111,6.15294961773209,6.27472424025841,7.25650433466961,7.31157809395124,7.5722757328068,72,15.2542372881356
4.91100069187748,6.1053400955989,6.23688601432085,7.25415530113062,7.315070587695,7.54025160702591,72,15.7627118644068
4.79802026168615,6.04029614976778,6.18688579046202,7.22934163266408,7.289244963839,7.54348783178408,72,16.271186440678
4.52521056671582,6.02916673147132,6.1426924151241,7.21035942357512,7.27271088986474,7.53643828614376,72,16.7796610169492
4.65831463398551,5.9371775543055,6.11103977862607,7.18992515338594,7.25234436317857,7.5323837363833,72,17.2881355932203
4.76361648500035,5.92579323982704,6.07018911922668,7.16166919646458,7.23637051817921,7.50559928015117,72,17.7966101694915
4.61395170950653,5.85029854037539,6.02035681924578,7.15190331501526,7.21518423485445,7.43963556936223,72,18.3050847457627
4.21210260883967,5.78891565606753,5.97661057512918,7.14276502916378,7.20548604383433,7.49774461844304,72,18.8135593220339
4.3402932788203,5.76758040582413,5.94547385897135,7.12461741652065,7.19135128494037,7.51530162299867,72,19.3220338983051
4.12268994817999,5.75482405793624,5.88324448714137,7.10976454167793,7.19072366861352,7.49760464828309,72,19.8305084745763
3.9760857973001,5.65912374420789,5.8604787019694,7.10406909825159,7.15339568255951,7.40066307742328,72,20.3389830508475
4.0916535069939,5.68537650774085,5.81181887479948,7.07386927944585,7.14873673600883,7.40118153154938,72,20.8474576271186
3.82239652280483,5.5957371825087,5.79993730804436,7.06907829392494,7.12595008800049,7.35644828823801,72,21.3559322033898
3.75290806994054,5.54359115973915,5.75952648637127,7.05363856226134,7.11470146801038,7.36025307626891,72,21.864406779661
3.89917111473817,5.54645000202661,5.68356504782895,7.03451536346411,7.10916547370845,7.30980201145514,72,22.3728813559322
3.71122896871526,5.4828302378911,5.65538321663202,7.00347791534533,7.07192240661471,7.40368036043199,72,22.8813559322034
3.72077096318227,5.38211635464528,5.61268559258627,7.00450635677471,7.06152466177895,7.29933607282318,72,23.3898305084746
3.53523264141663,5.34949263599621,5.56563200624416,6.97874397947903,7.05140602957107,7.33718516780136,72,23.8983050847458
3.40811476166434,5.2795796304437,5.52852691375976,6.96629780405386,7.03414295917874,7.30450685222834,72,24.4067796610169
3.63252528702726,5.28172965002291,5.48628338804774,6.94725951967922,7.02397495039197,7.34065301231087,72,24.9152542372881
3.83111339303403,5.24833100397633,5.45008415350552,6.92760949957474,7.01148320611935,7.3809104161321,72,25.4237288135593
3.73668163212291,5.19519858986396,5.39462539198111,6.91618772582303,6.99412726123884,7.27984925720982,72,25.9322033898305
3.62316513793687,5.14238766735713,5.38134129184906,6.89283973902879,6.98515088760947,7.23938727681942,72,26.4406779661017
3.854188847029,5.10583663728602,5.33364048314943,6.86990902216473,6.98679183099822,7.25713457459032,72,26.9491525423729
3.74222367818246,5.051143518903,5.26575169350922,6.88152476623239,6.96062001516971,7.33043729424048,72,27.4576271186441
3.63493211819478,4.93427470463738,5.25420732643393,6.84483575340819,6.96042488579568,7.21000260219768,72,27.9661016949153
3.67710785501406,4.88879673566671,5.20712327074712,6.84480304984795,6.94551032574259,7.15368183117835,72,28.4745762711864
3.59694369928975,4.79628067097627,5.16285009768563,6.80299144810908,6.91609721252012,7.19309614013529,72,28.9830508474576
3.12571716778789,4.78095246145409,5.1363315200343,6.81341044458146,6.88609612350299,7.17674316361017,72,29.4915254237288
3.38969230448172,4.73541394383814,5.09616323607941,6.78922543543933,6.89152391126433,7.1589566813873,72,30
1.22514396557111,1.44703406772738,1.49715281319465,4.10967947304467,4.35399539256509,4.94659613917874,73,0
1.69369265314905,4.25983052634917,4.63389592817117,6.0427961279945,6.10511195975869,6.19923874369029,73,0.508474576271186
5.37469873763494,5.8356647925106,5.89184101264664,6.57100796803138,6.60668732340736,6.75075386969274,73,1.01694915254237
5.95887176601333,6.21256603380937,6.25973615252182,6.84336595239842,6.88992198514221,7.12141605477349,73,1.52542372881356
6.18169177420707,6.39828894096789,6.43028377907716,7.00841163767135,7.0448290492556,7.32603481045396,73,2.03389830508475
6.3295683814141,6.48377077765199,6.55317085485396,7.09542564845218,7.13847600050798,7.35024413094934,73,2.54237288135593
6.2873790033086,6.52615696068993,6.6029902289088,7.16661233659319,7.22171203619695,7.49859685734327,73,3.05084745762712
6.28448279281389,6.57570221969025,6.62469076671825,7.22721860330896,7.26797967537039,7.50817664028571,73,3.5593220338983
6.21380625371789,6.58048204969367,6.64379539920671,7.2518159536726,7.29644150969657,7.52917705988744,73,4.06779661016949
6.06719220233224,6.57897284761965,6.64246731147387,7.2821167032684,7.32970832147417,7.54712677862569,73,4.57627118644068
6.17780654258747,6.55868540261336,6.63357697641873,7.28705891241785,7.32902472366662,7.67612743828586,73,5.08474576271186
6.13923721952336,6.5515990166984,6.62369715258813,7.29033512660962,7.35011999895617,7.63788607066417,73,5.59322033898305
6.136833824703,6.53235269604783,6.60067892185805,7.29381811149883,7.35233613626725,7.68079971915583,73,6.10169491525424
6.02730489029337,6.50748336923865,6.60149895438023,7.2970560439012,7.34913085703157,7.63044979058793,73,6.61016949152542
5.93946289263034,6.48368034893438,6.58504814711899,7.27657690503207,7.3368520877135,7.69416817051329,73,7.11864406779661
5.93901353829599,6.46615400463087,6.5386186922464,7.27393514912109,7.33954525745313,7.67886115153591,73,7.6271186440678
5.86982848013715,6.4366318501886,6.51703301490922,7.2584677023957,7.31353878707949,7.69471033179348,73,8.13559322033898
5.88247787448612,6.40702198329671,6.49140457205037,7.25362787969686,7.32990939825398,7.73582456285208,73,8.64406779661017
5.84223263834212,6.39242494439819,6.45606158297432,7.24937268495758,7.30685993385268,7.75019803874129,73,9.15254237288136
5.74291783112535,6.35730612062025,6.42995594033583,7.22668367042116,7.28374791057983,7.68276567186945,73,9.66101694915254
5.7004504312962,6.3156864919804,6.40039434979273,7.21666814823387,7.29254539343005,7.70473771138571,73,10.1694915254237
5.69746585661114,6.28119553622592,6.38924011500975,7.18755306102282,7.27021844831546,7.69306395300508,73,10.6779661016949
5.62581099626763,6.24119130673821,6.35098723931791,7.19341564487261,7.25800533727986,7.62840580787313,73,11.1864406779661
5.56097023066373,6.23421784356076,6.32759877698441,7.16973121363674,7.23258110205794,7.61671117387028,73,11.6949152542373
5.52898626176895,6.20925076119315,6.31338463450017,7.15936661172615,7.22739354481216,7.59466907128251,73,12.2033898305085
5.50546392135057,6.14647917198014,6.2797533736447,7.13812867326259,7.22434963347421,7.60134157619762,73,12.7118644067797
5.41862036018009,6.10886610738492,6.23861702741322,7.12518738686543,7.21105647781587,7.57595997880387,73,13.2203389830508
5.3930574388793,6.06777246839243,6.22318082983366,7.10823866317906,7.17884152456511,7.58671380110619,73,13.728813559322
5.39157678847877,6.03300037181746,6.18273360261915,7.07920832048092,7.1732029895494,7.53365835327474,73,14.2372881355932
5.26627319533466,6.00632804934223,6.13173773469101,7.07085681862939,7.15265705393259,7.48582772914779,73,14.7457627118644
5.26162949849273,5.96943481835163,6.10074368800457,7.06119712427611,7.15560351698765,7.43857098312571,73,15.2542372881356
5.14274314304168,5.95222384163698,6.07435404343658,7.03522871891805,7.12081335405305,7.48021561779132,73,15.7627118644068
5.08938702312251,5.91938285388878,6.0461298990995,7.03843541456564,7.11411610071021,7.37252722296786,73,16.271186440678
5.06722997319036,5.85842567838877,6.01545358229514,7.01537309260174,7.09413090509345,7.44624771440926,73,16.7796610169492
5.03944270441803,5.82404559954497,6.00404313219218,7.00554763440668,7.0983687962401,7.33896849294969,73,17.2881355932203
5.02425559574284,5.80326749496391,5.97098544384856,6.98326394277434,7.07527491269282,7.34644857657987,73,17.7966101694915
4.85048440278376,5.74721776982047,5.92238535792437,6.98623597241994,7.06410206299329,7.34734402258567,73,18.3050847457627
4.93808377892992,5.72826462054832,5.88716193911223,6.95087004563599,7.05380489679471,7.30646340359366,73,18.8135593220339
4.79016561325252,5.69110921749721,5.85142210460361,6.95616163211978,7.03960540547962,7.33721061393586,73,19.3220338983051
4.79898239156391,5.6554542659285,5.80549309892212,6.9491919225079,7.0212075351498,7.274881731696,73,19.8305084745763
4.75529982753882,5.59928868694271,5.79706566068456,6.91339904545764,7.01114124924243,7.20787815452437,73,20.3389830508475
4.67522134366738,5.54028527930434,5.75795129193602,6.89803442704113,6.99629294702938,7.26293778509014,73,20.8474576271186
4.60010937761843,5.49733536906461,5.73495682391437,6.88517569651397,6.98840170151372,7.27633680378903,73,21.3559322033898
4.46473709782283,5.43658304499492,5.69050062757894,6.86867583045004,6.98242309224099,7.22899678141797,73,21.864406779661
4.53051026597712,5.43781276050509,5.64736803208363,6.85270807422992,6.97598788106016,7.21057660055442,73,22.3728813559322
4.36029695538421,5.37405695496467,5.63767899960792,6.84229038042638,6.9434157288812,7.13168730328366,73,22.8813559322034
4.32206568043598,5.2898731299779,5.60829519861286,6.83522467156428,6.92596676800163,7.17038144985754,73,23.3898305084746
4.2187180208405,5.3123217914298,5.58797862305013,6.82390755818523,6.92521111749595,7.18627424892326,73,23.8983050847458
4.16213272295081,5.19783342850067,5.54379196266814,6.8008394835858,6.93125930848498,7.13399301525881,73,24.4067796610169
4.13122286517907,5.15892530357613,5.50484009479997,6.80579286393103,6.89660108572605,7.11756753973894,73,24.9152542372881
4.13831507152039,5.14981949470931,5.45940187408351,6.79928075458882,6.88739718922272,7.205752018774,73,25.4237288135593
4.12562309909891,5.14774391853394,5.41848952829349,6.77012849870198,6.8964292326324,7.10936553204874,73,25.9322033898305
4.0931823435548,5.08791483517106,5.38352779884513,6.77119078926766,6.87129800833592,7.13873858544023,73,26.4406779661017
4.00719590893782,5.08591163352059,5.35043180097062,6.7455811891315,6.84793349330219,7.04493505820605,73,26.9491525423729
3.99088424458181,5.04578813668284,5.32514621871998,6.73957727461594,6.84176057893907,7.07580964466775,73,27.4576271186441
3.93019940815437,4.99914059922054,5.31559152317349,6.71188182030529,6.82229363836854,7.0561180199726,73,27.9661016949153
3.84585394542063,5.01127045250279,5.26290574172043,6.72117673204304,6.81282340732814,7.02852678126402,73,28.4745762711864
3.71046974813973,4.98751596263906,5.21613019350872,6.68939221024959,6.81580214085245,7.09262859065175,73,28.9830508474576
3.57306040257508,4.93585995269178,5.17544053010278,6.67902987459834,6.78860421779731,7.04158269416135,73,29.4915254237288
3.55053273009586,4.92364184141105,5.13784009620776,6.66884632028169,6.78332069847698,7.04887081844255,73,30
1.21174767499446,1.42945675033937,1.46240365457177,1.99012340215324,2.07065452003902,3.93564450800393,74,0
1.55722379676247,1.81899309332489,2.31190819800982,5.52781092112646,5.61331352233815,6.41081888031971,74,0.508474576271186
4.70997453391259,5.35162275276453,5.44092066450555,6.18864963299556,6.265283404161,6.73784343042907,74,1.01694915254237
5.56993152384838,5.85200761428388,5.89353118385643,6.52007240429935,6.5661725804914,7.0460717967337,74,1.52542372881356
5.86285196841355,6.05185437005589,6.11073837794664,6.70696930290622,6.74360708701331,7.2231410644347,74,2.03389830508475
5.99856065303735,6.20015007331767,6.2510319695602,6.8081796991278,6.86864662180403,7.07377499684206,74,2.54237288135593
5.95441799068036,6.26805221621074,6.33741517232331,6.89832389622325,6.95478756236109,7.13746986603275,74,3.05084745762712
6.06205863969473,6.33962069751264,6.36866349571591,6.94939178326319,7.02500125575212,7.20681295226696,74,3.5593220338983
6.04753271202076,6.34299256602011,6.38882564056278,6.97736756235095,7.02905672304836,7.3359300638676,74,4.06779661016949
5.99249012168434,6.35889959856776,6.40489109860504,6.9930921590542,7.06501432503451,7.36788706063927,74,4.57627118644068
5.97485865181608,6.35385796193971,6.40143051328624,7.01178118494538,7.06844419496439,7.37966027089858,74,5.08474576271186
5.93180720048073,6.32598753189538,6.38608385493178,7.00954315277526,7.07555726466881,7.41491020918817,74,5.59322033898305
5.99820957711277,6.29569212889096,6.37385810159066,7.0247016120274,7.09183358637342,7.39464377696986,74,6.10169491525424
5.93939148746407,6.29546870312137,6.36874485061155,7.02776995404787,7.09120938981777,7.38021965075904,74,6.61016949152542
5.90468743283745,6.27402569882368,6.3385350256805,7.01501429774431,7.0959322739835,7.45093269746651,74,7.11864406779661
5.96853478461354,6.25010880714139,6.31603393464249,7.0176713324101,7.07853860049634,7.40532478246609,74,7.6271186440678
5.89145951757747,6.22361768931958,6.29554686037831,7.00715753359771,7.08730777432538,7.4865035216338,74,8.13559322033898
5.77684817857565,6.20465031494936,6.26845121044182,6.98886113393544,7.04308976533422,7.45680023402542,74,8.64406779661017
5.82277774276697,6.1661263462116,6.25256548894368,6.97330504433779,7.06575058038035,7.46708735483937,74,9.15254237288136
5.73919096183484,6.12679671425749,6.21566893410072,6.97007669181049,7.03183177586048,7.3834430171629,74,9.66101694915254
5.66871384738096,6.08251047201041,6.18410205032278,6.95232053005006,7.0161277496537,7.42366738736795,74,10.1694915254237
5.6252927592432,6.04133657250485,6.15907764074339,6.93196882617106,7.01758623019873,7.42468964542582,74,10.6779661016949
5.57324706650286,6.01759238327628,6.11138637035352,6.92614965313649,6.99069435304633,7.39728168468878,74,11.1864406779661
5.53932850774882,5.95150190071586,6.0899239190497,6.90524519813553,6.96785946875905,7.39267079120843,74,11.6949152542373
5.49240170943294,5.96346263985285,6.06630565582985,6.88705673730974,6.97324455769021,7.35477144618881,74,12.2033898305085
5.38317144209856,5.89401833251745,6.01959857327513,6.87498741738344,6.96385526899303,7.3588512045774,74,12.7118644067797
5.29633628827258,5.84610769017923,5.989144980465,6.86061527337919,6.94040023608096,7.32653770636212,74,13.2203389830508
5.2798304645372,5.81480433809254,5.94808905175716,6.8390344782826,6.93591235809969,7.30314862632522,74,13.728813559322
5.02871580872032,5.77304743301968,5.91369835376304,6.82245473741929,6.90037500627386,7.28729571339027,74,14.2372881355932
4.95724643947874,5.75799958875023,5.87278184860019,6.81529907519515,6.88786163112584,7.28756798107053,74,14.7457627118644
4.9656060980891,5.70498883416109,5.86317182049975,6.78911871233673,6.87154269607636,7.30551870269519,74,15.2542372881356
4.80277669429956,5.66385811857474,5.82059008008174,6.78404126145141,6.8618430126066,7.28498802883825,74,15.7627118644068
4.73467190285313,5.62531574277405,5.78404297835781,6.75976072466248,6.84306125444562,7.24769765795119,74,16.271186440678
4.80888405328123,5.5748636933702,5.74911536293085,6.75189238963385,6.84071463641887,7.27746240611372,74,16.7796610169492
4.70235217302889,5.50750740930817,5.71560431058648,6.73269087464782,6.82672808476709,7.26931329160841,74,17.2881355932203
4.58596625457095,5.50116818702158,5.67165362491546,6.70500496124011,6.80219186790208,7.24602785884517,74,17.7966101694915
4.43355615483949,5.44279695086145,5.65932777197342,6.69444478259915,6.79652715848709,7.26454492033218,74,18.3050847457627
4.31993680862985,5.36987683354869,5.60881474879121,6.68342065150811,6.7792304175767,7.24919974906367,74,18.8135593220339
4.32275755803986,5.37126752055106,5.56260861377973,6.66698282502007,6.77601068134442,7.23382027004367,74,19.3220338983051
4.11240326633014,5.34592773108691,5.54208435938217,6.64721925673822,6.74853618399758,7.21577339532991,74,19.8305084745763
4.0215539060549,5.29698434297282,5.49450998271024,6.62627958474853,6.73373412460527,7.25991876459509,74,20.3389830508475
4.11154006992436,5.22839551547914,5.45645569496107,6.61304732626967,6.70860735463705,7.2878275017541,74,20.8474576271186
4.06733058409812,5.23060900339125,5.41979835229227,6.59750214069739,6.71781802157144,7.28334797201921,74,21.3559322033898
3.86260188094752,5.15250486509408,5.38165612742817,6.58777523845639,6.69404301654117,7.23915073929943,74,21.864406779661
3.8033594831537,5.12456278125376,5.34686804566552,6.57107397121559,6.68885026037551,7.17007372388537,74,22.3728813559322
3.85604711878816,5.09031121727823,5.32066430512235,6.55480442748269,6.66798000156165,7.14337619331621,74,22.8813559322034
3.7922427204957,5.04353351634755,5.26788142985969,6.54935937596882,6.62073177604565,7.23261716632794,74,23.3898305084746
3.70887799006815,5.0091995618174,5.24797482394488,6.5386102496697,6.64448028698631,7.18227909693253,74,23.8983050847458
3.79243209402598,4.94826840242853,5.19067361052875,6.5190487358596,6.63340889192959,7.21698234486688,74,24.4067796610169
3.62492155405683,4.90984364432732,5.16935110094341,6.50378306965685,6.60889655431034,7.2139214301644,74,24.9152542372881
3.63039890749397,4.86847755914978,5.14316818421018,6.48533154990137,6.60258000176293,7.20563600531076,74,25.4237288135593
3.4799529806961,4.81745530669583,5.09042668072594,6.47249650784557,6.5892812724749,7.14310629827382,74,25.9322033898305
3.45940952617571,4.80287142334547,5.06126187264281,6.45993761817219,6.57954975669886,7.11864929662797,74,26.4406779661017
3.35432723213055,4.7657383753367,5.03437216687694,6.44966481584484,6.54440244363761,7.03271789954862,74,26.9491525423729
3.31516993129479,4.70320729867273,4.98856888682813,6.44352427301679,6.52291199647849,7.01438804448421,74,27.4576271186441
3.23412183692292,4.6947853378432,4.96958304495646,6.41314562744446,6.53266767903347,7.10386459355544,74,27.9661016949153
3.17269515486221,4.6193485836701,4.92421224865221,6.40765239745337,6.51692256652438,7.06067961652231,74,28.4745762711864
3.07653612714817,4.56175953166556,4.88354164771768,6.38453522813891,6.49577222666316,7.07483937557874,74,28.9830508474576
3.03152433966596,4.4755271092325,4.82845604112938,6.36553505869801,6.4668492161462,7.07646525325053,74,29.4915254237288
3.05069193383035,4.43782391563118,4.79408925574688,6.35363632444108,6.48829928277388,7.04997377613546,74,30
1.24007976340618,1.44649900375123,1.48155810346766,3.8110684744011,4.1435684654448,5.01404272611618,75,0
1.92193235281582,4.46837784004688,4.75881500474458,6.02479926374046,6.09462535407116,6.33217353878758,75,0.508474576271186
5.64405214837394,5.87799625340759,5.95219262419937,6.57353026756192,6.61757317506677,7.01819885282354,75,1.01694915254237
6.00720698356103,6.24905663018147,6.29317318500827,6.86328089326338,6.93010655481636,7.16674876299279,75,1.52542372881356
6.23099797632831,6.44128358490182,6.49128980059416,7.02203538205919,7.11227224150248,7.26876568306116,75,2.03389830508475
6.32769774238318,6.5665567321638,6.6110213508792,7.12977733107205,7.19422136449997,7.42266193684588,75,2.54237288135593
6.34575397323859,6.61515542280912,6.66997865429404,7.20520422387449,7.28626170001645,7.49989564250415,75,3.05084745762712
6.43039228075634,6.64091137158595,6.68859190179348,7.25294791780372,7.30423870051932,7.52000041667433,75,3.5593220338983
6.42217813005997,6.64832172692527,6.70490682087166,7.29063232659361,7.34368213752309,7.60937855504149,75,4.06779661016949
6.3693930828318,6.64743281392633,6.71865985103863,7.30710453210073,7.35317616968104,7.62779995618801,75,4.57627118644068
6.41441703128277,6.6285561986082,6.69296346637515,7.31586923441289,7.35398263704642,7.6456589321061,75,5.08474576271186
6.34080704391973,6.59177866126208,6.67618802124465,7.31253943003194,7.36916203205827,7.64432338696832,75,5.59322033898305
6.27076406762789,6.56475457454023,6.65099140004159,7.32316521138928,7.39064530892523,7.63080763092873,75,6.10169491525424
6.20894747374575,6.52857250597419,6.61457971764846,7.31481668284921,7.3772585525979,7.64474252672473,75,6.61016949152542
6.16556360028182,6.51067274378047,6.57780974200954,7.3148872092557,7.35916993710965,7.60467132951066,75,7.11864406779661
6.06234374801715,6.45223305873569,6.54404249215692,7.29982200413291,7.37305318818154,7.61485713208101,75,7.6271186440678
5.95494978059158,6.41859941698663,6.52249269439101,7.301016106677,7.37903177045167,7.61688972280413,75,8.13559322033898
5.99337482088621,6.40640150322088,6.48753024060741,7.28113102352282,7.35437720032452,7.59620805647722,75,8.64406779661017
5.87639653350134,6.34986911874843,6.45082533947567,7.27447848144927,7.34002334368709,7.61662389605604,75,9.15254237288136
5.81616977483185,6.33977100041253,6.40507396801993,7.25599830142253,7.31833947222138,7.61027550096518,75,9.66101694915254
5.83532837981964,6.26853423838113,6.36412776514676,7.24673170326726,7.30644220812015,7.55622810259019,75,10.1694915254237
5.68354187727139,6.20854444121882,6.32384625567416,7.23398931368256,7.29150850999803,7.58744809387068,75,10.6779661016949
5.61027933377545,6.15197894355737,6.25226653273865,7.20793688564752,7.25332342162199,7.55195335134332,75,11.1864406779661
5.60988406598062,6.09268214123309,6.22100275580978,7.19928298396016,7.24480647012002,7.57263973835217,75,11.6949152542373
5.35801480477549,6.02961686035228,6.1622602045036,7.18098592011612,7.24023966079288,7.5742324769983,75,12.2033898305085
5.25244498595391,5.97002438155791,6.11908632644302,7.14862651317051,7.21501247419433,7.54533017776378,75,12.7118644067797
5.06759531505317,5.92185409674075,6.07581996501549,7.13204635780389,7.19634642069341,7.51740918114055,75,13.2203389830508
4.9437969632914,5.86983574468627,6.03188130886195,7.12497519109838,7.18712696090472,7.54023001782084,75,13.728813559322
4.79085885874372,5.79669621559511,5.97382609153273,7.10786174021122,7.17848483155348,7.48269621992261,75,14.2372881355932
4.73226575667709,5.74075142678797,5.93849175579105,7.08789081042155,7.16352221439056,7.48941096890172,75,14.7457627118644
4.65494909877336,5.64748596772386,5.86694437731716,7.06278019922427,7.1192942783546,7.45181022366712,75,15.2542372881356
4.54555960187155,5.60569654140931,5.8207123829251,7.05491831482697,7.12709972162804,7.43758521657506,75,15.7627118644068
4.53687107685598,5.53172638455233,5.76502025982256,7.03937751450241,7.09518441786872,7.46711476118746,75,16.271186440678
4.39730128333378,5.4945544856573,5.71466930382022,7.01601750862774,7.082577099815,7.4004759044273,75,16.7796610169492
4.32050993545484,5.47084753085427,5.63296702811486,7.00258035817008,7.06610111580369,7.44072642919049,75,17.2881355932203
4.04272497145577,5.3836754557155,5.60776641412698,6.9859439974038,7.04673265105485,7.40799977282115,75,17.7966101694915
4.08999816771896,5.29711171343761,5.52047301915718,6.94184566094733,7.01575552018405,7.3854557831438,75,18.3050847457627
3.94083505363248,5.28194628654239,5.49736943808971,6.94026184691345,6.99855686756413,7.38045713858774,75,18.8135593220339
4.01008631479652,5.21048860387161,5.46693809799627,6.916840821796,6.98660311713602,7.34618780135014,75,19.3220338983051
3.89199479022433,5.14877212563303,5.40722043018981,6.90566863780635,6.96238323452142,7.33751821867569,75,19.8305084745763
3.81585997791065,5.10862225948067,5.33420834744951,6.90009700854515,6.95455078577267,7.30551803110284,75,20.3389830508475
3.59338037705345,5.02802429186886,5.29263614915061,6.87056703513355,6.93957535654004,7.34384008752208,75,20.8474576271186
3.49073420659605,4.9795945391611,5.20000624855939,6.84699979871173,6.94633930933648,7.32202164344397,75,21.3559322033898
3.33761950856649,4.92131276134454,5.18200571368187,6.84050345614678,6.91001838406187,7.28272235971501,75,21.864406779661
3.32091591703475,4.83276150819566,5.09890619864098,6.81913427668916,6.87550919545341,7.26133174805964,75,22.3728813559322
2.99365834751571,4.74940222285542,5.04810447996647,6.78978361625351,6.86005800064655,7.25220229614338,75,22.8813559322034
2.93896234571507,4.70636501957081,4.97354002711359,6.78143601605456,6.84970949559158,7.28300269537321,75,23.3898305084746
2.8239887588657,4.64713648626199,4.90036429993914,6.7643254613078,6.84267529311941,7.2543483721271,75,23.8983050847458
2.82517079330966,4.59290710058739,4.8953832358126,6.75132078837853,6.81555382414115,7.26585857083067,75,24.4067796610169
2.66475717340512,4.53740160428758,4.78962925315489,6.7272037817898,6.7748760968987,7.18025676032877,75,24.9152542372881
2.59796064133051,4.4249556373,4.72758463326892,6.70092525323872,6.76866182230458,7.1800745611385,75,25.4237288135593
2.57604646624912,4.37776717333799,4.707838139653,6.69246115578576,6.74900902870468,7.26794285263212,75,25.9322033898305
2.51988936733163,4.30903183567938,4.66000225762935,6.67867166074893,6.7387532500914,7.16698212854317,75,26.4406779661017
2.29544897373626,4.21655726273978,4.61904255249545,6.65606262594953,6.73057995472512,7.16510182643357,75,26.9491525423729
2.18697765313425,4.16977429561037,4.57296348802966,6.65566027735743,6.7136518441915,7.21613502504964,75,27.4576271186441
2.11945969632673,4.07198564172313,4.52793225868188,6.60357502332395,6.69662112218865,7.12150772956637,75,27.9661016949153
2.04242996993692,3.99524366434037,4.441839982587,6.58005370823857,6.6716663753146,7.11286840954149,75,28.4745762711864
2.07115433315474,3.92751901703542,4.39060283499817,6.57927455861347,6.66292674793146,7.06922789794737,75,28.9830508474576
2.0941770909241,3.90129393466039,4.34262891683712,6.55491451551109,6.63602633509678,7.10137207043736,75,29.4915254237288
2.06654586378946,3.87223403906903,4.29720944470399,6.53543001763313,6.61126284686662,7.06310440201258,75,30
1.26951001172615,1.43765813501432,1.4817468147468,2.38558757348507,3.15068647410682,4.88070934735146,76,0
1.47763663174933,1.99581101359117,3.18632467813892,5.71143865357398,5.82741400731753,6.37055186133224,76,0.508474576271186
2.36236760510123,5.53701425173273,5.59698535410438,6.39219428072208,6.43712812979455,6.83192236301094,76,1.01694915254237
5.55517497714675,6.04622766058586,6.10722475064437,6.73707090634865,6.78255820391507,7.09837147664782,76,1.52542372881356
6.09048110029045,6.31340971365686,6.38151566946273,6.9476441913441,6.98473290716742,7.19562396498251,76,2.03389830508475
6.17815671342762,6.49005279506685,6.54621041868779,7.11139014305746,7.15474440239612,7.35509072509457,76,2.54237288135593
6.35273630976115,6.59176159104755,6.66682516609517,7.20915276073218,7.25900846772921,7.43084966631854,76,3.05084745762712
6.45878990437389,6.68794486347676,6.73333003738531,7.28603410141566,7.32804166646496,7.52524207782141,76,3.5593220338983
6.48952011481644,6.73548512898001,6.80476888898631,7.33873367679633,7.39461634962217,7.57146912667997,76,4.06779661016949
6.51555294849795,6.78953321360591,6.84211163497297,7.38516062013941,7.43933388718685,7.62267913187833,76,4.57627118644068
6.56646314504879,6.80937127411082,6.87411495535563,7.42316691629443,7.484005800294,7.71928275625567,76,5.08474576271186
6.55076333451955,6.80935624734864,6.88293927509772,7.45666400827651,7.5126340702174,7.74801048199988,76,5.59322033898305
6.50661811228797,6.81129784052813,6.90263693399834,7.47289415260327,7.52229314672673,7.73874904302863,76,6.10169491525424
6.41954045488421,6.81436211958894,6.88743089532873,7.50106489831243,7.5533816445783,7.78673607657015,76,6.61016949152542
6.52706582607385,6.80871122894642,6.88013599798763,7.51066797568623,7.56764017627256,7.87689890413634,76,7.11864406779661
6.54636763268926,6.79875680923532,6.88187667316968,7.50450368891877,7.56064909289722,7.84362402995183,76,7.6271186440678
6.52565611194976,6.78387878082474,6.84264471541611,7.50530354591983,7.56605763853061,7.80267176109801,76,8.13559322033898
6.51261538863689,6.75384552321129,6.84352929858985,7.50681319646966,7.57306626091201,7.90853159288151,76,8.64406779661017
6.49592796686577,6.7403090204883,6.81652885743908,7.51099222690563,7.57854487260528,7.85004671639832,76,9.15254237288136
6.41561730649131,6.7061787117776,6.80118235824783,7.5060968319563,7.56731785448117,7.94253789279773,76,9.66101694915254
6.42367154706573,6.67171953498549,6.78696635190115,7.50405594845774,7.56961171817306,7.86017947848701,76,10.1694915254237
6.3437358981763,6.67727650795326,6.76733205417446,7.50122021511571,7.5583604978351,7.92757240352113,76,10.6779661016949
6.30898450986748,6.62878190277473,6.73516175656212,7.49894211306094,7.56373299407775,8.06258759351049,76,11.1864406779661
6.24200800142601,6.60004726401136,6.71161190002859,7.49695154057182,7.54488756201913,7.95700774448622,76,11.6949152542373
6.17300164450914,6.56344140532927,6.67789268689391,7.48243872493746,7.57478717204989,8.0594241254235,76,12.2033898305085
6.05401296217,6.5461540129011,6.65604626261141,7.46435156674906,7.54120180448049,8.12900743971493,76,12.7118644067797
6.04333338349245,6.5549437530808,6.64040603194181,7.46510233418526,7.53597511830492,7.84655420987441,76,13.2203389830508
6.05078965867687,6.50390882725291,6.6065487501258,7.44541311692695,7.52329140651502,8.12274810074463,76,13.728813559322
5.9780853217429,6.44349554767127,6.60062713414731,7.45415577023776,7.53093194562133,7.82434211824513,76,14.2372881355932
5.85859251611846,6.45832750134311,6.57390666940216,7.44311998322437,7.51510349782711,7.91786194948988,76,14.7457627118644
5.8805855787477,6.44070183660082,6.54285106234745,7.44255048982408,7.51140208342403,7.91330632352549,76,15.2542372881356
5.80983365362467,6.39420557110783,6.51225311606024,7.41370118195261,7.50695540083991,8.2317304321743,76,15.7627118644068
5.78249542816026,6.37839712962167,6.4795344033153,7.40942144420528,7.49261591035856,8.08613574429037,76,16.271186440678
5.66776954850776,6.31312463217711,6.46367790571868,7.37791997577381,7.47462816308538,8.17691840354047,76,16.7796610169492
5.60183909494576,6.29482548850604,6.44799613244602,7.39644321406338,7.47877861434619,7.97474379544398,76,17.2881355932203
5.49239913506451,6.28517938054477,6.42407306432671,7.37695681269243,7.46252726574472,8.0314020794867,76,17.7966101694915
5.46846900328355,6.23137642354894,6.38146164959691,7.34538451321598,7.42334909874351,7.90997110824825,76,18.3050847457627
5.36879806428468,6.23585174410234,6.32872919379519,7.36420146916662,7.43461288140934,8.12564491692587,76,18.8135593220339
5.30132655857399,6.16665833055087,6.3214183835705,7.34169937569303,7.44469965322519,8.0646966622439,76,19.3220338983051
5.32131754551179,6.1512655655994,6.30338097633709,7.31945645989099,7.42029471548693,8.16055397358688,76,19.8305084745763
5.11914307490642,6.14547910317845,6.27997907346188,7.29503290177883,7.41019519109185,8.05307881672145,76,20.3389830508475
5.13452956711277,6.08885230161916,6.26277040317211,7.30963573658133,7.40603302055105,7.92395123256544,76,20.8474576271186
5.04576961229654,6.06476481584865,6.21724278574682,7.27688394387836,7.39764726365154,7.99975985348238,76,21.3559322033898
5.12565101629997,6.00792644980286,6.17057228474474,7.27672771774871,7.37318619249913,8.09315145706346,76,21.864406779661
5.07399906541783,5.99850885850812,6.17516533715971,7.24996375125289,7.36992419432143,8.01285368574819,76,22.3728813559322
5.00369777587242,5.94570752884299,6.13351061663765,7.24589486608487,7.34968476254259,8.0201570141637,76,22.8813559322034
4.85324577910132,5.91066389488032,6.09850309688069,7.23407154027266,7.33720162095558,7.88875640566014,76,23.3898305084746
4.87287662923531,5.90550933870246,6.06508320221647,7.22291794513691,7.31549398463294,8.15085116702726,76,23.8983050847458
4.84427118087601,5.82480077977532,6.0257410245673,7.20200554624391,7.29950974608791,8.00264969961491,76,24.4067796610169
4.81311415958499,5.77533817548811,6.01822332003203,7.20933004161305,7.30219017367878,8.01296317751946,76,24.9152542372881
4.81953070639689,5.73957895183978,5.9820738577888,7.18700222920694,7.26474112566114,8.05830689336138,76,25.4237288135593
4.73834602779139,5.74581488738857,5.94293341157447,7.15419379008903,7.26564677337169,8.05806027269891,76,25.9322033898305
4.64896485665295,5.68631184395272,5.94216194210125,7.1503050286462,7.27293025422296,7.93228175945649,76,26.4406779661017
4.77399065461119,5.67778188123,5.88481319557748,7.13930950367971,7.25070468324827,8.04843865968754,76,26.9491525423729
4.70259567708241,5.64694140698659,5.88560734411917,7.13607295398139,7.25098270973208,8.03247666489535,76,27.4576271186441
4.60867296019987,5.59165309923191,5.83884416211922,7.11024168556776,7.22491621238815,7.96929507374184,76,27.9661016949153
4.65198980456154,5.54479983353222,5.81947459720643,7.10564867360915,7.21337067341737,8.03409293950774,76,28.4745762711864
4.59401678501462,5.4911958521428,5.77578299086368,7.08398555275706,7.23405094978853,7.92907391987238,76,28.9830508474576
4.53094464751501,5.46341690535829,5.7379656748329,7.08113347565996,7.19805918727491,7.95007057823665,76,29.4915254237288
4.45480590576476,5.42577908292472,5.71357222195188,7.06294712291956,7.17872849252716,7.99788587358462,76,30
1.24078399109479,1.42078442718905,1.45795927180836,1.97906440947518,2.05341709902317,3.37329384230912,77,0
1.40112904016095,1.6775035582798,1.7514035831483,5.57404593024463,5.64632146674417,6.0343545626563,77,0.508474576271186
1.78217578650538,5.37483097087868,5.45997798974553,6.3171464349113,6.35936696001298,6.51392274365002,77,1.01694915254237
4.61969100824965,5.97747514754354,6.04497448885465,6.65894225403291,6.70386323690232,6.87034738658709,77,1.52542372881356
5.14219334826149,6.21117345134047,6.28452151010829,6.855791407634,6.90217638425773,7.05912202675737,77,2.03389830508475
5.38845333516473,6.34783031526625,6.4214571331437,6.98647411123912,7.03020146694818,7.18587127427056,77,2.54237288135593
5.58366365267931,6.43297101364641,6.50744402870498,7.07530497538208,7.12208647933581,7.26204507471469,77,3.05084745762712
5.8321860708732,6.50503609916732,6.55386240154038,7.12143943410022,7.18254883823808,7.32863862433546,77,3.5593220338983
5.81875323903371,6.52515679078682,6.58682593789789,7.18202403110542,7.22809823172619,7.45945279511545,77,4.06779661016949
5.71823298294302,6.50710156577995,6.58782389289472,7.21247731786567,7.24942714127607,7.40689196067752,77,4.57627118644068
5.67857325858083,6.50112282911302,6.58753760924706,7.22885611752466,7.27829414881816,7.51016884822145,77,5.08474576271186
5.66861151690655,6.48222700104085,6.56393248600913,7.22632242835983,7.30094826730898,7.51604926491406,77,5.59322033898305
5.55249213945313,6.47009332695048,6.55155223380795,7.23845718304237,7.2996716595369,7.52338453155286,77,6.10169491525424
5.5808906391939,6.43686434987834,6.52697513004167,7.23634686230632,7.28961719975263,7.54937085892856,77,6.61016949152542
5.61744897617177,6.44781067344886,6.51202018626531,7.23293920776317,7.29734546546817,7.55147944493269,77,7.11864406779661
5.62979351082771,6.38890083892344,6.49702855562293,7.21862218761636,7.279155226831,7.53920465687903,77,7.6271186440678
5.60133997195146,6.35870809102162,6.45054263381471,7.21057575048891,7.27879553618456,7.48934483930944,77,8.13559322033898
5.59398594805107,6.34728589998549,6.41860420581365,7.19404546459941,7.26016281796113,7.53470649848281,77,8.64406779661017
5.63502080953774,6.32499448158276,6.40396157016868,7.18854402180924,7.25875941746606,7.58419084192951,77,9.15254237288136
5.55993981465512,6.28233340047676,6.36420073082299,7.1695277060943,7.2379813925225,7.47720533535059,77,9.66101694915254
5.58227498620522,6.24262962916281,6.31699124589036,7.15673537510669,7.23389705419314,7.55728320260309,77,10.1694915254237
5.48458834799211,6.1893269488717,6.28237058705317,7.14829376197642,7.21068965743345,7.51389829319631,77,10.6779661016949
5.43440888620198,6.18105653640304,6.28365258020588,7.11667968970255,7.20722672285185,7.53139338105517,77,11.1864406779661
5.29637468909661,6.12814626842108,6.23520962870498,7.10316972923619,7.19675344657917,7.53067388907436,77,11.6949152542373
5.20054706529736,6.09407330377768,6.20687468462483,7.09672049142825,7.17181124349448,7.48808751338389,77,12.2033898305085
5.18622832676305,6.07769301235357,6.18275326517365,7.08040495478716,7.16374029545205,7.50046281197368,77,12.7118644067797
5.14720492880293,6.01463119167972,6.14577362498055,7.06466616662319,7.14112255288481,7.47164826238654,77,13.2203389830508
5.01295194378775,5.97755484482595,6.12108129821458,7.03874488425187,7.12432139425375,7.43714340330784,77,13.728813559322
4.87226443866718,5.94936088893359,6.08928819022347,7.02758713135828,7.0999431156679,7.47650990528055,77,14.2372881355932
4.8330589902094,5.86240307545496,6.03866336886568,7.0056479479419,7.0834394041475,7.46730073240001,77,14.7457627118644
4.75800821829307,5.85940180667808,5.99565160206025,6.98778916113576,7.0750275867128,7.4763928487254,77,15.2542372881356
4.6292212508694,5.83559484022119,5.98107180006492,6.98079520841309,7.04987571274672,7.43853975473421,77,15.7627118644068
4.47247207892907,5.77147649614813,5.93798919656133,6.94854302285002,7.05047670392659,7.44442408547225,77,16.271186440678
4.44956011714126,5.71612709493951,5.89367922074987,6.94022700298309,7.00487709338699,7.41656096685646,77,16.7796610169492
4.38156929167055,5.7514210723438,5.85059744277942,6.92643723311481,6.99801328175859,7.36750390915636,77,17.2881355932203
4.30197967844376,5.66551298740901,5.84039199252509,6.89323219109556,6.99910040049708,7.36019279395188,77,17.7966101694915
4.27616264363325,5.60191454256205,5.79232078168027,6.88933754012662,6.9925449320167,7.31730722238411,77,18.3050847457627
4.10787338493082,5.55461933732009,5.7594077165186,6.87021434992131,6.96205670425008,7.37485141787329,77,18.8135593220339
4.14557424553963,5.54034054637064,5.74563608562969,6.85464270579823,6.94985895733225,7.32628803894757,77,19.3220338983051
4.0301321570262,5.44807683751388,5.72121552003484,6.81489777501636,6.9160023743467,7.3303085114498,77,19.8305084745763
3.93291953621225,5.4476370362888,5.66502143337893,6.80633453123594,6.89703537443213,7.37871917429173,77,20.3389830508475
3.7905687384516,5.38728814218911,5.63340803799426,6.78774885666128,6.90910861034038,7.30051093114956,77,20.8474576271186
3.68780279614233,5.30963999866596,5.57841828517598,6.76867942105498,6.87923134366974,7.33692264995888,77,21.3559322033898
3.56366456619046,5.31332345204902,5.55093114577189,6.76950460875655,6.85534321035624,7.35590021617819,77,21.864406779661
3.66263720481267,5.27505931068115,5.52250820332824,6.75223486572142,6.85049294852875,7.30702242416579,77,22.3728813559322
3.52450065189097,5.23778329144976,5.48521152968269,6.73096504858707,6.82375646989623,7.21306454233677,77,22.8813559322034
3.54837335379668,5.11655883824757,5.44515941275245,6.72358621198609,6.81179041148188,7.26259094617666,77,23.3898305084746
3.6455845662089,5.12653474073728,5.40521846529346,6.6983353704635,6.81927802281103,7.26009591092953,77,23.8983050847458
3.59089700036963,5.05858348594274,5.33902552407933,6.66976362405145,6.79329437105145,7.3121501269928,77,24.4067796610169
3.41072584489306,5.01743524188244,5.31800477856748,6.65655642446247,6.74587152198835,7.29234107675542,77,24.9152542372881
3.43701781081204,4.94129447700044,5.27617518357713,6.65531061631996,6.7578065439465,7.29028286170496,77,25.4237288135593
3.50662191402681,4.94992277759427,5.21133936064553,6.63764910617467,6.73832367875218,7.30558282737824,77,25.9322033898305
3.31901259194615,4.88499952306872,5.21204427141791,6.61927360450476,6.71866275419898,7.20616814225525,77,26.4406779661017
3.2736562490119,4.83789237911171,5.16071859445527,6.60719985203314,6.69884072054999,7.27005305346811,77,26.9491525423729
3.28283170329516,4.76707969541024,5.12197369720726,6.59146305640352,6.68617606522476,7.26069812360555,77,27.4576271186441
3.22242877422396,4.78359420659501,5.07514293529975,6.5689786400379,6.66409064587111,7.23482239443322,77,27.9661016949153
3.21038624386102,4.72479114108244,5.05922482502814,6.55610431230547,6.65686119872307,7.2035614544231,77,28.4745762711864
3.15572706190694,4.64427797121712,5.02614800570169,6.53853181951339,6.62822046207058,7.26872045418015,77,28.9830508474576
3.04308475254393,4.63037780580791,4.9755252650223,6.52659389179198,6.63327681880523,7.28964318037219,77,29.4915254237288
3.00994239597678,4.58014639331651,4.96740775806435,6.51390038586344,6.61390555601602,7.25601975160308,77,30
1.23278037589586,1.42267513285755,1.46767290533349,3.31095298786202,3.91352867131632,4.84937679783379,78,0
1.60336191572409,1.99656864724954,4.2950441712985,6.18434599225124,6.25903161809176,6.49057974921536,78,0.508474576271186
5.23896092429968,6.02645452137025,6.12317933632709,6.83103042507559,6.90167293952443,7.1039977888284,78,1.01694915254237
6.32170449395213,6.50904288054331,6.58380250478809,7.19706507971202,7.23988919130494,7.42588716758035,78,1.52542372881356
6.62765661905916,6.791440647275,6.84771953862882,7.42184548482847,7.48728695609361,7.67990442287388,78,2.03389830508475
6.51062632753253,6.95084765240053,7.01194387645635,7.58159231017831,7.62423431898245,7.81077986712423,78,2.54237288135593
6.57219834053828,7.03816677401659,7.12065423521523,7.69418147916257,7.75854880137754,7.90881298408574,78,3.05084745762712
6.57479203988715,7.1342057899237,7.20021058685482,7.78107780760646,7.81881243392976,7.99955578240691,78,3.5593220338983
6.49366947715595,7.19240468149764,7.27487593905734,7.83734639173808,7.88554797295672,8.04438750526278,78,4.06779661016949
6.46268595000876,7.22741338570905,7.32656192429407,7.88208923917788,7.93922284684368,8.12388288139259,78,4.57627118644068
6.35435476196682,7.28973724091151,7.34967513715393,7.92495270540418,7.98596703189261,8.15659695285048,78,5.08474576271186
6.44972372742499,7.28636469151965,7.36437715728798,7.96114754076749,8.00363357656073,8.23264947275657,78,5.59322033898305
6.07570010718919,7.29123855819605,7.37975287409797,7.96681310328801,8.01994758404901,8.25444811913932,78,6.10169491525424
6.1830447929624,7.30383361282277,7.3885405796816,8.00225058088245,8.04901625724078,8.26604639160069,78,6.61016949152542
6.07576985841813,7.29926573535155,7.38427732170799,8.00050062396116,8.06218971655696,8.34474793820381,78,7.11864406779661
6.1722505398651,7.29032400660074,7.38606532587158,8.00801686538504,8.075754850343,8.36245087251083,78,7.6271186440678
5.82024636622241,7.27948713849328,7.36799430387468,8.0272325875142,8.07820011588969,8.37687448695052,78,8.13559322033898
5.84716438253501,7.26993563391825,7.37594864039926,8.02545225182584,8.0975359649322,8.42462334024815,78,8.64406779661017
5.59206091777286,7.2594097754584,7.34000939503365,8.03529146568847,8.08526355910296,8.35988831147837,78,9.15254237288136
5.62860965994631,7.22654513827525,7.33113965122714,8.01746569511805,8.07862015483817,8.37081482724898,78,9.66101694915254
5.59580490319288,7.22854415163834,7.29748391342839,8.02178601406073,8.07670053649563,8.45198127231931,78,10.1694915254237
5.43828936425188,7.17381530333097,7.30324950259067,8.01050324353343,8.09011892793057,8.42579662577862,78,10.6779661016949
5.336888300816,7.16238584849647,7.27323485298607,7.99065451048762,8.07566873927922,8.41085571391351,78,11.1864406779661
5.24990062435068,7.14081261826771,7.24372031164058,8.00845184157705,8.05909073571954,8.48475079574077,78,11.6949152542373
5.45650260532406,7.11954229568025,7.22589697860505,8.00107914658546,8.05391702243291,8.44769481353301,78,12.2033898305085
5.25067672067722,7.10405336267425,7.19704574695135,8.00474230983278,8.07071982541294,8.42241374037778,78,12.7118644067797
5.19609366952395,7.0747261912214,7.18351854083191,7.98415955159782,8.05815204344226,8.35773516493523,78,13.2203389830508
5.18352852146461,7.03055063576391,7.15405020877193,7.97555724040282,8.02906397901847,8.50942933439821,78,13.728813559322
4.9196346339439,6.99462589550449,7.13342307286488,7.96504017387926,8.05060548820602,8.44287100261593,78,14.2372881355932
4.94497251512756,6.97455812123282,7.11297041465252,7.95456932062761,8.03632886841133,8.39266796013126,78,14.7457627118644
4.7526272544462,6.9537428619022,7.09502894448389,7.94755953072541,8.02212091313362,8.41572990891738,78,15.2542372881356
4.76763776236914,6.93641327862052,7.05573766573191,7.93376575696296,8.00028236500289,8.43195134020787,78,15.7627118644068
4.63818028426188,6.89605847917085,7.02789475315152,7.91099912998155,7.98886169145057,8.45321516965055,78,16.271186440678
4.67596376811971,6.84401718777254,6.99292941609162,7.90429680468811,7.99701549807792,8.36742747873906,78,16.7796610169492
4.67836430805146,6.8165648579777,6.96833385828843,7.8902216719157,7.97921642389528,8.37525644361918,78,17.2881355932203
4.53645954734273,6.78622899301497,6.94706289303308,7.88454987458675,7.96682243082636,8.39034779224438,78,17.7966101694915
4.41366865642976,6.77479131991979,6.93092219913339,7.88863216195409,7.96749168478887,8.3892245257403,78,18.3050847457627
4.29194547831548,6.72808490669162,6.88053677900708,7.8556341066102,7.95574902679183,8.32365829174665,78,18.8135593220339
4.05800609391606,6.67558203500465,6.86485626323544,7.85989122096642,7.94593678468133,8.39164802721232,78,19.3220338983051
4.23167109858573,6.65295652523062,6.83667460701419,7.82395908348239,7.92563219366693,8.34637768045814,78,19.8305084745763
4.04211949828196,6.60596604668461,6.79892038177195,7.82874264761541,7.93856567596073,8.36384917397374,78,20.3389830508475
4.1992384992216,6.56589361242194,6.7837152231438,7.80614891960683,7.88906049366573,8.3266744347606,78,20.8474576271186
3.97810464470174,6.55862743333247,6.73692522943292,7.78612518313082,7.90069830062168,8.37220410432696,78,21.3559322033898
3.82446791677604,6.50898804220836,6.73258872662116,7.78192581220216,7.87054246312106,8.30102710861862,78,21.864406779661
3.89793929796239,6.48134641222605,6.69422945970124,7.76720785135643,7.86222406874256,8.36735856248971,78,22.3728813559322
3.99513213936482,6.46139202167571,6.64410364457664,7.75747886195607,7.84156305109802,8.32307546636381,78,22.8813559322034
3.62719833466987,6.40202510387901,6.65403706254587,7.75142753964647,7.86788863190533,8.27927551428281,78,23.3898305084746
3.72249378313593,6.37778991335946,6.59714408002125,7.71783375141375,7.8354765230197,8.24176520152307,78,23.8983050847458
3.55139304680129,6.36399229338267,6.5676945966726,7.7132221145168,7.81190459743475,8.26437545406624,78,24.4067796610169
3.3899247947596,6.29299406652422,6.54522815831019,7.70692288141236,7.81231102840474,8.23638314002564,78,24.9152542372881
3.46730376935166,6.26012395992017,6.49961718009133,7.68039613841966,7.79411919832785,8.24295234558936,78,25.4237288135593
3.35774230852355,6.24932186777925,6.46194367259448,7.66999801467024,7.77976857132643,8.20782870992461,78,25.9322033898305
3.3949397775439,6.20757799056683,6.44683788083017,7.65936719925762,7.79377557135738,8.21090672628799,78,26.4406779661017
3.464291220673,6.16562094886024,6.41439182914343,7.64526687490331,7.7553089329665,8.16406747530473,78,26.9491525423729
3.41719084974519,6.12060732671885,6.36758140496238,7.62392164616732,7.73459032046596,8.16194018919044,78,27.4576271186441
3.2495091129918,6.06661394050078,6.35764960130127,7.63762049171533,7.73101461410173,8.21166607733399,78,27.9661016949153
3.25120920222843,6.03689956036831,6.31190611065544,7.59576218983371,7.73078910871337,8.12684560861882,78,28.4745762711864
3.2525965512365,5.9669940449775,6.27840111924202,7.58567415421781,7.72483851739672,8.14903582311728,78,28.9830508474576
3.3736553125661,5.96067169944154,6.24723256503772,7.58445330195101,7.72028103835255,8.11093879730861,78,29.4915254237288
3.32702210607518,5.90380861451386,6.21441873514555,7.55431515021031,7.69915715277609,8.15151714387602,78,30
1.22064069607148,1.4041167346229,1.45908927138235,1.97853971131993,2.04116726735078,3.17800195815285,79,0
1.36774543866926,1.6488593798962,1.75062379444153,5.6033219665159,5.67778528710811,6.0574852725259,79,0.508474576271186
1.8257419324354,5.20996099697979,5.42544916174361,6.32867030195226,6.38479318580876,6.62856109121057,79,1.01694915254237
5.41065684362171,5.93893110212087,6.03763045350163,6.68386767443685,6.73426981168874,6.9399277321761,79,1.52542372881356
6.02165225186144,6.26624342994182,6.32161816697453,6.92197150209152,6.96059379459458,7.14532107866113,79,2.03389830508475
6.12387686590597,6.43594430449593,6.4847471219859,7.05373326792282,7.11845650671823,7.28404881930008,79,2.54237288135593
6.29592261710567,6.52121179465898,6.58041055067487,7.14027288880454,7.21154518207915,7.38221468835584,79,3.05084745762712
6.37961619139248,6.599218841855,6.64735059172325,7.22045802536526,7.27445874679276,7.46635108937875,79,3.5593220338983
6.42382773793629,6.64926285924999,6.69552291869875,7.28121282069735,7.32114105998969,7.55344440588977,79,4.06779661016949
6.45688261155175,6.66968791611093,6.72327885133323,7.31195433930333,7.36156460077582,7.55589906394797,79,4.57627118644068
6.41623999206066,6.68033204095538,6.73601984270773,7.33855169643603,7.40031436968367,7.55682756151255,79,5.08474576271186
6.46207910500992,6.68165693146978,6.74111046449893,7.362581426397,7.41922186707788,7.61949700579215,79,5.59322033898305
6.41051485614128,6.67809055654164,6.71824154674895,7.37543074672676,7.43678073941759,7.60874050864821,79,6.10169491525424
6.36555277625103,6.67742740962711,6.73099646909163,7.38385094321487,7.44771472858082,7.68765549378702,79,6.61016949152542
6.45458921698435,6.64617776748528,6.70988077580881,7.39239515720006,7.45705866096082,7.62444727611917,79,7.11864406779661
6.39711830825624,6.64090786224246,6.71097555534475,7.38318432270199,7.44108252608346,7.62711446366259,79,7.6271186440678
6.36967938906931,6.62579348843221,6.68555827900329,7.38255189457839,7.4417743535585,7.63284961139504,79,8.13559322033898
6.33170178096352,6.59277782465752,6.66247303900165,7.3731098433014,7.43517511901748,7.61840315141128,79,8.64406779661017
6.30245547958083,6.57808763536055,6.64577891558197,7.38349371524498,7.42912649650319,7.61666168104992,79,9.15254237288136
6.23303970439804,6.56681710976853,6.62346701865619,7.37141941236257,7.42233009000024,7.59797460475456,79,9.66101694915254
6.17260947144321,6.52101457975783,6.60116745614132,7.3577512745451,7.41841140261107,7.61696567570675,79,10.1694915254237
6.16096063772605,6.50385513596451,6.57332884451868,7.33948519474332,7.39559572451776,7.56040625860614,79,10.6779661016949
6.10296717549732,6.47243025091281,6.53880683660393,7.33992161586414,7.39822302288543,7.60493728532113,79,11.1864406779661
6.009686307311,6.44912882288499,6.5220855988126,7.32955882148387,7.39158815839437,7.62220104324834,79,11.6949152542373
6.09953959377605,6.41440212979396,6.51110285362042,7.30964351588977,7.37573138856103,7.57519732679757,79,12.2033898305085
6.05891641647798,6.39352876493329,6.48674311563401,7.29974509015727,7.3648110703495,7.57592116985462,79,12.7118644067797
5.97542348034169,6.36984500421511,6.4424223738393,7.28023155457077,7.34789372761442,7.57013502136398,79,13.2203389830508
5.87024192509987,6.32071386747371,6.42487897490738,7.27471625444051,7.32762117959274,7.54060672945771,79,13.728813559322
5.84512792786166,6.31197080228735,6.40569999802095,7.26672009127709,7.3624558271918,7.60495643010018,79,14.2372881355932
5.73530503648748,6.27171081736694,6.36627601587079,7.24543163500679,7.31579956620266,7.52157257805603,79,14.7457627118644
5.81381466410156,6.24172450671494,6.35184903453754,7.23371882053083,7.31511660759694,7.50969169505606,79,15.2542372881356
5.658554725962,6.19750364003098,6.32490781807352,7.22802792676448,7.29548657923117,7.54904082121514,79,15.7627118644068
5.63002812116425,6.1622815252272,6.28782540401042,7.19907923246062,7.2890328529557,7.52288128084834,79,16.271186440678
5.71657227005081,6.11913703175417,6.26492205178322,7.19254809352323,7.25935922873716,7.46182257562849,79,16.7796610169492
5.59718090864444,6.10729866501584,6.21438611465298,7.1765514570452,7.25229967975129,7.46737854036499,79,17.2881355932203
5.66407622577269,6.05310974229806,6.1861398149474,7.1662102391591,7.25450824067097,7.43279011317604,79,17.7966101694915
5.53634225009141,6.04946714054517,6.15309174957434,7.1424740315932,7.22191425152168,7.46292765712401,79,18.3050847457627
5.29798728720319,5.9987344396744,6.12454107642348,7.12552959694826,7.21023356175026,7.43996843412286,79,18.8135593220339
5.37539051187812,5.95889472045282,6.10075366911836,7.10823861871885,7.20851398604182,7.43249938448416,79,19.3220338983051
5.30816035680997,5.93431868602635,6.07364860577186,7.09736694536003,7.19357523875204,7.4151267673295,79,19.8305084745763
5.28659775487183,5.9151142821145,6.03460087223738,7.09727655040555,7.1752304792494,7.43408022501227,79,20.3389830508475
5.20800061927592,5.88560826175941,6.00827769688585,7.07204212433374,7.16371571355155,7.36885864375335,79,20.8474576271186
5.15619365292304,5.87972272107924,5.98158915501934,7.05866940497428,7.1541906101769,7.40287832303882,79,21.3559322033898
5.0725707243928,5.82073250667499,5.93191863559647,7.05014058983365,7.13742668665596,7.34683207424686,79,21.864406779661
5.11397397443616,5.77574823023594,5.9132058558138,7.02042936412719,7.09420761056434,7.35526599007599,79,22.3728813559322
5.01928658122083,5.74066658412808,5.86684474928075,7.03989011931936,7.11573732971703,7.38149085153299,79,22.8813559322034
5.13487464385763,5.72263297290537,5.84930284564805,7.0146385442254,7.09192581303099,7.36009490571039,79,23.3898305084746
4.98827745702171,5.6794037183228,5.8047082800188,6.9975931807729,7.10737755342726,7.32444899508348,79,23.8983050847458
4.94403073438323,5.67376084835916,5.76619039458742,6.97246315251084,7.06926236215007,7.35874950482187,79,24.4067796610169
4.75519975163346,5.62545968690482,5.74446029068487,6.98247321918456,7.06194382733591,7.27805845159268,79,24.9152542372881
4.76852164801709,5.58342309463493,5.70817626744074,6.96198104306719,7.03340239787727,7.27129667448639,79,25.4237288135593
4.673632305297,5.56546044324698,5.71042683554925,6.94630206776889,7.04135131501068,7.27567777231702,79,25.9322033898305
4.71973131700346,5.53194064378353,5.65378474350451,6.91913228243996,7.01952061860446,7.2911071334468,79,26.4406779661017
4.67458992927285,5.48979138032408,5.60591960728797,6.92229768379037,7.0130202162113,7.26137642277545,79,26.9491525423729
4.61875727791173,5.44364498656992,5.57592080716043,6.91066149022434,7.00070565662345,7.25719334082923,79,27.4576271186441
4.51834650756699,5.41935018227184,5.53770263175201,6.89083216889009,6.99333630237313,7.22588176961255,79,27.9661016949153
4.43153561575769,5.35434624209801,5.49900019922223,6.87978622662954,6.97377351393509,7.2405314534787,79,28.4745762711864
4.46420192261704,5.33462963892487,5.48881352283949,6.85857865823004,6.96158416004933,7.22756395415784,79,28.9830508474576
4.44540369029429,5.31721901361986,5.45097483462161,6.86184256478927,6.95988954250644,7.21640311411291,79,29.4915254237288
4.20191356255129,5.28417142236257,5.40439116111633,6.84505381620811,6.94780958360131,7.21407245557705,79,30
1.24543915439734,1.40829664642222,1.45249102933289,1.97077328500295,2.00922766579933,2.48509174486287,80,0
1.18596361260008,1.47505522264869,1.51764249944617,5.07751899887382,5.17883680306002,5.6426455332345,80,0.508474576271186
1.57192190992257,3.38098437823195,4.38892396376367,6.08721116160472,6.16597893403051,6.53249142478785,80,1.01694915254237
3.97413236339543,5.62519686443594,5.76888359404057,6.54727041418329,6.58416858160828,6.84668277675799,80,1.52542372881356
5.70634607808725,6.08140222900513,6.16797914027356,6.80096523313476,6.85892733089258,7.1102514054829,80,2.03389830508475
6.0840731145812,6.32808677391722,6.37115482839406,6.96255557305451,7.03695210296676,7.27240985084419,80,2.54237288135593
6.23396339467131,6.44412890832527,6.52172812459325,7.09332094117166,7.13751282938314,7.40359666549221,80,3.05084745762712
6.29406341846032,6.52402547725462,6.58561985353325,7.18490965664348,7.23649778593535,7.49132681242127,80,3.5593220338983
6.36481688933031,6.58429346581155,6.66532050112191,7.24033398743381,7.29285895654386,7.64524937526967,80,4.06779661016949
6.43129531507576,6.64083317527293,6.67951707410113,7.28728991439683,7.35013336334794,7.66606234925433,80,4.57627118644068
6.44087387611831,6.65519829090573,6.70817106829745,7.31256268558265,7.36925374880862,7.64725635584643,80,5.08474576271186
6.34592533249609,6.65429625584437,6.71594272376845,7.34293985332762,7.39708934076296,7.74652192489555,80,5.59322033898305
6.38923469947042,6.65945673691331,6.7228357677398,7.3524820290052,7.42773110575971,7.7672121515767,80,6.10169491525424
6.4091697254906,6.66556202359566,6.71156065855133,7.3596645569369,7.44680414033516,7.78660063978772,80,6.61016949152542
6.36005181917015,6.65124808735901,6.71490656874516,7.37634217955547,7.440412174922,7.74292655598008,80,7.11864406779661
6.33104280535062,6.63142925015385,6.68967182722608,7.37044680085034,7.42779362253204,7.77226334594786,80,7.6271186440678
6.29478923704272,6.59671969149109,6.68006484439299,7.37813660552841,7.45213399633794,7.79953367465182,80,8.13559322033898
6.22754555410525,6.59716581518781,6.6565793677337,7.37184764562999,7.43789658070289,7.72348961655572,80,8.64406779661017
6.14248302458732,6.56444254681987,6.64493968969303,7.36712062893356,7.45973239778175,7.75665088590678,80,9.15254237288136
6.10417557448172,6.56382483276876,6.63302359428826,7.36171796822182,7.43209129612686,7.72421066528032,80,9.66101694915254
6.07408725344629,6.50463254219105,6.61227999101191,7.36319018745067,7.42074809158679,7.72015255363495,80,10.1694915254237
6.13408407497122,6.47826867168378,6.56782473812529,7.35735009309757,7.42401441952278,7.7354911520053,80,10.6779661016949
6.15626567519492,6.44377068258208,6.55317223246704,7.33697088505221,7.41076079012155,7.70914048702546,80,11.1864406779661
5.95284640365569,6.42978126980428,6.52697678100777,7.33259406762211,7.40900768567965,7.72986804301279,80,11.6949152542373
5.91311879421101,6.38742347791694,6.49969577333279,7.31011598235465,7.36810646964482,7.68828598579244,80,12.2033898305085
5.82663660124829,6.35684520265206,6.46688384328705,7.31465142251973,7.38948463163243,7.68464555667978,80,12.7118644067797
5.80969358239472,6.30899786862162,6.43042492794534,7.30647214757352,7.36922271329562,7.63926179934968,80,13.2203389830508
5.76704872637988,6.2605832782097,6.39729118901915,7.2794425463982,7.34768539406383,7.67046972925491,80,13.728813559322
5.65432433120679,6.26478825690308,6.38758431467033,7.26631907016112,7.33635211018186,7.59055164420418,80,14.2372881355932
5.5321734849831,6.22893483522284,6.34040546257678,7.25605549496802,7.31604970364841,7.58434263645194,80,14.7457627118644
5.52627560239454,6.18368657904388,6.30485383318634,7.24378889547859,7.2922727043852,7.57420816391686,80,15.2542372881356
5.50491634327625,6.14713033440589,6.27329392128325,7.21543839188838,7.29685291274314,7.54417284920095,80,15.7627118644068
5.57604431673607,6.11895600976735,6.23783086559743,7.20721991350841,7.27285688330117,7.52935309305199,80,16.271186440678
5.39855455351185,6.07346221267829,6.21522656958888,7.19489745686245,7.26970227500213,7.51595187159795,80,16.7796610169492
5.44933049922415,6.03288245898788,6.18319835140626,7.17840739226254,7.25301256272823,7.4987832589624,80,17.2881355932203
5.37270037670281,5.99167574967618,6.16123625745407,7.17594696906313,7.25692228072546,7.49509743493995,80,17.7966101694915
5.3088671971483,5.96072657040361,6.11768288021929,7.14701269564821,7.23849976842288,7.54484723787912,80,18.3050847457627
5.14435946764829,5.93440853641451,6.09871148304483,7.12965432991409,7.20716549896039,7.51200831416715,80,18.8135593220339
5.16371985125959,5.8917717355647,6.04513929851271,7.12001235628924,7.18169036210129,7.50080110297958,80,19.3220338983051
5.01911545598822,5.81124572023729,5.99677641663579,7.10848141827312,7.18160122885659,7.44909012381639,80,19.8305084745763
5.03796143879819,5.78079551181574,5.98194977397338,7.08346219579645,7.15910044910784,7.47897569957215,80,20.3389830508475
4.9055649390991,5.74327571573391,5.93059353004243,7.06855235544351,7.13702935903768,7.49014847688897,80,20.8474576271186
4.83086125794112,5.69251247173973,5.92467987290419,7.08131300959902,7.1339866241222,7.40167837045328,80,21.3559322033898
4.5715774380039,5.69105645890672,5.86090176174336,7.0413253410919,7.11308632552328,7.46047173033409,80,21.864406779661
4.54309779239861,5.64305325694203,5.82790809305041,7.03160131636253,7.11666923748506,7.44687031218697,80,22.3728813559322
4.66085357978909,5.62438717623657,5.79655945835088,7.01755790076024,7.09644353971049,7.4614732929565,80,22.8813559322034
4.61408767304067,5.57029944381922,5.76971657358015,7.00918985387106,7.08520004855531,7.46681706885002,80,23.3898305084746
4.59978031865001,5.53222352378483,5.74100085256445,6.99598156259469,7.08161596166124,7.43015121116339,80,23.8983050847458
4.56574938296193,5.46591460746129,5.67918722441457,6.97784969307035,7.05198740477746,7.4389423783243,80,24.4067796610169
4.59499909524285,5.3747267833729,5.64831626425545,6.96233883104988,7.04380839874279,7.41346715590384,80,24.9152542372881
4.57574200805524,5.39237630588243,5.62297700570266,6.93859886526049,7.02375979422076,7.41504149943688,80,25.4237288135593
4.46790670555078,5.37362661186794,5.58155070878553,6.93917744562974,7.01829612825551,7.39387979336539,80,25.9322033898305
4.44556196138777,5.3205256584649,5.55139750631565,6.93349307552475,7.01798122075558,7.37070880916577,80,26.4406779661017
4.2874621650522,5.27108629994066,5.49681355815799,6.90873138159861,7.01919936329288,7.42070146688004,80,26.9491525423729
4.19035554145593,5.22833804954871,5.45359537233852,6.9128269582536,6.9884147337832,7.36203183158395,80,27.4576271186441
4.00429939266067,5.17632960956357,5.40922158806227,6.88260507636183,6.95603968482151,7.34303883396835,80,27.9661016949153
4.08779056344173,5.14966256079326,5.3671957372954,6.86517746682335,6.95530135593986,7.31377367060846,80,28.4745762711864
4.08019434382195,5.15257370384061,5.34038585934898,6.85888118703456,6.94378163020198,7.36720737150813,80,28.9830508474576
3.82323991126644,5.07895588096337,5.32034068376566,6.84662589369201,6.93326271358812,7.3247867790367,80,29.4915254237288
3.70633365374833,5.02192135971642,5.28434182433574,6.83834772375539,6.90705953132764,7.28524883654051,80,30
1.24236616754664,1.41882944670948,1.46022538257921,2.01967586633789,2.11795795851106,4.20882499548287,81,0
1.55601796231893,1.88430182612485,3.1004239765698,5.84063197610855,5.94887740690222,6.21493007109286,81,0.508474576271186
4.3696540785247,5.74416207199356,5.84494621535716,6.54128052199955,6.59332296703991,7.01115110445107,81,1.01694915254237
5.89551156218575,6.2569773283966,6.34311044095747,6.92096999992944,6.96809824481993,7.5021528159379,81,1.52542372881356
6.2872303433319,6.54347487881664,6.61229594311385,7.14938145750159,7.20754149406811,7.9869080319327,81,2.03389830508475
6.47630432059003,6.70895543609155,6.77528066894534,7.30832917099259,7.35457542762963,7.87168098484654,81,2.54237288135593
6.54769224952969,6.83599932278906,6.88034015733422,7.41895834345086,7.46716855251629,8.02852202749667,81,3.05084745762712
6.62734902262129,6.90208352106461,6.96041710842374,7.49134287718326,7.54678076486757,8.05965576278244,81,3.5593220338983
6.73180285713274,6.94831063363782,6.99806053691004,7.5459964252386,7.60432956882932,8.37711488961004,81,4.06779661016949
6.79349146853389,6.98261141646597,7.03821413851248,7.59853892590473,7.65399974473159,8.31075294649989,81,4.57627118644068
6.75752552654203,7.00696346285041,7.05950607082479,7.62659995378511,7.6724647499056,8.02308758516356,81,5.08474576271186
6.73083620194328,7.03127588104313,7.07611974808609,7.65484738413911,7.71193956485101,8.37533134791255,81,5.59322033898305
6.74893935899639,7.02131394487968,7.0779000188394,7.67096813112203,7.72645527730584,8.30071838662598,81,6.10169491525424
6.73798218017549,7.01616179887014,7.06666282920615,7.68223558593646,7.74712595712786,8.31136626373638,81,6.61016949152542
6.71860964865881,7.02254148043554,7.06441432452089,7.68818086638977,7.76048542647061,8.320864523018,81,7.11864406779661
6.63724776696502,7.00641042060663,7.0530193884133,7.71204499362291,7.75957744502812,8.34132392301514,81,7.6271186440678
6.54468771215816,6.99135755514207,7.05058367992767,7.71283356906843,7.76807499599036,8.08357639564085,81,8.13559322033898
6.4224707752646,6.96997196818911,7.02702181155762,7.6935838344767,7.76808270418181,8.10480174038347,81,8.64406779661017
6.31718757599707,6.92489977691134,6.99254540930952,7.68661619452776,7.77109230892976,8.18694591545147,81,9.15254237288136
6.20668636185542,6.91688186581102,6.97783846554028,7.69008152544029,7.77136757960836,8.16468273301445,81,9.66101694915254
6.26029120829152,6.88764085769677,6.94960592446968,7.68388911886013,7.75723871430541,8.03940362332628,81,10.1694915254237
6.22221185185329,6.84542458993747,6.91794702109232,7.6832162361754,7.77227476961216,8.05325435600635,81,10.6779661016949
6.08124479965695,6.8168053231391,6.89111574086934,7.66472832127775,7.73964344464657,8.16643790250389,81,11.1864406779661
5.91254173146425,6.75566218701648,6.85496805225768,7.65313406317316,7.71459871286827,7.93003465518298,81,11.6949152542373
5.7498299354903,6.73283383244472,6.81790695506222,7.64512868563834,7.70088806259362,7.98216345503543,81,12.2033898305085
5.76913439109121,6.70326368672638,6.81200614017536,7.63388463364276,7.67914993896953,8.04663282229425,81,12.7118644067797
5.5473640717916,6.64816977182102,6.74968172689849,7.60710736276467,7.68573254975557,8.16556569460584,81,13.2203389830508
5.40114142766808,6.62820025349762,6.73907610025885,7.58930760998864,7.66728705866636,7.95318230700079,81,13.728813559322
5.36069143118017,6.58026383719537,6.69345155436859,7.59219526782102,7.64872163506991,7.93422679403082,81,14.2372881355932
5.1693331925297,6.53701071115579,6.66559021212199,7.56891828953128,7.65626869058037,7.97655465892343,81,14.7457627118644
5.14969228025006,6.51603428977088,6.62583640855727,7.5466077319169,7.65537403872664,7.93725406981343,81,15.2542372881356
4.99775114864075,6.45344203307274,6.60811248525278,7.55106890934923,7.60692429057737,7.94240830114571,81,15.7627118644068
4.78984588304443,6.41218495143955,6.5381818192103,7.50537228986742,7.61405297153153,7.9607056172683,81,16.271186440678
4.7204402419761,6.38087859295561,6.5138424432596,7.51509586807386,7.58828816140996,7.90133578354792,81,16.7796610169492
4.54516441916826,6.32936515679119,6.48020199484705,7.49836631667885,7.55829963587283,7.91803111167264,81,17.2881355932203
4.49554387870766,6.28462575831836,6.44022558300311,7.47672854892746,7.54497637540865,7.93368912806565,81,17.7966101694915
4.35803713496904,6.23761574134612,6.4176249192981,7.43958182444812,7.51228358012888,7.83171030195197,81,18.3050847457627
4.18243578551006,6.18067208926339,6.36313846470081,7.43840990074371,7.5271825955151,7.7682227238936,81,18.8135593220339
4.16306460855723,6.17401885197087,6.33613491033238,7.41848797547504,7.48698205945023,7.88291202141227,81,19.3220338983051
3.94286872872656,6.14216133990624,6.28825624160922,7.40118488850832,7.47393876283573,7.81739651043325,81,19.8305084745763
3.89715393995735,6.06605254917287,6.27078230728454,7.37256540483024,7.46279969320726,7.85058757683461,81,20.3389830508475
3.69726728997737,6.00639179460738,6.23940223718521,7.35857689321055,7.44130916781998,7.78496533289816,81,20.8474576271186
3.72178467095487,5.99913027447107,6.16919266274881,7.34054795005481,7.43940063581778,7.83731079672381,81,21.3559322033898
3.47568049288493,5.97012663796331,6.14640472355071,7.33206859579949,7.4382164324501,7.79694797476609,81,21.864406779661
3.43157996699302,5.88545758101376,6.08692460557958,7.31826935615848,7.38867469359529,7.77416465321933,81,22.3728813559322
3.33619079365586,5.85685290106131,6.04641276456513,7.28719187535592,7.37454450304523,7.79714609517534,81,22.8813559322034
3.27285231900494,5.78080415040108,6.0173498177229,7.26877829046493,7.37622695935629,7.76775042320116,81,23.3898305084746
3.19762186232455,5.77360308889526,5.9839542829583,7.25985320728968,7.35923788568303,7.71729024902123,81,23.8983050847458
3.05816920799619,5.72938589427029,5.91626415290483,7.25719444779197,7.30819145275648,7.69624099333179,81,24.4067796610169
3.0769715451621,5.67099957207858,5.87698403530023,7.24248442956925,7.32450495572693,7.65679131194692,81,24.9152542372881
3.20283334134153,5.62200759614651,5.86828859741803,7.2158588442088,7.30704255443186,7.68356002103752,81,25.4237288135593
2.90614110300465,5.57757002251698,5.83098382313334,7.19193131668988,7.30112343941465,7.64923586051762,81,25.9322033898305
2.92507324582281,5.4664374440968,5.78536219372192,7.16975187518803,7.27853854910221,7.66313634519906,81,26.4406779661017
2.83124529863996,5.44282229856074,5.71046404949869,7.15609736147852,7.24833812349117,7.61440860562481,81,26.9491525423729
2.66007615649857,5.39965786851687,5.69265264067196,7.14823351663866,7.2580998082716,7.56777821303755,81,27.4576271186441
2.63667041900233,5.31712520120097,5.63984203139856,7.12443752402536,7.2206555901091,7.64630445289884,81,27.9661016949153
2.57893729642559,5.3025961162524,5.58812892314762,7.11342276022629,7.23014966477252,7.58381115217041,81,28.4745762711864
2.4200757229111,5.2740775384577,5.58534833209413,7.09724459372328,7.1724904371418,7.6437976352389,81,28.9830508474576
2.51912097246588,5.20146482485515,5.51448709818666,7.07993046118262,7.16872295843051,7.52108021594304,81,29.4915254237288
2.60790250260103,5.16228323682442,5.4867902133444,7.06117851857381,7.17215044233552,7.56352429824457,81,30
1.24397836018829,1.40895719999647,1.45463363313648,1.96421709814112,2.01129111468339,2.43245720376527,82,0
1.26392849650566,1.4701666714284,1.51262619303442,4.91521910629799,5.08455236334126,5.65116493130596,82,0.508474576271186
1.56954464583236,1.83434921237645,3.12952123576384,6.06771494658778,6.16210182872258,6.41838506871642,82,1.01694915254237
4.38472697487899,5.52785597383043,5.75086789328296,6.51026226745551,6.5755848165506,6.87943103166295,82,1.52542372881356
4.10085348855708,6.06772900074882,6.13547057023302,6.74513411251162,6.81308604086208,7.09456849695853,82,2.03389830508475
4.06264951049622,6.26614765843705,6.32648931189889,6.89711156251534,6.96180817387631,7.24209066014965,82,2.54237288135593
3.83457616551841,6.35038753112688,6.42567056579452,6.9974945676474,7.03668087169005,7.29741148608433,82,3.05084745762712
3.65937574461341,6.41526657468535,6.47965658477327,7.04262757729535,7.09792816130583,7.28808827634781,82,3.5593220338983
3.60986108284296,6.43962496652201,6.49356809398281,7.09032335061927,7.1427306459431,7.30746226854741,82,4.06779661016949
3.78825491383889,6.42949569533595,6.49036107423095,7.10013354512578,7.16524759158208,7.36146859052892,82,4.57627118644068
3.65021093689647,6.40968580215853,6.47287249309687,7.10680079980949,7.17415612000754,7.38123020262008,82,5.08474576271186
3.84818551221133,6.39036840113591,6.45853626462155,7.12325384949633,7.17370453062755,7.39622390488971,82,5.59322033898305
3.02888423228124,6.33055123300262,6.43104929844706,7.11137908629507,7.16221218143712,7.33806306941094,82,6.10169491525424
2.73861940080075,6.29353135390208,6.38665877122843,7.12250245449752,7.18151235352075,7.43913580319151,82,6.61016949152542
2.236666788974,6.26300370255827,6.35309883914337,7.11104897820815,7.16827546212041,7.40342452988063,82,7.11864406779661
2.49266467947056,6.19446866434162,6.30776536640489,7.08496280052396,7.16260753137354,7.3865647659861,82,7.6271186440678
2.67411474684296,6.14927651022542,6.25921721826614,7.07926016044763,7.14691186638733,7.37242834590542,82,8.13559322033898
2.44304135483275,6.10614651199387,6.20563487096595,7.06224121498102,7.12574187928318,7.37260123540505,82,8.64406779661017
2.43687283127175,6.04829906244357,6.17013124051667,7.02810880386444,7.14634697237029,7.35861847106919,82,9.15254237288136
2.30188383428494,5.99080572620878,6.13717077244726,7.02743388900837,7.10073530236429,7.33359475446605,82,9.66101694915254
2.27974349335193,5.93422269441929,6.06050686643168,6.99566476573859,7.08548214407621,7.30820044163638,82,10.1694915254237
2.446116752849,5.85433728572661,6.01466333443111,6.97505111660792,7.07409450025083,7.32433632129594,82,10.6779661016949
2.39745764253636,5.7884387950564,5.96619260640493,6.95217556650466,7.03070199940732,7.31635169205466,82,11.1864406779661
2.24654337738391,5.71109550864116,5.93042402602048,6.93778831106983,7.03243061536914,7.36072039237524,82,11.6949152542373
2.45462936968294,5.67327111755511,5.84703269203375,6.90114006793941,7.00604206621097,7.29674355051984,82,12.2033898305085
2.31942841423404,5.58163728554891,5.80629287293351,6.88716759767849,6.99796049995564,7.35609553372533,82,12.7118644067797
2.46156364072585,5.49983995214824,5.75978289873899,6.84715671111639,6.98256022178904,7.26948465027477,82,13.2203389830508
2.2988735677554,5.4103759959232,5.68921147726435,6.83293706434003,6.96511728037414,7.24691921063354,82,13.728813559322
2.40571527028049,5.34372881973536,5.62715934053158,6.8064797777539,6.95608271637794,7.25174848571527,82,14.2372881355932
2.31572253382323,5.26543234085009,5.57634159541194,6.79010694069563,6.91770374160983,7.26173085000086,82,14.7457627118644
2.3707014982625,5.1788647552148,5.48906841671353,6.76593616556754,6.89827587409786,7.25493321213196,82,15.2542372881356
2.36478608449668,5.0980544165863,5.42205401129661,6.74662801874855,6.85722089328495,7.22415134186139,82,15.7627118644068
2.44144550449927,5.03703699487208,5.37705560398854,6.70070918930182,6.85283475392523,7.17158041605934,82,16.271186440678
2.44702402790329,4.95405295046631,5.31556490477901,6.69059633723358,6.8274044262815,7.17705249322056,82,16.7796610169492
2.33681300169943,4.92599607451399,5.28567499161915,6.66966025852889,6.84681317824818,7.21417356317788,82,17.2881355932203
2.31349462019089,4.83497286003735,5.19978174723231,6.64675353632008,6.82670395629191,7.21051728304288,82,17.7966101694915
2.34211654962816,4.75331168828873,5.1191670395719,6.64314544738178,6.80416604747416,7.10435976810128,82,18.3050847457627
2.39982878225799,4.69999747290562,5.04370992144041,6.59906409040279,6.77592376803785,7.24763700464967,82,18.8135593220339
2.36044435197479,4.65886710703469,5.00216125445944,6.58202783357808,6.72957881915931,7.13042852104845,82,19.3220338983051
2.34970965564925,4.52962333432916,4.94240485363217,6.55924650413502,6.69349891821554,7.09267426557233,82,19.8305084745763
2.18173188147231,4.52181524756724,4.85951065152703,6.53052955343197,6.6524160526947,7.10164072195604,82,20.3389830508475
2.4138197646412,4.41896989967903,4.79330312033242,6.5038034555945,6.67111077623526,7.08718151372164,82,20.8474576271186
2.35368934958652,4.34508546320427,4.73941615213145,6.51091351723027,6.62454800836814,7.09322345005239,82,21.3559322033898
2.30685862820213,4.29959057228339,4.67914768569545,6.47855870082548,6.60796413352001,7.03895641294535,82,21.864406779661
2.22764099553403,4.19130889333673,4.64256816790475,6.44559028926469,6.62808227810681,7.02144482357935,82,22.3728813559322
2.23875335241122,4.09562336493151,4.55118440970382,6.42556641683651,6.56223677548005,7.00379408176204,82,22.8813559322034
2.26038480913457,3.97438723823755,4.51455596082337,6.43650467043508,6.55759450444187,6.97128375182475,82,23.3898305084746
2.23349629725484,3.9780120152872,4.42590079045912,6.37917202509163,6.54618571056103,6.97718054094503,82,23.8983050847458
2.22729687558013,3.88604079965124,4.37269410995694,6.36205956719716,6.50982871060494,7.0277656818904,82,24.4067796610169
2.19640200861139,3.79305884322886,4.31323785546974,6.35284897446648,6.52574822154639,6.90654656728191,82,24.9152542372881
2.10643088736565,3.68525614447682,4.22398823345875,6.31613947722867,6.50673317605154,6.94034253722564,82,25.4237288135593
2.15357457440346,3.62915698126396,4.16457647182148,6.3176625135683,6.43423476547928,6.87650452148131,82,25.9322033898305
2.12647474416872,3.56291477413744,4.10401682792854,6.27462419290112,6.45100164596738,6.86652861131571,82,26.4406779661017
2.08109939463138,3.49294111597739,4.02536436523821,6.2655163056901,6.43659066877645,6.90320861376082,82,26.9491525423729
1.92861141542111,3.43321844974845,3.93807929779051,6.23759419601241,6.3762319603759,6.86688751556788,82,27.4576271186441
1.89593663335685,3.35686521688652,3.82157703013829,6.22963813619062,6.36683120001111,6.81425506348645,82,27.9661016949153
1.82055344371397,3.27942149821533,3.78132071652175,6.19598770399418,6.38993758835885,6.91021883983406,82,28.4745762711864
1.6076358775666,3.2019569587647,3.77245143196576,6.18933343466448,6.34547534423141,6.82572337888395,82,28.9830508474576
1.67110038887674,3.15242214490227,3.63937625755575,6.15636817546449,6.31978042526132,6.79944335692294,82,29.4915254237288
1.53941709847733,3.10325552630021,3.6369254462601,6.11926836550984,6.3259613798852,6.81462428658552,82,30
1.22910774706243,1.42054530962684,1.46270931276082,1.97612644121289,2.00786982292731,2.45730432668435,83,0
1.27345890767113,1.44977857243967,1.49776565493258,4.38477755176529,4.60097243443888,5.10034780630231,83,0.508474576271186
1.46122076145845,1.83112654053224,2.7382623204452,5.63537150887237,5.71172471451084,5.91720068894444,83,1.01694915254237
4.47124440474435,5.15206290300345,5.26881434740199,6.08829478340516,6.13165575532402,6.37707148775978,83,1.52542372881356
5.31571773830036,5.66759081994621,5.72143937908108,6.32442306522516,6.39330703770683,6.5580423165639,83,2.03389830508475
5.66072441237679,5.88524186641689,5.92425540104787,6.49281310666774,6.53512032724511,6.69212065373654,83,2.54237288135593
5.78242670503242,5.9966819247146,6.04511069928165,6.58360688298182,6.63661763694728,6.80395374962376,83,3.05084745762712
5.64319865831631,6.03919704745922,6.09166570830585,6.65632479025552,6.6932612299723,6.89555544679662,83,3.5593220338983
5.78783194411955,6.07091565190226,6.12806509938974,6.70386243268566,6.75519778572012,6.9647476888404,83,4.06779661016949
5.81435231287419,6.08237676849176,6.13469675808793,6.73349965478115,6.78536102340113,7.06809261990793,83,4.57627118644068
5.82179303997311,6.07265907986681,6.15242506833024,6.75700186581763,6.81861736282565,6.99822173744436,83,5.08474576271186
5.87645604384294,6.07846622440981,6.14167726293024,6.7761127300609,6.81435168197967,7.07535601879661,83,5.59322033898305
5.64795232199731,6.07665118438804,6.12295282983637,6.77910323491438,6.83443319887471,7.09690616676565,83,6.10169491525424
5.78171006495088,6.05264671423634,6.10460418508666,6.77605849955069,6.83213373370233,7.05248164102062,83,6.61016949152542
5.72304831031036,6.02829640009259,6.10063968717605,6.77211903312383,6.8170178084078,7.06946926043927,83,7.11864406779661
5.65150859143498,6.00845133306878,6.06575305776189,6.77079647722029,6.82720286243726,7.04689462587098,83,7.6271186440678
5.44035908958211,6.00233344623426,6.04325918073757,6.75555698946214,6.81583485339253,7.0254371148505,83,8.13559322033898
5.41918266808793,5.96648534160311,6.03171443989653,6.75671632520805,6.81882941995075,7.06588829907581,83,8.64406779661017
5.2924104505356,5.94947800429075,6.02049795389102,6.74608209666073,6.81531628073201,7.02840448780774,83,9.15254237288136
5.27547274150482,5.90743888407591,5.996703764056,6.71375111851975,6.78622197524839,7.02410986822338,83,9.66101694915254
5.28554391895914,5.8907392657919,5.9719326768281,6.71352515054675,6.7778322913693,7.06092794369521,83,10.1694915254237
5.24429842223165,5.84852372221897,5.953960658913,6.70198364918837,6.77286296508695,6.9458674977144,83,10.6779661016949
5.2401858933116,5.83478018417416,5.90970827829184,6.68674431032854,6.76790784647353,6.97562961003155,83,11.1864406779661
5.09727055615599,5.79624151045684,5.89271629429257,6.68397159363138,6.72660144589264,6.9495316230052,83,11.6949152542373
5.1822647853089,5.77211752602224,5.87173843315123,6.66732317854804,6.73860539462603,6.95872296065641,83,12.2033898305085
5.08034148471892,5.75703139178918,5.84724687496004,6.64878516638059,6.73747427567115,6.90011039125521,83,12.7118644067797
4.85454946298853,5.73211382581698,5.81077948864857,6.62089148407298,6.6931758606441,6.97212694552794,83,13.2203389830508
4.75493341748605,5.6804127956184,5.79242934086933,6.61765548866569,6.69316993815784,6.92097502126208,83,13.728813559322
4.6408992605124,5.66937372423566,5.75106326436809,6.59471257256437,6.67898951721588,6.98920509695082,83,14.2372881355932
4.59090123593484,5.63902612537214,5.72969157901155,6.58257873934608,6.6496473556362,6.92981030565729,83,14.7457627118644
4.6195995189654,5.59351542063572,5.70011350746034,6.57012611206523,6.6430309786434,6.85399837992486,83,15.2542372881356
4.47391813635833,5.56418460732851,5.67499753436086,6.56251862580599,6.63485879613789,6.96884733552776,83,15.7627118644068
4.34016796288634,5.54537993009752,5.6372734175864,6.53032287325466,6.60181530224337,6.89179267705653,83,16.271186440678
4.14687215170744,5.48685330094602,5.6160373364253,6.51480677493319,6.59575274338862,6.82524647640038,83,16.7796610169492
4.14436574238964,5.47228604647234,5.57475918738864,6.49693928166617,6.58717012034674,6.84520603347372,83,17.2881355932203
4.01347982951503,5.41824052844013,5.54290243911211,6.48650937350229,6.55812734151492,6.97998147042632,83,17.7966101694915
3.93203884775315,5.41691693951817,5.52278536889999,6.46506288009727,6.55031334406133,6.89930538229908,83,18.3050847457627
3.95829254952966,5.39600925317034,5.49410254689595,6.44209454723779,6.52531150655745,6.8212690472448,83,18.8135593220339
3.87059767807924,5.33037104287561,5.46961999583672,6.4275059463495,6.5235478824119,6.82552963919705,83,19.3220338983051
3.79733971110471,5.30224313585263,5.43830692993541,6.41849799561522,6.50756762623483,6.83051289665807,83,19.8305084745763
3.82159253921321,5.28379626942051,5.40489889616696,6.40685490556367,6.5058007603284,6.88530582736046,83,20.3389830508475
3.79515121366809,5.23547156586718,5.38552626582492,6.38589947017843,6.45704214042969,6.75883907057596,83,20.8474576271186
3.63576406425082,5.19568094450785,5.33779722604398,6.38366875028223,6.47976313569605,6.8323052974073,83,21.3559322033898
3.6688901866742,5.16297423715141,5.34203703903146,6.36401510908054,6.4667692816074,6.82501351463439,83,21.864406779661
3.44931878883976,5.12305229613073,5.29810695482786,6.33852693494333,6.44171792963101,6.76917476114226,83,22.3728813559322
3.28534185948817,5.09550690289486,5.2614257747331,6.32474231730177,6.42168187553336,6.79138821336299,83,22.8813559322034
3.21357245964182,5.05281069239309,5.24171192404075,6.31454519514204,6.41223148334142,6.7682769142517,83,23.3898305084746
3.20331293784953,5.03331007021049,5.20641952627856,6.28610722604278,6.39870198286184,6.76554933067522,83,23.8983050847458
3.23581841465158,5.01525873698155,5.16639462259719,6.29912705214196,6.40725023818121,6.71264340365014,83,24.4067796610169
3.24049650188609,4.98207974985686,5.14415953095629,6.26797627564246,6.34371351449828,6.64100557162334,83,24.9152542372881
3.25008989002294,4.92732697655024,5.1057611214072,6.24798888266303,6.34844380875165,6.80156173067454,83,25.4237288135593
3.32778952203147,4.86635447577533,5.07933420556553,6.23480302665746,6.34999371987947,6.70792559407129,83,25.9322033898305
3.20484280814822,4.80700621693398,5.03688586079428,6.2246703993658,6.3269650255737,6.66541913003154,83,26.4406779661017
3.33892568007115,4.78291518478819,5.01469339481762,6.21414528596537,6.32742637958973,6.73904025742922,83,26.9491525423729
3.3772696101844,4.76814205454062,4.98317842699888,6.20540507445126,6.32952755866151,6.66938476406477,83,27.4576271186441
3.21366902963575,4.70608780269172,4.9432791293401,6.19186615198793,6.29360658780181,6.67131566357181,83,27.9661016949153
3.19576994907308,4.667293853696,4.9290550474015,6.15609215988397,6.30199139527354,6.67250443464621,83,28.4745762711864
3.25099355848409,4.62971477842499,4.89220848473764,6.1364347079093,6.29208210550759,6.6222846530971,83,28.9830508474576
3.0702040476384,4.58660914229763,4.83221168271016,6.13868491114564,6.24901223356478,6.60763460509516,83,29.4915254237288
2.9617619409983,4.57668214152864,4.82194081745407,6.12997126314966,6.25454972059144,6.58298646188006,83,30
1.24769351678166,1.40173057847624,1.4630205359712,2.97155063723725,3.69726560617592,4.85095452137944,84,0
1.52153538698253,3.7231122059417,4.32018787212295,5.91167129468118,5.97611019510697,6.16464759380452,84,0.508474576271186
2.20889482689549,5.79781156341099,5.85819925336615,6.51976449247283,6.56200880919019,6.77708221991865,84,1.01694915254237
2.39217840278352,6.20165474632879,6.26269701562803,6.83265936890997,6.86949423880726,7.01482929093691,84,1.52542372881356
2.30090531857094,6.41653328127549,6.45626080829188,7.01988880598936,7.06590422898694,7.27247103900917,84,2.03389830508475
2.36182727831882,6.53563494710991,6.57966220786357,7.12588337045643,7.1764462754446,7.3383023262616,84,2.54237288135593
2.42311236742245,6.59369393238965,6.6632256378099,7.20655880869814,7.27178069704697,7.47748941033494,84,3.05084745762712
5.15951545579486,6.64128594194648,6.68919398370574,7.2659449988132,7.31785870359938,7.5053539895074,84,3.5593220338983
6.36326446573932,6.66011408671222,6.72034596051327,7.3142724784423,7.37594236798582,7.61135709705561,84,4.06779661016949
6.39435493713624,6.6811007026587,6.72549199954772,7.33976412085471,7.41853287479248,7.58735565154271,84,4.57627118644068
6.34131209338847,6.67333209144342,6.72666394924342,7.35225448245685,7.42514420187431,7.6357953433352,84,5.08474576271186
6.36676381066577,6.66141767523659,6.71080335262923,7.36595852112018,7.43359614943341,7.69184804274554,84,5.59322033898305
6.31052016509519,6.63494083727939,6.70339958325365,7.37162715888122,7.45101218854316,7.69144400306434,84,6.10169491525424
6.27442559188759,6.62948811182969,6.67886311289847,7.36907600100386,7.44452619664432,7.64100700454436,84,6.61016949152542
6.29112048587781,6.58234344630637,6.66133860358648,7.37805570710826,7.44192432020046,7.67849661649749,84,7.11864406779661
6.24434732378727,6.57399071550611,6.62673011570873,7.36681005454564,7.42483116319187,7.66175960299534,84,7.6271186440678
6.18755372030554,6.52892949693989,6.60783743877745,7.36708783212375,7.44541804657543,7.6699968149604,84,8.13559322033898
6.20630076610795,6.48781136930019,6.57993006479513,7.33295542529789,7.39986554897557,7.63859198997916,84,8.64406779661017
6.09540796020354,6.47450840343946,6.55292668788446,7.33789389274927,7.41322714108003,7.70008649057278,84,9.15254237288136
6.07524179229478,6.45580557512012,6.51724326829839,7.31882047206348,7.40899810578791,7.68083616191668,84,9.66101694915254
6.09286516871726,6.39294278937046,6.48901776485221,7.31130974352268,7.38043975482563,7.63168622319519,84,10.1694915254237
6.10309544554153,6.38364552147452,6.45151515059768,7.3024063824675,7.37724379435754,7.64944840199905,84,10.6779661016949
5.9407714219671,6.32421119262189,6.41487749495098,7.29467102773634,7.36241888539653,7.61286954691422,84,11.1864406779661
5.86580064973803,6.2710973126894,6.39293233968104,7.27061159046682,7.35214541562635,7.57137825484317,84,11.6949152542373
5.70267662173765,6.25714714133804,6.36347780204423,7.25344198875611,7.34094146264639,7.6081050673353,84,12.2033898305085
5.679190849041,6.19400076403218,6.34060179381917,7.22953873278476,7.31571914930901,7.6681596295994,84,12.7118644067797
5.46913126673677,6.18288021151842,6.29766351754198,7.21529496997741,7.3172810946283,7.63120742778293,84,13.2203389830508
5.38430400407607,6.12489050544214,6.24307105440764,7.20734735457467,7.29144251600526,7.58874565790536,84,13.728813559322
5.21345220693548,6.10443812509493,6.20954056242354,7.1854893812151,7.26646207468704,7.59521218989886,84,14.2372881355932
5.10096499421463,6.02928422406335,6.19164719954097,7.16677981906624,7.27348488706012,7.54872511004661,84,14.7457627118644
5.04436562676978,6.0475387596823,6.13077891085398,7.14697166796199,7.24618637788917,7.62999298863678,84,15.2542372881356
4.98444228001058,5.97898280273102,6.09114817052946,7.13225934953038,7.2382638171624,7.51044730652742,84,15.7627118644068
4.84786609514623,5.93201384631532,6.08342765457362,7.11166735695025,7.21193715695067,7.49395636015541,84,16.271186440678
4.77061359521169,5.92136089600556,6.04581965534818,7.10513814168617,7.19652190154461,7.52717930450508,84,16.7796610169492
4.64488583293873,5.8694862000516,6.00706673685348,7.09874003225023,7.18390364544849,7.58025687203679,84,17.2881355932203
4.62782999956335,5.82590179573481,5.98320455344075,7.07600188215197,7.17149380746732,7.53905793765767,84,17.7966101694915
4.49970949071294,5.79175671754891,5.95774054450617,7.06047743896719,7.1380717344866,7.59488751770287,84,18.3050847457627
4.55620216337729,5.7436549434855,5.91443103788796,7.05421785991738,7.15043590006025,7.57327956240841,84,18.8135593220339
4.39225169570193,5.71314042366248,5.88150129419998,7.02069370639252,7.10752050264473,7.56030393848112,84,19.3220338983051
4.29470333423106,5.67168843629063,5.8747837791194,7.01183444911156,7.11382629849051,7.56870169763688,84,19.8305084745763
4.24806562946851,5.63835332893538,5.80401956777628,6.98528844830645,7.08159587044217,7.55050261917099,84,20.3389830508475
4.05501791347371,5.57648559580532,5.77429638013491,6.9650442605434,7.06460328335999,7.5612791378787,84,20.8474576271186
4.08489155735243,5.55797990315138,5.73000474373832,6.97478513178692,7.05534642267187,7.50903180748196,84,21.3559322033898
4.07263035265311,5.53866895121065,5.72095346409852,6.92478674356148,7.05752155342342,7.52096097499212,84,21.864406779661
4.1434623396328,5.46248413699509,5.67621880895231,6.93384899218805,7.04897605788831,7.45200246427942,84,22.3728813559322
4.07719887506331,5.44118767060798,5.68269781203441,6.9123223854707,7.01623084589481,7.46036419802629,84,22.8813559322034
4.26299954587771,5.37889800259083,5.61777522302962,6.90979350954323,7.01093414548818,7.58508494914093,84,23.3898305084746
4.2060301263301,5.38048739782986,5.58886425427536,6.88440901887699,6.98966213283148,7.49656205312398,84,23.8983050847458
4.19970683131552,5.33198940997393,5.54802735638517,6.87483437577025,6.96581170421281,7.53953325343063,84,24.4067796610169
4.14085282763123,5.26178142874929,5.52645481804706,6.84998798364974,6.95478984210617,7.51133619793658,84,24.9152542372881
4.03609118313445,5.21638813019344,5.47365950609088,6.84651136969928,6.95123582015699,7.4637876740287,84,25.4237288135593
3.90024587663901,5.20179662816217,5.41741301106791,6.81880941533383,6.92643041161613,7.45601547020604,84,25.9322033898305
3.94732972920761,5.12055829624958,5.41743784325419,6.82925720083557,6.93642502666864,7.55483512628787,84,26.4406779661017
3.84370813181745,5.11934887315573,5.37557362302789,6.79398972290786,6.91997125840529,7.46414154675244,84,26.9491525423729
3.83752369679955,5.07667152659032,5.33453457742129,6.790970885131,6.8800810983563,7.41366435729909,84,27.4576271186441
3.88665049892868,5.00055895044168,5.3102052222124,6.77032688415562,6.86389088875943,7.42305805713772,84,27.9661016949153
3.51541195284445,4.96526406742237,5.26644360568406,6.7656430727745,6.8587947055515,7.46596711232838,84,28.4745762711864
3.29097752448749,4.90042176575092,5.23005958133964,6.72898560516332,6.84717518895234,7.39553071422358,84,28.9830508474576
3.00549754469702,4.86348225696576,5.20385381650852,6.73494899450854,6.82608481347954,7.43581676541583,84,29.4915254237288
3.204200650475,4.80278847665635,5.14810996606953,6.70599647328763,6.83198006437091,7.44347248405857,84,30
1.25010288279024,1.42422843325554,1.46325919676865,1.99500296922752,2.07059408158824,3.90593540943028,85,0
1.44239168545739,1.8243600217472,2.00839601440818,5.44055161197315,5.52101642635346,5.86088543615049,85,0.508474576271186
2.31558015787651,5.20356585199942,5.32975058492764,6.08594359039014,6.13754465938533,6.44683356554106,85,1.01694915254237
2.38597124156427,5.71743734063162,5.78579429499707,6.41079646599805,6.44913539478402,6.66389259134114,85,1.52542372881356
2.53926235243279,5.93579647781165,6.02153237374984,6.59665936849924,6.63539788937976,6.90668722580273,85,2.03389830508475
2.24688511657839,6.06800774843073,6.14227198453571,6.69772239988066,6.75206995652634,6.91556217801025,85,2.54237288135593
2.25377490623176,6.1358662047292,6.21626301672002,6.79812928930754,6.84067830544509,7.02134301088433,85,3.05084745762712
2.39011414959789,6.19118439594615,6.24945956764322,6.85261152454387,6.89489798462392,7.1123977872514,85,3.5593220338983
2.37766785941583,6.21229702807779,6.28397358585951,6.88378903369741,6.93458444640157,7.16640644963065,85,4.06779661016949
3.98335071237551,6.22313237524337,6.29856202222924,6.91463365500446,6.96140111090662,7.19212266257277,85,4.57627118644068
5.0252631390553,6.21243235885981,6.29043269323139,6.93454937040587,6.99058067234347,7.25127202948801,85,5.08474576271186
5.55366283297999,6.22412587034104,6.28071716089886,6.93925953143858,6.9829800826394,7.23486394406813,85,5.59322033898305
5.71888598948563,6.20257347536912,6.26838999719086,6.94608190669498,7.00428664455506,7.31353264220812,85,6.10169491525424
5.76791499881011,6.18300754317632,6.24176668824201,6.9592126216428,7.00280290234704,7.24690104529102,85,6.61016949152542
5.81863336220392,6.11977631176415,6.23404084778165,6.95423994227216,6.99894489549667,7.27594480790099,85,7.11864406779661
5.82710930322496,6.14063625993402,6.20470156716752,6.95498406871694,7.00224619034046,7.30677669324209,85,7.6271186440678
5.81778201610139,6.10257252794104,6.21728250756332,6.94832938863561,7.01163910521291,7.22797592161976,85,8.13559322033898
5.70987569635102,6.11633562079451,6.17458669551698,6.93551045297376,6.98261103427089,7.24640884675986,85,8.64406779661017
5.759532207839,6.07603298599888,6.15410785586929,6.93804943878049,6.98258936441747,7.23238356834105,85,9.15254237288136
5.70568532612945,6.04884922666603,6.13809193854769,6.8980101071428,6.95116917795219,7.25478834639996,85,9.66101694915254
5.69853982594829,6.00713708645076,6.10616150747227,6.89495186773277,6.94495335953778,7.28598748009684,85,10.1694915254237
5.63021437150217,6.01149233344677,6.0898072080961,6.88672256049879,6.94110883964954,7.25631837073448,85,10.6779661016949
5.61199842812098,5.97576183199397,6.07276439174122,6.86953442965142,6.93120907970481,7.19460923840428,85,11.1864406779661
5.51499582334474,5.93435633481711,6.04449206879715,6.85736182019506,6.92439271534778,7.18640134511301,85,11.6949152542373
5.43305229627425,5.91781605552412,6.01593227087507,6.84240430908977,6.92436594801304,7.09464511639562,85,12.2033898305085
5.32769479882219,5.89960600425802,5.99128053083195,6.82842559569758,6.90676733875468,7.11726963822584,85,12.7118644067797
5.32724887875257,5.84232808173386,5.95460154520193,6.79674327677093,6.8837347477111,7.18083736659188,85,13.2203389830508
5.3347773769546,5.80244317377906,5.91923004654526,6.79587567428403,6.8853645839671,7.15744022458887,85,13.728813559322
5.27764010812771,5.7675386571527,5.89982758087355,6.79467306666013,6.84714152426457,7.13663339476946,85,14.2372881355932
5.27009139267642,5.741083970301,5.88361032011175,6.76037001270607,6.84844700599953,7.08915359015817,85,14.7457627118644
5.24551215087482,5.70293826912376,5.85251519314612,6.75622515335924,6.81450175640478,7.08156671429548,85,15.2542372881356
5.1654419148481,5.6996024714516,5.81832232580895,6.73099214400991,6.84163646288593,7.09143109915671,85,15.7627118644068
5.09374108327435,5.61811958355723,5.7790216882221,6.72346706704594,6.80993240067018,7.06276762057439,85,16.271186440678
5.00011229698142,5.59423598361159,5.74805939161381,6.71390184941964,6.80275369173362,7.00916874517886,85,16.7796610169492
5.06241710042234,5.57666649520648,5.72058526894997,6.68956973028771,6.78382461391576,7.03383512205479,85,17.2881355932203
4.93421190212705,5.55006591702676,5.67935446720061,6.68054950251914,6.76337154351798,7.004817971998,85,17.7966101694915
4.8450142015859,5.50150222854697,5.66767604609525,6.65690022313247,6.76000049427088,7.07385954500538,85,18.3050847457627
4.766294029894,5.46324545984605,5.63083112188484,6.64862384067526,6.73776901693704,7.04569413447358,85,18.8135593220339
4.76111031969023,5.42423176989123,5.62680772329984,6.64616692763365,6.73604055911965,6.9973313702529,85,19.3220338983051
4.66085899972443,5.41921370642682,5.57281484575514,6.61842131199683,6.70885859319145,7.02421694329304,85,19.8305084745763
4.6496078056661,5.36298662861373,5.54946083153726,6.60405975635383,6.70959423251885,6.96677575472236,85,20.3389830508475
4.56607658845626,5.31852169616699,5.50960168991239,6.58773127453425,6.70594867425207,7.01551518810997,85,20.8474576271186
4.52787117751796,5.29375523657802,5.51405856060081,6.57268675565806,6.69316886231424,6.96598804103165,85,21.3559322033898
4.43557598245747,5.26233187887588,5.47373428592798,6.56772991607989,6.65983236445526,6.89447935306688,85,21.864406779661
4.24947135833622,5.22262502473602,5.42378667168773,6.55640495144816,6.66533245845993,6.87828842044266,85,22.3728813559322
4.27659173168404,5.18766229338122,5.4071008052301,6.53555901254159,6.65334794192415,6.91633857479393,85,22.8813559322034
4.2804775426147,5.14304314023041,5.36071497508733,6.52709795801825,6.6307754975714,6.87621589302632,85,23.3898305084746
4.11539022384001,5.11579607982601,5.31970609177395,6.52183393052789,6.59911142691728,6.8846234286944,85,23.8983050847458
3.98007151813141,5.06301368618621,5.30537066494223,6.48497660024177,6.59055668775142,6.84563874164215,85,24.4067796610169
3.95024032877271,5.04557769429255,5.26037532182678,6.50383197747422,6.60638015312038,6.88125884164639,85,24.9152542372881
3.83912514604263,5.04422464721292,5.23440542930862,6.46875764508789,6.58332826075185,6.85748616813402,85,25.4237288135593
3.80479159949753,4.96047432733575,5.17619027471576,6.47904268271697,6.56060076967414,6.86680521303783,85,25.9322033898305
3.75923739933236,4.95066661813928,5.15738068617003,6.45460329769265,6.53623256661794,6.83219115384247,85,26.4406779661017
3.61686259467324,4.93213601647941,5.10112102024647,6.45030438201483,6.54659608824573,6.83348826569055,85,26.9491525423729
3.48218248900843,4.88086715991881,5.07373212671519,6.42732393532746,6.53117801824476,6.85643550577376,85,27.4576271186441
3.45977844791786,4.81069350779828,5.02411926726662,6.42261752739655,6.54251608401548,6.7980642049571,85,27.9661016949153
3.54225455147965,4.78235064191385,5.04334372498251,6.40491676620922,6.51486819608736,6.85215671212773,85,28.4745762711864
3.49070819055224,4.7856867713987,4.98594048600671,6.39637436726752,6.49116975119385,6.77047670080887,85,28.9830508474576
3.43511220827451,4.74354902616327,4.97108322221133,6.39918689747088,6.49672612234927,6.84887957100179,85,29.4915254237288
3.25696439155423,4.71066541292376,4.93383158772247,6.3794291719424,6.48006770908226,6.78326924173015,85,30
1.22417526928633,1.41282741371692,1.45720525490757,1.9606128714554,2.00497382615202,2.42735863150562,86,0
1.32581818154739,1.52323283354035,1.59702627139795,5.26112577611048,5.4062054020346,5.76501315269519,86,0.508474576271186
1.7126340181074,4.46110709689997,4.74736012539392,6.13058780133517,6.19988603209916,6.49096760795817,86,1.01694915254237
1.79141179167077,5.80433871441888,5.88558019691264,6.53035127968051,6.58850153043581,6.75105075422292,86,1.52542372881356
5.82178448670026,6.1442932868636,6.1971762345793,6.74272278584637,6.79423172830158,6.97063805369425,86,2.03389830508475
5.88355184323696,6.30406455643495,6.35257295482524,6.88536848436597,6.92917943891111,7.07203218916418,86,2.54237288135593
6.0139559497585,6.38455302318232,6.43080048003724,6.97921869387036,7.03102637797922,7.1737334602507,86,3.05084745762712
6.02101278164239,6.42410465843948,6.46480210330913,7.03932916392503,7.0819813482586,7.22624945494227,86,3.5593220338983
6.13003836951692,6.44259909909318,6.51524101652184,7.09235271449502,7.13884896399854,7.333887719646,86,4.06779661016949
6.05217222168967,6.44439171951693,6.49853091921819,7.10438953183683,7.1438403572017,7.29951469729647,86,4.57627118644068
6.02025070770487,6.46176785555879,6.51659031624123,7.11137313321083,7.16454403980043,7.41657514254334,86,5.08474576271186
6.07695093613592,6.43773918614748,6.50340259414973,7.13293466817274,7.18515559477258,7.38343894792042,86,5.59322033898305
6.01747823185452,6.43708463705438,6.48952634539683,7.11269768058876,7.19272327686157,7.46444272682387,86,6.10169491525424
5.97937630802806,6.41647499372107,6.48599933672712,7.12252868157723,7.18038384421399,7.37861362791894,86,6.61016949152542
5.8911619794629,6.41271378870784,6.45925545645549,7.11065621380054,7.17113618233077,7.54937822353132,86,7.11864406779661
5.82808431681163,6.37656208410265,6.42502629378928,7.10552995277854,7.16886263112744,7.54031602803616,86,7.6271186440678
5.76152444385813,6.34785423931162,6.41748059927986,7.09773214202922,7.16932610073305,7.59784511162272,86,8.13559322033898
5.57318271167762,6.33503011113946,6.38863027266465,7.0803485046104,7.16257169519243,7.54107408907418,86,8.64406779661017
5.68539146152436,6.30526639950187,6.37949878152711,7.08562083945229,7.15277940987974,7.65684087837041,86,9.15254237288136
5.62852928750497,6.29109066155698,6.36514714786224,7.07046579618017,7.14250421842558,7.50156981623884,86,9.66101694915254
5.47589642409682,6.24856112371017,6.31875151928711,7.05137871896971,7.12875741440715,7.43958022975202,86,10.1694915254237
5.47320447553407,6.23865219381751,6.30479859423982,7.0359346467393,7.10370107564773,7.44689195788789,86,10.6779661016949
5.35350867965999,6.19564185291949,6.2942449161293,7.01719151691331,7.10390964766251,7.35160280649174,86,11.1864406779661
5.29032770572737,6.1686266654788,6.25568551625016,7.00509412786236,7.103986397575,7.5156042443436,86,11.6949152542373
5.27421349691312,6.16225215240862,6.23770401195326,6.99185667437819,7.07727625256679,7.41932104900513,86,12.2033898305085
5.22940957933687,6.12647110292834,6.20013445935183,6.9794362676089,7.04789850978105,7.46721647519433,86,12.7118644067797
5.2072116554515,6.09968314385297,6.17062610006675,6.96307483093013,7.03898155575648,7.33012433795058,86,13.2203389830508
5.15117159936583,6.04951379640009,6.13735044000546,6.95747797417594,7.03621065834016,7.57417475011001,86,13.728813559322
5.23057269187325,6.02902550899806,6.11802497057154,6.9415363077755,7.03758919910339,7.42475782167052,86,14.2372881355932
5.11541240838317,5.99386773858099,6.08202718645679,6.92176175622098,7.02214408106451,7.2932458456319,86,14.7457627118644
5.06382227852751,5.96954718442388,6.04206976234029,6.89517071460618,7.00836952435422,7.42961107561612,86,15.2542372881356
4.90698556588026,5.94911543387274,6.03289021159574,6.89871859900222,6.99944353479557,7.37943807601101,86,15.7627118644068
4.91279832328511,5.89971455049523,5.99784807430076,6.86436095607906,7.00264409861982,7.25205249367593,86,16.271186440678
4.86706439537643,5.85972073352282,5.94282190392134,6.85853507858965,6.98089219450269,7.49103408780373,86,16.7796610169492
4.77227867390339,5.85385755999543,5.9314136504678,6.85388360619477,6.96249027911676,7.23899648711131,86,17.2881355932203
4.85638283047428,5.81846978119409,5.89020960572762,6.84704712170102,6.94547881168836,7.50735487567572,86,17.7966101694915
4.78383276245226,5.76818310767597,5.86420895682764,6.82666912085299,6.90822469565326,7.46090368400472,86,18.3050847457627
4.729596767035,5.75174417701828,5.82588841540566,6.80277783718795,6.92301834383063,7.6071304298506,86,18.8135593220339
4.68169250626778,5.69175503265344,5.78386344619599,6.80575252226361,6.90261541538554,7.40637460864699,86,19.3220338983051
4.59130677205891,5.65946522219874,5.76941484259851,6.79513340228611,6.88433700664281,7.381003912313,86,19.8305084745763
4.58285647490926,5.63159675637713,5.74766556459664,6.77941344398664,6.88261734560098,7.56923483912894,86,20.3389830508475
4.37861236604869,5.58916634560263,5.72240345027715,6.7648024236045,6.85430494437583,7.22062479278107,86,20.8474576271186
4.3866541203848,5.54467877343733,5.68111352301327,6.76637733153177,6.86077117320275,7.50827328271208,86,21.3559322033898
4.20482651071327,5.52020266942241,5.65056240779034,6.75245743584899,6.83987259366267,7.29413472846509,86,21.864406779661
4.08239859466036,5.49653884576486,5.61609616911332,6.7339687520627,6.82339314689293,7.5679034834852,86,22.3728813559322
4.15892504729652,5.45474208537874,5.57334038416515,6.72611265309062,6.81227007799362,7.33023376972077,86,22.8813559322034
4.14107422244641,5.38493911761803,5.52571626395918,6.71140165596428,6.81444175791509,7.43994608885534,86,23.3898305084746
4.09149664353177,5.36083861517501,5.48483059844713,6.7000264616875,6.79612795101813,7.24077708036785,86,23.8983050847458
4.02111188072386,5.31933219745001,5.46593574568503,6.67943549424125,6.79316808722731,7.36977534879043,86,24.4067796610169
3.99621503598987,5.28273126373549,5.44402386345178,6.66633977503508,6.78674237636474,7.3614301842418,86,24.9152542372881
4.01902357709983,5.25419567038112,5.40158292642794,6.64663501140603,6.78168632406158,7.1927070694121,86,25.4237288135593
3.89484287235006,5.22946651926335,5.35026600403716,6.64286348208856,6.77212484284739,7.31008747512735,86,25.9322033898305
3.79598818807683,5.18156486550855,5.30602627315896,6.63757866215812,6.76442818115222,7.42708312480685,86,26.4406779661017
3.75983425265179,5.163838972098,5.29045967285882,6.62409651613659,6.74592592462692,7.32564332220331,86,26.9491525423729
3.69183137385557,5.10706179494117,5.26074043107119,6.60354499280215,6.72576454194395,7.31799262372915,86,27.4576271186441
3.76318596177113,5.08040250258176,5.24037688373587,6.58919077983111,6.73612046744798,7.49062029289372,86,27.9661016949153
3.6079945983529,5.04544995185997,5.18066461313222,6.58475115593432,6.70661273152785,7.45267079751437,86,28.4745762711864
3.47263006151736,5.03484301040164,5.15304643382288,6.57639751383018,6.70263076002444,7.43582486688904,86,28.9830508474576
3.44043369471827,4.94940315173585,5.09977257705646,6.57180509478982,6.69224943868095,7.23493681405777,86,29.4915254237288
3.38799278714675,4.91317417055704,5.08157600211336,6.5617032889551,6.68243129079742,7.34262644918556,86,30
1.27734423629512,1.41331253271905,1.45951290137307,1.98433704647019,2.06342492234111,3.41024717337274,87,0
1.46011742544745,1.69951241924143,1.8361478401662,5.60779742861097,5.71535294793207,6.16957155443601,87,0.508474576271186
4.39853767745415,5.40221500490974,5.51743000506247,6.33861777227119,6.40621090262881,6.79294571115689,87,1.01694915254237
4.91011394591402,6.01067220479938,6.07559664145896,6.6891778232225,6.75085398601941,6.98293962894184,87,1.52542372881356
5.05022271963457,6.2742420033104,6.3533535533178,6.91036631003596,6.98235344387048,7.26032471005719,87,2.03389830508475
5.12121044747955,6.43534091468511,6.49411315943884,7.06151362751106,7.12120983928718,7.33394087508992,87,2.54237288135593
5.51988722746594,6.55276303025538,6.60968563480745,7.15894485838607,7.21732711024445,7.48898310442454,87,3.05084745762712
5.29737775630163,6.60846862348601,6.66347510918905,7.23264214804592,7.28942784431725,7.47232571628287,87,3.5593220338983
5.52550328532563,6.66381482874847,6.71249009186805,7.27669719047042,7.35010080218788,7.55146209351461,87,4.06779661016949
5.65920013670171,6.68014360509952,6.73829226248036,7.30578816055809,7.39765390007224,7.57126563472811,87,4.57627118644068
5.75528571204096,6.68105819902778,6.74324209290586,7.33740915248899,7.39494263212072,7.66312999874392,87,5.08474576271186
5.54422907992489,6.67453594888259,6.75269712303061,7.36812278063313,7.43548539557177,7.66494053600803,87,5.59322033898305
5.67433319521223,6.67539140050069,6.73915280128461,7.36991610918582,7.44481942726124,7.67362876145413,87,6.10169491525424
5.73149456801247,6.65996581372555,6.71768430921229,7.38151760345816,7.4465819527349,7.80329648185124,87,6.61016949152542
5.54174166565492,6.63164486269047,6.70101471223737,7.37455404061159,7.43782410806363,7.74290504758042,87,7.11864406779661
5.65107048049668,6.61495968049582,6.69087245860655,7.36847411345931,7.47072348234232,7.73062730412118,87,7.6271186440678
5.47080623122803,6.5821141262805,6.66803687149685,7.37213346560095,7.43225957600652,7.73318652524735,87,8.13559322033898
5.5117618900086,6.55436030046206,6.63426503044894,7.36301251090827,7.43616615586233,7.76628607937173,87,8.64406779661017
5.4816871155743,6.52246950056363,6.6100918256671,7.3671769745803,7.43415997057533,7.78096260516814,87,9.15254237288136
5.62204403439751,6.47287481016169,6.57704698741246,7.33735722683229,7.43370504682621,7.67941110802004,87,9.66101694915254
5.2065639435878,6.47617155454475,6.54838895935495,7.33602975472957,7.40996953817695,7.66871628795188,87,10.1694915254237
5.3618977477729,6.42404665553411,6.53075086605729,7.32228628719452,7.41952566106486,7.75460385325864,87,10.6779661016949
5.34435661556476,6.38395551846464,6.4816625656468,7.31393892702454,7.38714476367737,7.77161408045752,87,11.1864406779661
5.42046611352308,6.33749781737533,6.46297692265282,7.29591856797633,7.3724485295257,7.67406674974371,87,11.6949152542373
5.4297195962857,6.30175204886934,6.43360625848936,7.27967524481628,7.3793035870777,7.63405880507329,87,12.2033898305085
5.42221641210777,6.25951995844528,6.38494006913665,7.26535795349094,7.34254383466513,7.6911630617726,87,12.7118644067797
5.2838526887884,6.22265954687,6.35559801778495,7.23690977513648,7.33876766402651,7.66803672539361,87,13.2203389830508
5.25371359269392,6.19524775758067,6.32342564035118,7.24103470990333,7.34002911603834,7.70651485609847,87,13.728813559322
5.02875350113321,6.11663757171385,6.27973180997048,7.20049591741952,7.29581504493944,7.6741125739974,87,14.2372881355932
4.7522360493901,6.09443921120193,6.23048812035486,7.18934640832505,7.30776378792118,7.67337515584154,87,14.7457627118644
4.63843083589204,6.06407569888378,6.21352242318963,7.18353739214305,7.26974167471027,7.7253448290147,87,15.2542372881356
4.49581077702378,5.97502704196983,6.18693773103778,7.16379148089143,7.2729494767194,7.63337956496342,87,15.7627118644068
4.39896035275731,5.94683591063421,6.14578538629082,7.15111133994759,7.26251151053017,7.64620498732316,87,16.271186440678
4.490120405908,5.91112974721191,6.10986028614076,7.12661546575638,7.22272330113431,7.60289623556441,87,16.7796610169492
4.33432119541495,5.86128815590176,6.06388614737288,7.10769700286058,7.20741134985897,7.59631370420963,87,17.2881355932203
4.41891567263138,5.8338256852476,6.02299030773664,7.08122566477881,7.21469059849549,7.58602935068481,87,17.7966101694915
4.28888518719518,5.76818520223768,5.9623420469681,7.0886474572489,7.17689069278472,7.55476464103037,87,18.3050847457627
4.34180261129034,5.76304058057711,5.92968745095543,7.06029869886942,7.16991808333467,7.60553311967229,87,18.8135593220339
4.12031393474668,5.68757244961225,5.90806157482978,7.03662013042523,7.14651013662582,7.56899050443285,87,19.3220338983051
3.99940278517457,5.66453990712639,5.86355588737954,7.02567489308496,7.13714243586716,7.48103248325345,87,19.8305084745763
4.01805693267457,5.58472599541406,5.80360819567746,7.0113468044524,7.12288781057632,7.55003646923091,87,20.3389830508475
4.02588040293061,5.58616850177267,5.7674574813425,6.98919861000651,7.10170064211915,7.48890611073846,87,20.8474576271186
4.0223922945605,5.4906303360203,5.73523613148688,6.96996952939687,7.09218403140097,7.46376701738774,87,21.3559322033898
3.88665393228958,5.46695938775249,5.7159361659745,6.9747875471757,7.07743206819658,7.49449284789476,87,21.864406779661
3.45966999920059,5.37316024970813,5.67069588701164,6.96207514651142,7.05701937439728,7.52515082612993,87,22.3728813559322
3.41321626867256,5.32185171406812,5.6270864180816,6.94794004270889,7.0548877345407,7.50833321010625,87,22.8813559322034
3.2806658440142,5.2705147907039,5.58012119483923,6.91018489428558,7.00599868277675,7.41247915302982,87,23.3898305084746
2.88420388469902,5.25976436519819,5.53512915701812,6.89479627449651,7.00639048859984,7.40254793387724,87,23.8983050847458
2.75180748227391,5.20896307768842,5.50116912873677,6.88999845688966,6.98736542061254,7.44291892392513,87,24.4067796610169
2.44060665644824,5.21498073878051,5.4393641771243,6.86530437612158,6.95614948300029,7.4120580728787,87,24.9152542372881
2.27140357898237,5.15036398749915,5.41507694466031,6.84578324781722,6.94145084731038,7.43316367992782,87,25.4237288135593
2.4929582254896,5.09831388397735,5.38429918665281,6.85282358191255,6.94422351031165,7.39177091761215,87,25.9322033898305
2.46701960606501,5.01430571308565,5.36513470718646,6.82641695073778,6.91416914193238,7.33940490698022,87,26.4406779661017
2.4971717000476,4.96889835110934,5.30544107587762,6.81301538094503,6.90014265758884,7.38555158754956,87,26.9491525423729
2.40597025807326,4.98811554296838,5.24475377485623,6.78991402107957,6.8921882032161,7.41734381904091,87,27.4576271186441
2.3300739100886,4.89865985403463,5.22334260854848,6.77677763815582,6.8699104850865,7.42253575110795,87,27.9661016949153
2.08279063026887,4.89710293506552,5.17375726220233,6.75172552012079,6.84384050402327,7.34302816677438,87,28.4745762711864
1.91540836475757,4.83163847354823,5.13572877315982,6.74173950125656,6.83785074707733,7.38131272374006,87,28.9830508474576
1.87192554432907,4.71458858794402,5.1028799315105,6.7249264502656,6.83509270649968,7.346562532702,87,29.4915254237288
1.88591019635935,4.72461390015053,5.05325195482447,6.71483596861908,6.80083128505032,7.31600755160325,87,30
1.25014776901133,1.41440025411234,1.46301489909267,1.96437632412324,2.00127310715227,2.4212906457744,88,0
1.26433078736812,1.44788075124546,1.49762084305856,4.88907049488142,5.05405274004469,5.57794491123683,88,0.508474576271186
1.5054639998765,3.80390377309746,4.16431486239954,5.88077568822568,5.9399833306253,6.35312968158361,88,1.01694915254237
4.77162209471891,5.48372101238978,5.56686146708668,6.31714358531874,6.3972365638598,6.73443452035205,88,1.52542372881356
5.56443377310091,5.86826758233994,5.9086704097169,6.5133439971832,6.61076786985662,6.86521398436784,88,2.03389830508475
5.76381909183583,6.0041841940129,6.07670289686492,6.65349110011819,6.73095207095095,6.95728400657279,88,2.54237288135593
5.77917869800239,6.07623164588945,6.15607049891392,6.74350424392111,6.81554240680611,7.07722533039216,88,3.05084745762712
5.71412138873846,6.12753214870647,6.18650216316668,6.79128901693204,6.85516592139459,7.22310131082776,88,3.5593220338983
5.78540219424067,6.14582535294092,6.19370558149077,6.82924724989992,6.88599563328472,7.19975758795272,88,4.06779661016949
5.71733099456443,6.13020740596617,6.18169163253081,6.84749284953771,6.89853826894559,7.22937176472563,88,4.57627118644068
5.75352982736909,6.11156924591535,6.17894153069501,6.85122445809046,6.90318386391198,7.2242230779645,88,5.08474576271186
5.63065357518072,6.09630321738679,6.15863940328635,6.85024550314862,6.90931133540595,7.17788628489005,88,5.59322033898305
5.60561620612909,6.05333030188457,6.14811524314015,6.8433384924311,6.90867606427533,7.18148622804491,88,6.10169491525424
5.56612575908949,6.02652002860978,6.10872079848605,6.83870295963316,6.89591841510494,7.16587720064004,88,6.61016949152542
5.51463309388298,5.98956780912831,6.09864068117128,6.84074840970429,6.89359870555344,7.15797658275205,88,7.11864406779661
5.45636172951755,5.94578651512373,6.08640148451478,6.82263811373957,6.86224054973547,7.12655968414408,88,7.6271186440678
5.40157460619458,5.94499489354184,6.04252676994556,6.80819151684832,6.86630130833836,7.1783385062467,88,8.13559322033898
5.29545770065794,5.92141278853133,6.01772656281558,6.79754283033351,6.84603925974251,7.20059397749547,88,8.64406779661017
5.18327371885912,5.84926452507066,5.99272870615072,6.78629771111454,6.83486215226856,7.21584330680191,88,9.15254237288136
5.1381760105387,5.8462619415238,5.97224992715835,6.76400800951953,6.85021057179941,7.09773104693365,88,9.66101694915254
4.95664054837328,5.83205401030298,5.93747810617408,6.76039730462847,6.80610343563876,7.12474451087659,88,10.1694915254237
4.90676334152326,5.78980910672711,5.90642034610311,6.73341485853343,6.80587575361653,7.09594110101478,88,10.6779661016949
4.77469457740936,5.73223364809325,5.87869176454816,6.72532510424538,6.81302408058089,7.13281951873495,88,11.1864406779661
4.62879799173842,5.6962422418247,5.84531457465835,6.71210755787395,6.79336381405066,7.08191762663593,88,11.6949152542373
4.59454396575797,5.66344792018491,5.81051660457603,6.6891209302081,6.75760844925052,7.04089689732468,88,12.2033898305085
4.54914892410982,5.61614640543564,5.77740751603109,6.67159255745785,6.74549575294387,7.05791943029078,88,12.7118644067797
4.47122536934277,5.57748654233264,5.7471196826004,6.66095109830383,6.73564016006885,7.02800815956459,88,13.2203389830508
4.3598566032324,5.59231143968812,5.70905926984788,6.65971965532355,6.73124166778493,7.07226038165962,88,13.728813559322
4.17044321964921,5.54298816045925,5.67938693365505,6.6421410647273,6.71206078214635,7.04720807372239,88,14.2372881355932
4.21392016881297,5.48473549328802,5.64657859316378,6.63546327151738,6.70740660972948,7.04288331359402,88,14.7457627118644
4.23092797400427,5.43353857476764,5.6111763047681,6.61208390076975,6.7018219622844,7.02944782054007,88,15.2542372881356
4.2429162902707,5.38080979419963,5.5748328299097,6.59350542788689,6.67745634468941,7.04495224981012,88,15.7627118644068
3.93735179710402,5.38890814292549,5.54729782465924,6.58095775141827,6.6593675721561,7.07092668414866,88,16.271186440678
3.69730096529367,5.35530784402228,5.48083904932245,6.58319979785326,6.66588883686469,7.13417775836968,88,16.7796610169492
3.66912444007116,5.30121097834372,5.46591960519322,6.55706220149575,6.6349912814742,7.05520684584017,88,17.2881355932203
3.61263596304623,5.2594300151112,5.44571319763199,6.53812970315471,6.61705920132839,6.99167809221923,88,17.7966101694915
3.4729201398845,5.22386040423545,5.38854841032787,6.54751857584991,6.6199561250588,6.96053519407381,88,18.3050847457627
3.29460304039986,5.15720950507166,5.38229373998781,6.52945615988716,6.59349766402051,6.94241006776802,88,18.8135593220339
3.08882500282864,5.13254598465093,5.31123664128606,6.51228796958297,6.59410821651129,6.94414611840975,88,19.3220338983051
2.86442723679225,5.07623821083466,5.27466140189111,6.5031329927325,6.55683972354958,6.99866375101198,88,19.8305084745763
2.76855439880641,5.03889731890508,5.25239508939499,6.48593070345597,6.56574337802639,6.98035975738534,88,20.3389830508475
2.6206702130657,5.00080396724244,5.2339323150564,6.48314526228213,6.55470070262631,6.90631938934018,88,20.8474576271186
2.51910147600966,4.94720812037269,5.17944418013215,6.46816441173422,6.54249921297117,6.89311993054041,88,21.3559322033898
2.26034901423337,4.90253121700295,5.16812466228167,6.4466433065259,6.51242050169263,6.91375530551927,88,21.864406779661
2.21118735184029,4.88442068217588,5.13023376588939,6.44311019873724,6.53494354446926,6.98911149115946,88,22.3728813559322
2.12754103045097,4.82248717441946,5.04763839435246,6.42940688352085,6.49438050200846,6.88720732518067,88,22.8813559322034
2.11076359030064,4.77353881814776,5.0565222776353,6.42693833139564,6.48576948967911,6.9302057956203,88,23.3898305084746
2.10073326241182,4.71377198926622,4.99980262366536,6.39071682378006,6.46425855188247,6.91409389245318,88,23.8983050847458
2.0616981288584,4.67666416302147,4.95337234761522,6.3838311067171,6.46090712378456,6.94725842624306,88,24.4067796610169
1.87365131155706,4.62558511494993,4.92374556200934,6.37031718497033,6.45490395453833,6.89884395205053,88,24.9152542372881
1.96929239539211,4.60468868489251,4.86958728539849,6.36486620293905,6.43074239537265,6.88650106161241,88,25.4237288135593
1.95325073913369,4.53538378818085,4.85154308231183,6.35774768008482,6.42186401430017,6.88873615523927,88,25.9322033898305
1.91977526279372,4.49735853544309,4.81280962822798,6.32990013306405,6.41370535732866,6.89452760911213,88,26.4406779661017
1.82194935885432,4.44518449212205,4.75315871983225,6.32317619187498,6.4076634884797,6.83704987833738,88,26.9491525423729
1.91877205623885,4.39524187527575,4.71138090808878,6.30989438340863,6.37303156531809,6.79645304251969,88,27.4576271186441
1.87846220099739,4.35291181906196,4.68788447370772,6.293994109762,6.37703085407236,6.80782556931849,88,27.9661016949153
1.90992545546781,4.29691539534439,4.62501904069352,6.27816819472173,6.37568041501193,6.85411253296461,88,28.4745762711864
1.9395350914706,4.24546866953662,4.58921908976338,6.27521815737135,6.35806495274101,6.75700573800913,88,28.9830508474576
1.9110254424519,4.17605046219677,4.56630651183122,6.25644195302431,6.35508960187094,6.76914997422463,88,29.4915254237288
1.92401565063971,4.15565268119155,4.51926261590845,6.23963047561524,6.31720571432242,6.79025544684937,88,30
1.21541752799805,1.4247396176966,1.47153680577494,3.66646495625633,4.10983769645808,5.26560972255845,89,0
1.62897892634146,4.1821287955161,4.81163087727836,6.10441473474293,6.18326832708058,6.4429165504151,89,0.508474576271186
5.65534050680078,5.96708365358372,6.03272613534226,6.71002497766735,6.77932440806602,6.96637495769176,89,1.01694915254237
6.22935483661343,6.36669585868789,6.43456330821624,7.03536876750789,7.09232886731805,7.31518964425136,89,1.52542372881356
6.3935954974391,6.59565733839275,6.6357541371765,7.22623276097121,7.28815131399259,7.53595152079929,89,2.03389830508475
6.36621588089644,6.74029158983406,6.78088267227642,7.36284138391046,7.40698860155103,7.73542842985904,89,2.54237288135593
6.59743683683937,6.8120665370184,6.87026086758356,7.43904238754183,7.50000101450635,7.74937420735961,89,3.05084745762712
6.47610590220338,6.85546776876656,6.92327690419511,7.51243306122234,7.57335768148055,7.91958478412208,89,3.5593220338983
6.62842562799103,6.90338900273244,6.95674537196879,7.55575976744529,7.62423185303762,7.91533944536954,89,4.06779661016949
6.57081871883861,6.90678706056007,6.98345500174128,7.58916950753397,7.6445839690605,8.0114867974765,89,4.57627118644068
6.61409028197165,6.92242825979957,6.98952164577985,7.62983069930636,7.68530901537601,7.9980277880236,89,5.08474576271186
6.59966648408623,6.93358720848688,7.01003533685726,7.64237350893185,7.70763396501658,8.04975610950268,89,5.59322033898305
6.50607078983078,6.94750964401508,6.99876389880998,7.65175089744826,7.69893617607129,8.14463159041625,89,6.10169491525424
6.57028842145252,6.93476446192505,6.99553543828855,7.65934104978673,7.71363229574986,8.12797358655683,89,6.61016949152542
6.55265902441952,6.92356915443024,6.98329600711967,7.66157293477343,7.70815590629023,8.07999347176769,89,7.11864406779661
6.50212971188839,6.9103382105653,6.96519700780817,7.65933406727908,7.72140935384479,8.16453626866425,89,7.6271186440678
6.49077921642063,6.87537246739146,6.93221607994711,7.65412804430767,7.70077996678419,8.10236551509987,89,8.13559322033898
6.46024511456268,6.86489263336748,6.92735904971954,7.6357691132277,7.68786835964262,8.09260486162455,89,8.64406779661017
6.25943379739214,6.83184516695096,6.91547982881409,7.63495738176814,7.69604287007882,8.10364620910734,89,9.15254237288136
6.24558860772351,6.82742520059492,6.89294941029389,7.63551158285418,7.70187309511908,8.00134060728454,89,9.66101694915254
6.19633560517745,6.78237247440444,6.86349778048565,7.62790563912291,7.67767669228641,8.09914480373023,89,10.1694915254237
6.12185417578848,6.78053100411079,6.8418567939671,7.61244175405069,7.66248029682237,7.9139318061454,89,10.6779661016949
5.99747716129883,6.74055712423718,6.81542996153218,7.5947203139097,7.65271615688716,8.02723843012414,89,11.1864406779661
5.99908619681869,6.70073608666501,6.79203291289008,7.59124567934378,7.6529755513078,7.93315732146321,89,11.6949152542373
5.93104165691624,6.68435632984209,6.76713175345964,7.56684283805471,7.61418265437498,7.95108193073837,89,12.2033898305085
5.97207005544165,6.65733135393009,6.74613629607468,7.56709837334754,7.60725552661708,8.02105517637287,89,12.7118644067797
5.8624460953145,6.60632762955466,6.71098221727344,7.542681219396,7.61266244144662,7.91574240099145,89,13.2203389830508
5.83301085493269,6.57798832770743,6.68577651293058,7.53159507922785,7.58996808998015,7.9723251210592,89,13.728813559322
5.7664425061376,6.55801760787659,6.66828966171558,7.50905497068383,7.57833080949946,7.87982604499257,89,14.2372881355932
5.68173463086978,6.53400539283089,6.62219004619362,7.5086878491847,7.57622486945653,7.82159539628398,89,14.7457627118644
5.62367891459758,6.45792363375014,6.58672874370526,7.48345942639223,7.54624695532458,7.87749250477366,89,15.2542372881356
5.59671620672847,6.48131284565559,6.56140212966203,7.47129168892186,7.54356506157416,7.8600700494779,89,15.7627118644068
5.48614223133216,6.42852551135121,6.53972447725989,7.46473264593884,7.52277683419413,7.87231970039242,89,16.271186440678
5.38588107534733,6.39771339380786,6.4924260276519,7.45695977963098,7.50437288927684,7.76280143367755,89,16.7796610169492
5.3325236663522,6.34977207337495,6.4809898556233,7.42579342356745,7.50166774056352,7.72355853551546,89,17.2881355932203
5.29526500931715,6.27135451976591,6.43848523682151,7.41477319042479,7.48417252394507,7.81616264027468,89,17.7966101694915
5.19449765134745,6.26554087517856,6.4028016563388,7.40327917467129,7.46616727106542,7.7997972864177,89,18.3050847457627
5.0945885675788,6.19671332426008,6.38044321019453,7.38033144977728,7.46090622804579,7.69035199027727,89,18.8135593220339
5.04352132360382,6.18544173119849,6.35358760622322,7.37573884330009,7.43792817656661,7.67887714064239,89,19.3220338983051
4.86091019307304,6.14010847809565,6.31828781058193,7.36633320778208,7.44201509616595,7.74553527004196,89,19.8305084745763
4.79767458386238,6.08667985012759,6.28887493649208,7.3452949690112,7.40755601667616,7.77526194490875,89,20.3389830508475
4.64536395790185,6.05113859306357,6.25168748038104,7.33702861484255,7.39901685692736,7.63271445442989,89,20.8474576271186
4.53129910407222,6.02077154135325,6.22095621321293,7.31464684460121,7.37337054440797,7.61746618280745,89,21.3559322033898
4.51710613553597,5.98618297748692,6.1555071397172,7.28813621995134,7.37379287403732,7.71673346837784,89,21.864406779661
4.45606291497092,5.97071050742888,6.14504095858156,7.27515468561838,7.35870011337897,7.64904158927247,89,22.3728813559322
4.41978924216357,5.90052572689765,6.1116956196504,7.26772725627016,7.33852351292533,7.58649200833737,89,22.8813559322034
4.21756064284776,5.85588548338134,6.06533561112058,7.2546355823909,7.33944430088852,7.60453681483269,89,23.3898305084746
4.32628388589348,5.82067087892709,6.05712088825595,7.23913955421827,7.3199579275178,7.62014034386768,89,23.8983050847458
4.2387526678867,5.75187867685253,6.00808426821075,7.23037455026743,7.30943076498018,7.56965074316255,89,24.4067796610169
4.1347125993384,5.70461423744605,5.9760412490412,7.20934608486061,7.27897498677296,7.57807026728031,89,24.9152542372881
4.09069278486395,5.71763788633679,5.93990404107847,7.2027312914898,7.2842976105836,7.56314688894522,89,25.4237288135593
4.13444719139944,5.63970392332853,5.89803254064558,7.18681463837066,7.26945750610456,7.54982223926221,89,25.9322033898305
4.05929402614802,5.60950659926522,5.85545415070049,7.16909058514139,7.24920466463115,7.55407935628899,89,26.4406779661017
3.90098314112971,5.56012315275606,5.80775417586003,7.17486564439628,7.24102742521258,7.54098572171837,89,26.9491525423729
3.8789297064462,5.50454403013897,5.76539629580498,7.14310180571633,7.21659191888738,7.57893737987804,89,27.4576271186441
3.92661348640737,5.44149438244942,5.73790599574194,7.12842124726531,7.21163200919215,7.58488655005563,89,27.9661016949153
3.87639990802228,5.41915289894754,5.7001634723982,7.12837450084256,7.2132305364561,7.48357153368225,89,28.4745762711864
3.8191931368243,5.4055313366788,5.68252492271276,7.11854888994008,7.19247002335038,7.49027968118542,89,28.9830508474576
3.68313978298307,5.3312944204357,5.62752395777369,7.0878078773182,7.17406233647753,7.47613321213957,89,29.4915254237288
3.60354269903287,5.30102710756386,5.60991110348855,7.07426427366959,7.16315893739609,7.51841926220157,89,30
1.70091356188279,3.48837538196717,3.8752543536184,5.26957745323842,5.32125891144049,5.64862017530097,90,0
5.30696147019034,5.59788036639457,5.66439092411761,6.25368734192993,6.29995848101971,6.47563997282452,90,0.508474576271186
5.68345448805692,6.01973150380259,6.07048475137938,6.63808716574749,6.68778803301177,6.8956308844875,90,1.01694915254237
5.72749950588332,6.22632955414551,6.2958402963614,6.84405449514075,6.8954954167557,7.05904529370258,90,1.52542372881356
5.61227284581659,6.35047505912837,6.40586099038831,6.96326718753827,7.00248215373783,7.2006803258198,90,2.03389830508475
5.68165658506651,6.41956799242906,6.46154647555518,7.04335682870771,7.07645726864244,7.30406070510305,90,2.54237288135593
5.59928395835323,6.45783457427027,6.50749337103092,7.08718136764307,7.13478439218599,7.28023652353066,90,3.05084745762712
5.63167406568853,6.48018096581309,6.51674236530484,7.11978007246903,7.18031629524537,7.30583359695466,90,3.5593220338983
5.53633306097203,6.47286288955115,6.52146273876584,7.14130291080425,7.19435338539169,7.34721701829548,90,4.06779661016949
5.65305762403882,6.46558367838908,6.51302382250833,7.15348535739833,7.21230223760138,7.35177797401938,90,4.57627118644068
5.62617274290074,6.44657465228374,6.51677499068395,7.14632669485811,7.21191842187718,7.37603164392147,90,5.08474576271186
5.41826370373564,6.42982641491052,6.50507430944073,7.1409006709903,7.21457546048413,7.35202601701865,90,5.59322033898305
5.2437997792632,6.40872638934678,6.47826478692148,7.15343892953273,7.20389936256676,7.43208691292003,90,6.10169491525424
5.57177736397597,6.39403414758292,6.43974222837505,7.14787138838591,7.19799920530944,7.4208566125782,90,6.61016949152542
5.3155034334136,6.35084545260137,6.41345175805491,7.14253500226303,7.17933148405122,7.45641368231989,90,7.11864406779661
5.39272300506251,6.31537615041081,6.39423394578584,7.11085458460375,7.17187879377245,7.5494610748855,90,7.6271186440678
5.36045575976865,6.29282318030852,6.38625885196403,7.10625438279426,7.16767404613051,7.40304292556319,90,8.13559322033898
5.51108993164063,6.24922673205004,6.36271640450322,7.08647586865083,7.15938348097928,7.42110334096099,90,8.64406779661017
5.39634082450566,6.21660825623726,6.32537346124239,7.07580658310138,7.14385887999701,7.34971060292958,90,9.15254237288136
5.27530130701066,6.20045016398982,6.28908855744603,7.06123814487261,7.11912495817114,7.46143526188902,90,9.66101694915254
5.36204907005128,6.18216601490465,6.2689023812714,7.05788299201441,7.1042467927913,7.39988797250616,90,10.1694915254237
5.23709453268453,6.11939658925565,6.23602946003774,7.03157319918298,7.09135332340989,7.34661173020952,90,10.6779661016949
5.20255577020434,6.09825203850214,6.22136097790117,7.01282865282333,7.07911973966197,7.40432327380972,90,11.1864406779661
4.8919436009962,6.07880229212222,6.17738746718874,7.00232175265514,7.05398303410431,7.32215083654606,90,11.6949152542373
5.18791876461477,6.04569373876365,6.15735698321426,6.98618284667713,7.04290107102292,7.40585915870416,90,12.2033898305085
5.01090681108404,5.99928402770104,6.1181171311739,6.97398482542096,7.0264858503421,7.30711384402987,90,12.7118644067797
5.01654778830918,5.97351840743644,6.10687344446998,6.94902790149046,7.00460487770977,7.2856767890017,90,13.2203389830508
4.94763662929938,5.92008226623892,6.05524798470017,6.9328332473625,6.98381236682403,7.2449740678164,90,13.728813559322
4.87080525978275,5.89278247911879,6.02856741059951,6.92151763855586,6.97088480932292,7.22763939455103,90,14.2372881355932
4.89384153759028,5.87080189053008,6.00607180963769,6.89488403417173,6.96168178089078,7.21614535522026,90,14.7457627118644
4.85944133402547,5.83896765045072,5.95821527949821,6.89335509513585,6.95262155707053,7.21369650016674,90,15.2542372881356
4.70854954463476,5.75918615136463,5.93737936758633,6.87242649622988,6.92975396716526,7.1655053255592,90,15.7627118644068
4.76508161888261,5.76079009736012,5.89146366264437,6.86241249584946,6.91686752959681,7.12164076221024,90,16.271186440678
4.84367459458516,5.72765193088125,5.84974577740839,6.84755220007367,6.90365942743381,7.14821692187973,90,16.7796610169492
4.54908278231599,5.65006174635015,5.81543527578818,6.81838645367678,6.8866337936057,7.15179187044096,90,17.2881355932203
4.57206950063722,5.61819577765662,5.79456268112257,6.80502422995941,6.86660369605967,7.07471283729198,90,17.7966101694915
4.51524626247038,5.60183898901616,5.7542507641305,6.79014028863272,6.86070971058572,7.10030938945906,90,18.3050847457627
4.50933510622062,5.55580017470811,5.7087089204692,6.77825814052706,6.85185905575177,7.07229189860067,90,18.8135593220339
4.54638888831814,5.53732802493679,5.67101636706144,6.76894139462129,6.82952564657294,7.06040031713262,90,19.3220338983051
4.38962334043337,5.47333280776458,5.64762313484347,6.75703863351242,6.81251531634506,7.01125062587043,90,19.8305084745763
4.39041952245247,5.44453985276763,5.62324621899194,6.74130935561991,6.81161414011924,6.99896254285284,90,20.3389830508475
4.34128728866104,5.42581770126999,5.57873430295494,6.72381509155847,6.79331856712821,7.00923281974883,90,20.8474576271186
4.38087378554075,5.36867188581814,5.53165341101392,6.71878404661939,6.76847205776716,6.97256319159633,90,21.3559322033898
4.1559359002823,5.32970755859865,5.49308388909479,6.69336856791822,6.76064944784587,7.00312220504298,90,21.864406779661
4.18792750902969,5.26382243098142,5.45985376144731,6.68709418478259,6.73424689381536,7.02643454408128,90,22.3728813559322
4.1729101927857,5.25367622773455,5.43099453770858,6.67902915753905,6.74603894747442,6.9914879067996,90,22.8813559322034
4.1168157961512,5.21726955638573,5.374632065041,6.65702379139495,6.73283583961215,6.93577817944242,90,23.3898305084746
4.00406826832838,5.17477305430213,5.34274859974185,6.6381874075754,6.70307073404155,6.90878312531973,90,23.8983050847458
4.00196601959398,5.11617376714656,5.30398096622972,6.61000777822352,6.69792595183868,6.94734363024449,90,24.4067796610169
3.82375130693647,5.08785505610704,5.2582149555873,6.60628680696246,6.6909838640172,6.95913166274793,90,24.9152542372881
3.77898755635351,5.00692972699219,5.23321629659085,6.60583572323964,6.66726418696021,6.89416460283921,90,25.4237288135593
3.76665512199233,5.01867468388106,5.19033904140792,6.58330189892292,6.67274906268314,6.88245199548427,90,25.9322033898305
3.62229304765841,4.94924145973634,5.18713071510545,6.57204704620237,6.64451320104417,6.91027992288581,90,26.4406779661017
3.52729164960874,4.90454968008402,5.13122428526806,6.53381779608302,6.65047388311237,6.8652222381118,90,26.9491525423729
3.40803343067716,4.87133495258128,5.07373020801329,6.53706361524647,6.63810355308142,6.86683044103692,90,27.4576271186441
3.31407981312851,4.84441285729406,5.05146342122958,6.52771749340961,6.61726429445138,6.80846200795141,90,27.9661016949153
3.21967410278466,4.77272622111967,5.01617918527585,6.52374641076612,6.60389465573701,6.85640993574198,90,28.4745762711864
3.15339185838296,4.73663516138781,4.97240486273514,6.50571671785387,6.59484854701935,6.81464220751548,90,28.9830508474576
3.21708673203373,4.67888646499502,4.92683371403965,6.48853502372995,6.5825833701839,6.83453363320914,90,29.4915254237288
3.00712815088801,4.69502901172213,4.91257170847187,6.47253113920125,6.57660444247509,6.78547732739166,90,30
1.22405028588524,1.39890135744145,1.44973462554291,1.97419127811438,2.00558356998294,2.45869096741561,91,0
1.33517327813885,1.49516915121843,1.54046233646584,4.88227461901057,5.04647098313733,5.32217145651527,91,0.508474576271186
1.38282131100153,1.54989684234207,1.59512437813801,6.28952112529923,6.32763916071793,6.45152696359552,91,1.01694915254237
4.5026968400204,4.97806227849608,5.73524861040559,6.78158314440024,6.82957856504407,6.94536646156835,91,1.52542372881356
5.72845709033451,6.12797538747595,6.39087154047009,7.08510497678972,7.1235587394499,7.23497876569389,91,2.03389830508475
6.18466176439031,6.53076802715482,6.6299990542154,7.26157735063944,7.29897468762925,7.44199845969928,91,2.54237288135593
6.30350538268038,6.74620666698242,6.79278162534268,7.38658552293683,7.43550671094393,7.57469428781268,91,3.05084745762712
6.13199850014596,6.83384698158835,6.88390369861754,7.47971235627977,7.52541507857125,7.66226290935146,91,3.5593220338983
6.21738707539648,6.87015069503785,6.94010251175261,7.54369649264144,7.57835478379875,7.72564355006152,91,4.06779661016949
6.04103602388058,6.87347138245089,6.96354389494089,7.60934884655222,7.63864264158999,7.8069782413025,91,4.57627118644068
5.83393973223566,6.87394640800996,6.96139435783636,7.64914364171188,7.68215510123884,7.86118437749364,91,5.08474576271186
5.70383057175016,6.8382101096938,6.95081163928422,7.66201951954866,7.71382929128039,7.9247893775057,91,5.59322033898305
5.59582177681391,6.79639464317968,6.93821841192287,7.69687944117217,7.73254066155965,7.93903273358543,91,6.10169491525424
5.56550909383699,6.74399124662219,6.87364385856812,7.70502386307691,7.76378697579778,7.98089016182508,91,6.61016949152542
5.54382610385449,6.69498562241064,6.84330391715858,7.6830695813166,7.74152688535036,7.9807760933101,91,7.11864406779661
5.26847958221895,6.63079510390528,6.7836485432043,7.70150702333731,7.74566738290599,7.97922530332458,91,7.6271186440678
5.12437101038577,6.57271597742015,6.7339647730726,7.67834994384141,7.72719559832677,7.94167034386836,91,8.13559322033898
4.99919389390555,6.48284261436023,6.67976462324864,7.67268384000937,7.71998211666959,7.9473167515725,91,8.64406779661017
4.93018729464674,6.41561720800138,6.61074741298848,7.66498776219183,7.71831574063687,7.99542116073875,91,9.15254237288136
5.02716122718813,6.29904596675958,6.53851680081144,7.64577772238989,7.69119608261648,7.9442992092202,91,9.66101694915254
4.64531434780799,6.24662809115993,6.47702300853223,7.63092673801873,7.6762093456489,7.89334477685068,91,10.1694915254237
4.61109244652269,6.18815326819531,6.40126066355186,7.60831702161579,7.67363024071853,7.93806806825135,91,10.6779661016949
4.53225282349089,6.04892958439923,6.30933077318452,7.57046076099264,7.62364070669105,7.86492629395183,91,11.1864406779661
4.24676804912529,5.98701207897682,6.22489723325415,7.5619315620187,7.60697458451877,7.85119138144907,91,11.6949152542373
4.31023470399026,5.86977554828016,6.1689258824387,7.53900655097107,7.58092245984301,7.87137671378909,91,12.2033898305085
4.35592799002787,5.80123379681619,6.07923434063686,7.51956951036448,7.56744346535895,7.80500268743073,91,12.7118644067797
4.29147935272663,5.68480820932994,6.00743860779568,7.4860955504074,7.53332114507093,7.76083866505213,91,13.2203389830508
3.99692594289021,5.58736479435411,5.91011087967059,7.45880580631889,7.50095405188257,7.79702670473593,91,13.728813559322
3.69533325540501,5.51041163650665,5.79212348363673,7.42871846720287,7.47864300550935,7.73661839189398,91,14.2372881355932
3.33510321110319,5.39295896360612,5.70570463368841,7.40628207941404,7.4610057861824,7.71884641736206,91,14.7457627118644
3.2432683907409,5.29777869953852,5.63847013635215,7.37448730775505,7.42410828301337,7.67219561562335,91,15.2542372881356
3.18021290046213,5.17500121271732,5.54054896266943,7.34849916563425,7.39644420001437,7.69841884843453,91,15.7627118644068
3.03782814979755,5.06638254797727,5.43268178772353,7.32615059436255,7.38464247967892,7.64351698839927,91,16.271186440678
2.52685336695812,4.96077389956443,5.34667420473853,7.28309357710907,7.32486916530172,7.65556245344269,91,16.7796610169492
2.49878056497142,4.83715622249741,5.22593293695099,7.26276054180222,7.29975192620754,7.59959935976967,91,17.2881355932203
2.35139594284441,4.76152381853364,5.14945043080132,7.21365170104978,7.26438615227874,7.61863347157447,91,17.7966101694915
2.24515445025167,4.65445820447384,5.09366800461918,7.18995314753198,7.22774911915653,7.57366166686507,91,18.3050847457627
2.03835047496509,4.54949777306099,4.9721749125491,7.17010695709671,7.20532253643308,7.54191363152237,91,18.8135593220339
1.88940392854644,4.41000595139377,4.86725297133504,7.1332738207305,7.17843914617879,7.51584000178972,91,19.3220338983051
1.72658913352889,4.37623390845551,4.75754726693882,7.09069586778994,7.14322022338052,7.44048587044315,91,19.8305084745763
2.12102247657966,4.27646249662126,4.70736300105702,7.06495630338758,7.12337130535276,7.43384825776189,91,20.3389830508475
1.71109922976254,4.12510831830629,4.5894153873172,7.04217126507785,7.08399267063298,7.40676934662156,91,20.8474576271186
1.65468044781995,4.0380293825968,4.53670129488264,6.99521106650551,7.04266483804112,7.36662105703535,91,21.3559322033898
1.671804499234,3.87437217587619,4.42573725642685,6.96698009383961,7.03383264836529,7.35570201871526,91,21.864406779661
1.66852407348996,3.78658235943213,4.36620555934098,6.93769239583581,6.99009606661146,7.29063529747513,91,22.3728813559322
1.63891716490249,3.72045176387014,4.21748632628425,6.89844374345488,6.9390961492551,7.23512228021785,91,22.8813559322034
1.70342784754031,3.61501414002851,4.18468484356906,6.86727394157391,6.91680581454996,7.2629207286674,91,23.3898305084746
1.60047752839222,3.47018243142722,4.09748203125554,6.84492277753829,6.88546607335037,7.16640325696478,91,23.8983050847458
1.72423038964857,3.33907722399217,3.97633457897216,6.79298345928942,6.86286834325933,7.19370677980636,91,24.4067796610169
1.57361744916887,3.34618613295044,3.83611687401164,6.7747685447099,6.82011340837803,7.14971503654766,91,24.9152542372881
1.51480440315514,3.16680441836254,3.77656015854256,6.74242086710566,6.78258529543316,7.04385128143369,91,25.4237288135593
1.59276938676451,3.07544783029529,3.70664825960684,6.70314457005523,6.75540572394945,7.09756052929823,91,25.9322033898305
1.62532687842155,3.01591133416795,3.59545583566794,6.66098409794952,6.732574720693,7.03485652502758,91,26.4406779661017
1.57656502352701,2.91641136778,3.47459218970358,6.63926008251936,6.68923476115201,6.98755341159572,91,26.9491525423729
1.59227023189353,2.82753599764144,3.43045424747515,6.61120626550219,6.66599405155992,6.88887951264999,91,27.4576271186441
1.64749591797125,2.67899184588697,3.31732941633552,6.57991641280758,6.62695239003899,6.90370155219881,91,27.9661016949153
1.63904319358365,2.58280683249717,3.32026077539887,6.53700989144888,6.58745004301289,6.86519243782915,91,28.4745762711864
1.629540164266,2.57504863490983,3.12850967750677,6.51096194885889,6.55122354756254,6.81356790512934,91,28.9830508474576
1.6312491371107,2.47753254079558,3.05429957616643,6.49097158062456,6.53567270072513,6.82226338194625,91,29.4915254237288
1.62799437548912,2.37562800311962,2.92865113198924,6.45962449404422,6.50729934847895,6.7439375645282,91,30
1.2668192291184,1.41784944619616,1.46468023953086,1.98274835195623,2.03239760125872,3.06808421992706,92,0
1.25437154511613,1.59497656774766,1.70883339235086,5.06159314522639,5.15731855020073,5.56674846496602,92,0.508474576271186
3.00976298151059,4.69968004943181,4.86127788536806,5.81299316190842,5.86280573648405,6.04222437453603,92,1.01694915254237
5.09221170875478,5.42105224259443,5.48295884174085,6.14027308172086,6.19220373062662,6.37625169788902,92,1.52542372881356
5.43712613351871,5.66168912755217,5.72115748749887,6.31883756822492,6.38071523310553,6.59017564433978,92,2.03389830508475
5.58072928171181,5.78991886167897,5.84367724892827,6.42884889680361,6.48773869176535,6.68248568632984,92,2.54237288135593
5.51895184016653,5.8465067524413,5.90380778346747,6.50648018797207,6.55747570550286,6.80990318548007,92,3.05084745762712
5.5638498449637,5.87597124808455,5.93623618360926,6.53610643448421,6.59118320283742,6.83692695474132,92,3.5593220338983
5.63065755618622,5.86778776476457,5.92304918995208,6.57642909778626,6.64268839385986,6.91175262948792,92,4.06779661016949
5.60396124484967,5.88406938809304,5.92811566866186,6.58888923456397,6.63738475615829,6.93685854113252,92,4.57627118644068
5.61532825984206,5.87935846324548,5.92129310159952,6.59226767000437,6.65708760311931,6.94199829243835,92,5.08474576271186
5.59662525620465,5.85141330807982,5.91452987972358,6.60570047519067,6.69157527916463,7.01023653717418,92,5.59322033898305
5.55084144564253,5.82604825714733,5.89492997588086,6.60334401962481,6.67362492736959,6.86247564623272,92,6.10169491525424
5.56433608979197,5.80562216228498,5.88030538267338,6.59783762932702,6.66789569285598,6.89053011547949,92,6.61016949152542
5.4631721866663,5.7809739000429,5.84475505300401,6.58334093651993,6.65949519261581,6.94101743403398,92,7.11864406779661
5.49263462520055,5.74494227639075,5.82831544346135,6.56245280253104,6.63177469742316,6.95626718340109,92,7.6271186440678
5.41255500205109,5.75241984510403,5.82165811904922,6.54626683881566,6.62558692413982,6.94187631504796,92,8.13559322033898
5.40742181844593,5.68081661654399,5.79887466882493,6.53654429241734,6.61379346123037,7.00244411195314,92,8.64406779661017
5.28979209077409,5.65837995557158,5.75517686264641,6.52868429510292,6.61230082080654,6.88277317231596,92,9.15254237288136
5.2778210831027,5.64698242262855,5.7360137016509,6.50908464897159,6.61060804481043,6.92089886285403,92,9.66101694915254
5.2471065357169,5.58671619599976,5.698675026595,6.49676678291059,6.5764610541883,6.87731996739097,92,10.1694915254237
5.17734070483735,5.55869321158971,5.68546615261469,6.48511956725504,6.55120940837408,6.84495221979324,92,10.6779661016949
5.1462680197349,5.56331665956347,5.64356445734067,6.4714248858948,6.53999876944993,6.83278203374895,92,11.1864406779661
5.10107935045042,5.50533339140525,5.62884340625954,6.45756772370699,6.53889007764737,6.78752606572176,92,11.6949152542373
4.93581293090341,5.50231456286702,5.59225534152955,6.44103587814172,6.52477909180425,6.75283890943613,92,12.2033898305085
4.94176817705905,5.45466488096152,5.56607608951478,6.43521229191302,6.51078488062832,6.81224859175168,92,12.7118644067797
4.91555736343639,5.42039616769978,5.5347776519965,6.40779001855084,6.48760225400705,6.75967264708382,92,13.2203389830508
4.80289939708875,5.40512348143486,5.48903171841772,6.38984926571983,6.46799880225626,6.7144611091243,92,13.728813559322
4.69955715103207,5.36342484971933,5.46214812827452,6.39055151834979,6.46410622960207,6.74806938810462,92,14.2372881355932
4.66783986300308,5.32048649202629,5.43526998107679,6.36778892002245,6.44264927568683,6.72935638575195,92,14.7457627118644
4.61094976798766,5.29339804857593,5.39094308200985,6.36563648439532,6.42607045132582,6.72526370717753,92,15.2542372881356
4.43791975467004,5.26021624336388,5.3603427271095,6.34462335953277,6.4289693230645,6.67921969606644,92,15.7627118644068
4.51438100231945,5.21936622531094,5.32437890719566,6.32829945567913,6.40080741960688,6.7024811551326,92,16.271186440678
4.43047839671461,5.1897349049782,5.29254362085003,6.32346162571225,6.39453334345641,6.72222739988338,92,16.7796610169492
4.3994032500033,5.15567882469196,5.27136264909742,6.28656118930688,6.37573848386885,6.68033610096859,92,17.2881355932203
4.31475486395573,5.10593995547084,5.23620245023031,6.2842226568729,6.36733054202601,6.66856325423316,92,17.7966101694915
4.23185944814217,5.04491279942718,5.19366427420466,6.28297004526318,6.34703375769147,6.71807507364949,92,18.3050847457627
4.22520473767684,4.99847467701465,5.20281966050962,6.25493782341984,6.33606406409493,6.6280794877397,92,18.8135593220339
4.24503020512636,4.98729325518008,5.17066821301977,6.25743125603952,6.31313878627504,6.69082044570793,92,19.3220338983051
4.13132553337977,4.9725336950458,5.10878390201786,6.22708305194232,6.29473868485187,6.61914899582373,92,19.8305084745763
4.13602552595975,4.92132795260204,5.06431171552301,6.23406282038173,6.30899464450302,6.6422586873514,92,20.3389830508475
4.05820075955645,4.8515501655221,5.04126187237609,6.20249708982568,6.29254977604298,6.60722612847355,92,20.8474576271186
4.00921143891709,4.83787047116318,4.99680350855624,6.20944153587923,6.26683122503535,6.59799025056938,92,21.3559322033898
3.91547226798878,4.790751298989,4.96303064468422,6.18037001992611,6.23847695225295,6.61548798683049,92,21.864406779661
3.84864713486605,4.73910384725084,4.94381544729966,6.15892122214018,6.2443557612698,6.63578679095385,92,22.3728813559322
3.89765739510327,4.70998698411151,4.89454291556714,6.13978096132414,6.22166737438866,6.55620153698331,92,22.8813559322034
3.7766341505729,4.67867496424484,4.87779340707716,6.12016236934871,6.23049609983059,6.55265054171703,92,23.3898305084746
3.76938854857836,4.6394561194886,4.81275735475245,6.10186042224584,6.21308029221262,6.58532044012548,92,23.8983050847458
3.76409529381685,4.59048415672741,4.8185795603821,6.12129893824566,6.20838725597542,6.49606055554338,92,24.4067796610169
3.52089851453281,4.57718545845704,4.75508901988106,6.10020384082439,6.18366399715216,6.46521483232626,92,24.9152542372881
3.49245568855662,4.48532194969362,4.75861135733205,6.08441296444151,6.18188849144622,6.54515693310553,92,25.4237288135593
3.47260915498279,4.44801533848971,4.7076052133659,6.05203407527612,6.15632437068689,6.49771662651425,92,25.9322033898305
3.44525693168959,4.40649545603138,4.68798033034906,6.04514170773233,6.15749651594322,6.54489300228862,92,26.4406779661017
3.32829440046608,4.39557724470373,4.64243372825289,6.04082259815543,6.10761378910783,6.49718185913542,92,26.9491525423729
3.36076880805888,4.37669840815105,4.62783531299748,6.03053508868522,6.12430053846026,6.47880192834019,92,27.4576271186441
3.18692148091221,4.2930486057741,4.59455691926409,6.02054323370756,6.10892443647613,6.45628361153383,92,27.9661016949153
3.16754598558458,4.24977274594394,4.57687372390287,6.00838871189539,6.10413513896148,6.48287432819446,92,28.4745762711864
3.07710675793713,4.22940334186542,4.49423112732389,5.97195523922696,6.07504179371698,6.47626117132778,92,28.9830508474576
3.11702185441599,4.18476453864293,4.46931755551601,5.9682088247875,6.07372585366303,6.43177977955952,92,29.4915254237288
3.04278682498231,4.13125993128645,4.42086911092545,5.93561531903205,6.0516035777378,6.41648669996936,92,30
1.29008977112086,1.40114092518301,1.45048990076757,1.96978888515719,2.00847644572361,2.48922038549314,93,0
1.25230913851911,1.43453699480456,1.50751622928853,4.57826616058932,4.77470419384277,5.45270684760409,93,0.508474576271186
1.32010884222147,1.7453420634221,1.84902270124029,5.98581313117721,6.0886036688351,6.38662462443471,93,1.01694915254237
1.65946909125138,5.43029939594575,5.63348603154128,6.49594481279352,6.56671349191501,6.80672894564124,93,1.52542372881356
5.69553574415917,6.06801059101777,6.14506651178232,6.79160029377724,6.85393938277432,7.1356625201076,93,2.03389830508475
6.1313037572967,6.3250365071603,6.38364208543832,6.9769855125334,7.02220492709484,7.45505579456576,93,2.54237288135593
6.28762007751347,6.46884356329567,6.51026396851991,7.10527677997729,7.1511325914503,7.65132127441027,93,3.05084745762712
6.36169066797655,6.54818364915164,6.59158694761687,7.19290297284406,7.22581328307186,7.66331836275037,93,3.5593220338983
6.40248304091025,6.6051660572326,6.64494607834531,7.24956704000903,7.28841472505831,7.87410039483859,93,4.06779661016949
6.40543285168235,6.63888068716168,6.68466334336681,7.2989757546968,7.34781687371206,7.92411149568953,93,4.57627118644068
6.36242197620443,6.65090604474985,6.68939023269169,7.31359770022406,7.35874823034766,7.99937820050993,93,5.08474576271186
6.26166602066531,6.6392580059011,6.69724995384566,7.34344090096066,7.39060099686635,7.95957794947721,93,5.59322033898305
6.29608754583513,6.61684027265826,6.70139589003188,7.34872603266394,7.39321375203715,7.88016964265281,93,6.10169491525424
6.24195181598417,6.61369488024853,6.67943798921051,7.36063494204088,7.39403602052972,8.03803344011838,93,6.61016949152542
6.20442642067843,6.57539862039098,6.65498887317234,7.36559136258603,7.41529004222392,7.92691907806856,93,7.11864406779661
6.09972750605755,6.55186713308273,6.63282007490636,7.36579773203444,7.41616547830361,7.98553249552141,93,7.6271186440678
6.06940905946923,6.53098213174564,6.59142656256436,7.35990578131156,7.40494051035678,7.99229018923931,93,8.13559322033898
6.08303246647829,6.49580507119787,6.58514201751344,7.35052381807388,7.42931184720596,7.9598200973555,93,8.64406779661017
5.99125657620203,6.44121313130187,6.52329705033886,7.35676044289368,7.41460901779551,7.96837683102869,93,9.15254237288136
6.00116088878939,6.39354735889092,6.51034695271433,7.32968480045553,7.41402151519264,7.95771528176364,93,9.66101694915254
5.87886432225172,6.35827179461493,6.45985639106764,7.32058240540127,7.38958526361932,8.0892337355894,93,10.1694915254237
5.90168880895072,6.31978654460682,6.41622134369662,7.31455723107863,7.37286475390807,7.82703667330398,93,10.6779661016949
5.73630402177291,6.26045835486075,6.3936394751846,7.30419247515825,7.35692372447421,8.11595328034978,93,11.1864406779661
5.76459732027511,6.21949003048559,6.34158516403114,7.28833724816179,7.34078054428388,7.86605605313889,93,11.6949152542373
5.73046870277244,6.15244708603685,6.30708285291569,7.28774782165569,7.33157399114084,7.80121891898762,93,12.2033898305085
5.64316562957933,6.11457733501,6.26226961845488,7.25495076089068,7.32889777479967,7.99561868098483,93,12.7118644067797
5.55267849677996,6.05746149229463,6.22859178659612,7.24074075816142,7.32228266537018,7.98284898809917,93,13.2203389830508
5.4812498289099,6.05014857609734,6.18752101620754,7.22713949064899,7.30024501432219,7.91060207544777,93,13.728813559322
5.39786744581086,5.9700284340005,6.14139281661025,7.21049408969288,7.27450709450216,7.89758138556369,93,14.2372881355932
5.32802724957998,5.90248370711603,6.0852012440447,7.19579762414185,7.28048167501393,7.8247170686366,93,14.7457627118644
5.37969418087707,5.87463846077242,6.03044305569784,7.18576705604862,7.27243480238366,7.9264652508891,93,15.2542372881356
5.3573657250049,5.85176299253434,6.02077910445945,7.17525858251786,7.244234697412,7.66607611532779,93,15.7627118644068
5.14228647369787,5.78036948531055,5.97043589577178,7.14290816648819,7.20212382723673,7.92925161947886,93,16.271186440678
5.10897782610062,5.68812663650057,5.91364180820903,7.12485820338709,7.21637369831855,7.98209877978,93,16.7796610169492
5.0673597955737,5.66533180328586,5.86971485363433,7.12023269905894,7.18768598625546,7.77174789959943,93,17.2881355932203
5.06373241861427,5.61976281025076,5.83658321899315,7.10502648308899,7.18111481285481,7.83855781839996,93,17.7966101694915
5.01716556662535,5.53595901547882,5.78903218268575,7.08708478649715,7.15424342327342,7.80317930742681,93,18.3050847457627
4.9368541927199,5.50023833451166,5.72401147209531,7.06300990195496,7.15024324874227,7.77253897417637,93,18.8135593220339
4.79999715830098,5.43765973357555,5.68094554755117,7.0514376084091,7.12809990542095,7.85599645880838,93,19.3220338983051
4.69424773624975,5.39593901887008,5.62006848239284,7.02994345688634,7.1035962056946,7.81245533948327,93,19.8305084745763
4.57776572834269,5.33825343506064,5.57256919015688,7.0130891766244,7.0784103924868,7.95645639839437,93,20.3389830508475
4.44746676898139,5.28290610260083,5.51911129117177,6.98203204223412,7.07905933957228,7.9042035838151,93,20.8474576271186
4.29363894844646,5.23665077005756,5.46903520005727,6.98681444233415,7.07185442177852,8.095292152032,93,21.3559322033898
4.16125001569931,5.18053289836445,5.43430181901102,6.9718325906167,7.05015359138958,7.89517509247554,93,21.864406779661
4.08120294301494,5.14261136568231,5.36587343689844,6.94955338845362,7.0418698814264,7.82854458170142,93,22.3728813559322
3.95843927045037,5.07404041561852,5.32880855181741,6.92156686443245,7.02035549627547,7.89488508016795,93,22.8813559322034
3.87018835761992,5.00324802073973,5.25469356962293,6.89820577470048,6.98491073700894,7.66778009041275,93,23.3898305084746
3.79915380575032,4.97662060812756,5.2334330885733,6.87912732514105,6.98198268573037,7.65291123749838,93,23.8983050847458
3.6421829507012,4.92803566532742,5.17876232457684,6.86560794611575,6.97587584188592,8.03664927561254,93,24.4067796610169
3.4891878144628,4.87274429865183,5.10981268697371,6.83705875147324,6.94509291601546,7.58349336245815,93,24.9152542372881
3.48794974908297,4.78513209600511,5.08108189035528,6.83254606263119,6.93522978943743,7.66251882606286,93,25.4237288135593
3.22378788191575,4.76385109695831,5.04822665842709,6.82552758168006,6.92712458680842,7.70929707983953,93,25.9322033898305
3.19320323269751,4.7217532303537,4.98337273845053,6.79549344977643,6.92918908044294,7.73951002275686,93,26.4406779661017
3.15070239956354,4.64422846690173,4.92457564311158,6.7749392432876,6.89781167341177,7.86443682200027,93,26.9491525423729
2.91206208453526,4.58890282904798,4.88280083079239,6.76102648183574,6.8752402890163,7.62726739154132,93,27.4576271186441
2.74251620551862,4.52259986406605,4.85057368701583,6.74108656703957,6.87863977815449,7.84881424206015,93,27.9661016949153
2.6283174321654,4.45485860074793,4.76104604889171,6.73206298951591,6.84876280097785,7.75919169367395,93,28.4745762711864
2.3750536100093,4.45429600136362,4.75683025623949,6.71405069821036,6.84413300866742,7.53615159777327,93,28.9830508474576
2.54522459145742,4.32591926307987,4.66036600165623,6.68541907867919,6.83908413680495,7.85728939891634,93,29.4915254237288
2.70649115820088,4.29605513786937,4.61948995047055,6.64858886478208,6.7785807774237,7.81109490766084,93,30
1.29630724228014,1.51698332146118,1.57624679206391,4.53325214423038,4.65748953254669,5.39197746247179,94,0
4.40812191642566,5.06854764037256,5.21308149506828,5.92270346562881,5.99588047858312,6.19499065614411,94,0.508474576271186
5.27387431634382,5.71127030046672,5.79441341627559,6.37539375905281,6.43321980619808,6.57387554398576,94,1.01694915254237
5.66109898249383,5.97742200640524,6.03558437701907,6.60490412389504,6.64458176444341,6.88357536392224,94,1.52542372881356
5.79346568065675,6.09818593141367,6.15269641183086,6.73175056793632,6.79259402426327,6.93240702807754,94,2.03389830508475
5.80631512805002,6.1673810863945,6.22669683818077,6.81921067935944,6.86482222187981,7.01169432800974,94,2.54237288135593
5.81294492183721,6.19850200865286,6.26321064487511,6.86633694811268,6.9178428592212,7.08203424554373,94,3.05084745762712
5.94089285126303,6.21450603075142,6.26587956951036,6.89777756565539,6.96226602588804,7.11076212061259,94,3.5593220338983
5.69813038067913,6.18235584813535,6.25212909989521,6.91926667675662,6.97321626558305,7.12395893314496,94,4.06779661016949
5.95404638938614,6.19344336119344,6.24424181134112,6.91553960463328,6.9804132325067,7.18273654885455,94,4.57627118644068
5.83114394680339,6.18229172815978,6.22995540347517,6.92442714454136,6.98198776920767,7.15830569907981,94,5.08474576271186
5.81789074569638,6.14236869637583,6.21150717868631,6.91907305602331,6.968160014449,7.17783506488456,94,5.59322033898305
5.92181660616365,6.12241502970491,6.18621111311682,6.90817104698575,6.95682044396206,7.19741994379136,94,6.10169491525424
5.82050707632833,6.06533177889979,6.16421579945638,6.90642740107637,6.97298082383773,7.15117957311965,94,6.61016949152542
5.4211057196916,6.06411681694684,6.14014847463092,6.90251193724705,6.94716469494483,7.16135978673848,94,7.11864406779661
5.61801063460979,6.02482949168293,6.10119085945843,6.88671001317331,6.93700436414489,7.13731096081022,94,7.6271186440678
5.51692555648486,5.98069743962473,6.05061064223819,6.8619886539483,6.9185303573301,7.15771751205863,94,8.13559322033898
5.43335512636922,5.94544874982932,6.02929124739382,6.85419940550111,6.90515048786605,7.13798026260032,94,8.64406779661017
5.231947847325,5.9033866624616,5.99311921172936,6.82654274998277,6.88922266132368,7.14161918722564,94,9.15254237288136
5.09762266699409,5.88333592899182,5.95352445298742,6.81132944058478,6.88301394136118,7.06091642558808,94,9.66101694915254
5.36584837772291,5.8363514587828,5.94013844268558,6.80284789713621,6.84737105941829,7.08750321810727,94,10.1694915254237
5.09003513089131,5.79994706435328,5.891438713343,6.78167177279316,6.84373818199811,7.09345894539427,94,10.6779661016949
5.0032655580642,5.76032810908231,5.84918365614599,6.76000814788281,6.8158081949742,7.10207572514774,94,11.1864406779661
5.20779040656342,5.72232747571906,5.8106463832987,6.73015942137602,6.78751802737462,7.06878818107647,94,11.6949152542373
4.80916624254952,5.67985777379914,5.77577718820008,6.71457859076057,6.78402526235727,6.99949184970816,94,12.2033898305085
4.88222610050806,5.61894590929351,5.73054761457337,6.70435855697788,6.75417493215527,6.99969874685445,94,12.7118644067797
5.02044806612548,5.57379951577098,5.69185950341016,6.67580276190647,6.74355107290068,6.98997552422918,94,13.2203389830508
4.74017213984697,5.52006061234355,5.65980559228611,6.65741458548523,6.72970597394803,6.96414722426039,94,13.728813559322
4.90870055874419,5.49028957178234,5.58963107941005,6.64856731543258,6.72910757492339,6.97440002344624,94,14.2372881355932
4.65420042656295,5.45172684490097,5.5760658978198,6.60991288892245,6.7094552671987,6.97245953056326,94,14.7457627118644
4.45387631596159,5.40488859610499,5.54633796857861,6.60374211108099,6.69145592616482,6.94129922487574,94,15.2542372881356
4.68247899850306,5.36210357328699,5.48331097944041,6.59295415188262,6.67012675930297,6.94214406959653,94,15.7627118644068
4.22013949993227,5.32570807259984,5.45245694902673,6.5689392153046,6.67139466034443,6.90316228370208,94,16.271186440678
4.37865757318931,5.26372755769636,5.39274728499291,6.55000674460472,6.6412183423063,6.91539829624793,94,16.7796610169492
4.29047988952923,5.24331434334209,5.38272950953517,6.53186138809747,6.63007342623956,6.93327082900678,94,17.2881355932203
4.47187053963984,5.17873512691963,5.35502176615236,6.5165015883581,6.5876921412066,6.91360169032697,94,17.7966101694915
4.42415616794937,5.14345630538805,5.29257123133676,6.50878385608682,6.602412079432,6.842841329845,94,18.3050847457627
4.38999147672835,5.09536534822858,5.24285939054237,6.4678775313604,6.57271097575627,6.93711211022206,94,18.8135593220339
4.32730194872801,5.03457624160883,5.19387291540944,6.45747919860479,6.543879914841,6.86323051000781,94,19.3220338983051
3.95848132794031,4.98470469308543,5.16910145852839,6.43842910170437,6.55902482091745,6.82140474625431,94,19.8305084745763
4.0973677481242,4.94409069956855,5.12378181885738,6.42720275773113,6.53212630969691,6.82537668615644,94,20.3389830508475
4.05734380401762,4.84031156474586,5.07286592629969,6.40209467680958,6.50016731773382,6.75353414830034,94,20.8474576271186
4.02206977598224,4.83045408356592,5.02578972496439,6.39955499662868,6.50360257588072,6.78789571888795,94,21.3559322033898
3.9374704562925,4.74146721538375,4.99242542442221,6.37109558903186,6.4714153477497,6.8117520989357,94,21.864406779661
3.74826532865846,4.73343541831738,4.93902209673671,6.35797467698527,6.45382479885009,6.76615241658646,94,22.3728813559322
3.62512129307316,4.69837334717339,4.88549767580175,6.34443700987636,6.45837486709269,6.78626064008811,94,22.8813559322034
3.51731647785602,4.63277642613961,4.8546335715633,6.31965703686465,6.44525963486701,6.76238035352652,94,23.3898305084746
3.50785049435435,4.56237141693557,4.81749648640393,6.30651225325692,6.40516108582882,6.69086571529273,94,23.8983050847458
3.31840587915374,4.55136404602819,4.76699029097594,6.29023053926077,6.39253442264023,6.70779780142123,94,24.4067796610169
3.31664695814628,4.48570595884364,4.718032087864,6.27467340490608,6.37717794007287,6.83056419309361,94,24.9152542372881
3.14519674893926,4.4481070082413,4.70494844788546,6.25341671825739,6.37305927037781,6.76165066643319,94,25.4237288135593
2.96535628038197,4.4105934011502,4.63078439090241,6.24049035637349,6.36121471132406,6.69101519589085,94,25.9322033898305
3.04714886987844,4.35309929880811,4.65527347373251,6.23059192934295,6.36647260097225,6.70056781080406,94,26.4406779661017
2.97613927422622,4.26199769852332,4.55873226929835,6.21460232827669,6.32506445181483,6.66302729041357,94,26.9491525423729
2.87708676873322,4.2661055023225,4.50979329244803,6.1987264265123,6.29105489996053,6.69287715967752,94,27.4576271186441
2.67375600532765,4.21785767876282,4.45935110349335,6.18472121306896,6.29454852640956,6.64342146999621,94,27.9661016949153
2.60083927627554,4.16721080180205,4.44864384747738,6.17376240794555,6.28973258841341,6.68057604845464,94,28.4745762711864
2.5103141133402,4.13831538515337,4.3740938266715,6.15486692929273,6.27752900361378,6.67288345885699,94,28.9830508474576
2.46402877816687,4.11427828741411,4.36132306982672,6.1354271587418,6.2656431703202,6.73508111652134,94,29.4915254237288
2.69333796991739,4.06302127922705,4.30847653190117,6.11559497806696,6.26493092094748,6.67993425933353,94,30
1.25387948108019,1.41029312756579,1.46450152118395,1.97790680496631,2.02783648896575,3.33414058464187,95,0
1.4323107998812,1.74935754412562,1.86299439402217,5.37713881616125,5.48325960561923,5.74899983105279,95,0.508474576271186
2.32414849043811,5.14018685795712,5.30773866994626,6.06451000044444,6.10635607753619,6.33852728136497,95,1.01694915254237
3.56903129585298,5.67120564511786,5.76624949516186,6.37443503464585,6.41178014637939,6.56899605607652,95,1.52542372881356
5.12618727624955,5.85733534301464,5.93799503809543,6.54669480866537,6.58315744381436,6.74115322287981,95,2.03389830508475
5.16533135395596,5.97993381451546,6.0497141848379,6.64200505283215,6.69101466898538,6.85139551113667,95,2.54237288135593
5.41438109364829,6.00586568440333,6.09169631183968,6.70835364203573,6.76377782898215,6.88590182948207,95,3.05084745762712
5.54461881943489,6.03536216696373,6.12045680368329,6.75301715834128,6.80243514159133,6.95070119258244,95,3.5593220338983
5.35764137737691,6.04532077323906,6.12501721886146,6.77952470724678,6.82448875886652,6.95293387321431,95,4.06779661016949
5.50627344757406,6.0330383381066,6.11294659535949,6.77792393523677,6.84607024962222,6.98580491572377,95,4.57627118644068
5.51885357431032,6.0004400145456,6.08171126579515,6.7996769141094,6.86369574321982,6.97796142315857,95,5.08474576271186
5.28767165698561,5.98812843869985,6.07726826312573,6.79351250797909,6.85179957188475,6.99048234845218,95,5.59322033898305
5.37729308946682,5.96396035324393,6.05533468240593,6.79063930658671,6.85933715945785,6.98723677061113,95,6.10169491525424
5.43677335213827,5.9357629948498,6.04875277757517,6.78942299650484,6.84897089093056,6.98342481794666,95,6.61016949152542
5.24705062712286,5.92218396451453,6.02511435911164,6.76765944008129,6.82549879692354,6.98277042035493,95,7.11864406779661
5.29115941636176,5.89258949561835,5.97651911630244,6.7492513714162,6.79998936673727,7.02459945742416,95,7.6271186440678
5.32412087830451,5.85420403403312,5.97717602791329,6.74250883409364,6.826426081392,6.96500847682072,95,8.13559322033898
5.17988271890961,5.82951453634893,5.92544103659476,6.73434113743607,6.7819220148606,7.00709412611821,95,8.64406779661017
5.15537899030563,5.78774660765884,5.8900015877907,6.71733777501908,6.7850948939025,7.04333804399562,95,9.15254237288136
5.22488999164141,5.75566549452773,5.8509003694178,6.69234110349684,6.75736425460777,6.97580126665956,95,9.66101694915254
5.2254869228433,5.7287392191803,5.81968457986127,6.69081096870313,6.75537617799412,6.99355128058841,95,10.1694915254237
5.12931971231117,5.68229682030001,5.78844175882665,6.66449547929733,6.73327245122267,6.90595658571091,95,10.6779661016949
5.1069105179428,5.67902773055183,5.76360064345795,6.65749607897425,6.7336506962006,6.91874302534516,95,11.1864406779661
4.99905728202101,5.62448447316518,5.72378446101799,6.64040133309763,6.71985614131466,6.94342717420622,95,11.6949152542373
4.86511951033077,5.57230924194353,5.69828594200798,6.6338604765588,6.69264158393372,6.88190238821958,95,12.2033898305085
4.81724728188208,5.53871690388998,5.65684269810369,6.5953109193027,6.69207618221269,6.86728536296429,95,12.7118644067797
4.72477054758386,5.50543670379279,5.61788575254085,6.58569338009999,6.66982263255491,6.83816120801327,95,13.2203389830508
4.68402422414886,5.47677744792317,5.5962050188645,6.5666597486944,6.64324649583338,6.85217717718696,95,13.728813559322
4.58226454764772,5.42713954234565,5.55611309075286,6.54317516818231,6.65612389124005,6.86398815237246,95,14.2372881355932
4.39523666048853,5.38258872198622,5.52464127471686,6.55403777113094,6.60812131801315,6.76869237260529,95,14.7457627118644
4.27801397807621,5.31874525541581,5.45873837929231,6.5269646194255,6.61139091936492,6.75767967198478,95,15.2542372881356
4.11756486499618,5.27342233818492,5.43189874557257,6.50024263875032,6.57858118733892,6.77789584584317,95,15.7627118644068
3.90603832741387,5.26445659598938,5.40184654279449,6.48707626303866,6.57298685962479,6.75444751054163,95,16.271186440678
4.05486673682162,5.2142332717613,5.35031334801646,6.46756473472532,6.57039207790511,6.7420037137421,95,16.7796610169492
3.98249410359101,5.16184669516239,5.31676441411174,6.4614947621383,6.55457519168603,6.71240309560577,95,17.2881355932203
3.92814568180475,5.09978200532568,5.27399269687556,6.44266586184221,6.55224740248757,6.74960388854342,95,17.7966101694915
3.88421551363608,5.06499248360922,5.22329290364566,6.41875845235389,6.52180221769629,6.7440752533872,95,18.3050847457627
3.75355653126042,5.02235348133513,5.15677153224707,6.41754287540651,6.51533955640485,6.70388511874485,95,18.8135593220339
3.74370465662363,4.97095712121924,5.15087107723751,6.39268533254859,6.49815415666374,6.7029059432116,95,19.3220338983051
3.58453259133478,4.92318438767367,5.10245384012472,6.39486873029881,6.47412226823157,6.7210888516873,95,19.8305084745763
3.46930241332137,4.91646476979743,5.07157760822788,6.35634414165774,6.47088891579916,6.65927617355069,95,20.3389830508475
3.2836851065714,4.81581239190198,5.03727725421473,6.34105510945346,6.4410775929051,6.65290852338523,95,20.8474576271186
3.33400195129539,4.8176130374096,5.00527811052649,6.32305959324042,6.45152824080247,6.63890047735069,95,21.3559322033898
3.29728487958676,4.78358434568684,4.98470919106163,6.31713065650867,6.4282919640429,6.61428831259349,95,21.864406779661
3.29105367067547,4.74541995949924,4.93706472875032,6.30562157458414,6.39495012398957,6.66963455494715,95,22.3728813559322
3.29655216438739,4.7021394867667,4.88712226818214,6.29148750853378,6.39471025169075,6.58786222689399,95,22.8813559322034
3.15290891757811,4.65712417819311,4.85162177234736,6.26189911672161,6.37445878241793,6.58143932362597,95,23.3898305084746
3.02999036462245,4.60405155859945,4.81377806807657,6.25437896786433,6.38126975435525,6.55307012068904,95,23.8983050847458
3.14663264745222,4.55795053073115,4.74534300349801,6.25545342602589,6.35180231298722,6.59565166972974,95,24.4067796610169
3.10183255315367,4.49584346757051,4.72785244781247,6.22862460666347,6.33312685206167,6.54725253591624,95,24.9152542372881
2.89485722536404,4.43718206079388,4.68384912426138,6.19545588711224,6.31534537011315,6.53432765554966,95,25.4237288135593
2.83674097751157,4.44337916507277,4.64909021726877,6.1979758882826,6.31037449440242,6.50238031726541,95,25.9322033898305
2.71932033220198,4.3683424173558,4.60398669623274,6.1771096067623,6.2808988437186,6.55553215855079,95,26.4406779661017
2.81123411769761,4.32100160341447,4.57846407720194,6.18579879532277,6.27315287722134,6.5911758478347,95,26.9491525423729
2.90700500581173,4.28999913011318,4.54646022396408,6.14920854304572,6.28321635148497,6.5523248575352,95,27.4576271186441
2.54728684472066,4.24152946191259,4.52127126797652,6.11744311166659,6.26383736793,6.59581459884312,95,27.9661016949153
2.74741801955377,4.22718550258118,4.46771760861295,6.12064121814672,6.25415520976869,6.50625034359083,95,28.4745762711864
2.72254412711794,4.20818888648608,4.43061472868354,6.10213920468483,6.21575913022238,6.50230738223803,95,28.9830508474576
2.60765463782771,4.14004700794108,4.40949979958079,6.07329316869363,6.22355442891216,6.52401449354586,95,29.4915254237288
2.61768293476802,4.13123807952343,4.36492858884741,6.0859074597323,6.20601364473715,6.48391783203001,95,30
1.20798572230591,1.4124741516875,1.4557242908823,1.98469030467835,2.05168324498809,4.3984852293085,96,0
1.4387006792835,1.89911553457067,3.2136200115081,5.65003672062025,5.73506746830401,6.09774560032701,96,0.508474576271186
4.4177600883253,5.50308453768066,5.58224364937613,6.33866597676333,6.40184811602278,6.69427685063872,96,1.01694915254237
4.89952113733265,5.99405296660321,6.06339447547002,6.66818439216487,6.71575753744121,6.89644349658235,96,1.52542372881356
4.8988154020643,6.22510812711244,6.27118618767626,6.86817554865439,6.92134836145337,7.10069194382973,96,2.03389830508475
4.9872043560501,6.36896460412725,6.42478551317878,6.98745137104466,7.04534308817473,7.26114475707118,96,2.54237288135593
4.89309337390697,6.45419814311298,6.50082695137188,7.0809866522084,7.12640336343137,7.35956832686092,96,3.05084745762712
4.89333684913266,6.48363901472793,6.55659975690346,7.14394736374305,7.19189102380603,7.45225202962763,96,3.5593220338983
5.02362273845144,6.52708945508992,6.59176661498198,7.19601507163191,7.2487830571524,7.52641053391829,96,4.06779661016949
4.8546805875192,6.51301624042789,6.62019064252543,7.2176194099188,7.27401082908852,7.63128812406477,96,4.57627118644068
4.90387553495716,6.53244548703545,6.6162298979635,7.23858623489433,7.31160254703593,7.6717117789403,96,5.08474576271186
4.85262635178323,6.52164494123949,6.61947228914887,7.26778015845661,7.32370475872254,7.61982950759931,96,5.59322033898305
4.73431737784031,6.52860465023071,6.60470337947975,7.28026734021991,7.3358533504234,7.67030962727084,96,6.10169491525424
4.88692231331126,6.50052136574993,6.58248740752301,7.26536576384582,7.33263633819478,7.66196669141186,96,6.61016949152542
4.85315732627125,6.49044785140625,6.56319220685288,7.2598335236318,7.32182655485462,7.69269946553114,96,7.11864406779661
4.74930072152283,6.47256794348402,6.56117504303882,7.27919047316782,7.32861257152033,7.67169299803587,96,7.6271186440678
4.66355654194911,6.43617780896824,6.53019754287827,7.27922445799525,7.35370501947178,7.67881271043373,96,8.13559322033898
4.88522219067151,6.42042584773243,6.48705774270313,7.24535072053815,7.3312049391489,7.74027624344737,96,8.64406779661017
4.70875246472112,6.40605403173227,6.47143887779403,7.24415710611115,7.32697274992134,7.7154026858196,96,9.15254237288136
4.97812139228572,6.35152453292544,6.43447466352418,7.23068631200237,7.31765169826876,7.66610120489482,96,9.66101694915254
4.9523797142479,6.32246023542128,6.41117313342019,7.22860582308875,7.30955949490117,7.65157210691991,96,10.1694915254237
5.00632676250595,6.29095650358052,6.38212546524444,7.21946197580908,7.28964458906824,7.66173723919835,96,10.6779661016949
4.6317388559058,6.24801954859244,6.35480945431242,7.1985889474178,7.28660841001902,7.63787681586762,96,11.1864406779661
4.96664418208771,6.22354450193262,6.31468844574222,7.1617884923495,7.26970108222712,7.55538125101168,96,11.6949152542373
4.85979695724096,6.19944666004556,6.30270225528749,7.16097248041337,7.25955741568346,7.55664713982032,96,12.2033898305085
4.71970126143922,6.15698885865649,6.26261989380527,7.14095333235828,7.24402092523392,7.56556836077009,96,12.7118644067797
4.81206172418259,6.10483821596396,6.2239562553797,7.13303745398915,7.24266668508995,7.55146285561036,96,13.2203389830508
4.75286713138368,6.0842091866269,6.20003263205064,7.11850460118904,7.20942804467238,7.54642113751751,96,13.728813559322
4.96534535073218,6.02911573117735,6.17263297300092,7.0937045263349,7.19545213865418,7.55033818063414,96,14.2372881355932
4.86615898476374,5.99403041504949,6.13412751950435,7.08015439240491,7.18050591542934,7.53392000204266,96,14.7457627118644
4.82503927334731,5.94854371885999,6.11292608520736,7.0712393831966,7.14883704894753,7.49742709029744,96,15.2542372881356
4.79819416877806,5.91228016801315,6.05923302038754,7.06781440347137,7.1313966793847,7.45149693340423,96,15.7627118644068
4.72987850519162,5.89930030609974,6.03565086320555,7.0397980525066,7.13390044213614,7.47135598354394,96,16.271186440678
4.76027652097732,5.82432991670349,6.00003703170831,7.02124966457396,7.1061198816017,7.49094084975903,96,16.7796610169492
4.71362874477974,5.80714654873585,5.94838905658546,7.00555861227209,7.09734382274968,7.4455543006207,96,17.2881355932203
4.67098579977966,5.78003175403625,5.89876391245658,6.99853973091343,7.07973081326124,7.47545200971828,96,17.7966101694915
4.58213024536968,5.7362526180411,5.8662266292201,6.96875581322736,7.05889298133169,7.42371820096221,96,18.3050847457627
4.60625021301626,5.68655628263844,5.83601912684873,6.96245742451536,7.03078929084625,7.40813647907796,96,18.8135593220339
4.58861683592635,5.65336148216406,5.82652168084413,6.95198229621631,7.02747848844414,7.40402562972528,96,19.3220338983051
4.47293121453635,5.5875614802963,5.78099071527182,6.91648177256291,7.01902150608408,7.372958175024,96,19.8305084745763
4.41433743271016,5.56586114726402,5.72859461027172,6.91046223234613,6.99749339695357,7.30246988960734,96,20.3389830508475
4.36268594481207,5.50248980982474,5.71611775281409,6.87699565079497,6.97381612068103,7.28785241323984,96,20.8474576271186
4.24708899529007,5.46653173265234,5.67958536720816,6.87820757713584,6.97119061773907,7.30876578827333,96,21.3559322033898
4.25372447197311,5.39369413625631,5.61620655397327,6.86632732893763,6.95644603990727,7.29140556243644,96,21.864406779661
4.0857431359988,5.38653739607211,5.57429679667701,6.84662728246179,6.94945397632524,7.25354209668314,96,22.3728813559322
4.05635286421285,5.32423676024735,5.55029658770966,6.8107116032468,6.93139375316956,7.31241475181092,96,22.8813559322034
4.13901043559271,5.28728172773723,5.49524571837181,6.82071834782184,6.91299726786445,7.20889715998651,96,23.3898305084746
3.98318224091881,5.25187506368924,5.47863449282141,6.8092583351473,6.8971489592409,7.23018832352924,96,23.8983050847458
3.84106434621448,5.20219518499393,5.42755322483638,6.78519913222431,6.89815153483413,7.20841863363589,96,24.4067796610169
3.78240708029441,5.15403838541653,5.38117836305299,6.76455245530526,6.86018187901497,7.20852871381043,96,24.9152542372881
3.77483300154512,5.07375558485655,5.39201083722238,6.73923598940956,6.82759213070076,7.21905689240499,96,25.4237288135593
3.62954902320323,5.03596460804434,5.33936929998048,6.74507895397136,6.8640482003864,7.14240986769452,96,25.9322033898305
3.51911440064778,5.00584424268288,5.29905453524402,6.72661979373258,6.84215749589522,7.16286050517461,96,26.4406779661017
3.32423562487001,4.97824709095106,5.29140071984275,6.7021153751293,6.80862248025295,7.1912586504731,96,26.9491525423729
3.41530077015233,4.9432864161318,5.25164626070518,6.68126748903728,6.80697565571956,7.22061990156295,96,27.4576271186441
3.3356108011391,4.86519888494261,5.14577852484306,6.6690974185607,6.77651622331204,7.09503813549287,96,27.9661016949153
3.28981304503652,4.85554147476611,5.15203174641953,6.66748429477844,6.80390827944162,7.13957132458943,96,28.4745762711864
3.23267592150587,4.85799534913057,5.09695272501849,6.65720148159709,6.77447846851023,7.07177770409976,96,28.9830508474576
3.19134752604096,4.82842827759412,5.06974790704454,6.65234842541127,6.75992885954346,7.10012846312341,96,29.4915254237288
3.11982630961206,4.74087902286559,5.0386431140875,6.62096372604735,6.73783776526799,7.08156132967541,96,30
1.25999051294077,1.41079762166362,1.46137070529789,2.61921436830272,3.32164420221502,4.35340720882204,97,0
1.6404523870553,2.78826735115986,3.92640814267629,5.85633782691748,5.94094254704586,6.31047578958383,97,0.508474576271186
5.34505232266721,5.68923503405872,5.80595106740184,6.52927767406054,6.58769693640301,6.83259617874231,97,1.01694915254237
5.96632782695809,6.20955758702981,6.24989364367985,6.85697918264345,6.9055773306217,7.11456042435276,97,1.52542372881356
6.1915874586375,6.43985311385838,6.49295040836633,7.05857441730015,7.11238567070138,7.36175844418579,97,2.03389830508475
6.40589693874776,6.58325148209261,6.63652127337195,7.19893461707925,7.23690238893427,7.45563042946184,97,2.54237288135593
6.5055843301501,6.69769172570818,6.74251166573166,7.30335848738997,7.34641312989429,7.46550050487653,97,3.05084745762712
6.53272327049095,6.76688758836771,6.81221989196113,7.36950986762347,7.41878127048989,7.7136534814828,97,3.5593220338983
6.59596679862667,6.80270918693848,6.85182195649885,7.41766453431425,7.46136289461724,7.65334412662283,97,4.06779661016949
6.5792522814131,6.83088414192232,6.89124877184062,7.45957831026229,7.49401725100743,7.67101870593043,97,4.57627118644068
6.5436367783662,6.84765705548252,6.89774041333447,7.4736426778885,7.52124614449993,7.8597949686588,97,5.08474576271186
6.54302165406528,6.85219343654011,6.91462391648122,7.50023646486431,7.5391219725172,7.78394587927637,97,5.59322033898305
6.47780488328857,6.83925916358001,6.90503119082642,7.51153654503483,7.56742156171782,7.93136370854709,97,6.10169491525424
6.48007304045642,6.81215089593334,6.89534813263873,7.52095896110735,7.57468121713295,8.02240585779388,97,6.61016949152542
6.45477278608237,6.80441620153764,6.89001745711932,7.52147854017869,7.58224889288237,8.15427142104316,97,7.11864406779661
6.50548942854556,6.79843698615463,6.8753370507162,7.52173506011885,7.58521751138244,7.87259260993938,97,7.6271186440678
6.43416644293166,6.7778551834961,6.83520340743582,7.53103845080303,7.57915456864686,7.96230700644309,97,8.13559322033898
6.38003612463702,6.73035559079602,6.81527461281601,7.52352873931966,7.59103793247116,8.20721828237644,97,8.64406779661017
6.27168927855078,6.7282771337378,6.798533421384,7.49703233490919,7.57145453690595,8.13709883312711,97,9.15254237288136
6.23705596672019,6.69185739051943,6.76585251144643,7.50056517424033,7.57129480741199,8.38731641795924,97,9.66101694915254
6.16014829426784,6.64571854282587,6.7259740776534,7.50821877517058,7.56927656357884,8.29716232315236,97,10.1694915254237
6.11635416447355,6.59785435721511,6.69793944047459,7.4955345249654,7.56225201608965,8.05948134385588,97,10.6779661016949
5.99815896808042,6.56837847868125,6.67921831810026,7.47567488717586,7.54842189750456,8.09861114751983,97,11.1864406779661
5.88280068120586,6.52610127607819,6.64462957121389,7.46616592248729,7.52425431121109,8.15689294936158,97,11.6949152542373
5.78880328639958,6.50624394165137,6.60702649748161,7.4574412040687,7.52722264482174,8.23177673350373,97,12.2033898305085
5.8426558043301,6.48164869845425,6.57797746832194,7.44296698123984,7.51904848482066,8.2030250902762,97,12.7118644067797
5.79203382822313,6.42518603508312,6.51418585972502,7.429803626524,7.49113052799746,8.19908609327931,97,13.2203389830508
5.63937605926155,6.35988299224111,6.50667353295218,7.4203020155727,7.49280718381064,8.23388886932141,97,13.728813559322
5.53161567056037,6.32671484349644,6.4756445098682,7.40230602744873,7.47652795975724,8.25141392563187,97,14.2372881355932
5.4093613336235,6.24596742493648,6.43814487605539,7.39213450581671,7.4669302549267,8.01083185759429,97,14.7457627118644
5.29574780035587,6.25431565436933,6.39471992040078,7.37731621026682,7.45071339726123,8.11095444765424,97,15.2542372881356
5.28330390936118,6.18731263613295,6.33946538223622,7.35026484759125,7.43009735967756,8.2327055927761,97,15.7627118644068
5.1772156281651,6.14377209930006,6.28598636218425,7.3402049172665,7.39876119295448,8.29128876862245,97,16.271186440678
5.11928664130954,6.10593391555194,6.25676070189978,7.33390190407458,7.38910436205896,8.31183519889865,97,16.7796610169492
4.84070728287218,5.99612562018374,6.20234886485065,7.30756400703148,7.37858015489242,8.22560052184765,97,17.2881355932203
4.79085274515904,5.97699326011957,6.17941572190077,7.27929075525882,7.34460203477748,8.40286967996818,97,17.7966101694915
4.66323058804649,5.9391414340516,6.15938132355497,7.28786295157894,7.34636008834765,8.24170685037329,97,18.3050847457627
4.6282884091184,5.92285676741615,6.09975089501637,7.27895055510822,7.32930112856179,8.12591978559979,97,18.8135593220339
4.5345959977969,5.84529809116172,6.06967292246139,7.26200632375683,7.31367881728896,8.29326759852135,97,19.3220338983051
4.41680702975104,5.775183765104,6.00620978724517,7.21899297736217,7.284680867243,8.19925765787492,97,19.8305084745763
4.39344924683693,5.73586829841471,5.96480152718819,7.20642307131056,7.30218259692016,8.13947609384452,97,20.3389830508475
4.12920237964265,5.71627510076716,5.92672888355442,7.21120028853505,7.281875701845,8.18847145722544,97,20.8474576271186
4.10965879703353,5.65333322044079,5.90231369585094,7.18072801755451,7.24920498017042,8.29204428242901,97,21.3559322033898
3.9995229750852,5.63554294535926,5.86015782335277,7.16914018337966,7.23706902108991,8.06585037534762,97,21.864406779661
3.93105973728667,5.53017618650136,5.81888752975264,7.16077484655537,7.23503462702448,8.31628990759791,97,22.3728813559322
3.87775095743503,5.51880093575235,5.76938848062636,7.13613295639787,7.21127246017207,8.30632519520952,97,22.8813559322034
3.85311108387411,5.44686733452547,5.70089562106122,7.10980050569887,7.19613611479519,8.15170804250166,97,23.3898305084746
3.62988236432701,5.44788345322229,5.68888393655959,7.09828959119961,7.17878983191771,8.22524256081213,97,23.8983050847458
3.56426458801642,5.38473654971412,5.62426852538865,7.09230565860036,7.17381736134806,8.28051128851147,97,24.4067796610169
3.4800745233029,5.32523209817804,5.603182421883,7.07888012543852,7.15035790368227,8.20356624915997,97,24.9152542372881
3.4521118713123,5.2567286250152,5.54379388040533,7.04908556284709,7.12859601747239,8.18077881614447,97,25.4237288135593
3.4490344420822,5.24454236428137,5.51661071612472,7.04098412660575,7.10812563338569,8.13192768067039,97,25.9322033898305
3.41453466595763,5.16566960939017,5.47802342241873,7.04173493628247,7.12142139724558,8.15262883070585,97,26.4406779661017
3.19910347884568,5.08785988453656,5.39079929348574,7.01922497148794,7.08603805513922,8.23023214494038,97,26.9491525423729
3.0946005039585,5.05961504028871,5.3550371860656,7.00014251698545,7.08045956704695,8.20634117996933,97,27.4576271186441
2.98055250755827,5.01233957825608,5.30968543628602,6.98171138356542,7.06952637945293,8.25462047551382,97,27.9661016949153
2.93658397613667,4.9861841643268,5.24837813139924,6.95900827459505,7.04819046721087,8.25146358049626,97,28.4745762711864
2.9196379790414,4.94568706653362,5.1966763388704,6.95395993504414,7.04672830928839,8.24947257466599,97,28.9830508474576
2.93348823413795,4.8939388089806,5.13825546675885,6.92363417045344,7.01095327494012,8.11507434272312,97,29.4915254237288
2.94052478122402,4.83724505151624,5.12306530960739,6.90895927421388,7.00834742250322,8.52782058300965,97,30
1.19020867044409,1.40694736263248,1.46615937438798,1.970178809603,2.02053989965878,2.39153870889102,98,0
1.26967973188219,1.45193456440333,1.50311410690984,4.7257232440711,4.9909614263264,5.7944079347308,98,0.508474576271186
1.31294057152664,2.6815715020428,3.88473185075907,5.87080477196491,5.93579603628989,6.55743985686786,98,1.01694915254237
4.11984875780323,5.49216780742125,5.57223145365653,6.30165734344665,6.38164872006064,6.62970401941595,98,1.52542372881356
5.58838876526169,5.90638000446527,5.96481929431208,6.56801185775895,6.62357393167271,6.86884874090995,98,2.03389830508475
5.82395172614332,6.09388080035388,6.15331954181829,6.7182222726186,6.76437332181789,7.02641217794149,98,2.54237288135593
5.95018983592258,6.20904106163987,6.2679300798399,6.83527131296316,6.87310474350451,7.068018200312,98,3.05084745762712
6.0261368610942,6.26356045114716,6.3260029312445,6.89740388137274,6.95178753048095,7.19038909535034,98,3.5593220338983
6.01434620150015,6.2969710216301,6.3495642964001,6.9558057329191,6.9904274750892,7.19633801589657,98,4.06779661016949
6.07526052878128,6.33376671384566,6.37928116488551,6.96742861139742,7.03557343921725,7.18052845752927,98,4.57627118644068
6.07831559905651,6.31058590958328,6.36983867996796,6.99092595413768,7.05764264984014,7.23219468750949,98,5.08474576271186
6.12639651801,6.30805178493212,6.37240884328111,7.00704138155191,7.06131237684715,7.23869843307398,98,5.59322033898305
6.07896368740124,6.29196058244251,6.35843350394393,7.02747457177966,7.07934148183877,7.27072580651896,98,6.10169491525424
6.07638416854552,6.27042416226566,6.35222831515865,7.02293060015706,7.06905399584269,7.28258534856921,98,6.61016949152542
6.03982447314388,6.24339510613154,6.32055023507616,7.01083703969235,7.08287780353783,7.27293340513851,98,7.11864406779661
6.03657747452047,6.23105749707936,6.29613348477898,7.01197217157227,7.06172103399486,7.29020858329666,98,7.6271186440678
5.90126166717775,6.18769560469398,6.26774124084809,7.01930120016016,7.07647588865119,7.3045657048556,98,8.13559322033898
5.86473842543419,6.14628430610311,6.25022790752569,7.00426647724012,7.04298238878944,7.24802407621505,98,8.64406779661017
5.82040248549648,6.11322319126089,6.22582414044636,6.97977066413172,7.04953690381607,7.20316323038638,98,9.15254237288136
5.76151858257669,6.10563148227071,6.19356948611048,6.96695054555153,7.03074344921302,7.19761110617192,98,9.66101694915254
5.65000183575015,6.0584150413812,6.16836457164651,6.94973162940222,7.01709743940834,7.1894851963192,98,10.1694915254237
5.63536168077033,6.0316606958408,6.13561883606907,6.9501942406343,7.03217686839311,7.17367742449982,98,10.6779661016949
5.61534900953154,6.01814020786654,6.10821660817493,6.93233226252169,6.99448231295411,7.21721757549116,98,11.1864406779661
5.51335232794983,5.96165393666117,6.07697174558429,6.92162587254901,6.97931196838035,7.1907442247519,98,11.6949152542373
5.34420698577805,5.92962785006089,6.03089166266057,6.9053343487862,6.95958935423718,7.14962704373703,98,12.2033898305085
5.2989666194271,5.92410485584125,6.02233415209962,6.88404085227942,6.95375803947958,7.13616170162437,98,12.7118644067797
5.32842495666114,5.87541183882917,5.98217869868905,6.88142276093869,6.92633201252972,7.16940201986481,98,13.2203389830508
5.25980053031265,5.84632737799928,5.94307107478404,6.85870262445304,6.91715025431727,7.1629177672892,98,13.728813559322
5.18487607734075,5.8169669123114,5.89856949693998,6.8426591631086,6.91091027756987,7.10100680158189,98,14.2372881355932
5.12711680347113,5.75021279394092,5.87977242658757,6.82701663853098,6.90264892802147,7.08382051009185,98,14.7457627118644
5.0946792888629,5.69725271944793,5.82949429169569,6.81874744112229,6.88088945377857,7.12470151396772,98,15.2542372881356
5.03581567734659,5.65532480608003,5.79618736522124,6.79306011239127,6.87341756785885,7.04299888210669,98,15.7627118644068
4.94058845064877,5.6182647175471,5.75876377901595,6.791873914485,6.87186326561817,7.04732808737084,98,16.271186440678
4.87500762030775,5.57946692715035,5.72007562412212,6.77103932627938,6.83476436039163,7.05961424000214,98,16.7796610169492
4.8580171781174,5.55263512021602,5.68424005376019,6.74544213899379,6.83013105158507,7.01742772351928,98,17.2881355932203
4.75444746266509,5.51544641284535,5.66812401472643,6.72463506929999,6.81460759236823,7.01862538143359,98,17.7966101694915
4.70012087247881,5.47495121792992,5.61888160013379,6.72590848914327,6.80714739614415,7.02258895116695,98,18.3050847457627
4.70318095441259,5.42923872586896,5.58685026168988,6.70428408529836,6.77162356273698,7.00376370902424,98,18.8135593220339
4.66590053954288,5.40860495944125,5.5693317815141,6.69764630398617,6.776498362447,6.96896379258455,98,19.3220338983051
4.63755372552175,5.33425154062812,5.51813521338013,6.66165449476779,6.76493155809792,6.99566124506732,98,19.8305084745763
4.64009062137364,5.28205864647118,5.47547798202419,6.65984678866435,6.73923749943038,6.96458130605294,98,20.3389830508475
4.61503526705019,5.23114389341109,5.47701730250776,6.63704586498635,6.7470737329589,6.9294633107751,98,20.8474576271186
4.48489789781082,5.23449557653287,5.44422080023268,6.61914005896929,6.71961081272464,6.96079683878674,98,21.3559322033898
4.38275464822696,5.17251576628267,5.39928391816304,6.6042666454033,6.6864590850418,6.90485728393942,98,21.864406779661
4.31154669509995,5.16163022664698,5.336954239957,6.59288149416024,6.69158389208712,6.88087076932973,98,22.3728813559322
4.29091841786776,5.09398332973942,5.33534396062714,6.57798596281309,6.68374936796975,6.85771827856978,98,22.8813559322034
4.15255218195124,5.07929149870077,5.30103789405749,6.55430440810116,6.66905111686648,6.88057086443537,98,23.3898305084746
4.13313031010216,5.01633564816033,5.26513297352778,6.559514299604,6.65302431838745,6.98916405223576,98,23.8983050847458
4.13257025577887,5.00251375342648,5.22226057882134,6.53199069829455,6.64758309560818,6.78610291277623,98,24.4067796610169
4.02390072279552,4.94667637998319,5.20981765256281,6.52340970371523,6.644758805845,6.83319825990551,98,24.9152542372881
3.94623278616071,4.89583714425746,5.11597906242992,6.50641666259472,6.6303432992969,6.80749201648379,98,25.4237288135593
3.91561553789168,4.82245791929403,5.09028178354186,6.47862941870233,6.61326312285301,6.87426111989549,98,25.9322033898305
3.76753203425768,4.81116380496502,5.09080160592057,6.47150420089484,6.58178938660175,6.73925937221259,98,26.4406779661017
3.71072352179997,4.78186123138565,5.03314971156509,6.46899224592868,6.58334904009526,6.98396879282929,98,26.9491525423729
3.80544940060099,4.72843005034947,4.99101714119442,6.44218828274821,6.56084098738358,6.88023333959976,98,27.4576271186441
3.88919800534753,4.66982385436124,4.96630361100295,6.42657611525526,6.56405439046711,6.89480260402327,98,27.9661016949153
3.71035058528862,4.64391533682516,4.92396503012209,6.41492729213362,6.5501816858703,6.81572404906527,98,28.4745762711864
3.71653010391655,4.5933672576461,4.89131383427583,6.40961690130775,6.53830627877141,6.69600176871777,98,28.9830508474576
3.63850780472629,4.56901351268357,4.85356998599445,6.39451852048705,6.51495503748831,6.70641272394963,98,29.4915254237288
3.50595897456463,4.47752030459526,4.80861723298828,6.38469291337554,6.49263185100618,6.90197980057607,98,30
1.25182770834887,1.41142629388671,1.46012171804538,1.964043608589,2.00970864160776,2.54817179188378,99,0
1.21680533697077,1.43838884733491,1.50167262999173,4.81622948249691,5.02120403947029,5.72457532771967,99,0.508474576271186
1.54449670245044,3.49902557831175,4.38819964110306,5.94416409644558,6.02729567445349,6.42307089961907,99,1.01694915254237
1.93598436943036,5.49519720319802,5.62934696732344,6.37510150473768,6.43878297722032,6.6492921615176,99,1.52542372881356
5.71137631957518,5.95158984692119,6.01991577635531,6.62073741238624,6.68510551236121,6.88535953379695,99,2.03389830508475
5.90505785255222,6.15482974399542,6.21453519230293,6.77026413620754,6.8272436894083,7.05446277055519,99,2.54237288135593
5.97705244935252,6.25353265854505,6.30242575634828,6.87102584285264,6.92116036064428,7.13932963863479,99,3.05084745762712
6.0516663804804,6.30846238417716,6.36797844730287,6.92258981393114,6.98786876066037,7.12787735351968,99,3.5593220338983
6.12811036042111,6.33014245796101,6.39030020482962,6.98753448790981,7.03406209591259,7.1963464532029,99,4.06779661016949
6.17627331903727,6.33942352446416,6.41964414438428,7.01473699557549,7.06000957413344,7.2351965974538,99,4.57627118644068
6.133947516531,6.36233103795509,6.40299463643582,7.03398819473633,7.10275550668682,7.22618672192594,99,5.08474576271186
6.17942881367357,6.35299327733987,6.40937522946925,7.0412291278104,7.08822879468388,7.25446059884151,99,5.59322033898305
6.09796299459288,6.35663984000083,6.3982733483799,7.05139513501526,7.1011592178823,7.28417070006458,99,6.10169491525424
6.07430361836372,6.32823730730519,6.3913090212719,7.0421318238916,7.08571239427464,7.31774282482431,99,6.61016949152542
6.05900152656423,6.30356054387434,6.36128757878552,7.0455873474624,7.09982031109356,7.29534344067853,99,7.11864406779661
6.07473930762944,6.27747206932593,6.3472991448874,7.04888514730225,7.0958064653056,7.37747782571045,99,7.6271186440678
5.9563675256319,6.25842929147295,6.32145899922679,7.0306595650933,7.09800043439287,7.39794839454472,99,8.13559322033898
6.01502517775815,6.23615297019189,6.2967280221983,7.02959843933467,7.07661213356419,7.29843022640358,99,8.64406779661017
5.92782967321445,6.18831148532478,6.27856500884905,7.01927111601593,7.08973703478951,7.30538628238368,99,9.15254237288136
5.93185600151013,6.19826993767896,6.25692169000963,7.00307324489647,7.07543687138248,7.26868194617547,99,9.66101694915254
5.85230761809294,6.17388863552461,6.23804459790646,6.99679204803604,7.05346891260751,7.25063578110879,99,10.1694915254237
5.83216614869532,6.1494751682366,6.20820146071136,6.99006639953802,7.04445339964863,7.25314088703218,99,10.6779661016949
5.77198674723884,6.11639911804643,6.18392883411438,6.97143081964026,7.01506305266815,7.26531837769311,99,11.1864406779661
5.72922882225386,6.09201749336736,6.14927735507243,6.95923366876232,7.01157453695647,7.26392527113039,99,11.6949152542373
5.70353254925672,6.06117517993035,6.13231509636503,6.95193291011507,7.00530178779359,7.24991879150614,99,12.2033898305085
5.65447489824513,6.02956526744949,6.08981330102644,6.9298347606305,6.99685120601224,7.21207951200912,99,12.7118644067797
5.62759824349488,6.01055476719718,6.07954623299277,6.92422529511031,6.98252552270675,7.22853455662989,99,13.2203389830508
5.51329773890758,5.97702924036435,6.04629176129929,6.91445702151075,6.96731104606781,7.26376106184139,99,13.728813559322
5.49149552888766,5.95494813088427,6.01951448679949,6.89969715829516,6.955576211785,7.19981408438362,99,14.2372881355932
5.4412840168281,5.9226029419006,5.98831847735406,6.88443216340669,6.95049649121311,7.17296918904527,99,14.7457627118644
5.30525463098261,5.90065370711388,5.96030581339225,6.86405084696498,6.93345698197564,7.18316377054043,99,15.2542372881356
5.36296561970971,5.87457743588119,5.93999981028074,6.87012457573097,6.93084273958783,7.13780078897109,99,15.7627118644068
5.20507418669775,5.83134213050028,5.91445560442327,6.83764357268029,6.90826073505846,7.17980575760421,99,16.271186440678
5.2001451644627,5.80196285932352,5.87472549619768,6.83204317880731,6.90063897780677,7.09604078700267,99,16.7796610169492
5.21919737408681,5.7627449254927,5.83424100746161,6.81868133604365,6.90068906262732,7.07329819841872,99,17.2881355932203
5.13016572002378,5.74128342199974,5.81916884786646,6.81287763461909,6.86750498799738,7.19956862584515,99,17.7966101694915
5.08974324488135,5.68413900674125,5.7705968223777,6.78496481952014,6.84906046877108,7.29195165918333,99,18.3050847457627
4.99724765815586,5.66312299283831,5.75070210823062,6.77642313711723,6.85289719153677,7.1250519210427,99,18.8135593220339
4.99354367920187,5.63635107065591,5.71080932191994,6.75976493142477,6.82362252648882,7.06246174833836,99,19.3220338983051
5.01636754421917,5.57730020790106,5.67430080428494,6.756545368909,6.8324918016339,7.09998455804433,99,19.8305084745763
4.99903494276969,5.53972840627249,5.64688185385713,6.75103505997142,6.81136949624935,7.098616521705,99,20.3389830508475
4.9300815213192,5.49937848983738,5.6194632852771,6.73490174744515,6.80594409665769,7.00055443808261,99,20.8474576271186
4.88551670808998,5.47104434011416,5.56344115178997,6.7214489279897,6.79701733295468,7.03914624426373,99,21.3559322033898
4.84541212645312,5.4485410452397,5.54323727067685,6.7204186114929,6.78216536997826,7.20550147683738,99,21.864406779661
4.80539902214972,5.37514870119394,5.49462808857893,6.69693842888629,6.76739250721714,7.08502789197733,99,22.3728813559322
4.6901564122478,5.36358184929376,5.48412936655921,6.67316171435731,6.765011423808,7.03720435798822,99,22.8813559322034
4.61391270583811,5.31955688928996,5.451738189414,6.66711259263422,6.75522162408567,7.01159828460716,99,23.3898305084746
4.64719500862567,5.31242091902437,5.41316624415041,6.66144626714762,6.7534298389698,7.03790226419123,99,23.8983050847458
4.47779324598552,5.23736482051401,5.37361565391589,6.64634115741274,6.72662849248077,7.01411648287198,99,24.4067796610169
4.39742123507988,5.19497445361628,5.32787277742902,6.63563913551993,6.73936627381311,7.01430330879085,99,24.9152542372881
4.39655406624127,5.18355560757606,5.31310849678298,6.62504589300489,6.68843980781615,6.96564883815812,99,25.4237288135593
4.35011906371557,5.14912381622125,5.29680472433566,6.60404158667233,6.68694693887112,7.05248989019307,99,25.9322033898305
4.37597111604777,5.07686951652585,5.23327001127514,6.5981038931371,6.67885451614915,6.89332112547447,99,26.4406779661017
4.2637988178813,5.01484407466933,5.20623353341988,6.5806730228183,6.66107541212631,6.91345695219719,99,26.9491525423729
4.21596856899738,5.01115777662128,5.18018706948099,6.569257046562,6.66820303505923,6.89883515393033,99,27.4576271186441
4.15642881769249,4.9654070932251,5.13818894150092,6.55319034388372,6.6689744674191,6.99293778801135,99,27.9661016949153
4.0952696802662,4.90338799011672,5.09787207175914,6.55488208305928,6.66370865674835,7.08880237066291,99,28.4745762711864
3.98897056156954,4.92281696250217,5.06262355162693,6.55414540605181,6.65878120540534,7.13171001880861,99,28.9830508474576
3.9301716287797,4.8653506974196,5.05562769789541,6.55019513557695,6.63031529250569,7.03480877442839,99,29.4915254237288
3.80094230827547,4.85496539514319,4.99918723649754,6.50862435990437,6.61515900647136,6.96468398627185,99,30
1.25350982183539,1.41197553701289,1.45932355104298,2.0890909881257,3.19212926572982,4.4094357527212,100,0
1.49913528258355,2.86635894346199,4.02258667393112,5.80404432122235,5.88408424576152,6.1987337078472,100,0.508474576271186
4.56144334833263,5.67062409057124,5.74606306776768,6.45898710938697,6.53154530550393,6.78827466661061,100,1.01694915254237
5.40322128810747,6.16113453444744,6.21940837647814,6.81848511738363,6.86884969150477,7.09221491878353,100,1.52542372881356
5.90205739923822,6.40086865283296,6.46100903368823,7.02414595329774,7.07710030112012,7.28919581551767,100,2.03389830508475
6.03476864728043,6.56845154413648,6.62748709150263,7.1737570101068,7.22396632511498,7.47433537238944,100,2.54237288135593
6.40289487456192,6.67856019105132,6.73301459331524,7.27320105548688,7.32075603180698,7.53467384508802,100,3.05084745762712
6.50389821243148,6.74304873016607,6.78579270916646,7.35543099721612,7.40863592940533,7.59326405797456,100,3.5593220338983
6.55474034764772,6.79184184260014,6.85188986752129,7.40101673663438,7.4605811357732,7.67345510958153,100,4.06779661016949
6.62917424768372,6.81625068582866,6.89078204838808,7.45749227316117,7.49420748826111,7.71911108824042,100,4.57627118644068
6.65949509181387,6.84898482704768,6.89895057185187,7.48096442081653,7.54739022531799,7.68523436970775,100,5.08474576271186
6.64952224444906,6.86737214339422,6.91605173083091,7.50441674993495,7.54625553521452,7.78687540800109,100,5.59322033898305
6.66524298296193,6.85807480915805,6.92116745654847,7.53686978506359,7.57751235509383,7.85885592232798,100,6.10169491525424
6.6340799904999,6.86078672802172,6.92455393329298,7.53745816886961,7.5808308517561,7.75917240199424,100,6.61016949152542
6.5936232811323,6.85177609999425,6.91264485057347,7.54330476812544,7.61065558396914,7.82488858247471,100,7.11864406779661
6.55998840966053,6.84030215217478,6.91194662169457,7.56127187225776,7.60288761571616,7.75058707159302,100,7.6271186440678
6.53725380169484,6.82924576922634,6.88329228203258,7.55832942068112,7.60636492405414,7.82533334315206,100,8.13559322033898
6.51855109148806,6.80131714521239,6.88456943819135,7.55976732142119,7.59687517384466,7.80273168971116,100,8.64406779661017
6.45361864162015,6.78031631956877,6.87609008682285,7.55481896364823,7.61065705918489,7.85602833795701,100,9.15254237288136
6.45672355311034,6.76962629233353,6.83912388807006,7.54797653175867,7.59745970894321,7.81156859236981,100,9.66101694915254
6.45648026506288,6.75574978065478,6.83151995463092,7.53555739207611,7.60441185932576,7.82703497019187,100,10.1694915254237
6.4386634341973,6.69191179802456,6.81340061024674,7.53983635007231,7.59052694611151,7.81753493955801,100,10.6779661016949
6.28306530608327,6.71011621252178,6.78911418258433,7.52021416793415,7.59541208942245,7.78652076756496,100,11.1864406779661
6.32132497440466,6.67663246494856,6.76439921567327,7.52481438395031,7.58214699551311,7.8291914176355,100,11.6949152542373
6.2012203180881,6.64044785866395,6.73700221441052,7.50283136828173,7.57412792755273,7.7928726323141,100,12.2033898305085
6.13329607271453,6.62901162696854,6.70611530879864,7.49425722800443,7.54974097075381,7.86043387551644,100,12.7118644067797
6.20612577440646,6.58408941269417,6.67791320371177,7.48047633660722,7.56026681222301,7.80834916220791,100,13.2203389830508
6.16942307099033,6.54559821408263,6.66184643090855,7.48012921266194,7.53879758159129,7.83998541291526,100,13.728813559322
6.04764628579419,6.51882690015001,6.63033521678584,7.45542579352969,7.53560736949725,7.84407773538547,100,14.2372881355932
5.97686680985665,6.49410759758292,6.6084526228218,7.45929344615083,7.54027757766678,7.78529484232505,100,14.7457627118644
5.96662474055711,6.45893951706518,6.58027573984204,7.44116733127919,7.50142694962177,7.80612256538252,100,15.2542372881356
5.89013155937871,6.43816375584199,6.54204199644657,7.42238761232475,7.49121450155667,7.8190639086461,100,15.7627118644068
5.8991871840994,6.39956282276022,6.52194504090121,7.41363017402567,7.47756368055337,7.78156657021927,100,16.271186440678
5.75635515069862,6.36535674992631,6.48661632027469,7.40929797532683,7.45427321669055,7.78025085025385,100,16.7796610169492
5.77684263431803,6.32014766038874,6.45718108637922,7.39377526350278,7.44586003519548,7.74204251771754,100,17.2881355932203
5.64221761208885,6.30040660047247,6.44126395428083,7.38200995106488,7.46368086600403,7.77887217343533,100,17.7966101694915
5.64682514633583,6.27511442275909,6.38618054117592,7.37233922760975,7.41267414570053,7.71352121093311,100,18.3050847457627
5.62736955975957,6.24382691760581,6.37200887495563,7.35992748745948,7.42017545503742,7.71466599490612,100,18.8135593220339
5.4749750126591,6.20058726041035,6.33892354923015,7.33481060912118,7.39128491719074,7.72878352020535,100,19.3220338983051
5.47197196956965,6.15282211369429,6.30117013701043,7.3273190473618,7.39992116232888,7.73921027753501,100,19.8305084745763
5.33819652417566,6.12226798274871,6.24003231449317,7.32392671029221,7.38084708646573,7.73112045285486,100,20.3389830508475
5.21630556179596,6.07300851347576,6.26103562018085,7.29425520691072,7.36432623824888,7.672694479845,100,20.8474576271186
5.21271183278305,6.06949239104128,6.23708336946296,7.28763508051244,7.36089410108713,7.7106255311083,100,21.3559322033898
5.11149200439701,6.02901242365147,6.1996980880059,7.26732162679128,7.35519490225765,7.73144181450654,100,21.864406779661
5.09442463377522,6.0132910942808,6.15549870990256,7.27614158574825,7.34804155628519,7.72193597395579,100,22.3728813559322
4.93104018910864,5.96803527433152,6.14919469235143,7.2421012409582,7.33241223267271,7.74167477960898,100,22.8813559322034
4.94865276685636,5.92903975784921,6.11122570939383,7.24925730712434,7.31813435580099,7.73491033994402,100,23.3898305084746
4.80206267714193,5.88060371219236,6.07104110942475,7.21106140356531,7.31893934373863,7.65664997292521,100,23.8983050847458
4.67384818918979,5.83662085977024,6.05699777622923,7.18953120047826,7.30200963555385,7.6833391332086,100,24.4067796610169
4.56684232677201,5.80589962273966,6.05960361054235,7.19857965575927,7.29605116991697,7.64546123670381,100,24.9152542372881
4.49116365375526,5.80187301679592,6.00786228594211,7.18675849793311,7.28125033425324,7.63034132241102,100,25.4237288135593
4.42004461373079,5.72212278003248,5.97205004314695,7.17192205797404,7.25883063974587,7.61014820882819,100,25.9322033898305
4.36207057309195,5.68903131411825,5.9524918692326,7.16812970989244,7.25357710995897,7.63901533354903,100,26.4406779661017
4.24658755355717,5.66019736751592,5.90887444005976,7.13344078871083,7.22688094320853,7.63952466944602,100,26.9491525423729
4.18087511296223,5.62497073008822,5.89312731879291,7.14739897907002,7.24952576836164,7.62844981765317,100,27.4576271186441
4.17189790173045,5.59664005359698,5.84748856077334,7.12592110302557,7.21620993780013,7.62219757722852,100,27.9661016949153
4.11963512635335,5.52007261037069,5.82740054393103,7.10923172383681,7.21402687213356,7.64961474048191,100,28.4745762711864
4.0216051990872,5.51938530901192,5.78800366973037,7.09178382666847,7.20444951633143,7.62287107786152,100,28.9830508474576
3.94274125965677,5.49354087207766,5.77988080087962,7.091108871201,7.18451277834149,7.63857366955072,100,29.4915254237288
3.88464572024434,5.45962402828348,5.74283519309947,7.07777366849269,7.17108222122306,7.56621835116849,100,30
