ind1,ind2,ind3,ind4,ind5,ind6,ind7,ind8,ind9,ind10,ind11,ind12,ind13,ind14,ind15,ind16,ind17,ind18,ind19,ind20,ind21,ind22,ind23,ind24,ind25,ind26,ind27,ind28,ind29,ind30,ind31,ind32,ind33,ind34,ind35,ind36,ind37,ind38,ind39,ind40
-0.461130481623797,-1.11452997785724,-1.41074329960174,-1.3544328600588,-0.295501869478426,-0.200183452032915,0.15174547690905,-0.99714355466016,-1.43009148969594,-0.533966318825181,-0.30442421537179,0.0191711391478714,-1.42923531655175,-0.270313333838627,0.322722429061529,-0.501417183133328,-1.13572167269472,-0.412740933798627,-0.192892658892461,-0.34567340619227,-1.40583456971946,-0.487130850761896,-0.709194823967005,-0.376814787197784,-0.101200217226814,-0.500225256710649,-0.686485149569674,-1.38195704618558,-0.593605810150653,-0.53497412391243,-1.40591202259115,-1.53583545496,-1.28400194498747,-0.752675268082278,-0.606838873161582,-1.00103722017871,-0.87424998588646,0.305444317428621,-0.832812736219772,-0.857953237108556
2.45690678559323,2.19830966223699,2.85179055500092,2.27803728952256,2.1443683975401,2.4476877276839,1.972558317399,2.80953292396203,2.53152804928786,2.54060384259163,1.89467809901536,2.22574037824152,2.37677031999731,2.72505915528942,2.24229775061861,2.79636930171954,2.41412130732874,2.14650176940897,2.31838840909906,2.7972614532583,2.55417601308315,2.0563545249514,2.09129785663516,2.15264683577063,2.10509941041554,2.36975379583936,2.69024811024683,2.58617150707613,2.33921943321824,2.82649803096487,2.74949799934612,2.02410350308762,2.64386596062275,2.24824000650858,3.37952572507666,2.29204871987824,2.1927009604991,1.82601254460826,2.09562577962583,2.28995996326683
-1.32979215080207,-1.55188519888522,-1.04413968010174,-1.51246333770923,-0.673653032816673,-0.711974003611053,-0.235938950252648,-1.45633691396854,-1.70516971606706,-1.82683477443689,-1.28993866919862,-0.593901429448231,-1.05869605572257,-0.742221402235553,-1.6419691172716,-0.264883519193505,-0.442056234109072,-0.892128663782697,0.234147744047496,-0.456398851373622,-1.1761901975584,-1.21429340923491,-1.15521433120824,-0.212269846949844,-1.41947313172947,-0.701354455394309,-0.88469557238646,-1.93471415277163,-0.873234585799044,-1.05213468577185,-1.2263723417893,-0.480388749260183,-0.470413014578281,-1.11083417212071,-0.959987018213757,-1.34921815057947,-0.729565577794816,-0.181778209708962,-1.11282333472083,-1.37517102247259
