ind1,ind2,ind3,ind4,ind5,ind6,ind7,ind8,ind9,ind10,ind11,ind12,ind13,ind14,ind15,ind16,ind17,ind18,ind19,ind20
-0.32632662823103,-0.835216810964487,-0.840003208056391,-0.892631120775941,-0.387076420274961,-0.619152882463742,-0.770548089856503,-1.47654875093008,-0.201904288338462,-0.982898998176083,-0.952827055852232,-1.02519744455974,-0.369473410176864,-0.633809390443894,-0.273636650371005,-0.67543235150205,-0.315687025279827,-0.406585788535638,-0.380434628716646,-0.741676645454505
-3.18528558490397,-2.81987472841185,-3.17567746094372,-2.58156082604638,-2.99107521620247,-3.04567601021043,-3.46550729461946,-3.19400844718285,-2.64947705021433,-2.60611652554229,-3.48780278104727,-2.99425100569867,-3.12058054994636,-2.57777062026646,-3.12905885771908,-3.02195777718036,-3.52531742164667,-3.41663242845313,-3.21605425247278,-3.14735475768056
0.591613609300059,-0.886808945625683,0.0206326376063646,-0.454093292083334,-0.000126709881697013,0.255389084836937,-0.161522201347099,-0.0414037068479888,-0.320009960164708,0.0547821013212441,0.202785369113355,0.305874153545772,0.374671948921538,0.258020932711696,-0.231755616878909,-0.0946895886734595,0.395472412449381,0.234265150764291,0.381592896530147,-0.403232821076471
-0.585403132074764,-0.43880772933781,-0.211555034787191,-0.302326837762058,-0.0409195982100391,-0.047025180846866,-0.526618420786473,0.338848244009679,-0.752375189128231,-0.0300832663796841,-0.280697206938781,0.114869090576941,-0.173776855325221,-0.146227399613882,-0.0504914126783654,-0.440485353723146,-0.502256817585318,-0.372827906618288,-0.0411292936698067,-0.173355838840453
