mu1,mu2,mu3,mu4,mu5,mu6,mu7,mu8,tau1,tau2,tau3,tau4,tau5,tau6,tau7,tau8
-0.33441551055503,-3.54869325478781,0.520677765785338,-0.136884008786198,5.08780037591234,1.2240299486021,2.14337733535806,-1.63086977410546,1.22882000897579,0.376934515108434,0.874174827983588,1.63351762143006,1.0816797663998,0.90282014734786,0.809024741331163,1.08746277418846
-0.394122962694519,-3.36966938159201,0.423309780867451,-0.171611896978363,5.12290563650399,1.22345467399982,1.89318620492872,-2.64674338020255,2.30156130253039,1.02728243572673,1.34550121079213,4.36030907169863,1.4078988962862,1.41319881769596,1.26638702862856,3.67280248324077
-0.416079777707402,-3.29603526234489,0.470191680733602,-0.178850808026532,5.17508437435868,1.19319564705278,1.74473708467546,-2.78085947306231,3.04531628171119,1.5439202624894,1.75614145936045,6.55351625548942,2.26125029501599,2.29684436218842,1.70309309718281,5.44681121815088
-0.447574988595534,-3.32319475967037,0.419481502722846,-0.196102936675835,5.22182055166861,1.16718321620444,1.66341845479881,-2.86691051071933,5.65805283489269,2.12039879394114,2.27571112377877,8.06817007140677,2.69401391915269,3.13224249958391,2.23386634360338,6.41779297437174
-0.461208049929766,-3.32624207205911,0.457141277731105,-0.221995317688533,5.21999128715605,1.09722491329677,1.63878487848339,-2.89117746533123,5.83974898190635,2.38277216507739,2.90960187361614,8.43542039782897,3.37017402519949,3.17126700850221,2.06778667904712,8.0273724745291
-0.447039113220093,-3.29205035513038,0.467301821810805,-0.216100180345909,5.23668851951449,1.09471174775535,1.62857405948784,-2.89030315008507,6.15084067889347,2.53129084407894,2.93543900920443,9.20060916449229,4.41138061125925,4.29343873680314,2.51292443962584,9.04293801123161
-0.489581011291246,-3.30026105771306,0.460868726221089,-0.232201724498889,5.29145641121213,1.09684138272474,1.53618091237472,-2.9199077651545,7.03646208754152,2.4511922140264,3.61018801497599,10.3125925921022,4.52122220546495,3.83459408612465,2.16719942588896,8.98828899492645
-0.465281198603945,-3.24935578712975,0.479224657045705,-0.224838390740107,5.27944501882572,1.08711519355556,1.53671102515394,-2.92144888389997,6.8665436873553,2.68324986515387,3.88538843669276,10.7840770750655,4.67313299848164,4.38839268179822,2.31144128879918,9.54254640084929
-0.491629196037952,-3.23756784095608,0.457258947742032,-0.22807847652565,5.28327142404992,1.08092483634954,1.61645148206042,-2.94550878492272,7.1931425678353,2.8681457735521,3.73122738436331,10.9213356491671,6.03749574642077,5.20629572586768,2.42408384692084,9.47265226492751
-0.517034304940587,-3.26189720000268,0.422802844103397,-0.204312224534552,5.28802395915631,1.07806532176726,1.68159640601327,-2.98188368141637,6.39164488583198,3.68517611727454,4.00152616119212,11.0373430537738,6.29682884055893,4.44423669976567,2.42151109086683,11.2443071401326
-0.516805284615832,-3.21861458808957,0.484890413960364,-0.217950092507311,5.28610463341809,1.03684299773962,1.68780239819925,-3.00233618167269,6.68030986393449,3.6946352914579,4.43359102465921,9.9716371628816,6.64533483598805,4.3627630163257,2.47785604053649,12.2679595366926
-0.550827793322174,-3.2832319040375,0.490460653993886,-0.21661966091309,5.26002297661038,1.03492490972405,1.65962939564147,-2.93510281641807,5.93423446909014,3.63402221695422,4.6420668601475,11.6985336805315,5.94803144964889,4.63886549348066,2.80393215601642,11.7588816604275
-0.513631286737366,-3.34116139084244,0.482830139665275,-0.203395899601077,5.26674600380061,1.0363444965281,1.67240714775145,-2.95101397488187,5.51403993892978,3.74497853012281,5.71189100360389,11.3152016100049,6.65832784775629,4.9467690265336,3.27528936399143,11.1135330275345
-0.514750833540548,-3.32586966450924,0.487407220703623,-0.217142659524173,5.27623838271197,1.0487777100358,1.61980236508112,-2.96446917189625,5.74203695435691,3.61195353834528,5.42862523696924,11.7826525554021,6.14300828262582,5.26659189337074,3.08896396516171,12.201440878794
-0.575338364590525,-3.33175195086996,0.430489956429669,-0.242756102363974,5.25518915022769,1.07225995663405,1.60888074702764,-2.95973051067556,6.93314826635859,4.41270137767504,5.18967164441348,11.6170925650299,6.7647710752433,4.99082896262748,3.43169377606191,10.0974739473682
-0.551997811118407,-3.28975575675454,0.421056576381993,-0.223066036977411,5.27884820596654,1.04326006197294,1.62984120955164,-2.96370943745343,6.06922765043927,4.50518523920322,5.30127350423307,11.6849454404258,7.19705584215672,5.22859561403949,3.72346979270349,11.0755327286001
-0.573410613182122,-3.30124450476084,0.396653854141172,-0.242158234473491,5.26782135440163,1.04807533289611,1.60327164534491,-2.9273408620646,6.24209438041822,3.9164092433977,6.61387537973814,9.31585242683346,7.46893364016302,6.0349310430195,3.82492114675195,10.4558559550708
-0.578392894821722,-3.23621291305099,0.383933430971202,-0.223079780336389,5.2801160150263,1.05636611351133,1.64481506011519,-2.96333301641912,5.90756607084997,4.14200631155196,6.27622167979452,9.51908731650602,8.77679707043034,6.27351720702226,4.41096101875222,10.5455645373157
-0.567126023798618,-3.2663999769862,0.375970104325118,-0.263056872189249,5.29221096369971,1.03243070798052,1.56186040478272,-2.95678941960102,6.49032841984619,4.23398832395625,6.34440977790312,12.3267598806331,8.01743770520565,6.10016960889946,4.12529084483276,11.2841232578738
-0.586601489613342,-3.197580522366,0.398276403396258,-0.2543959716879,5.2761747087076,1.03200245914702,1.56232177788546,-2.87033870501058,7.57315573004581,4.95467843618733,5.88076306117681,11.5126142915522,8.8808563181465,7.12351616848643,4.76554215847897,9.82627190504615
-0.588862016286798,-3.19808039935779,0.446854306057667,-0.265488429862291,5.25480827335444,1.03690583641137,1.54321143977162,-2.92831189588129,6.89788301398232,5.09370845664655,6.00013346729101,10.6705066470348,7.6319951418604,6.04698135802113,4.85009585492917,11.7376792525118
-0.594724608910754,-3.22395960222385,0.455758549207776,-0.286885418025496,5.30497944582354,0.993853959441526,1.48190059271168,-2.90734706028128,6.61772922015007,4.86006584802207,7.16764706081587,11.4038474876902,7.61294173993936,6.66445557593837,4.55790732258127,12.2540820107093
-0.56067423064305,-3.23679759510871,0.437546030758182,-0.268743787869458,5.28189646380723,1.01092307102084,1.44261860180287,-2.91973649727498,6.1286914718115,5.81841957349514,7.25093399807734,12.2479301600997,7.21082419867875,6.17337568164052,4.59062203074517,10.8091219803283
-0.600858867638216,-3.21996041522696,0.422685824838253,-0.25423963934513,5.27281592377741,0.995045884704197,1.45503818866312,-2.92488874620349,6.12209323487369,5.32622735768546,7.19740632042019,13.1895473803488,8.75992408805469,5.83556171624114,5.2171031903019,12.079260553173
-0.588085767104027,-3.18800424163134,0.380518517480575,-0.292276492051811,5.26821917318584,1.01301686528377,1.5505198261877,-2.93047416782364,5.93190017082576,5.99867290600727,7.4124759390498,13.1614611357785,8.48496352347825,5.79566258068845,4.81921230796619,11.8877806080554
-0.57731187486876,-3.15713655382175,0.402059482666349,-0.270318702801144,5.28986243414999,0.992953576822443,1.54556052313758,-2.88636237654838,6.56534833458819,6.27100516240369,7.89567718412327,13.173817002927,7.7916171559285,6.49791977570575,4.16636184964829,11.5246327576917
-0.593620790779154,-3.20649179152545,0.355474078466361,-0.271083800678198,5.27149836430821,1.05203721172685,1.49495729173039,-2.88012033287127,7.19536106542454,6.02488461466188,7.86532884992236,15.248314483699,8.05500755798972,6.8331610390177,4.16424669336908,13.3678855050355
-0.595067956191663,-3.23659366574175,0.39474044755412,-0.273150017644849,5.2620403912259,1.06554731142735,1.4858419880641,-2.89007442387383,8.00308291846672,5.62852662960873,7.53382743543285,15.4636094233933,6.67122241251441,5.92384548682881,4.83522262085295,14.6414452521106
-0.594183031914971,-3.21569439519372,0.362473381785253,-0.281493247714482,5.26851441113854,1.07192614868129,1.49877935332932,-2.9052180042575,7.07864795412882,5.5757564194032,7.83717280823924,14.3702061889787,7.89112239925156,7.29282516678022,4.13022452126212,12.7810931654198
-0.626707621533318,-3.21191735894263,0.350501016298112,-0.283854716077758,5.23988102094036,1.08516229464867,1.48440316718163,-2.90069205793093,7.60678356281428,6.32435778909699,7.79641323434725,12.6877507023355,7.64773257402307,7.01639432179485,4.79110415007124,14.0683753349898
-0.597545492460665,-3.19634868820118,0.341231065545757,-0.272438061152173,5.29372468470479,1.05309221285913,1.49934622248861,-2.90463194253633,7.004320529614,5.4517720208864,7.4402446468475,11.548298692513,7.12849262189699,8.2959375951084,4.47742275845136,13.2685369111634
-0.617070197107539,-3.18607297222138,0.36880406408412,-0.255893445216055,5.27777640384496,1.07893158888013,1.54717768391395,-2.91402828619567,7.11743216571685,5.20326147181411,7.74971988928692,12.3971221714443,8.97540704579208,6.75922402636915,4.3757765823713,14.3260562712218
-0.640702777224332,-3.18377024675266,0.406141971666839,-0.257056239595411,5.26022451337086,1.08282599356099,1.55716828175957,-2.93194431866018,7.86533439271558,4.59181824385573,7.95054334937272,14.1375981520454,9.55793838201265,6.88646573370938,4.85310233483286,12.9025278651965
-0.612830298721987,-3.196130071327,0.399515613245512,-0.250813056281816,5.3036038250187,1.04452138384375,1.5636605953859,-2.91425672469477,8.02296215051209,5.19423523605265,8.27567186100973,11.6224111391539,8.01292817540734,8.04338325218378,5.32666986652233,14.0724817392588
-0.620044393769482,-3.20755175445555,0.345537278611189,-0.252433337881171,5.25694885025061,1.06401668661686,1.52835233605641,-2.89343051681097,8.15340440070693,5.41657055937411,6.57557209853136,11.0408712221153,7.9947119151511,8.23317477827363,5.6852597332436,12.2742728877741
-0.607975745021705,-3.19754006253537,0.352469586938185,-0.28084594300851,5.24558674300801,1.06611612354593,1.49989492416715,-2.9007315280382,7.63067694098174,5.10372698218951,7.02114273582395,12.9085991012602,8.08734218917809,9.01733045296281,4.9898290140735,13.4613750388258
-0.602305118216593,-3.23294239960115,0.411388470340619,-0.281189895749348,5.24822637540789,1.06949500066444,1.50715829810713,-2.91268195404557,7.49718847494452,5.70452043677044,8.79552325901629,11.498071514625,7.77239819330042,8.9482625465604,5.21182582862931,14.5784147314938
-0.648491405704363,-3.23382107483017,0.384575358212764,-0.272325209527962,5.25619567246954,1.00171650698864,1.46539123464936,-2.90055243358388,6.991633290358,5.4432902848306,8.89694963571589,10.8962768886758,8.56241137754514,10.8994645378463,5.44858305642279,14.3160890353396
-0.624590624368238,-3.22610421803298,0.362339871320023,-0.266727410899953,5.24857041403064,1.06494552863364,1.48108741038446,-2.91973824006514,7.37683560721397,5.14067351106043,7.98372894283432,11.3693961494437,7.69859569866026,10.4062494749908,5.36754416877165,13.4802966314823
-0.598983463783585,-3.25572895824917,0.400828405203077,-0.254070220410919,5.23494587108476,1.06904431592503,1.45963130589863,-2.93442511865624,7.01832907865666,5.42988893596333,8.98695457257316,11.438578161994,8.21979019935508,10.1037693867241,5.99672452640948,13.3736881696772
-0.600084088360119,-3.23527657810468,0.37390658767937,-0.268314452950808,5.2494978092322,1.05659020591624,1.4614701800465,-2.92856037693756,7.94127124214874,5.54716030679676,8.4281301493418,9.01770267113199,9.00633378533149,8.65477657450276,5.2178328368296,12.0836876948729
-0.597000649189871,-3.28664440163966,0.397235484316405,-0.310419340173432,5.30014732917755,1.02878213174233,1.47266284145559,-2.93761529552348,8.07624249968217,5.68691039039267,9.62906898746076,10.8102449698176,9.42109452257748,7.26260903865378,5.71145806834238,13.3253713451914
-0.631902154549866,-3.23373149823162,0.386927780912311,-0.274906421358362,5.28692773407424,1.02686794462335,1.48727542626002,-2.9440902246593,7.37396505253677,5.69511535270252,8.75112826351899,11.6679300642051,11.5763678570317,7.43007725130683,4.43455830507791,14.3698667753892
-0.648377258978669,-3.26579930986646,0.384343394323948,-0.302645303523457,5.28487089949953,1.04352167436307,1.47842920803113,-2.93182695596336,7.18904736011442,5.96189311366188,9.5674197732982,12.3542160564616,11.3444796942789,8.26708975733136,5.36772998063215,15.1892166733848
-0.598040106032366,-3.27204167343367,0.373086223683457,-0.27774418172748,5.28869191191912,1.03735192172964,1.46240524824168,-2.9464666752997,6.75155297469005,5.85392240911287,8.433677343561,11.7101399768605,11.0483953481575,8.55824993459154,5.43125312452335,14.5249171185835
-0.611090990151279,-3.26533919792579,0.365886649511083,-0.311871946233777,5.25369186606012,1.0294903824388,1.44558787839207,-2.93686377543655,8.15726030204166,5.50497580919243,8.0814329610344,10.9884710075277,10.173218859605,8.25341725927445,4.94745504398484,14.9374631059095
-0.640401034614411,-3.27104961212281,0.396582178111464,-0.304217961742066,5.24921894909938,0.994457510387225,1.45031881680336,-2.93236031094173,8.47273130301833,4.49105181562161,7.66352208654077,13.9656313207429,9.60517337278119,9.56020203568056,5.74201697019318,15.2670071614702
-0.644285390794559,-3.28388720441739,0.379623951488717,-0.291716437909937,5.29373885390175,1.04458997092448,1.48431578251242,-2.93096283727575,8.04329328389511,4.89542556242588,7.5783714689425,14.1554175748555,11.7483365090712,8.91353805581566,5.60748300378403,16.1352351710583
-0.660762488298229,-3.25137913698022,0.400348149214233,-0.261516715498988,5.27292121155932,1.0310183354196,1.44967698834422,-2.93761117216572,8.16025834113312,4.89664397336956,7.93929463327584,12.9483620542256,12.3466925804576,10.1424292272884,4.90191814461539,15.6965343034071
-0.616591422708507,-3.26149800481312,0.347909428186689,-0.28833602884524,5.29226744272821,1.0373273520232,1.44332013962173,-2.9548292472409,9.99394534188488,4.63771455167146,7.21208212354937,12.6250047647256,10.8449129772731,9.67819402097305,6.34478533284801,15.3045565018363
-0.618400825215015,-3.26692897647503,0.35260113529676,-0.278421301247075,5.30361642051958,1.05081291612824,1.44552953090296,-2.96455737214299,9.13409392642527,5.43939450455146,7.12944029974552,11.1910972265467,11.2143107334012,9.85996917439189,7.19991199591261,14.1951905835128
-0.59702800922228,-3.24123544551141,0.353760605536557,-0.270862484109503,5.28603896696453,1.05046062346721,1.44041177505867,-2.96171360119703,9.29122576148681,4.89961136497849,7.74416099252396,10.7928660843102,10.8876622912669,8.11453942273566,7.28504765432909,14.6215465024417
-0.634269767325372,-3.27079134846909,0.344650273313749,-0.268944813621527,5.31745338560474,1.04573164710867,1.4192826158024,-2.95296983902528,8.17440695436087,5.28407200396387,7.36123667283059,12.3961978672246,9.89108803147495,8.03784149422535,7.26989991889066,17.9925281173012
-0.611372961027583,-3.29418231240343,0.343253083408643,-0.276895331934294,5.30395213681632,1.05865024195645,1.45015280157428,-2.9345044888276,9.40819756754125,5.40216270805921,7.99447041983331,13.0068056715295,10.2111694545177,7.7758793125268,6.63999001319572,15.5919922532536
-0.628279301866569,-3.30374772407845,0.340440277546718,-0.274298882306398,5.27891885943779,1.02545960319069,1.4546286925213,-2.93647921810179,9.26003364920752,5.98047321284043,7.77019560802561,12.1307870049647,10.2553231631838,9.35103071085454,6.57432485821298,14.1408897554776
-0.645004309000345,-3.27671439780051,0.367824251362615,-0.288187547877736,5.32389466742071,1.02963622681137,1.4365817315266,-2.90477791881579,9.73924193746371,6.35671406895812,7.67720538352008,10.9224573820748,11.2665783552454,9.52520551938394,7.17725698861609,13.0246653112958
-0.612035427355105,-3.24645309725468,0.372845565868904,-0.300144711234928,5.27733277282852,1.0388548444053,1.42827601562728,-2.92740695364768,9.69224924035533,6.22030424842404,7.52402998925789,11.3856036596783,12.0223907445636,9.02059925085809,6.1392543828673,12.5179820012701
-0.605346223381525,-3.28562261951606,0.351477309961398,-0.272669397659829,5.28795008591858,1.06888265791501,1.41650419004289,-2.95088811389754,10.5258517833032,5.63271093595616,9.60236890259178,11.4608461786701,10.4998693030169,8.51846036805605,6.23876186399109,13.2108250695127
-0.633088357458189,-3.26018727154975,0.36355635286329,-0.311215874828938,5.29329348505906,1.07340025981312,1.41435157056509,-2.9149673122074,9.05776841479356,6.69518769862729,9.45122457580345,13.6640268708146,11.3202850145155,10.402161301432,6.00487731764385,15.049072182987
-0.596444696739564,-3.26733833768866,0.368146652038539,-0.312450225432567,5.29423643070944,1.05141181390195,1.38503935985396,-2.89682794374128,9.62005427644153,7.12266042938747,9.24703037874922,13.4161208722836,11.3592510620656,8.94422113235609,5.13001085365819,12.6509891261749
-0.607313617205212,-3.23211532308438,0.386082164114632,-0.277515158714383,5.24597094623782,1.06879810779999,1.36913744061611,-2.9147779788482,9.59850304352494,6.18294650830708,7.9289545266857,12.3122729844188,9.89993613949593,9.90205208177989,5.35690416627466,12.7611309742665
-0.617686374029542,-3.22506063944004,0.402919546143753,-0.313535564328472,5.24915491190909,1.05450153172164,1.44250416619662,-2.91576504865491,9.10229201230732,6.64534024726917,8.1991077110791,13.5845844067187,11.6895379915255,11.0083150757661,5.17695681413959,12.1377181711986
-0.609852857334044,-3.25675572929554,0.392043554208072,-0.287555268756454,5.26472982000719,1.04241634964671,1.43926441978586,-2.93429687272141,9.17369144520917,6.82792360007592,9.75243125738523,12.9495423970686,10.4485240597396,10.3488566012847,5.60607056889019,14.0255637421005
-0.630100107946743,-3.22654649895131,0.35628906696789,-0.289105811354852,5.27474313311424,1.03208286662451,1.39321932626355,-2.93196460466867,8.90803130355328,5.9418262716709,8.96996861295418,13.1406470755515,9.14177715523407,10.428234231347,5.83726087654821,13.6214115576615
-0.606684452372162,-3.23446693139111,0.355120219544836,-0.276621356300888,5.26919003060138,1.0439959189748,1.40675089485043,-2.97057187387052,9.41453419144164,6.374509069828,9.01647885904071,11.6361720270074,9.88580997856356,8.50228069855334,6.04329944232422,13.2209977184769
-0.632801658016067,-3.21116844692561,0.360626592270465,-0.29232385901129,5.25855944970913,1.06527511133538,1.40295976931096,-2.96308673465972,9.88567701275493,7.3440045663411,9.43870833239716,13.3204252143877,9.98010142424919,10.23063481564,6.44366158890671,16.2349076421203
-0.623831951732725,-3.23929705316162,0.381476291061116,-0.25246629101925,5.24080112761975,1.06141752493551,1.39217626815998,-2.96658396752865,9.06717570273174,6.55428737657331,10.494779850567,12.2648702598535,11.0102884154014,9.0635170125512,6.36736663748381,15.9912132345276
-0.617662078807552,-3.23984755616302,0.379038928574373,-0.306470982676386,5.27444247379261,1.0151560835867,1.39928658557144,-2.95663943305999,9.30623649985895,6.63095988379573,9.67061584164489,12.2420784619164,10.6732785664599,8.32567711415167,6.38404751997486,14.9266946574735
-0.598014734455545,-3.24326301682752,0.398810669460446,-0.269052089646034,5.265447483404,1.026689851882,1.40417033332889,-2.95167433458956,9.15623617100907,7.1916782918984,9.8736287420198,13.3823800075263,12.21470761275,8.72340225861314,6.29803494866743,14.777720950965
-0.641125854960312,-3.26129809530109,0.411634812077424,-0.302832201764876,5.26737986731755,1.01972120550049,1.40816324510886,-2.958352611094,9.12839556487545,6.54511340011926,10.7795120076162,11.2329011345234,10.637261843345,9.31941240015293,5.50041041919372,15.3245042392512
-0.622678930524063,-3.32296021347189,0.462945566851283,-0.268034965940916,5.24021034423357,1.02624400788071,1.40955101055775,-2.94280809024113,9.54631337453033,5.90937710116804,9.48154816505055,13.5518350986902,10.8095577765878,11.1134499656021,5.77571934924371,15.354672099065
-0.630469136371099,-3.27227887915249,0.397355872428478,-0.281109419005572,5.24263458547631,1.06591213402029,1.42361225666397,-2.96582002737083,9.90551798535403,5.92295220828088,10.4342503184491,13.0323290815645,11.2673725117988,10.7882875543526,6.51467595808043,15.748604276864
-0.664192112953355,-3.24394946312162,0.396825518550416,-0.294082841527577,5.24607215091065,1.04718944382603,1.44070127693397,-2.96270245913226,10.7268474331436,5.46572817376181,10.2135716302627,11.3370564007736,11.4631701475802,10.8686380750065,6.08688517459223,14.9678573016269
-0.647500021058046,-3.2720663611244,0.378336710118407,-0.294249009312023,5.25615970557053,1.03514666382771,1.41792122713558,-2.95161161588356,10.0746918346815,5.47216170612578,11.493215371691,11.8999509266998,11.8681366815133,10.5588410033714,5.76069659415302,17.9754813568509
-0.639214723273166,-3.24775486604171,0.381813171640761,-0.317986424393548,5.24823610698937,1.0530938962895,1.3998388875137,-2.96011719764085,11.4263763391976,6.36137699740258,11.7675842095174,13.3360239502373,11.9576659331456,10.779063143977,5.08276401529498,17.6878979853284
-0.658260888177233,-3.25393944778269,0.401500424339201,-0.298697151511481,5.24659692364281,1.06543665395556,1.41634445898723,-2.9554178679514,10.1530839439255,5.80609176694536,12.3365878868213,11.7290401508067,12.4644587915831,11.1351767887924,6.1506748224287,17.571372708592
-0.632426527673355,-3.28708900734287,0.400566189213498,-0.329196709475721,5.25560604953333,1.04852750485957,1.38381875148883,-2.9589164759041,10.4480593816312,5.29915729452517,11.3295633036967,11.8431276935373,12.6495047643512,10.5760063440299,6.15308602356326,17.3079868095323
-0.627450605607248,-3.25354764639816,0.339925857668639,-0.281992612919769,5.27544448318163,1.02558853217061,1.4147113339519,-2.97499257948109,10.9720466918489,5.63318429556144,10.5602031638761,10.1092574844987,12.6269053838406,8.86694538171455,6.12239379606863,18.2723041228478
-0.648994936396484,-3.25081298975266,0.352369692885047,-0.315717548379681,5.24824287312185,1.06564175204518,1.41138367005509,-2.96862032232614,10.7122690473977,5.11077991565348,11.9434887984637,11.6524835176893,14.1890781305316,9.33068291080864,6.39802400829374,17.263776415173
-0.611361131855336,-3.25972056107346,0.371268376750661,-0.292564846597749,5.25385766482437,1.03726394729721,1.41530553341918,-2.96452483331425,10.3725390033591,5.89896634181148,12.5470968019033,11.841392398759,12.7262110604532,8.94565543596504,6.43971946483801,19.269495489779
-0.612065101302985,-3.26722975098245,0.369397154285636,-0.278617708828383,5.27319225803462,1.04013287618021,1.38207323007139,-2.95868991658257,10.0070337994755,6.35586660303386,12.7018405294464,12.1281517795903,13.5625673782516,9.6821196942684,6.1310757121001,17.8019971729097
-0.620976721768817,-3.25079860243837,0.390515998728751,-0.3083619424473,5.26958058622083,1.03911924321539,1.3651137229785,-2.96254414643962,10.6230190984575,4.76398610853067,13.099375711399,11.6471061611297,13.7658230335887,9.50862854815226,6.00467401853904,16.2204363546735
-0.645492886552641,-3.3044373291523,0.382793052840482,-0.293118036346263,5.26846074662407,1.05277950138137,1.45052273707885,-2.95914867836099,10.4432334280474,5.0992916008738,14.1906964441413,12.5290517752611,11.9409690992887,8.74514292712271,6.0410217196041,16.7378746965192
-0.622034667437374,-3.27731921115507,0.407455182917301,-0.31714952491512,5.25344315324129,1.02146801252484,1.39737616501101,-2.94512094571872,9.57796688644417,5.14999985061141,14.2381740481696,13.8007628308969,15.0992660154578,7.75476279137367,6.86520907784411,15.9900734846002
-0.623484686141396,-3.26067804176573,0.411586160187828,-0.297819707010992,5.25289932236787,1.02239316679261,1.4151501856223,-2.95685320751476,7.82479476927549,5.33877280271275,14.506399392557,12.0323512064636,11.0410579560994,8.78681531997532,6.839110114706,14.8399152087159
-0.609971746188544,-3.29949777477316,0.408061634880447,-0.310672353929337,5.25421411832874,1.01488934878405,1.41462795096329,-2.93900176102189,8.2050869491571,5.30217490624965,14.8774858471299,12.4471831405806,11.1675338348841,8.24413600428636,6.36475245978643,14.4682469328345
-0.620663119742586,-3.29789644772371,0.427754127034054,-0.300521480301002,5.30369327154103,1.00501196421296,1.4088837499761,-2.95399756992176,8.84222595978153,5.54368902142925,17.5215028664048,14.0422021595819,11.6250162974005,9.48661566264748,6.12669928570943,14.0934030267304
-0.607019005209524,-3.28696901133352,0.417296996678572,-0.302494874844805,5.23339980512945,0.994831625997879,1.38470031315615,-2.96021560856696,9.69751609131993,5.6524117605654,16.9464274031218,14.1004206063808,10.4708678995533,8.90085120823351,6.65212512881937,14.5257492836504
-0.633633492272141,-3.27196188770924,0.415818379223928,-0.285941630594964,5.26044065807482,1.00855351886104,1.40191242161478,-2.93098074770376,9.03810466324505,5.99075948026952,15.8202738104334,13.8803147410339,9.33546527574136,10.7635930437347,6.69570543891005,13.6201089295413
-0.621212887772696,-3.28053701596202,0.457758160882321,-0.309524809084931,5.24451604588603,1.02363687554353,1.38436446533802,-2.94020441341967,9.72820722241576,6.25279744928527,14.9600641511481,12.7572701510033,10.4236894047404,9.81181307189449,6.57379885955217,13.0772801177907
-0.577740238195194,-3.28232733418253,0.444135629078628,-0.28485686206924,5.25667164834645,1.03679039403366,1.40256596919182,-2.95344078706999,9.55644509973834,5.55370916854764,17.5461247190106,10.9898910598821,10.1300099476874,9.80793234158125,6.76409313712064,13.7245456609032
-0.568965257265456,-3.24980800355356,0.442901270415116,-0.296725440187496,5.28392979600508,0.997440983607233,1.4286296461888,-2.92552672656526,8.82460495935563,6.48696024848249,15.2690266351258,12.0762880547991,8.56386682013757,10.1629020444099,6.77063252281056,14.194386695615
-0.599757906419399,-3.25954931204071,0.454434968147577,-0.271949844699064,5.23103493374241,1.00720708399177,1.39670455252874,-2.94868783382707,9.51580975606091,6.67134733338384,13.4356058019312,13.4549150269462,8.46879504746667,9.30193427115369,7.61482203893587,13.9516149115265
-0.582779502266012,-3.23684985257421,0.436774708817873,-0.293353754231753,5.24894616904362,1.01501304488092,1.41879474888848,-2.94909172515369,8.80896684086812,6.64783525354798,17.1775733918933,13.4268117201091,8.60117787623459,9.943616562187,6.7290684421407,14.5008316605799
-0.559093378101772,-3.28159632315432,0.436164574894822,-0.312671435822826,5.29653474184772,1.02294588725803,1.43099658186421,-2.92151223031735,8.30271131694562,6.69149675407735,15.335433812655,12.6573953793445,8.57141234133312,9.6656860841353,7.19648072614526,14.8882513272432
-0.575852083742004,-3.27816731152118,0.426611275621282,-0.28158007363769,5.24204712153468,1.01098394396849,1.42066881712583,-2.94168524560265,9.37644492483979,6.5757024451258,13.7182906289538,13.0959869927212,9.08345886442123,10.0896264868767,7.64117362670059,13.235235225787
-0.593885717657941,-3.27083936270466,0.438558870711341,-0.281951341678394,5.27575477885688,1.03234003272423,1.38749997192306,-2.95235782479197,8.34427867711282,6.67057772313702,12.3425679842093,12.246296453823,8.26855266362508,10.8545926975423,6.91148277745705,14.1284074497907
-0.594597546108818,-3.26662973977552,0.433556718263687,-0.303958346769529,5.258329099378,1.049020268338,1.39959345528087,-2.9576561853664,7.65552434831973,7.27323982202932,14.1156185445707,11.2314458366675,8.60321202398231,9.83666997639069,8.08055551422732,12.7586187891263
-0.591386644146969,-3.24781524588183,0.425678642742687,-0.310692127354872,5.25151838664617,1.01123988387976,1.39093277762037,-2.96397333710244,8.028478845647,8.12075332392605,13.4322762273608,11.4302858341923,7.5056158390419,9.53830091993896,8.89501534961127,13.6325381565968
-0.635937498338464,-3.27411095521097,0.41529340952429,-0.30567040633516,5.2307493868574,1.05652260162107,1.38686044195472,-2.97126149713607,9.27071841529941,6.88254533060141,13.280049641504,11.3866835036473,7.30284871703081,9.82924185592472,7.56930136931399,14.0350962912744
-0.633314799017225,-3.25427934998741,0.402211677910775,-0.313200855669104,5.23522002893424,1.04788617752783,1.37020317022714,-2.95656308367498,7.67859670856067,6.80064457546086,15.640084776194,10.513252475205,5.94999470529495,8.94258910961454,9.2859754042175,14.0947861679404
-0.616963392540814,-3.2517410655581,0.387821939156861,-0.327911926399997,5.23452685531794,1.06383975696316,1.39987424318916,-2.95146912637397,8.57934349866879,6.54129196606344,11.9527780669174,12.5898649971929,6.76980827994076,8.75071298595976,8.70975527619733,11.0899337806478
-0.632672056890348,-3.21763446607896,0.398299880498966,-0.309293973673906,5.25503802767925,1.08818155368553,1.37964919846117,-2.94722299191003,9.72115613268762,7.468503719813,13.3003319827228,10.3946168722493,6.38772918798405,9.54035126860365,8.75990596129105,14.0348311782604
-0.641448466293228,-3.27720516883076,0.393046088657937,-0.28969408822067,5.25090511022324,1.06435455194723,1.38354995005749,-2.94603701702375,8.0189592145275,7.30958520350499,12.5724055254962,12.0611855480876,6.46739017433548,8.76892534130171,9.32270701447514,13.5997001989521
-0.612952838525684,-3.25681671287458,0.389140116803894,-0.321292230536365,5.22270463159919,1.07774707167028,1.36982113139913,-2.95061407692644,8.78276811095459,6.94573402586432,10.8254409017356,10.2098027695839,6.94677076652796,9.23040026324818,8.66777499901521,12.075786386277
-0.594448404602314,-3.26723003765066,0.400851084924464,-0.319078467071086,5.23940262521158,1.07155043052153,1.37455080691953,-2.9712108193782,8.74377153951325,7.67297898311744,11.7124349411796,11.9237938511867,7.04427200897751,10.0850044611957,7.78040178701001,12.9454553799782
-0.625710232915773,-3.29006524731615,0.390013025111732,-0.313226211121996,5.20626991425197,1.08537668425997,1.33775583807898,-2.97051521210198,7.57482449057938,7.4230468869504,9.17202452000937,11.0584424001673,8.04810115840299,8.150230106583,7.3824484945291,14.4977143604333
-0.629253576010967,-3.29184984625552,0.393676415479726,-0.326725568989069,5.23125705162215,1.06853965304369,1.3676487490613,-2.96491400797459,7.73618105676416,7.9745824053122,9.56791710463455,11.0390998125394,7.45599518786831,10.1514003587156,7.50042025034468,13.8056739076156
-0.616097030499456,-3.31637484575283,0.38687659571077,-0.309376153310691,5.25034594912221,1.08544316304236,1.3766708172044,-2.96440162704554,8.35823436463,8.0019773410854,8.57504777117934,10.5562226243078,6.60941141371384,12.3890629177597,7.76799052433624,14.1244213195048
-0.612746639478018,-3.33387908336859,0.38191710643099,-0.30793867053706,5.19105676176403,1.06028867562387,1.40068184593676,-2.98380012161214,6.89061398061891,7.61400241908846,8.89622140114009,12.6482688513591,6.84785365556332,12.3999827121527,8.1342044325597,12.75247455216
-0.612569148725309,-3.29628139943143,0.41522490227656,-0.295078723544416,5.2192029581118,1.04547561182199,1.39543856880316,-2.98507498554417,8.39380523857153,8.52827307031204,9.87365309540058,13.2158726187084,7.94390357174191,10.6668275657336,6.59623907317222,13.3992047796023
-0.622927885096476,-3.30440541096068,0.449508795158519,-0.313813655215077,5.22061946963598,1.04142925669751,1.40122570188276,-3.0041199332462,8.69848264956316,8.36292255491592,10.4083875534275,12.1978872844471,7.3513016567268,10.8266761349194,8.06610378786417,13.214712109743
-0.647823481462544,-3.31224969423163,0.460520913534071,-0.305782359759014,5.25876473934778,1.0515066399771,1.42373283893187,-2.99987700269789,9.01895058461484,7.55086120863479,11.8699244417508,12.276408933854,7.08153657253023,11.9135415046977,7.03520562292464,11.6791216775782
-0.593148668676535,-3.30396382466155,0.439558533753508,-0.295817223701211,5.19872508697867,1.0495255286829,1.3693533628146,-2.96081799500189,9.58698969939626,6.49383466560762,10.1662370979831,12.6252610765764,8.36086502286457,11.8846530162261,7.24809964123627,12.372026123886
-0.603611340051024,-3.29550386409122,0.382351697335991,-0.276560411813424,5.25094678188062,1.05283215711436,1.4111543140081,-2.97752515762302,9.4746878878434,7.23834581439948,9.95800958478906,12.3694439370674,7.29635416533536,9.47996425951533,6.53035399145174,11.0582365993531
-0.598780280255079,-3.27783333167144,0.436366351452254,-0.299416204718752,5.20102840639185,1.05513009670962,1.38821533992883,-2.96282378585779,10.1867078804832,6.52547157515004,11.3495829049324,12.0422970373999,6.95161646235405,10.3730740281656,7.0653287696662,13.3953578292087
-0.561623459009851,-3.29071342280595,0.440897521527329,-0.313404355710059,5.24581031994097,1.06657215254367,1.40164942959652,-2.99028875016588,9.11566798685276,7.21522688803376,10.8814819173507,12.9246724195121,8.09191693304773,10.6440831099071,7.64923620051724,12.6701138890368
-0.591454580641875,-3.26838143403517,0.445987595859221,-0.292002186390239,5.23017461715974,1.06006668607638,1.41162262133615,-2.97494832927026,9.84555990754441,6.74286852691438,11.2027999593803,12.6627606470622,8.54849309240242,10.6018741188596,7.44125545176628,15.5212107936906
-0.610852856604651,-3.29968110374035,0.430428916680562,-0.284057700127674,5.22467736504269,1.05293301310145,1.39590591882067,-2.96005734926784,9.40538404428731,6.26640315782547,11.0840699895782,12.5524038618928,7.90841732822235,12.2756288983329,7.66608957111197,15.1521965694334
-0.592122303489691,-3.29463008736451,0.415340756990119,-0.314344852551581,5.25406150911371,1.04050742182837,1.39248105129975,-2.97241207636133,7.71584698099131,7.54469783026999,11.9838820811693,12.16267724683,9.37347866849112,12.8410747856139,7.30698625561976,14.3319629310448
-0.578458714198395,-3.28822328449477,0.434229345334588,-0.296746330834543,5.25970892209152,1.07120918872904,1.39826979947788,-2.97492351621359,8.81403405919871,7.89554949049275,11.6959585369635,13.2537430314563,8.68616818072212,12.2051639666899,7.77257246217165,16.0396372263037
-0.606796017617006,-3.26571941630675,0.436402854197851,-0.312200432351124,5.2239506399453,1.07615812027816,1.37456853383926,-3.00154350683851,7.7078850249467,8.04652736780109,11.5550627063149,12.1696041640839,7.92472871210157,10.2323089974668,6.94374754778626,13.0955630439604
-0.591665276359751,-3.23521342943383,0.41941508045164,-0.315519187527057,5.22662081913717,1.06480524285631,1.36434694256375,-2.98547329934037,8.50157167788118,7.14594928000555,10.7879943852365,12.1522954681675,9.66715175272607,11.4475494889597,6.6819907107666,16.7129256767919
-0.610798237293683,-3.28219534667403,0.426469160256557,-0.342798120815882,5.22028437758963,1.08923391004573,1.34332823203776,-2.97555588609783,9.40954608924446,6.81025673046326,10.5588241835978,12.0893501758029,9.21433181016603,13.3139927448431,7.20396765482414,15.3497274491589
-0.575636894876548,-3.27668680459167,0.406759827707004,-0.325922825222516,5.19834202933571,1.05981051257254,1.40507025926648,-3.00030236630073,8.52796842811513,6.6283783091992,10.6086835334749,11.640739323303,8.75194936619745,13.1477105782466,7.75090312595517,15.809620997803
-0.623538252843548,-3.24224512408641,0.407883728125485,-0.337723834515218,5.20964631994868,1.05990705382737,1.37479524001836,-2.98644458700198,8.13294968652491,7.28930814322077,12.126566938401,12.3070393091274,7.55194715807433,11.4248414126092,7.78783781103011,17.0069909099327
-0.625609603176715,-3.26032560046342,0.442235509616787,-0.32908803394249,5.20875960438947,1.07461860617068,1.35990642479662,-2.97759498946906,8.30398558238211,7.7158136422879,11.1508353241787,12.1444037825986,8.59458369491976,11.6871331684848,7.48976361723653,15.5563819427804
-0.602274687511593,-3.26770126996537,0.437650506249875,-0.317611115272516,5.20690079602812,1.0558314645654,1.3643364861311,-2.98114492622942,9.35465211604054,7.25849994485702,11.2920501361783,12.5711481206757,8.73709995359625,14.2914493637439,7.10811765580819,16.7205850608639
-0.604728415495866,-3.26100260452724,0.450217277776855,-0.316566058109797,5.2024604536614,1.03590263353432,1.36270726098277,-2.97927714327284,8.45140696399896,7.22815332424677,10.5318029181529,13.0546810488463,9.61540466577333,13.2402491497247,7.56743765130437,16.739891837504
-0.596363070666265,-3.26778948890389,0.445122377078592,-0.302101727692804,5.15711931123685,1.05149148374129,1.36010047963136,-2.98526520256368,9.2739782756728,7.09799817254683,10.3028522613262,14.9748245041843,7.34262075689406,12.2918036769988,7.1107505384787,17.6311630376991
-0.617625758330654,-3.21591175703286,0.465103091664801,-0.314204689288675,5.19650307032923,1.06690833411495,1.34726696371299,-3.002096178921,7.95092838599868,7.27919174014051,9.85000040510378,13.5080856911036,8.97743171731158,13.281656470531,6.65567644105574,17.3844708356739
-0.635374006587749,-3.21236312650029,0.47297187102969,-0.328098507111582,5.19857282896688,1.05366142978657,1.38073266306171,-2.9918669583944,7.10655445723985,7.63166580866753,11.7482427893943,14.3749265252465,7.36939482527709,13.1292484178771,7.58153348691118,16.1048515519641
-0.646519437049128,-3.19795993273276,0.42983465397534,-0.326779919839329,5.21174528455629,1.06284340651112,1.36486017777493,-2.97092417406359,7.96211751764999,7.75659366325539,11.0507172746725,13.9547882119331,8.59170840852429,13.3354503220844,7.41695173620941,16.7111953581547
-0.658137793336532,-3.18734138567984,0.451189402408391,-0.338425257098567,5.16216291614226,1.05099032131019,1.38204983194509,-3.01346968368221,6.71197176640104,7.25476298688207,11.3239301428631,13.0493546496966,8.4304158271928,13.1378510966014,6.48122071408071,19.5764008194992
-0.624520900810798,-3.19491931420026,0.452180803728026,-0.310187367005689,5.21075591950491,1.05898030082196,1.35270973761652,-3.00475888331136,7.18738093501072,7.09265200592427,9.55083983667122,12.3408706259511,7.54991896722949,13.120192099346,6.51876392766818,17.2743284645605
-0.624162157687073,-3.18566948618438,0.435407649206697,-0.330336231619086,5.20246980697445,1.0614151753129,1.34504959580304,-2.98404763233439,7.50236721256475,8.20099636953923,9.22417486287499,13.3153443025777,7.61998102697876,13.015719582379,5.98651582323059,16.5945290970552
-0.630600529421384,-3.19238853465907,0.445453309679932,-0.348550095955656,5.18158918054294,1.05197947921245,1.3458966064629,-3.00984784006191,7.36649486075434,7.9891965402239,10.3697017967898,13.1215916467787,7.69898763217675,13.0202051685409,6.71127681128396,17.2281857976873
-0.611751382443993,-3.16323609409323,0.43993342205248,-0.344851491077448,5.22990117707802,1.05074190265739,1.34592424060588,-3.00525961569902,7.18906119390833,6.99568790607071,9.82108061764868,11.5907712509745,8.18898209767079,10.2056153682839,7.00381990204718,16.6099565439921
-0.652461228347546,-3.16494694161081,0.427727254760699,-0.335557828813403,5.16397956684787,1.04896979460127,1.33338650459237,-3.00681257234857,6.61862160845346,8.4336413098218,9.53812117573169,13.446379601923,8.71356941316525,11.8256891867851,7.44885164368799,18.8455813606254
-0.642790921971087,-3.16777738082383,0.46280325943956,-0.345620298155091,5.16678468528724,1.07013415211426,1.33982584257919,-2.97672658741705,6.61491457305505,7.28905431003467,10.9777878357897,13.8817723541198,8.53618041629625,11.9587130009573,7.55979199902389,18.9457954602463
-0.647085727808208,-3.18101105710142,0.429677273543717,-0.345812450016832,5.20416362131242,1.05997212813595,1.32717759258115,-3.00309481804088,6.81245474877665,7.94234710462529,9.91372913078089,12.4959989720794,7.41299109300118,10.7891445666248,6.58894610507426,18.4727480896744
-0.647858559818722,-3.17808212123382,0.415938209022627,-0.328353103932468,5.22433939676042,1.05051981930455,1.36818720275236,-3.0003165290125,6.97890701897557,7.5344373093821,9.89112822239785,13.2066535874289,7.5148804127789,12.6198602721472,7.01597611562196,21.5871560706575
-0.629051447903313,-3.16310623351955,0.42411428762406,-0.363410152622492,5.17295045123531,1.03147460230685,1.39892315859588,-3.00108876279572,7.26707205861968,8.69331929332912,11.4427616562636,11.3160832148944,9.18253284220625,11.2132999409103,7.66670455848963,18.6858081178755
-0.658812231464988,-3.1529857732552,0.468213871597608,-0.353892868408636,5.19459407190901,1.04828339919224,1.3531874536413,-2.99471786675271,7.58417580302732,8.3630540965132,10.9977042985135,11.8856989530686,7.78250515105974,11.5626414435962,6.49973025155149,15.7954962963212
-0.636245965901282,-3.15989709007286,0.428471622459709,-0.35356115439693,5.21855934899772,1.03181411530432,1.35774270879526,-3.00351256012304,7.31840166308342,8.11262607187342,11.5823548459576,10.8065846718124,7.93034482958458,9.87242239430358,7.65084646727991,15.3582881717345
-0.649842746395216,-3.1952790124284,0.422909914689577,-0.33742912689321,5.19816505667605,1.05079402595684,1.30476350551414,-3.00287528355535,7.89957799348913,8.71186433431433,11.7822566441705,10.4768615668643,8.1785599366373,11.2767769761905,7.09962638264757,18.8797426165205
-0.63846404529991,-3.19239914518104,0.448018685401084,-0.350457432270596,5.19085551790562,1.04412762596979,1.31897458302003,-2.98416697361222,7.19143463072573,9.03855169370846,11.0968048348417,11.8434963741041,9.31794270044556,11.0070364995521,6.84533444374205,18.2804069786525
-0.65161565255325,-3.15409151880247,0.407876731907968,-0.351274011456343,5.22339936979762,1.03402132111384,1.33512290609897,-3.0084817274909,8.00690204895917,8.70416625113194,10.1496798767589,12.6184644600829,8.98529333981259,10.6578204464478,6.5646895671225,20.6710189757004
-0.665777394499161,-3.15052874595245,0.43875540512365,-0.345417274352638,5.21103204269859,1.07251638942741,1.32263665380741,-3.03989971215989,7.73238831638548,8.35825485000951,10.2574988864454,10.8862741750437,8.60410468642375,9.92671323594995,6.11182248383137,17.7774217091638
-0.64408275048187,-3.13859113653165,0.45896706332088,-0.341131223130475,5.20305531867268,1.06686543623379,1.30633498144353,-3.01641842980437,8.03701652408761,7.97330428173838,11.1849421380747,10.912984703461,9.14651096856257,9.81005583438791,6.5270958171638,17.2270714119773
-0.625141684699832,-3.11444472908479,0.438797888042842,-0.337121360512498,5.19332180561186,1.04791123596139,1.32193803683096,-3.01835948081351,7.66344399537812,7.84287457862386,10.3435359102117,12.6457016378001,9.31473454979123,10.654828253541,6.77157950901511,19.8874970932937
-0.63617409015482,-3.15817156984366,0.463458400336911,-0.353781333315075,5.1957366473731,1.05746976498367,1.31911271538913,-3.03273786367007,7.06287254224978,8.58247023999212,9.90539851013591,10.6616671153211,8.67136859024365,9.74410301681714,6.4783111488382,18.3868922168106
-0.620858357398587,-3.1687718974967,0.441281369145712,-0.36306107825488,5.18176458180847,1.04165114666652,1.29113368580149,-3.01103044570511,8.3865143172182,9.08350804074841,8.88619629340548,11.1186533071066,9.43785963280934,10.9455046104486,7.79964703091701,18.1970654632394
-0.643226261723265,-3.1707694768687,0.436344436668027,-0.350455672051419,5.19309178663033,1.06899753759355,1.29983729679334,-3.02405985911539,7.70815774775607,7.18774210946881,9.51575892070629,10.1659714341684,9.68147709185034,11.1399279357121,8.63337749893144,15.2259146272611
-0.652977235802342,-3.1705102933131,0.460202866928231,-0.355628513407142,5.23400265885964,1.05512934886152,1.30150692858189,-3.00574086339795,6.84236908269698,7.51821725268863,9.45216128140442,9.60187112276435,9.32799519489334,10.7837885134243,7.37711118327769,17.6908049319741
-0.617224856417379,-3.15836910564217,0.483083716857026,-0.343240175759042,5.19545021029185,1.04851516537643,1.32108889192117,-3.01579406899789,8.08246724915229,7.77940113563402,9.19219094549988,10.1123113593237,10.5388431060998,9.37466710522202,7.92932096833457,15.2893214090548
-0.648387644430289,-3.15195868978538,0.416921370743293,-0.341187750823206,5.21221415428673,1.07077708576238,1.31601137077991,-2.99675721124195,8.77974448204203,7.6533593395584,9.35822017738886,10.4936788014333,11.7461732868843,11.0645857064086,8.83731185692335,16.4977812151655
-0.69087546031985,-3.12546710847705,0.430841548197646,-0.356921605722826,5.2061695394542,1.03385786228828,1.30947247406581,-3.02624181624718,7.91217675212145,7.02657434004779,9.82833926016413,10.6600903605079,10.3490887541429,11.3163599616129,7.24985159195484,15.3511679987283
-0.64517366363222,-3.15376481476056,0.413434639951934,-0.353924531341625,5.18905569575964,1.05333671709177,1.31813960884115,-2.97737214339865,8.51198979184999,6.67860016077286,9.87731255980545,11.2322438990999,10.372128273029,10.931814240621,7.69516966505537,14.463905562138
-0.661268609979158,-3.16321330627342,0.450931942805595,-0.349193216565384,5.20942150629753,1.02847371221249,1.31020158792187,-2.97607209143014,7.41342412090125,6.93883769472732,8.94560957624072,9.9095968011304,11.0122691438368,9.72961951763408,7.89227085191748,13.8569807188101
-0.644815175436639,-3.1466704254039,0.418100078186094,-0.350079626301717,5.19443494119129,1.04594789514246,1.35125274932678,-2.9975874024506,7.9036082517958,6.50717456928803,8.86835504874258,11.1174433764399,10.1522259827504,10.7597611896844,8.31987662772024,14.7020124156096
-0.648341247357607,-3.17149074143831,0.420113327022225,-0.352687733674125,5.2256404424996,1.04203075068883,1.32923698910111,-3.00882902557534,8.20359573275751,7.65435580931398,7.94782463341214,9.95435058279972,9.74821128559165,9.88216736559136,10.0265347094955,14.994709300196
-0.656734665783298,-3.13325935505592,0.44231361775115,-0.350600845826549,5.17095429613484,1.02549739811646,1.33210604946887,-2.9911768153886,8.16330733525915,7.20033597570562,8.82122770980391,9.94970265742421,9.96497054232589,10.0386537763808,9.17599926613476,15.664334557198
-0.665773399236366,-3.15676063418068,0.443211443877707,-0.343934047715156,5.18528410113431,1.06717154566948,1.31522875375897,-3.0052776079642,7.73227284294908,8.77502760465475,9.6632941834286,10.3711501146701,9.2203248459356,10.5748992425467,9.44395003816025,14.7460956596406
-0.655147721096329,-3.1694572693778,0.44935960682644,-0.35011728530386,5.18959000898073,1.04652363860313,1.35348385561663,-2.99241301789561,8.02471659255172,7.15509938758276,9.54157475434088,11.2705382610167,9.60877716103505,11.1075679816818,8.78444010230936,14.5779322024961
-0.672242536285199,-3.15765107799742,0.416861026452095,-0.343842053567056,5.17700881697809,1.04799202482247,1.37049443307156,-2.99378877009461,7.88845459072739,7.54234228754094,9.69710636619422,11.6625474214557,9.18211432489555,10.282217076205,8.46470539821691,13.0300541212908
-0.639020200268913,-3.14987462365415,0.430078371269104,-0.376356125521697,5.20237647737552,1.0624244072608,1.33042815754622,-3.00355658884542,8.90489717128203,8.08278926984556,9.82477454066719,13.2224431619878,10.1044956805551,9.96249987694248,8.53827459298321,14.9287285102971
-0.655172283738495,-3.14854262553665,0.421727292908998,-0.384628538347735,5.16719910694731,1.04697536121213,1.32830301648742,-3.00403481712755,8.53923113955228,7.36017084459337,9.95591374960424,13.2133359485172,9.23782420243286,9.6479539887255,8.21121929857962,14.3694065354416
-0.676458602744935,-3.214956361796,0.416037368083814,-0.33996724556096,5.18148025674207,1.05682335868805,1.31763606417754,-3.00536393356567,8.22269517794813,7.40103109692071,9.31447041030292,11.7039986954043,9.35776032433527,10.9046670916862,7.81560317040044,14.0528983422136
-0.692122090683297,-3.17962818586188,0.42336832718406,-0.346597655307713,5.18945991376671,1.03821187063019,1.33713812154769,-3.00978372889342,8.09978261527482,6.61884395649469,9.51717491912512,9.26681191423324,10.5864190282506,11.414155265942,8.41741385479067,16.4130591321443
-0.68954687886871,-3.19895140977484,0.389789153238205,-0.319678215822165,5.2149257642189,1.07292454130727,1.35391708568953,-3.00698822141058,7.38857601843103,7.83746620663188,10.5690283780096,10.6986015573525,8.73048801110143,10.9473804037782,7.75337188929648,14.2988296939232
-0.693469550670225,-3.18571781648718,0.399609371683783,-0.336687915061132,5.19433904428016,1.07411083339503,1.32762329959476,-3.02325604177418,7.56641150747095,8.64801453886081,9.26542242407509,11.2700240513743,8.90894766720094,9.79863400205334,8.43734613170798,14.8543474260255
-0.671293880063941,-3.15548419671461,0.40650761371569,-0.355375794091656,5.17236374257407,1.05637293725581,1.35991686600871,-2.99550101100544,8.4309620974596,8.02014054996551,8.29219401769391,10.5428326640685,9.77095258446238,11.0642803419697,8.42992558592291,13.8414861114993
-0.685738029483781,-3.16306244093909,0.409915798301086,-0.342108552871271,5.18452200048991,1.05545519260963,1.33649670280903,-2.99876610525284,8.93274804616412,8.28095610900125,9.5969553213105,13.5876811906709,9.00051077088717,11.6784617654792,8.6048495898274,15.6793847922014
-0.662562842561475,-3.17670840549149,0.407079634471607,-0.354601857060804,5.17617943843694,1.05316546250921,1.33995837011278,-3.01665114960664,8.72878980948066,8.83779639871278,8.40930791509842,11.0561322321675,8.87184207101211,10.3354503864238,8.26230268135824,13.5007514207724
-0.684101400046182,-3.16205644483724,0.414342367493003,-0.330672474411551,5.19157042362712,1.07508368201374,1.37627419229903,-3.0312018186403,9.13865776330118,10.4635221478049,8.36535278207139,11.7887597906301,8.47169487544087,10.7302956196437,8.32885947352856,14.7340005364983
-0.659070093349113,-3.15855662159661,0.373613531193462,-0.318496631549982,5.19508544544964,1.07112818221425,1.3555450570351,-3.03409155895379,8.89555122974407,9.94500980862379,9.72462959843013,10.51838826425,8.08725994854133,10.3075227768457,8.85171437158959,12.3396960698091
-0.686116573562991,-3.19820968391286,0.335894731776497,-0.324847737945106,5.20961037169183,1.08397836489923,1.3453233294788,-3.03840472960847,9.20280676347791,9.454363319689,8.96674841564934,11.4378554890298,8.49477494836775,10.0357353746504,9.82356546392414,12.1881781055086
-0.651992363782821,-3.17689135056235,0.35220902943953,-0.329688284694073,5.20757207171683,1.07923216817196,1.35515812978843,-3.03377472085964,9.19620853508412,9.3044395375723,8.74977977391983,13.2725768497995,8.65743429825824,9.89875719984228,9.05142788128554,14.557604414632
-0.650174835333821,-3.16795066599611,0.370796500133236,-0.340758506450738,5.26445969835528,1.07411989215603,1.37846469208262,-3.03422706791251,8.21110075732685,8.0695864109496,9.7047289583283,13.3637453479784,9.39478057406737,11.2348908959373,8.8008564493338,12.7508410365231
-0.688557276719939,-3.15969474638278,0.353989928524674,-0.316860204966824,5.18873204205201,1.09457034673067,1.37472540135205,-3.00767344583738,8.41922324288938,7.93651243910289,9.47850784089939,13.1664974706071,9.12140228660565,11.6026041749185,8.84297390413098,13.351790164401
-0.665293265533313,-3.17351906367148,0.421807810231233,-0.333373908373437,5.23459564052444,1.06232361999439,1.35408675774498,-3.02200943909936,8.55927231365461,8.42938210230334,9.47694114604541,11.7825644214934,10.1411816874167,11.2818095994521,8.74185834902303,12.7730007185005
-0.670793036800461,-3.19274612213332,0.353456926777932,-0.333121057000876,5.19971541535565,1.0374160054727,1.36829510556016,-2.9865775103637,8.70908687105658,8.88374707919369,11.1149453904062,11.9507373825701,10.2495643005555,12.0965113446467,8.03084557133303,13.1417044450801
-0.655355746213786,-3.19902571481067,0.382130968611617,-0.305134177433812,5.21189724774539,1.07206455788594,1.36355454582739,-3.00501059329292,8.54026431134349,9.43134294633441,8.76910232200553,11.8983304124513,10.0236624896663,10.564720762581,7.89209206738112,14.6061620977805
-0.653246307898054,-3.2168137889353,0.387777388696599,-0.329871373035036,5.18233154800406,1.08187684574081,1.40036657824429,-3.00437976393043,8.63321677814209,9.74073311549839,8.63773632247797,12.9505429434884,10.9223511673712,9.84721758047158,6.99641026063387,13.8779630552362
-0.645980611984736,-3.17879182491371,0.400844224758233,-0.320403784898522,5.16380228482387,1.08011128416429,1.36564801374194,-2.99588824191077,8.11494027530753,9.60404895858313,7.69614002182752,12.8445474384672,10.4835192821868,10.3093836967793,7.05858123942442,13.604998186302
-0.685755539483173,-3.14935762193221,0.363941559815107,-0.336964639733411,5.21671511319332,1.12295275193887,1.35280172938529,-2.99580989589758,7.51173486950793,9.81369893168153,8.90491116072678,12.1658044740856,10.1135757650958,10.5174031698684,7.86890706432344,13.3735012170972
-0.695141787414805,-3.14342090181132,0.393945275149204,-0.31727094291391,5.18207790523459,1.11911089785274,1.36129298172871,-2.97730263841389,7.28438756179296,9.80993539945596,8.29870501498529,12.4797391308815,9.65084240115875,9.858195799304,8.03470224709789,15.8892419836744
-0.684621490098343,-3.16982285111304,0.419603700340718,-0.344485050221026,5.16309753637436,1.13150660621758,1.33790361469683,-2.99933042491175,7.23990641333563,8.80671797093221,9.50181809176069,10.7295266556205,8.4754693653517,11.0937148712007,7.96427510387027,16.7334044977997
-0.672442025566926,-3.16182552699033,0.39568805558511,-0.315437638155053,5.1700101100419,1.10362980531802,1.34721930069121,-2.99341777021836,7.42649169026287,7.26154539621527,9.03460407026539,11.930325910834,9.07242697184273,12.2535094290377,7.09098858448171,14.5637752857514
-0.701377112851849,-3.16329272769661,0.384912607869445,-0.335097192045487,5.2075857988644,1.08357247419359,1.34550117066369,-2.99767647310554,7.4394721535801,7.96675142080882,8.22579146784559,12.5659249989933,7.71356585843029,12.7739892206154,7.29669189210742,14.1741606332575
-0.686329113083451,-3.16405493461402,0.396100418059311,-0.352127533988652,5.1675435751279,1.10891098142844,1.35290405463152,-3.00928021486341,7.13464047557933,8.38326504715478,9.93573143383834,10.9019999962836,9.20375684670967,12.3446733877883,9.37522358861031,13.888137490414
-0.659347979741795,-3.19297055109506,0.403691345451777,-0.321378839513677,5.19278841197312,1.10173075402871,1.33845910781528,-3.00440515435491,7.26310449887201,9.31823409719422,8.94622690700176,11.5078524917692,10.2969735438809,13.7451673765682,7.68385424411985,14.1417456672649
-0.692987856509879,-3.16022996427021,0.396636723270071,-0.32342742388453,5.1847116205054,1.10732080300462,1.34844765615002,-3.01850859512455,8.13080348420921,9.26851782938947,8.08116111812773,12.2809866261945,8.91371527912483,12.5817269570936,8.75526314597954,11.3491878630948
-0.719883027954568,-3.15385608898497,0.388501536992919,-0.3303572897472,5.1389452939996,1.1099392261294,1.33098005467555,-2.9694189039136,6.70171625317484,9.63971786319119,7.91760821005731,12.9878973204938,10.521480388616,11.0943965042405,6.8271383275913,9.91504982230957
-0.714622368374659,-3.18722631470014,0.409215419978895,-0.31696220694886,5.20358604839037,1.11033629871942,1.34169466360009,-3.0058829826018,8.29891567483828,9.22522614427484,9.52598179031045,12.5080009958973,8.752688619031,10.5909324324833,9.98567446168954,12.498367180609
-0.702457319764577,-3.13374421252375,0.386699979416494,-0.309119053817761,5.15415412397894,1.09282594114411,1.33825472301601,-2.99041790567538,6.81195198046096,8.85977232369859,9.1447982019117,12.8552562801766,7.99507164857103,12.8252268936751,8.29610903033617,11.3670918370062
-0.717506496404957,-3.16978812241417,0.382227791592589,-0.343981947233804,5.15276388145843,1.08726618831374,1.33792890969898,-3.00375744065503,6.39494678924404,10.230213858691,9.31168182792427,12.4509634283319,8.89553959594867,12.1827180824678,9.0004121404205,13.8957574351078
-0.669467425263484,-3.16035704273463,0.420658565905313,-0.34525135233798,5.13089455172273,1.1157298858306,1.34221230170235,-2.98539589369407,6.57756929471964,8.61637530136052,8.70146180685345,15.035547617764,9.29528488306258,11.447380860513,8.67070113569293,13.2032497041442
-0.713763251421546,-3.2180178644486,0.406003556074211,-0.359327581593778,5.12500023082086,1.1171392388063,1.35140505626013,-2.9779130986256,6.82073572666512,8.51255931531047,9.717426943727,10.408413860026,10.664076548676,10.3946507264547,8.15407195084245,14.6893852104021
-0.729704563704272,-3.18301946975521,0.369628693288596,-0.310819492297342,5.09047075633368,1.07647437230603,1.34728858903364,-2.98167266652873,6.64479234775011,9.13027253538628,9.74688583371698,12.9568950250432,10.2653943602,10.7102173252529,8.25779893102027,13.7792155325224
-0.691395318034712,-3.20003332317918,0.411702140044161,-0.325289155431565,5.13716774266146,1.08562245950068,1.32164421346443,-2.94843284106053,6.93562696036156,9.11832867358694,9.21100090799288,11.4802260694913,10.4255394082958,11.1157790464019,7.27715586619443,15.5275114823983
-0.691596621495619,-3.17272762441081,0.384754144416196,-0.341946815082562,5.10543186174821,1.10470543564241,1.40857174888702,-2.98439209523638,7.88593067965385,8.99980832414666,9.75920530668886,12.6975798099914,12.001798607959,11.6693959855779,7.2443029582057,15.5071979628325
-0.715349938666224,-3.21136462960248,0.377166687585996,-0.319628308619851,5.12372603784433,1.07964055186406,1.36719828291314,-2.98844755689794,7.67023994381677,9.20646947978261,9.32255670191677,12.4955692332003,10.4179957147503,11.0345788204354,7.40102385821039,14.7926991161907
-0.70824532033196,-3.22921606822949,0.397648212014984,-0.356186696146181,5.11996241818887,1.08880794668747,1.39854061606993,-2.99450958425763,7.4530955390924,8.59833692416328,9.42559692693447,11.9340992622894,10.7353476054954,12.9604123778865,6.94218859379109,13.8721578262567
-0.683210021856298,-3.2338801523543,0.401697599206087,-0.342372542456385,5.14243008348379,1.14268890705986,1.39308183590581,-2.97545288304283,7.31495608026858,8.95962749244589,8.50770626150602,12.1896875714443,11.713706386164,11.6853192778202,7.45478480331741,14.7494572182601
-0.70555629891178,-3.2028503200408,0.389575143439459,-0.332332413624661,5.123751706004,1.11174551720562,1.39162113669455,-2.97976314264035,6.40247111867457,8.64627033523101,9.59336268713916,13.3478487881011,12.6090209665186,11.7623725054887,8.00572320383295,11.5108845561265
-0.725477569002584,-3.21717764218127,0.371113046994999,-0.331863556595282,5.14898646143236,1.09497675956008,1.3969794566368,-2.98728836826447,6.43462920378543,7.40083893296129,8.91867436122473,11.9367486091754,11.6076527338903,11.0703985779974,7.35087748668217,16.0596899642056
-0.727644443400376,-3.18355523932437,0.40903196179785,-0.380795537857308,5.15878916329906,1.07800236460444,1.37375918800712,-2.99195894603559,7.62021797833997,8.13106666423668,8.67447500913892,11.9643964565622,10.6414008089046,11.1062342381658,7.27961898545857,13.6742011776598
-0.677235187151753,-3.21715983626093,0.39607202550031,-0.332697930232877,5.14206224082601,1.08496517712254,1.38485157310655,-2.99922322802897,7.3060502253297,7.79026210438683,10.0825849667685,11.9122366191338,10.9694465498046,11.5026001972273,7.08075317341837,15.071905011257
-0.666742635120691,-3.19650331829439,0.420502018489381,-0.356509459887552,5.14989870396985,1.10281925594704,1.37120000172948,-3.01964440289587,6.84568564354269,9.0265325324495,8.26070913421235,12.2537167232958,9.5566910473559,11.5808060901839,6.87736821672259,16.4861350875291
-0.639518847011641,-3.21416195044203,0.421078857604286,-0.321955283271004,5.15591879996474,1.0948948929756,1.36378202358555,-3.00296469696839,7.28486480419339,8.93688260054334,8.19843542286625,11.9188824895125,11.0941370836386,10.400648831387,7.31380966885011,16.4750632063776
-0.669980563098317,-3.18426886516257,0.421649413410275,-0.347577959313623,5.13070727978958,1.09260977490729,1.34433016630649,-2.99716039656957,8.00481582772712,9.16930977721988,8.80650246671416,11.5524284074282,10.8750533557954,11.4492020463995,7.59800944787891,13.5066301164455
-0.679401588781332,-3.19681863779948,0.412962410714347,-0.320802413222574,5.15353650202026,1.07649161142092,1.35383423120126,-3.02763817720465,7.82128169972426,10.5978862788621,9.15710664317364,12.4561811983609,10.0125057418468,13.1165199382374,6.71276033471582,12.7669801816335
-0.708009673262246,-3.2344671452249,0.383796813181381,-0.358679049565359,5.19613882441391,1.08674377917148,1.37130760527469,-3.00408042601958,7.13259221642598,8.95699956175501,8.97304958778775,13.4713986189482,11.1642082547504,11.4988341644305,7.1020796094511,12.9602905534083
-0.688879365269028,-3.22843207190171,0.420830283732603,-0.351943386082083,5.15782925869268,1.09604411843367,1.33481825246793,-2.98995900663451,7.2807184850926,8.71844960169959,9.31519960123935,11.0147020637526,11.6650928284239,13.848352670155,7.5896628664643,13.2785503077787
-0.668605827514267,-3.21525839964182,0.422708040406091,-0.338046371518071,5.16949031477788,1.07246685234174,1.34045058614179,-2.99942519747263,7.55806053521376,7.3159305885078,7.76174359957947,12.6003842654944,11.019774880266,12.0260327570371,6.88981420023875,14.235467048449
-0.681990409085481,-3.20973683116642,0.403641784553669,-0.361564717370152,5.16976960439126,1.09458415491644,1.29793788795351,-3.01077153050576,6.99924908296742,8.16678146831856,9.37739810133988,10.6570778356675,10.954512247552,12.5046098250447,6.39073893827355,13.3700808899919
-0.660074460959379,-3.20783672790086,0.404862457091638,-0.319094509072262,5.1519261650228,1.07002619317163,1.33638263940403,-2.99754970968567,7.4042690559794,8.84529363521585,7.82538199922798,11.2736105239325,12.3830975301224,11.4525360711717,6.60552396604055,16.183964018484
-0.647121600371098,-3.21876374731737,0.403919094203109,-0.357723581879093,5.19652501323363,1.05769870429611,1.34528003728644,-3.00773217880751,7.05739923233591,8.79363880852156,8.14248603197378,13.0604612614191,11.8071439492606,12.4980249500648,6.47510461550679,14.0882514715471
-0.661097027855297,-3.21324699066842,0.421053539956638,-0.372950852742083,5.177331625132,1.10422975073395,1.30995073117459,-3.00663891227608,8.63019713290227,8.57204277896987,8.31049773747983,12.6263261681338,11.6305608869517,12.2928662308581,6.55130672290324,14.2660521276912
-0.637030173624015,-3.18193162266496,0.425737857434656,-0.341046274592051,5.1591520214818,1.08171900137805,1.30855212411788,-2.99103478726953,8.24005568891608,7.44819395483549,8.34291930090365,11.0455869017259,11.5594213799041,11.4148258989281,6.59307426523746,13.7466433500107
-0.645442086660811,-3.15421670977803,0.415189960220812,-0.346106203516651,5.15624079884559,1.10849498197827,1.31468811469569,-3.00768480204725,8.32499038492422,7.95103144676394,7.74815795188176,13.7139385437086,12.7085328574976,11.5770313522912,5.94290699544114,16.3324395459947
-0.662218699482713,-3.19038091806224,0.443704789083271,-0.3345986387989,5.1454265041157,1.05931355583677,1.31957320465737,-3.00403307875565,7.72939889971719,6.86578056881277,7.85790597232534,11.6145431321618,12.7023153115687,12.4258936705331,6.18102693045664,15.886749485945
-0.658919836845351,-3.18279329788041,0.449900709091542,-0.349810859887477,5.16017620409728,1.10860588483674,1.30199111152904,-3.01928613056354,7.4899225804556,8.10579522979961,7.97716045791245,13.9640338073233,12.941272700711,11.2833114009838,6.22785070204579,18.3577733318298
-0.636175086775196,-3.19630415371757,0.421902323392249,-0.376531059408681,5.16689155459055,1.09645864795576,1.28297008446657,-3.01643581547985,7.37975291460897,8.08254293832739,8.24279452275246,13.6542141403108,14.9388969635056,11.6229640763853,6.32890164370401,15.7338813181323
-0.595696665473779,-3.1780587652634,0.413502682142679,-0.369656371502398,5.16747652606178,1.08361404175652,1.27335872570842,-3.00504851641912,7.36249605696131,7.86678832141458,6.99115167631045,14.7619684175785,14.2073366257153,12.1178752335206,5.89605775606587,15.5558699890163
-0.637257001771403,-3.20868249163558,0.400119582569421,-0.353915863476948,5.16517201825995,1.08965034626432,1.28392660557103,-3.00721786487141,7.11003029549983,8.12525980047969,6.6801613640829,12.2898950188899,14.3451020455601,10.8905126976971,7.49789738081961,16.6960715934106
-0.654169183191025,-3.22065505753875,0.423861905535686,-0.328183942395919,5.1477090820955,1.07917789629387,1.29803286847141,-3.01105430458143,8.2679198854787,8.0187526585388,6.79342765720811,12.8899632819223,14.3091764381173,10.2315645511296,6.36631280361219,15.5735382278965
-0.643121201522334,-3.19299124735988,0.425851184841736,-0.348680483495443,5.16620536729167,1.09272834855843,1.29727165111818,-3.01726564179712,7.45767314002976,7.3809876716564,8.42031827295673,13.854339651764,14.9603286326895,10.1143192843865,6.62631342815161,18.76936289492
-0.652959998149653,-3.2211651367691,0.473121604387107,-0.358101137131078,5.15764265324842,1.10413848904778,1.31794108354806,-3.01573565098182,8.46848806656849,8.9394374917316,7.27195973389012,13.6075881164504,13.0268257437622,9.86999921039058,6.8372018131858,17.6321353454191
-0.670705126637301,-3.19701830352849,0.388314474283582,-0.353107621039592,5.17652353494002,1.11496463263998,1.29727150278298,-3.04172474235983,6.41087726961574,8.02451968701445,6.9056426697549,14.4635374873731,14.4872873646333,9.32005684023194,6.52962633281835,17.5471776175908
-0.661596870947222,-3.15008666568681,0.397710203312799,-0.369306442538666,5.18279352901666,1.07266500322511,1.31558666290606,-3.02996837955306,8.41042281290938,7.93412162462604,7.85430248793252,12.4658285423426,14.047790974113,11.469873435148,7.7552221930923,17.235190343408
-0.664013512362508,-3.21992712267726,0.396394827365232,-0.36307231568839,5.1767956136138,1.05249282314298,1.31895681423301,-3.00823751023711,7.5483958082151,7.81779956869886,8.23523826977054,13.1394605422699,13.8417869080195,11.4220087971822,7.92665629639068,15.7663520263457
-0.71778774010028,-3.17955446407446,0.423688667032667,-0.327412911362962,5.1901413637562,1.05308748992966,1.31555782428876,-3.01990102369695,6.46210137792006,8.92183906317782,7.55915068629188,12.1484590586419,14.3063326734344,12.3623221623196,7.25038119438935,17.0834856348151
-0.696093172136472,-3.19770476750818,0.421896679339718,-0.352639175208581,5.20315054590684,1.09305294755573,1.29292912567144,-3.02008621657879,7.3297359928111,6.92723591720559,7.65187645342036,12.7568216042841,15.1604064622141,12.046179036037,6.33187824686793,17.4685350021962
-0.693025212947695,-3.18167812348437,0.416100101649499,-0.331124491855462,5.17571730848372,1.08960179370852,1.34526963420637,-3.03464837721814,7.49476286612078,7.67200280002651,7.67299233380735,12.6239706126782,14.2826671929789,12.162770123843,5.79589813813806,17.5526147074231
-0.652903665566179,-3.18257128896531,0.407031406273151,-0.363409972682668,5.17873491967759,1.07293274173725,1.35121364846233,-3.01863654382147,7.98606560028151,7.96084165754476,8.16636117386847,9.94637045577126,14.2039900905165,12.8947364347728,6.87497865889987,15.6052012762752
-0.665085336386985,-3.1878368640355,0.447080564983113,-0.330431209312296,5.17011179895134,1.06800840454414,1.32478947905116,-2.99895813593394,8.46432940117312,7.45578078286916,6.70362044501493,12.0902251432628,12.2651161009762,12.6742691822147,7.24375244779253,16.2385523315223
-0.664537184945456,-3.1698448344629,0.411779833540911,-0.307851789048232,5.14766937727019,1.07536561445677,1.32839177687234,-2.9776214120749,8.25230126900158,8.11275380040193,7.58497295486446,11.6754720585453,13.534866665199,11.6654145630296,7.21554303485747,15.767891227511
-0.656206893172343,-3.18200323609049,0.430813520049882,-0.341465636502917,5.13170442190936,1.06714877872151,1.34922807370218,-3.00090470179348,9.6150750897373,7.56665200701934,7.69181251077669,10.7487238359735,13.945451599533,11.1106916725489,7.66298614216301,17.1095862762734
-0.644435136712643,-3.19960792089163,0.423656173149001,-0.318994403777747,5.16457291497595,1.08358726055067,1.33542537581274,-3.00324995175247,9.67181290041985,9.33778430747894,8.3376109343534,12.1650563247119,13.438333156479,10.4304218011291,7.17704800884169,18.5061781031956
-0.671970270435917,-3.18483834288956,0.442502950185094,-0.336095931257343,5.13483634188365,1.08359213059639,1.33260716527539,-3.02134960584307,8.93959704890452,7.63545746509898,8.14946367019431,12.6801381169683,12.4594764034353,10.7271779146026,7.02323686568317,16.6343472624465
-0.638142432554193,-3.20362392066131,0.39104105606447,-0.313869127800901,5.12691363676819,1.06156939971598,1.35827110238892,-3.04399829055983,7.47888431267631,7.1268343556542,7.65925424517197,12.6926954624004,13.9166254203819,11.5289578953162,7.32604227897597,17.1194654496487
-0.643918452596959,-3.18424919018066,0.405346122744563,-0.316148767242372,5.155188333853,1.08232391973786,1.34275878360876,-3.0182827339318,7.93009768741121,7.07860709739126,8.72762878515096,10.7148158494874,12.6186766459577,10.2383001128422,7.52878578360087,17.8208852655789
-0.648303860236665,-3.19875679042825,0.378950635206157,-0.305651065438748,5.1875416664557,1.07487019663834,1.35391926173725,-3.02498186591638,9.44036203297864,7.26837927371303,9.14099042827361,11.5302233169908,12.8118864965164,10.4930542554996,6.66064522531793,15.2174330772898
-0.645750995033791,-3.19432294307443,0.424800341507451,-0.280187589765943,5.17100835142548,1.08883400431437,1.33241970219175,-3.02254129657595,9.41668448624369,7.7431671211731,8.67217658318807,10.8817003138721,12.8284298405527,10.9364509143394,7.21778706569472,15.7714493396851
-0.653933017161779,-3.18682347096807,0.428167409137506,-0.318219961321315,5.15092586853217,1.08554030146871,1.32225993905072,-3.00308980910931,10.1748614850353,7.25559591977296,7.56687580317509,12.729584203416,11.5467784527827,10.6871527561763,8.37155955188237,16.3063767508126
-0.684730546568176,-3.21013782400886,0.439251398584143,-0.323637400686323,5.17072558675527,1.08108129329374,1.33229632526384,-3.01240135266662,10.1577700364973,6.69564176062663,7.72378858248294,11.8160368667175,13.6496075220073,10.6061422499722,7.50402212636796,16.3726611526538
-0.667725410929286,-3.1869593029091,0.42555955867594,-0.347716526064029,5.15894747847137,1.09348216916729,1.34883458064715,-3.0048915867396,10.8183720521929,7.62903309742716,7.60550205864538,12.1486947455462,14.1318236637114,9.92380980837944,7.80645850697146,16.1114525469991
-0.663273350188395,-3.20461309201409,0.4042828751563,-0.326591458774854,5.13839549287927,1.11036626808379,1.32157025607031,-3.02172035594422,9.11068221117549,6.58241409255761,7.63848561261584,10.8041023221788,14.8427056474381,10.0972818225575,6.8026656143279,15.0724135640282
-0.6790803968262,-3.23325645242711,0.438784165926053,-0.318861816612747,5.13860722815838,1.10209976965404,1.3293916080832,-2.99900338793867,10.8370109826984,6.70498605228801,7.43419420882557,12.0058514668337,13.8632799551547,12.0410967734119,6.80913872220085,16.8171189392751
-0.636625176690115,-3.21428765951535,0.403973138714811,-0.320267130531818,5.170123813137,1.07901772362305,1.31420132153631,-3.00299995288996,11.3708098579949,6.52655347823909,7.8317797393369,11.5181108859992,12.8101032337214,10.8795946121502,7.36205189888647,15.8637521912682
-0.650326884960315,-3.17066206015747,0.399098980252099,-0.320244632282368,5.14406266626208,1.09675567569318,1.31796514015047,-2.99571713676115,10.0941540517509,7.64143262728375,7.94586027887793,11.7599392716857,13.9591755747026,13.107565537426,7.18459022042062,17.3120176041258
-0.657551554678979,-3.18760547482307,0.404225191101671,-0.319314248071227,5.15652117727651,1.0719998370972,1.34725781347818,-2.99613027113661,10.5563132017708,7.49565712683654,7.61698176157286,11.8001361888466,13.5752122211844,11.9568295938673,7.68308106727143,15.7777620807302
-0.655881889571231,-3.16614825468462,0.381571539685458,-0.31068571369846,5.14123151669445,1.05834130813124,1.36320068633271,-3.01055378429926,9.8831204283354,7.57822236019093,7.69712393000524,10.7823851421791,13.1232636694019,12.6910809399345,8.15143926927829,14.9357710195926
-0.674582585679133,-3.18148610560277,0.425838539585828,-0.33839717928899,5.15895155848441,1.09785874539701,1.31308041424442,-3.01615772483563,10.8776290745072,7.45414546797685,8.46559728389285,11.6348203427744,13.4694006817918,12.3083304385937,7.84819065172276,14.7792868056224
-0.680657152889864,-3.18186913756607,0.409259541791332,-0.303086955712738,5.15379111316227,1.08416863798121,1.34715724772846,-3.02506650261029,11.0820318947351,7.76852650430425,8.77473623113164,11.7717560043809,13.5414999265498,10.5935588455852,9.10858179659001,15.6385665897321
-0.697513870766036,-3.1881232811151,0.38281430229941,-0.317446094508184,5.14983008107738,1.10270414997795,1.36164675258717,-3.01318496590001,9.3538838979015,6.57547185111934,9.05894960063994,12.9928999525279,10.8980370622316,12.1668677751862,8.85165652306386,16.6799555042784
-0.673168955744686,-3.19386406093343,0.398372361174081,-0.325733350766882,5.12952259576956,1.10033061684636,1.32637929361913,-2.98244657782201,11.1460855993145,6.55381314209028,8.21974589919246,13.1437223256661,11.4037667873156,13.1986506483751,7.49294605001128,14.4545095311061
-0.639327957386046,-3.17524010908248,0.428350649442711,-0.305674503217402,5.15337379680092,1.09739557074224,1.33711811960884,-3.0000630799651,10.1334286743792,7.66826745077547,7.93269652056059,12.133178197731,12.3535107021444,13.0640708458088,7.50865432577007,15.7213788024676
-0.65462482500413,-3.14359596018062,0.434007588514854,-0.309557309992225,5.17475453647446,1.10062884586168,1.35154210804252,-2.99581450195578,10.8242592455849,7.2980431379336,9.00829462046798,9.67788353342082,13.8352268237179,12.5257679435051,8.20717141532007,17.5113547324901
-0.677367702207051,-3.16405759652886,0.39086724489648,-0.310627396328721,5.14097161477758,1.08972642172289,1.34602842436469,-2.98900499437926,10.9119489627971,7.32280122098821,8.31422930737079,11.4269356493176,12.5791530775972,11.9157654607118,7.85777715542345,15.3286359206434
-0.679856520563236,-3.15354504545038,0.425209579733739,-0.318553735913507,5.16148318375181,1.09019768700763,1.33031963859197,-2.99083464128194,10.3071797990095,8.16197749511477,8.38196308891339,11.4937190524603,12.8598703911141,12.7719374404773,7.96421491993802,15.2293504819407
-0.670016554939246,-3.15947290946508,0.43444078609274,-0.333500082179317,5.1623720886319,1.08980068957471,1.3481209236615,-2.98139385116126,9.40933803385115,8.06800849548971,9.38562799622414,10.5824094008136,11.836540575442,11.623972779097,7.83498290703902,13.9653771398261
-0.650750339776871,-3.15240897477186,0.430616694682159,-0.29852313153522,5.15476951870345,1.06710512745526,1.36855025156693,-2.99322105003156,10.6469900403965,8.38668669328874,6.88822493606124,11.6452391079361,12.343462650041,11.0382888296288,8.4784057371691,15.2272593157469
-0.636075689953568,-3.15430190991167,0.466674567702547,-0.32173628908027,5.16269060760456,1.08019317043109,1.34896863501427,-3.01784537424748,10.0102944319833,7.8542240700192,8.81305926190752,11.9129396688221,13.1836034158591,11.8345434889553,7.84690186957742,14.4110605167512
-0.666180880387002,-3.1611547547062,0.417789798541859,-0.307700555694778,5.14438259919252,1.07292979190785,1.35674123440982,-3.02443948894312,9.91617038027617,8.16271671476811,7.9655080048041,12.324931752669,11.7892835531542,11.1428205293993,7.69842740675982,16.485805672692
-0.691875098555306,-3.13943348277915,0.407964035848283,-0.302697428996468,5.1513203604646,1.09997482671858,1.34238236867124,-3.02343729519331,11.100483330237,6.87236353208486,7.83688763080384,13.5065283254346,14.0994721683126,11.1574852638372,7.07311417022705,16.1702299205215
-0.698911478941381,-3.15832764166317,0.438997660540005,-0.283061490987973,5.17450914839705,1.08306185628369,1.34327825204401,-3.02130827010024,9.75917244906709,6.70299230198081,8.99981163983436,12.4409621561589,12.9598936787054,12.5385624671442,7.29144779589212,16.8139445605398
-0.663091016842243,-3.13366579178534,0.435815413056008,-0.294957197773278,5.15886662187735,1.09164596902119,1.37070911867072,-2.99911766872196,10.5163363926686,6.65637724215437,7.93310997242177,10.9674069560705,14.8058933203219,12.0326193211189,8.0084065649512,15.0146999214412
-0.678754366100334,-3.11328029035305,0.420677969974703,-0.311178202527568,5.14361728487303,1.10635013106248,1.31384967961354,-3.01035389098919,9.96000855054559,7.1931206095908,8.17816211000718,11.7479672318094,18.0210780702574,12.0500379487875,6.35973619181825,17.4083383698202
-0.687177822259904,-3.11583850587464,0.391330541897573,-0.32158571410537,5.14068579436053,1.09243915328182,1.34308989919534,-2.99251804881913,10.334510458885,7.29051935202503,9.63763157137223,14.1334458192882,15.8602426106566,9.61969733893558,7.41363335217477,15.2189355873504
-0.665628022377791,-3.12483945085872,0.412037574233185,-0.34111336672599,5.15327134117486,1.10851140099261,1.34776701852405,-2.99324958423762,9.60191286707659,7.03917632471541,8.465248454719,11.2318167180841,13.7930502889437,8.88268893800716,7.95319112517714,18.8265607057027
-0.699283348994654,-3.12127438995117,0.416727083399128,-0.319273464888535,5.14473445188886,1.07698219391527,1.36766638473509,-3.02404666180514,10.447864514389,6.58637993762483,8.91963874055205,12.462116469203,15.9327696206537,9.78334804537663,7.34088639560466,15.2610307205955
-0.705431396308415,-3.11359499180726,0.425759259723689,-0.316328446911929,5.1466821194524,1.06075594105225,1.36305087732587,-3.03248966067392,10.5335298344905,6.94753242347991,10.23002376416,11.3884233659241,16.0423263304998,8.89121446219607,6.69833732983973,15.0002858029267
-0.702025733590352,-3.1466683043994,0.415891121971657,-0.32891721349296,5.13464535896048,1.08492775515512,1.3461534065103,-3.03191098225845,11.7786344985916,7.08088228609536,9.75712535887679,10.291424838421,17.0135920618686,9.34736531534166,7.53364995421737,14.3763434087602
-0.653358895655941,-3.16485505733413,0.391939118008179,-0.344138880746949,5.14507896342707,1.0626814693346,1.33041400460978,-3.01725822171706,11.3572284461991,6.46541732883924,8.19553226565509,11.1925198127363,17.0383888118488,10.0053842205515,7.71259473223115,15.4500699990579
-0.67873463986711,-3.11324203609433,0.447741747561562,-0.35516650355587,5.13213211104778,1.07047270730446,1.36190564514494,-3.00579046792319,11.8743425636202,6.52142520191984,8.84605427917128,9.72225117748414,18.0469629441796,9.52259861657203,7.93516349494614,14.7142755694775
-0.69078840618336,-3.13328051369823,0.417742219712744,-0.324597189537074,5.13163512546355,1.07983880826099,1.36527272746809,-3.01425266446426,13.101727609107,6.57895120054914,8.93934937383413,10.9665981488837,18.8937019040866,9.61147916884314,9.02375620279797,16.4204874528854
-0.682586864473754,-3.13080768228592,0.408987798153253,-0.323163277111281,5.14715381274442,1.09436416004951,1.33880706464094,-3.00675133644353,11.6180147374351,5.38956524907479,9.17677243476082,11.6567451374813,16.5064283374381,9.41497122018885,7.57227248691247,16.7200034370001
-0.688979010593305,-3.14075042871568,0.419088284703647,-0.336006651722375,5.14883116322976,1.07510871109252,1.37137546310487,-3.01638755042236,11.1264081376152,5.99231922132963,9.36551633009316,12.7660823959744,16.2134621999355,9.76317811780239,8.55859555617448,16.5224822553672
-0.68500678912399,-3.17252433756958,0.420862090857781,-0.331719776606747,5.18107592950873,1.06002444063952,1.36019366878224,-3.0116072349566,11.7619867669627,5.76330185534692,9.0566996803721,11.2901113604218,17.2458566527228,8.50206708182007,8.28348851023201,17.3045261783032
-0.701514531349071,-3.15977516405485,0.404448307338516,-0.33734598691108,5.14391758807827,1.09569101866857,1.39028367430576,-3.00915127876952,12.5494236568014,5.48207195969775,8.54699642353544,11.866133971765,14.7390291078552,10.689064900979,8.42541907294615,16.353263432779
-0.673056710045751,-3.15745037243526,0.428938503106328,-0.318517138011356,5.15938741113692,1.02850570139761,1.38017273559641,-2.97911321657369,10.623331158409,5.74758324039807,9.6063685821668,12.1982255308455,15.2999096999457,9.34918589356745,8.65426517131931,16.9802889217591
-0.681585836589788,-3.15316169519804,0.417808650712802,-0.32104151871638,5.18261788517096,1.08784186058798,1.36425459611721,-3.00886172020893,11.441724740627,5.81606483850471,9.07623709641962,11.7153183583255,14.8205958068566,10.2473284481914,8.71669436805855,19.6579739224232
-0.707022071362943,-3.14038733836833,0.41159589988602,-0.305552797892635,5.15785345706834,1.05236017377431,1.37614535268955,-2.98740417966872,11.5390651357008,4.87515364627074,7.97644002699683,12.2033939771249,16.1854803925858,10.7868449399462,9.21488702287308,15.5546515098432
-0.687346016273513,-3.14932959851042,0.416924195865817,-0.332883495998528,5.14621959239982,1.07675000329395,1.36173282881329,-2.96599217148525,13.5041857264709,6.37988766416928,8.52839254689565,12.7014964895851,16.8336439335092,11.1983879410673,8.09713608575171,16.734431715432
-0.673175441867161,-3.13920286995026,0.431420366778841,-0.341510176937656,5.1524644316686,1.0874377707252,1.35708297074371,-2.96931398204152,12.520060161169,5.54328394845956,8.68511490868906,13.0539675148514,16.883350331523,9.67077666810896,8.06121474815092,15.8864218028841
-0.662283274721641,-3.11961976056924,0.437613272148811,-0.326834415028335,5.13793992268114,1.08205501760162,1.38222922865039,-2.98667328194735,14.4793256212274,5.70724582578498,7.90301102741794,14.4363084223488,17.9769161787778,9.7581434729107,7.70956150787934,19.9079727826337
-0.654740603567726,-3.09455411222243,0.419880953684639,-0.315895487061422,5.12556071588329,1.1163144166934,1.351457973512,-3.01811059186077,14.9360027854836,5.55184379470353,8.86718540304603,12.1286788982563,15.7155244343939,10.2344943060645,8.4617959553211,19.7231014200524
-0.681697856662266,-3.14081359100414,0.431418992408331,-0.303788625102729,5.16730118348223,1.07586879075199,1.38082741016074,-2.99038116749204,15.3946189582195,4.92792456201946,8.61034242734209,12.7580453469611,15.1460186206463,9.66398856191697,6.9681030447348,17.6840270218084
-0.671900091525539,-3.12180535496181,0.432093539543124,-0.313790312866037,5.14537982024531,1.08269985107602,1.39293240272748,-2.99635224373037,12.3261664094396,4.75657030732658,8.89601749936955,12.0882875777475,15.0585691938007,10.4303785026554,8.50683538609383,18.5702603621103
-0.663981640184412,-3.12573080738734,0.416365950082548,-0.322371749834895,5.14771569888001,1.08016702601033,1.38485045358742,-3.01822498966686,13.7315728108895,5.14520574359365,8.7149346681515,14.0227894125006,15.5080394432523,9.70082197533261,7.92252806830268,17.6687083817623
-0.69182325501794,-3.14167445081027,0.416403124325691,-0.328946963253959,5.16138971028645,1.09465955121417,1.39486606506929,-2.98982767428749,13.9130190281041,5.04232105623633,10.5116490925812,11.2039251829064,18.030194978258,10.0381252034098,7.72165994792968,15.4926107272371
-0.696765967418242,-3.11645754405589,0.415832222153582,-0.33415896358141,5.14823413445803,1.06353888890318,1.36332578330722,-3.00193171904517,11.8238469966985,5.76144652220532,9.50537558895635,13.2807171944879,19.0589563824034,10.1474940057216,9.91291441945254,16.654641186238
-0.677356313739375,-3.12280445316931,0.416391108627073,-0.345421496986361,5.12200551096081,1.0852835085374,1.36516901003005,-3.01110469625429,13.2694114252121,5.05471194475745,9.4057114458854,12.83506602346,17.5458838006171,11.1277422737109,9.29863025672946,17.0586654498033
-0.681882158717734,-3.10327892484879,0.419670765319525,-0.297560305341185,5.1441385323582,1.12049128149311,1.3607556275841,-3.02300995025162,13.1862729202387,4.98366948977413,10.7937209499674,12.7172634108588,18.320319580743,8.37902758866504,7.31292074198557,18.7028060913434
-0.667084609070665,-3.11842169870457,0.41353831156116,-0.332891961708393,5.12905890717615,1.12771420669423,1.38975407067289,-2.995606720476,12.7285902881648,4.80677078710885,9.49138106355832,14.6619960270389,19.1594008506672,10.2925943606165,8.83774389314259,17.5617671426397
-0.710134039535978,-3.11619763015425,0.438965528344708,-0.34679392495141,5.13173258491766,1.11516315313528,1.38400049491649,-3.01164435526634,12.3640626105294,4.42622328198475,8.26330427295439,13.680849349736,16.8693367015033,8.62380704079577,8.56492067908462,19.0943843071962
-0.666197277812312,-3.11048563967085,0.421805459850325,-0.31697305484137,5.12963756753954,1.10251745749278,1.37479153877918,-3.02031363477199,12.0296945193882,5.41069043664708,8.97003668023911,13.8808339983424,17.3793494832375,10.2326078059299,8.89193369422794,18.1310469612511
-0.697772414460359,-3.11341787590041,0.430135478165652,-0.336719338604025,5.11710624192495,1.09863575160352,1.36458583199978,-3.01286555281527,12.8683348974002,5.42351935686453,8.93358542250033,13.984457185999,16.8699078202505,10.2737361158273,8.80898666634183,18.194161785341
-0.678814823843166,-3.12248746864766,0.426722170275202,-0.328817530825907,5.09908034099143,1.11167645039976,1.38770035077535,-3.04005437886638,12.2051656857349,5.64852991047985,9.08528843369869,13.0938458659869,16.9720901410797,9.96470967233679,8.09875731285138,21.0607263372038
-0.669322970428426,-3.1691881795005,0.447193612321447,-0.334806993764497,5.1446535445346,1.09949200391483,1.33117042997305,-3.01538438907453,13.0433866960395,5.03497045551234,9.22940270252588,14.1890917355538,18.1927427983883,8.44054635294,7.57646532124785,18.1537435632925
-0.680873152974398,-3.11184927871607,0.433771192150923,-0.3202973366899,5.11683281198549,1.11175137934332,1.37167744161869,-3.02819644153545,12.3573123481269,5.68934530970378,8.38186384099124,14.2402853325826,17.0557638464389,10.456996856729,7.81427235764226,21.8473243177829
-0.645239669850075,-3.09271978491595,0.413952283265075,-0.329091186774407,5.11161057137672,1.10100923970966,1.35655745112811,-3.02564909041978,12.6363877283327,6.47861648673998,8.87146526781502,14.1672450268022,16.247870132407,9.65525087241544,7.54352888035676,19.8876803414327
-0.681746177893446,-3.11495496711191,0.466991242762184,-0.311879673954604,5.11848514602203,1.09437531993069,1.37692944670553,-3.01249724006557,12.8246307502689,5.23335091621059,10.7762180063262,15.1216567593588,17.116575230472,8.89672319601193,8.0895894144986,18.101013158822
-0.657805749621617,-3.14018501104442,0.467363677543712,-0.33410246136894,5.10437648147911,1.11744290554662,1.35717091374046,-2.99498439498475,11.5605382479616,5.83585218052199,8.29007130857075,15.9075942947591,17.5513706345943,10.340035464387,7.55651903479836,17.2047126382419
-0.678189242643196,-3.14834299782809,0.437551530949252,-0.322961231277765,5.10673170995711,1.09722603351915,1.3938443101223,-3.03181023036684,10.1872305887039,5.58662683858528,8.75617674283803,13.9542275236591,18.5609861586507,9.72228195077457,8.98232704105582,20.4716101076518
-0.663055454298438,-3.10870184597552,0.460133646099606,-0.318455980477789,5.11294429721501,1.10751054490591,1.40668451200565,-3.02640430444155,12.0053343379453,5.57059782950783,8.03896621548324,15.1087314018006,17.0898465352596,9.69671257053886,9.21964304445597,19.0652530520946
-0.680599705208141,-3.08925817441893,0.475357207913747,-0.336501795593726,5.09550546878441,1.10040460764153,1.37346583786084,-3.00957956719931,11.1260413226078,5.14859156673938,8.16502734017448,14.0510966384368,18.648576446661,8.584697301618,10.2128582867859,18.5981063321098
-0.657500363473909,-3.10644964441633,0.451749568150864,-0.306007618483619,5.10321151654066,1.11004774337799,1.38009420661769,-3.01038347224176,11.435942521997,5.65700547499416,8.47130220485717,12.317262019424,16.9770900193936,8.76059029104407,10.305755300951,18.0803872701901
-0.660687572509136,-3.14960323090615,0.490498366221764,-0.331548249957474,5.1099539359893,1.08789717520198,1.35293949432383,-2.9972695033655,12.4821212183846,5.9488496282671,9.25717287303463,12.9044372006911,15.8106360086989,9.05512795891312,9.28737084876193,19.0018563367353
-0.619425547098615,-3.12797402371392,0.473305795296992,-0.303897376639117,5.10706811950173,1.10486364590183,1.36780819593364,-3.00158103827404,10.7380029548185,5.89785155389595,7.77217378015401,11.9078984010069,14.2341822595093,9.44005072803447,10.4343821248954,18.0205923218779
-0.649737663386422,-3.10943181046418,0.454470173583748,-0.319043233902927,5.10749895032997,1.08151903424754,1.35590687783712,-3.00330309886254,12.5471342693167,6.67175622111297,9.37869616130627,13.2722363865331,16.2512082578328,10.3638660543481,10.2625060837391,17.3359485543917
-0.644091276278964,-3.10842185392946,0.48962969835264,-0.307944693418565,5.11528993246841,1.07776175064873,1.37991476247312,-2.99553236821062,11.5920018115397,7.03875236068757,9.21185103490476,13.0517845634954,17.1855250788315,10.2793510768762,9.98570048855856,15.2661992395709
-0.625971155821556,-3.12370223479249,0.498665644639507,-0.299401463435386,5.11118990574151,1.0788969437318,1.37781625150368,-3.00978594470627,11.3201130350698,6.53842076690758,9.75466879544063,14.5514103593683,15.9376830384163,9.44030253454133,7.85279844221258,18.7202091908059
-0.657113975610083,-3.11447776675387,0.46005821825491,-0.286840521582686,5.11962059007056,1.10086165983093,1.39035073490913,-3.01087776089693,11.1559171463303,6.21064020802592,10.8895070262605,14.5546520103951,16.6710923209806,9.3524661842708,9.73298291594828,16.9573819193419
-0.661236437071727,-3.12568465622437,0.479614128055421,-0.284242529252436,5.11372883958254,1.06534116802214,1.38093957061717,-3.00223775685203,10.9275102953094,7.15856681459053,10.2515711341285,13.4659530837024,15.6683522693202,10.2942459693065,10.7287623260052,15.4928762239891
-0.647195015122543,-3.13248320733512,0.471260843557633,-0.284410661469766,5.13444549342548,1.06630702621903,1.38000924693883,-2.98412415233099,12.9512958352408,6.65327928601515,8.06932251152693,15.0037611875102,16.4838127288743,10.8177734518723,9.42746472506947,16.9714372592751
-0.653470228852224,-3.0997235940966,0.50105882326432,-0.300713380024532,5.10467741348799,1.08484290072272,1.34074436178841,-3.03199516387006,10.5127754849295,6.12148094058549,9.87325256047077,16.2153539343893,13.5052939651488,10.5023022149044,10.6071434289842,15.384079812903
-0.660006015500339,-3.10093374917258,0.491537250811549,-0.31381271153293,5.10108714973571,1.05225411167184,1.37816724776543,-3.01235182882369,10.1929047631419,7.23646353234488,9.7574554436464,16.0844927218945,15.74355268528,11.875049664359,9.53043953187295,16.963904401763
-0.67435564887451,-3.11749161605249,0.487228295096619,-0.296095869813129,5.10365091026965,1.08177558456019,1.35614494903256,-2.99470878893943,10.5115377816802,8.17722603464435,8.86732034040318,17.1202163112798,17.3180255830009,11.4074302559876,8.27340140853032,18.4483795986719
-0.691248595609054,-3.10594975357775,0.43844663716542,-0.309974786860884,5.12775923188002,1.05390158538413,1.37325671004393,-3.00325201713853,9.65367642183612,7.30201457302942,9.07512794706956,15.2548983559737,13.7276964796126,12.1984306724052,10.0664163721357,18.833190141846
-0.704761340861351,-3.09192826108403,0.484765176468937,-0.280546301688376,5.12862467528916,1.07277352479311,1.37590409898205,-2.99932939258954,10.4676626985548,7.69055098033077,10.9423062922285,15.9755945668101,14.7642767238291,11.3492608781755,10.2540688948242,17.9929961871847
-0.673205230121031,-3.06893235242919,0.481802004390452,-0.298052178396515,5.12041843902182,1.06385617124101,1.40514750800116,-3.0009448682473,10.3923993396428,7.58976728234058,9.63637792905635,16.2202239768026,14.6189915337976,9.4469183229177,9.99134281180065,20.7176695546398
-0.634352873345295,-3.11961994042832,0.461139843844191,-0.297657979973534,5.11844620346603,1.09345740762129,1.38014222715958,-3.00322679371971,11.2166924861981,7.56791033858951,9.04679862655885,13.9752780477509,12.6331070730671,9.91889080302441,10.3892999023355,18.4775191745145
-0.65262712244562,-3.06421531049404,0.47800367736139,-0.306341821873021,5.11985256877608,1.07800409285231,1.35299209128813,-3.00481770628815,10.9663388757308,8.80448799240679,7.89850880858714,17.4458975627556,16.6845382872143,11.6264729176435,10.5729207833097,19.2316594423908
-0.657364483267705,-3.09828925780652,0.481505010095243,-0.317347225764089,5.11980447538007,1.06425499697833,1.37728007446906,-2.99674615289035,11.0155196769641,7.24232612459215,8.90999405774682,13.1277952610798,13.9785910838592,11.8222474146891,10.1471815042318,19.1202519668255
-0.670940329542946,-3.05351440981655,0.467475936962315,-0.304096543247558,5.11701438839797,1.05740122812445,1.34754017721946,-3.00362018097272,11.1261079163824,7.99071133626119,8.26728038768807,13.8996539792934,15.8685155832078,10.2623364883645,9.74443560201239,18.322189364879
-0.691128019133114,-3.07530192969629,0.447291260445577,-0.311389322846401,5.1215808314428,1.10584450300483,1.35846455225278,-3.02093424000224,10.0555910778926,8.27208666260382,9.89926563406665,15.270979835682,15.2039012341675,10.2165501286986,9.42748480542574,20.3145178950355
-0.650536686567255,-3.10209651054736,0.473916116952126,-0.285237391580378,5.10103984590598,1.05179760077453,1.38406503355307,-3.00061953028619,10.3929314829274,8.22739122704495,10.734515310619,13.3760207814803,13.8699730692368,11.7438636556913,9.35338054932843,18.1266662400056
-0.673221660583245,-3.09131829558104,0.454157697029015,-0.292632544224215,5.10399967924167,1.0814658369727,1.39039024124583,-3.01959672321654,12.1763800846574,6.81820095616534,8.59550213276383,13.8398684073513,15.1418971210853,11.3344293904713,9.28907182051348,19.6589248819886
-0.677415714085643,-3.08598462817263,0.450434377406833,-0.298521564994185,5.11740099169975,1.06961394298406,1.3870160018637,-3.01535544907933,11.1641362975054,8.11436140587222,9.60642934728527,16.1713906263931,15.0119332748861,10.8344678893876,9.92722136904389,17.6340838757954
-0.653430101428727,-3.08244619561397,0.491794870103344,-0.296378767283456,5.10441835117525,1.07718098937235,1.38518772454145,-2.99633004988699,11.8531532251084,8.63451734898276,8.99274670489853,12.545046070473,16.4658421535419,11.7584078872756,9.74865634130314,19.7876685427833
-0.656367785659214,-3.10080836666268,0.504568476173854,-0.274783261745913,5.11475678710845,1.05377418824834,1.38444515929838,-3.00634139562396,10.9480328413851,7.75634307142391,8.97805373194811,14.5296310524671,17.5756288909912,13.0757161568463,10.159564629677,20.9061945403991
-0.665155478859721,-3.12420465541457,0.464003515545977,-0.282853191261578,5.11464658046863,1.03824836081291,1.35218183374925,-2.98013348094787,11.3108235986548,9.32450483023531,8.78593534770177,15.7921063596751,14.6732296924459,12.9028678058756,9.10270846391377,19.8843932620859
-0.678868336156355,-3.11181002433633,0.453328767560766,-0.320686739793067,5.1241593448416,1.04257124885151,1.39227256123313,-3.00393530257661,10.6767844100662,7.81884547123753,8.69332625091436,13.6862974913886,15.9495625605232,12.7387124101593,9.3759579217564,18.2701590567023
-0.689073083445849,-3.09633963753641,0.471948701616418,-0.309407749570298,5.08125229931019,1.0407749257371,1.38123912072554,-2.98625699630422,10.1139229419394,8.70995114662344,8.92202720448933,14.5299587285426,15.3763834389106,13.060038309994,8.8264038355842,20.8820249011371
-0.665910270822585,-3.06031155400267,0.466630194536332,-0.301320179501734,5.12341579157164,1.03291702145317,1.38724861443799,-3.01805528955162,9.56366641455691,8.59859327329393,10.4473580727442,15.9755843475304,15.7148161434353,14.371756381436,8.00882659823675,18.4611243593843
-0.673438876807832,-3.07017093940777,0.465863376776336,-0.295311786043068,5.13967373135501,1.04970641516964,1.36192255927041,-3.01278314371515,10.7427150100704,9.45789680908796,9.75453159271639,13.8088473309232,14.8015157886976,12.8617084748993,8.2089063947589,19.4499326633651
-0.690747570527364,-3.11802290245165,0.470288709172141,-0.30088155521962,5.12686283584634,1.07187483793189,1.40975416982841,-3.00439803721591,10.4009062098652,7.46502597576746,9.1885823754726,16.5990634884218,14.1470642615532,12.4624049236409,9.39688172497556,17.8670603232458
-0.696745921862892,-3.0468239567694,0.494026632866729,-0.290232800596333,5.11685509050506,1.07347271725987,1.38569237424793,-2.99544504471653,9.49173928449316,8.21472898087095,10.9330638648082,16.5351650347043,15.5145701734895,13.105174921127,8.54693907722547,19.4266778501219
-0.689056289154951,-3.08006988140178,0.468286750762945,-0.323240570628488,5.11516854872276,1.05370483368387,1.35655993326727,-3.01537819897038,10.900818677277,7.91517412963219,10.8479527501014,14.3399244544924,14.7127187974466,12.2546478119303,9.05672486019921,20.9709781285063
-0.689078754151908,-3.05451985308373,0.474964120328123,-0.324591875729321,5.10413417416564,1.05791037118716,1.37542732804609,-2.99115733997413,11.2912851805306,7.43742223236796,9.44611612576165,15.6367672926911,14.9968139202977,11.982057577396,7.66972691980357,18.0410798832405
-0.671298137152912,-3.08788121636366,0.459496363830608,-0.333425109427033,5.10855658323706,1.0874456355553,1.36829243719531,-2.98896880172705,13.0430733462657,8.18987117427458,8.53912437117985,14.7280118244422,18.3481395867056,10.6516165249099,7.87013058294839,19.2413584504676
-0.714474119286307,-3.0423281908575,0.483945967213027,-0.332646469551456,5.08010518794773,1.04674148584512,1.40258898926934,-3.00020521512205,11.8827775755222,8.27263505032291,10.0241801764643,14.7745242443647,17.7531709675883,11.6043318934846,8.09717787813975,20.8054002285162
-0.709118418608706,-3.06419581265971,0.4738123358817,-0.292160783403095,5.09082436841894,1.04308556396761,1.42626593029809,-3.00750160689215,11.9500455809252,8.7523919880726,9.67183672150748,14.5722908804016,15.591309786154,12.4991042028799,8.53328019097638,18.5066140239559
-0.720492620466347,-3.07401955286893,0.459569556374685,-0.293219136057293,5.08700169597278,1.05858788397959,1.40290195068915,-2.98699741484482,10.5686956109984,8.15382006124826,9.68157001930206,15.5227683590254,15.8168542920324,11.9343014356783,8.09353967204851,18.3938768137693
-0.703171769393227,-3.07813892015914,0.49458046977197,-0.314058229141854,5.11801442939139,1.07927567533803,1.41229889152073,-2.99532566875573,10.2786235126613,8.70095751328657,9.37553503342636,15.7152717748851,17.0435911566547,12.6082007815188,9.56569128987467,18.9582143149029
-0.68554453519361,-3.09036682847116,0.461563757112955,-0.292452583860603,5.10736098673405,1.03243434458238,1.39104613424376,-3.01227095225276,10.7169721978383,9.79054063834576,10.8750102807214,13.4362970223139,17.3182418549165,13.000935027729,10.9845309113533,19.9037427332321
-0.750603975354765,-3.05781761925546,0.487650535634583,-0.284770990384154,5.1103191879154,1.08594002423424,1.36654706932986,-3.00570591345859,9.75743098315902,10.3893511196888,11.6360034983316,13.5162974438698,15.2115608880568,12.4554247344844,9.88157407259976,20.1201906304497
-0.705453094010929,-3.08197771294154,0.450915749511545,-0.310298315461397,5.10627926396069,1.06395566282274,1.40747854456801,-2.99746744592539,10.8365412913082,9.21314943096342,11.5436202355976,15.867835007171,15.536705917691,11.2934672935235,7.82692057377702,20.3266062690099
-0.689216416706061,-3.06507876579997,0.480338491610722,-0.297487110666932,5.11202747730078,1.05066667763182,1.41164114173247,-3.00665170432827,11.1586248940764,8.94716781213537,10.3125026502251,16.6236947470048,16.3211417048744,11.5595300296376,8.66193718261974,17.6128848019011
-0.698648321303386,-3.07535739911784,0.441986958728612,-0.289576317865188,5.11499696889809,1.05923658767865,1.3975433099635,-2.98451751370305,11.8351826729766,9.88131386796757,11.319948283684,15.8886693502648,14.760854359493,11.6688275464183,8.88981197784686,19.3907892237433
-0.719648704179782,-3.07466620706313,0.484938626011669,-0.300371718217618,5.10184774197148,1.06322339380165,1.38973822621412,-2.98733203673484,10.1000149488322,9.08093340173823,11.4665094246567,13.2041706009797,14.1775044096521,10.2060345043173,8.32395334907207,19.311706019383
-0.712115572975022,-3.05956972035293,0.467528779459776,-0.288970682153854,5.09767609014588,1.06307335170998,1.42159867777588,-3.0083433387683,11.7661975354405,9.50528807453433,10.2228632732947,15.6077072770333,15.9897577567289,11.0592959787291,7.83684401269148,16.2862434167695
-0.68804781682679,-3.04563998591266,0.450002973128722,-0.308470593133201,5.10048388125636,1.06015775408523,1.38574054013696,-3.002213904169,11.3261100682055,8.99048417890494,10.5848988090986,12.9547753569665,13.1023440411161,12.5014081188682,8.94339345273262,16.9271239074499
-0.721273621293634,-3.04921969949347,0.465792523365356,-0.296635394216278,5.10624195200097,1.06946183821645,1.3895500546296,-3.00759759634167,13.1908598489602,7.63618743099479,10.5942596423349,13.6286320143741,15.0492379468198,13.6034816908195,9.11551354344571,17.5422648251624
-0.7050977757494,-3.06474123262612,0.444621218218595,-0.294343940236513,5.08959294596971,1.08951546712244,1.38943347802283,-3.01155269360297,10.5090277487023,9.0269970362967,12.016064829032,14.3573677971665,16.8343648280199,12.2544941348402,8.93615579929954,19.4431706997508
-0.698396760630878,-3.0819512426479,0.471630674360709,-0.273348348135142,5.1192900561857,1.03076769913805,1.39993560318311,-3.00961157722416,10.923670584257,8.78082706375263,9.03613561665888,14.2679332200092,14.3270386301006,12.2356034785299,8.73675650571066,18.2718887905032
-0.70957564625476,-3.05544927559537,0.460354933631992,-0.31084996591217,5.09664406147404,1.07402382497064,1.40646346822654,-3.02461351650372,10.1664981769912,8.82247774945174,11.3593601203559,15.3353009085496,15.074398229823,12.2475653317423,8.91819917736058,18.5636989560152
-0.698052878604763,-3.07213974712541,0.483479051289639,-0.294052206120362,5.11120416471665,1.041193746881,1.43243889699347,-3.02419056845417,12.1860569667492,8.46936754148753,10.140513551881,14.3664378936026,16.0066318510389,11.6502295372175,8.3802223005053,18.309203031711
-0.723409581203063,-3.07238059413987,0.494623179046671,-0.316934781488109,5.12284094048344,1.05078694815298,1.40255335553418,-3.01150565638252,9.33864348819731,8.56210615679349,11.1728556070948,18.1552832774725,14.9037899714515,11.5760783241752,8.26414465265056,16.7008654036419
-0.684934953924685,-3.06842724747509,0.482223490365366,-0.310725663115742,5.10839098590028,1.06925936582868,1.41317890224468,-3.02934006676455,10.6214917885385,8.97823449606504,9.33692065279478,18.3909822118409,14.6051184038673,11.2661303135398,7.71868665961305,21.0995616911407
-0.688895392508646,-3.05967114559942,0.474609555672657,-0.308362808915394,5.11820978774757,1.07091638752999,1.40036542209197,-3.02016406692448,10.0700042585966,9.09769873595196,9.5966767557872,17.8061521843763,15.7303164798879,11.8801357284986,7.28478245312668,20.275764076811
-0.693383979144555,-3.03710820725979,0.486897549187048,-0.305255455874544,5.10131803869067,1.055242580034,1.43596738968675,-3.01384021912547,9.61109186564533,10.6911700679972,9.17341304665771,15.3606816332107,14.1031181106697,11.7575025555197,7.10272176191789,21.9924884079481
-0.680974032934368,-3.06245096845113,0.49691444317104,-0.292600210819452,5.10061158522434,1.03824529752476,1.47239761654091,-3.03066904321237,9.74394403312237,9.93542624083253,9.54931774695726,17.0567944670527,15.9051447476215,11.6804950535417,7.05401735472724,20.6437204729063
-0.72687402695133,-3.05301369483183,0.479445620355482,-0.314471874373214,5.06911734629141,1.08899909731652,1.41196962378093,-3.01030644670297,9.57316791211285,9.85587462079774,8.77179696048374,14.2789661634244,11.3675505671964,13.4213995412002,7.44649244794942,24.0228318114459
-0.730153036556055,-3.06760273249025,0.483711231722031,-0.327521078769415,5.08700520207211,1.05433042457354,1.44186266273472,-3.00403646034345,9.98815238078262,9.75378519874955,10.2691242854254,14.9665603343786,14.5332932707571,11.8575063955395,7.92955490076586,19.9947796481412
-0.687430779049416,-3.06898532971147,0.513875292302436,-0.312485154386889,5.09822165193044,1.03287731373662,1.39677520411287,-3.01631200750758,11.0038558096603,9.63996983690908,9.54481347452794,15.0683149845272,16.0056007061405,12.0238284270923,6.43007290222946,20.0927799043387
-0.68373129804682,-3.07253941290176,0.545709352009724,-0.305172370834048,5.11838392371731,1.0625118231889,1.40384446494718,-2.99081156825672,10.3323173251791,9.56545037311618,8.86807768924293,15.7404449558903,13.7238264911583,12.775983355829,8.43490795332539,19.3521523375933
-0.672748214351531,-3.07388184756016,0.497628121621907,-0.310860726636129,5.09910054490612,1.06569458822161,1.40730423868379,-3.01777152575407,9.35281308446022,10.7578891848587,9.70964838556939,16.2009382248146,14.744375319308,11.6103419927727,5.98936795940257,17.558386717984
-0.672404159225833,-3.0928606878882,0.518249646237178,-0.313219359755807,5.11077398278719,1.06205847613729,1.3939292136953,-3.0148484006969,10.6479449426856,9.73694524544428,9.1662361162263,15.9920929204491,14.4140235564769,12.5284828368764,6.25714945765712,22.2614149732395
-0.662337939225481,-3.09092417681838,0.50316999948011,-0.317239262170618,5.11007416778886,1.04705040962381,1.42613512614158,-3.01347212857764,9.04736974031133,9.20697424254408,9.76207068073683,16.5608610835759,13.0647407470755,10.9731811216833,6.09142341916706,23.8945377547306
-0.653185564701582,-3.07731059853494,0.525352048768936,-0.324386817387773,5.11033450433049,1.05310393429236,1.38600390815579,-3.01667649312864,9.71365285002253,10.0818717928829,9.62904668113425,15.4151983377645,15.2214884843651,13.9112427471986,7.23399106939916,19.257801434103
-0.681979207155376,-3.07934996198016,0.513259291112458,-0.320089081847463,5.11273947588467,1.05535033247469,1.43161045654666,-3.0090110454589,9.88478074640725,9.87733476588921,10.0995382881467,17.2904583640133,14.4881932817426,10.9337012976131,8.68340959407787,18.9789067683458
-0.684038462634972,-3.12010195674987,0.480466469553902,-0.307043796211923,5.1101079243793,1.02765380035046,1.37891742014204,-3.04203865396122,9.53287985181369,10.5437324511278,8.47932959052988,15.9281885318724,14.6545658439062,10.7727309352139,6.80993380431269,19.3916488617102
-0.641736246222286,-3.09626345773521,0.500158198231578,-0.319459889601095,5.10699354600074,1.06034428065996,1.37783590621494,-3.0307613816386,7.82319216919091,11.8098826897699,9.40050597457301,15.8021006456965,12.3518191161382,10.3748075534466,6.78254681904364,18.8020535723906
-0.660241664094864,-3.07264133681061,0.506908592869584,-0.32601318044836,5.11731977641428,1.05411238410104,1.38062878969493,-3.03120740640833,8.72056492189327,10.4411715709167,9.14032494773312,15.6880100979146,15.6188845147265,11.7185894083209,6.66480326120995,18.3419432472319
-0.650405742746369,-3.10852058037161,0.488904477385953,-0.330189847410299,5.11644817192418,1.07787135371846,1.38469621256643,-3.02411216427626,9.1550321928622,10.0617139717657,8.11754932968434,15.6366588207676,13.4632070169548,12.6176908500248,6.36131580125184,23.288736706591
-0.6608283989677,-3.10186772894818,0.508737589339436,-0.319623234660062,5.1340494209983,1.06112912684375,1.38035925129266,-3.04563635804334,9.63144542683064,9.95602027114083,9.41700754365834,17.8504788288559,13.7649137105362,11.3325754838259,6.49153392462916,21.3127825547854
-0.639952082220335,-3.119638394493,0.481681017475195,-0.274731507885155,5.13120611261509,1.0883030029646,1.37843053800305,-3.03456012196483,9.91312834407099,12.623728273105,8.0288602555082,16.2914328027301,14.2049031963037,10.8146013497593,7.55643646768541,24.5457643750803
-0.683371420334215,-3.10631467439599,0.504697447502185,-0.330091671720947,5.11194467815907,1.08735501482341,1.35413696469876,-3.03081514333917,8.58699829756748,11.3129127924645,7.99854769364304,15.8564857709361,15.1699760540156,11.1077517681802,5.96932048644208,23.020010033426
-0.646945599001815,-3.08231767384317,0.494969977214934,-0.307385089560643,5.10451320533482,1.07366752585701,1.37015569829382,-3.03560478696233,9.53323993684231,12.2304732781403,8.61865548245993,14.4029669367968,15.3065708231329,11.873192045882,6.5981691449657,23.1298107488158
-0.656093318444848,-3.09627115327466,0.482421527219636,-0.295169850819271,5.1331800414499,1.06919134582617,1.37340640476364,-3.0462348629215,9.62570491705555,11.6300696116421,8.37376545169214,15.2209567403424,15.3670367858901,11.407762815315,6.44694803389492,21.7764155067528
-0.679479760421482,-3.09208998873209,0.471423324908225,-0.328033086030202,5.12590394991352,1.08555310573955,1.37514949829951,-3.02660584393262,9.54840628694198,9.86484235485843,7.90422953170144,14.4468800133099,14.1767439316873,10.7368539447635,6.35609705329986,21.2265608998806
-0.656751357940064,-3.09901727879525,0.492734379657001,-0.312692334538673,5.13777552295806,1.06757947927663,1.37592282438084,-3.04229316975427,9.53374422298756,9.94107680255783,7.82363397189871,13.9100504707485,16.284510209462,11.1508810846019,5.82943514308408,24.3179706952819
-0.64126391905311,-3.07913372550465,0.487547189383277,-0.30876414474413,5.13187152554916,1.07158086136657,1.32290818679348,-3.02695863289502,10.1473233037181,11.0576844209982,8.024443900011,14.2594192001359,15.2244941001561,11.0127532229006,6.17114646990302,22.7716060019563
-0.639337394372928,-3.14469679799965,0.461145160074339,-0.289264988974278,5.13547676325637,1.02934308258378,1.31533664073954,-3.03359478422028,10.2677793408224,10.0893690112373,8.46888878459269,14.4275699614613,17.7835513980393,11.3101786992365,6.69601092735953,24.0676763433908
-0.643509726442826,-3.0959555731888,0.504244052151198,-0.299977514974073,5.11726915586774,1.02791858068505,1.36432507674026,-3.0260765734983,9.28803079416778,10.7801912321843,8.11459467846366,15.8948236326662,17.9302160097889,11.4004529180185,6.57329293724275,24.0480916723135
-0.626977979745886,-3.1414170393336,0.526091217626991,-0.322365757647297,5.14260566057048,1.07692440520612,1.38266897650411,-3.05290767104121,9.87739901418627,10.20259795629,9.53613765572859,14.7505026972201,16.9966767164934,10.8245587972889,6.3646808357856,20.0404647946108
-0.638153124734454,-3.09501411274774,0.493096265447899,-0.319419681351936,5.12268361344719,1.07589394530265,1.35674276991896,-3.03121125795683,9.7749989828695,11.4624979732681,9.47653227128007,15.2912237546502,16.620197726266,12.0493355519397,5.77917090820748,23.903524033688
-0.646270110385373,-3.09849414251619,0.503961259084566,-0.300500162119494,5.13213389061822,1.07183089881635,1.35617715512706,-3.03135657009932,10.0241218736111,9.78457113457424,9.99016999110991,15.2018674523446,17.4357304232493,11.086733978914,6.0165407362724,21.2550454833201
-0.640569575361379,-3.09788257207513,0.483738073695492,-0.321690319344754,5.13889904571728,1.06142607043882,1.37164419428082,-3.03512459862971,10.6932532493543,10.2582537007127,10.6050747994617,14.8843635704478,17.6925517524753,12.3984028038542,6.53237052330965,18.0438870910062
-0.607948282177474,-3.12850379595742,0.487384021935322,-0.314600101151149,5.12301494189173,1.06301984777698,1.36140240167677,-3.04450710348175,11.7551511948786,9.44928753088359,9.95642670175431,13.9025752070551,18.9155900244645,9.78012645225866,6.28086641095909,20.2352621434901
-0.644018924848498,-3.09787231074771,0.465167508820779,-0.330062150008201,5.13690160078398,1.03800285580534,1.36499690785696,-3.05019575299931,9.96336472815796,10.0716337298143,8.63551418360883,12.7337711259287,18.1947339254525,11.9600539517111,6.9998001273825,20.1837950658023
-0.634698795814703,-3.10656961082783,0.48863450234138,-0.313293421953068,5.15567855997093,1.05359977588635,1.35824598197721,-3.04078760511026,9.36860286708782,10.8770430755268,8.33337018751002,16.0908711746705,19.0258928426342,9.85374823137765,6.9339271168519,21.4258495200237
-0.649977585198439,-3.10006356583962,0.475983360077876,-0.339953569867827,5.15525661596393,1.06247896674745,1.36862911851118,-3.05816465588471,8.58148244912097,8.95475689879748,8.78475772985695,14.949246920433,20.7618972093894,10.1762682121011,6.7345020303445,21.8087599532006
-0.65118894889812,-3.08095603891705,0.463810930781138,-0.322428913933288,5.14548476431427,1.07799439005489,1.32502535600551,-3.04476113576545,8.45462534989617,10.225836540941,9.31216464788338,14.4625498277208,20.4399311250806,9.58004354087945,7.83458548083567,21.0450038189335
-0.647058114293255,-3.09877058069602,0.499631305713216,-0.300615110065503,5.16024333945706,1.07927770890227,1.34389290699641,-3.05710718840075,9.27520644077012,10.8089100702187,7.74271944190058,13.5343536310977,19.394308831171,9.7634074947154,7.0780218999053,19.7909150710864
-0.655517509481335,-3.10622424155746,0.47762306442167,-0.30553395135575,5.1352513673529,1.0673914072428,1.34006308596903,-3.03253043599053,8.8954759783032,10.5812425911739,8.46072955167545,13.7573155575359,20.1615100615132,10.1424428061557,7.31893704863548,20.19941522832
-0.664242442955139,-3.09167497696109,0.505475358250415,-0.307706647613522,5.13668102301132,1.05710424579692,1.33805935401695,-3.05466065259918,8.84434944566491,10.6596236585342,8.60114746313785,12.1681312438272,19.2095157500489,10.2769308980403,7.98445558719288,22.2399468399115
-0.636186995292386,-3.11395922454475,0.491100845673844,-0.317761771142983,5.13379166248198,1.06477770249479,1.32977810511124,-3.05508629415611,8.04691737105701,9.97568995241282,8.59489820108002,14.0945022491101,18.1376932942805,10.0872009358119,6.81464639302831,21.0213333445045
-0.656201123244934,-3.08782969817304,0.481449977745482,-0.317140204351131,5.15226020545509,1.06817652710344,1.36027919934027,-3.04415407348994,9.51351122896458,11.6600531199451,7.85253180804394,14.6763329394917,19.1748932795312,10.9073842165813,6.72669851653472,19.6468534119969
-0.63934043419424,-3.10528898125444,0.473885012630142,-0.291529180378457,5.15181045228385,1.03818759456363,1.34246846224148,-3.03647502037868,9.04108914922717,10.0697830480475,10.2982492974258,13.6495929469285,19.0462184500033,12.4523116840911,8.02288953510817,20.3607168755644
-0.63120165334878,-3.10773533650881,0.473926601220794,-0.324149450777974,5.16028674474598,1.04894674108886,1.34902362014624,-3.04354250265707,9.15545297120242,11.312059237524,8.33921049336247,13.6445960464473,17.7821404192348,12.7523644044861,7.90624455992856,23.2656136998696
-0.637903739136192,-3.08161914810608,0.477075262540937,-0.326767610069951,5.12321068944603,1.02575182143619,1.33332922949849,-3.04196414039791,7.700107180068,9.85016894832116,9.18639290574011,13.4287126867606,17.1960205373394,11.2825178394632,8.11709335679215,20.1359952063747
-0.633108214094916,-3.11863399764364,0.505309524467481,-0.303682130502129,5.15655185232913,1.04347387172693,1.32685663972092,-3.04071096360083,9.03219060733668,11.3137061727389,8.82788897596421,11.9425214272305,18.0925811579091,12.6632955919927,7.69444320875135,19.5815253496001
-0.65174786904057,-3.0803371137872,0.493006342522127,-0.322435993307913,5.15645034496711,1.08222918892611,1.31160700578615,-3.05526773380003,8.53958002000038,12.0501274644139,9.17742508337556,13.4077978431537,20.6060081779877,11.5485218000383,7.40376045208186,19.0387815109953
-0.633438314854237,-3.10860032329242,0.504436548994686,-0.291300788749631,5.13955467537816,1.02834809489533,1.32770427053895,-3.03439893431162,8.04047993154613,11.6507072527828,8.5868624906275,14.1754619406498,17.3969050402268,11.9797121598142,7.91158954534729,19.6550559975213
-0.636932766879195,-3.1228369122023,0.506629867718883,-0.305618718192177,5.16154585176626,1.06772162672496,1.32981629274204,-3.04075355308894,9.84978125101827,11.4351441153216,9.17896264320857,13.3787496076701,17.5160941204978,10.1910890140228,7.60470857739578,18.5280043066576
-0.648467237229744,-3.14924714361589,0.507408258044647,-0.297509462765516,5.16046373290214,1.02524230712882,1.34433974092924,-3.03312041579743,9.02152484867876,11.1798694907349,9.37978842130167,12.6934831659394,15.977780423009,11.5654643238138,8.55580011581268,19.1677864395147
-0.633878121935213,-3.09655384509072,0.486199023801965,-0.315632922972938,5.17193686260236,1.06972167972091,1.37218255625062,-3.05422611327397,8.87210039468694,12.1300385289034,9.56550268854722,13.2045178511717,15.7505340926492,10.9929408847427,7.56714660826086,17.5472693965478
-0.639303285935409,-3.11587498163585,0.481459029680964,-0.298210225497701,5.18015768647656,1.07450348182208,1.36606369265541,-3.04370344927382,8.51625520354427,13.7309170440241,8.99597906865564,12.7239807918629,17.624068495093,10.3118078662741,7.45498161592397,18.352180135197
-0.615125685117214,-3.11581511788605,0.507123922115261,-0.302923873317478,5.17427586241968,1.05975867772793,1.33615470758408,-3.05999223449453,9.22605777639922,12.7537879551861,8.45978168918997,13.6642457950996,14.7235133178298,12.0463713512249,6.39786869000455,19.09240492035
-0.630736135546725,-3.10140224051007,0.506565674246696,-0.288005867328857,5.1779700316305,1.04567489672682,1.31691181243546,-3.04421588957169,8.53700173346514,14.6073067783151,8.7652419936164,14.2322800313746,14.7366726496553,12.7409250403403,7.78337952880779,17.8521733938302
-0.639231326674246,-3.11955843358314,0.537128021449511,-0.328745994080499,5.16216865929062,0.999808657504431,1.37942530551174,-3.04356567827301,7.73359005699593,13.6446736745046,9.49758720221511,14.7441096763817,16.0759489470191,10.453458390184,7.4255446586911,18.5320210903678
-0.640772537534364,-3.07850456746368,0.529445556466443,-0.310085171359911,5.17718304544054,1.03138580788181,1.35424168128821,-3.03878850431512,9.40173461583558,13.3970750218995,9.75020040628768,14.0721135816538,15.7693527817054,13.5749140874855,7.26984693903355,14.3006369317501
-0.629534583116034,-3.12088597398493,0.523337554467141,-0.312103543524318,5.16359127218317,1.05021252328957,1.36736923926413,-3.03354362434305,8.18779208686345,12.7866837869189,9.46744963266736,15.3615264204942,14.8690812983166,12.6059354694811,7.09509333172555,18.5361300079426
-0.637893646422734,-3.11872579793442,0.522948509088247,-0.307761639370548,5.15614320339382,1.03010463101079,1.38137744363769,-3.04113528073879,8.03326495000201,12.9339964384508,9.07397672023419,15.3630647693525,16.1294553736765,13.6315892837352,7.3130341805498,20.9165262324486
-0.599896074995764,-3.10986496106673,0.50901795814907,-0.311745481467264,5.15536769834705,1.03646308134451,1.3800506905751,-3.05178019987624,8.4282986298687,11.4894052787416,10.3028601872215,14.4233964938882,17.0552125263278,12.9465599292775,8.49123375322171,20.2179649606241
-0.642489636701403,-3.10843590902803,0.512415964741785,-0.303294888096864,5.12552251719738,1.04230492243305,1.35923137799838,-3.03418153011697,7.9904137619465,12.3227942811829,10.1988706285351,13.4871634682576,15.9963391552886,12.9211003282244,7.79087369053484,18.6276987316096
-0.617505445968887,-3.09374066818172,0.523081184499015,-0.309201999907985,5.17886302674358,1.0368556076348,1.3562167557922,-3.03725182664595,8.88628204126891,13.9137692936851,10.714607539198,13.6581937531776,17.57413738447,12.2770113549909,8.55902885139489,19.1913190031385
-0.646728238529684,-3.08543970516928,0.497300953058215,-0.302004374450701,5.17775149414159,1.0538767036673,1.35346634386048,-2.99621378822943,9.13665055847013,12.3265815078016,9.68593017063039,13.0370069722835,17.5931646567698,12.1014405496115,8.50045040186209,19.9037561713368
-0.608679699214786,-3.11112426063798,0.503271482661399,-0.308615307459371,5.17496344959117,1.06508403936452,1.36576632008324,-3.04970473602557,7.98763549556828,13.4345815919557,10.0303465675992,14.3568116265381,16.3069155670345,14.4155118694897,8.68603175732359,18.6948172034188
-0.639858660208427,-3.11905293528241,0.507670431766588,-0.314556947833342,5.16243162555044,1.05801042628974,1.38108487476618,-3.0205036549651,7.89999369324426,12.7076874978999,10.3514668972433,14.894067117476,14.5739248586109,13.5556538853358,6.97416383309637,20.6433411824173
-0.629189004768029,-3.09585956231666,0.526984875381661,-0.288876088976789,5.17248405813332,1.03608385013057,1.36249662726017,-3.02574403658643,8.50809503108266,13.7699984826799,10.0730694413631,15.5763293384815,15.1095095165569,13.7974832189586,7.31305968763489,19.8566164432508
-0.62584183343062,-3.10732839903739,0.476955369138039,-0.288147330743575,5.17591787282932,1.04459531183697,1.37243565958973,-3.03455645967024,7.93886968541207,14.0827912565668,8.98941781486836,13.9986905294286,14.2628106446294,14.3432713475916,7.85507213596883,20.0424861099229
-0.632854207418435,-3.12209065446508,0.480988799868961,-0.314667425365933,5.18043303227888,1.04207557380975,1.3468294173096,-3.0501843656639,8.42889214844486,13.4652678780297,9.6059796256225,14.4798779854947,15.9233334346068,12.9761495696236,7.74175988493981,21.8976782242727
-0.638170689540078,-3.12458470902181,0.462507989752249,-0.316691165426229,5.19350150226366,1.04482237472475,1.33186064083431,-3.04038576242945,8.77232050095845,13.3028599002988,9.73571673504551,13.8325042366087,16.0093013026911,12.670494516508,8.0417158531483,21.9690988424416
-0.658740146822295,-3.15200217403802,0.501674991741381,-0.312248488931617,5.1706779915727,1.01698166929598,1.33668711572118,-3.04234133112581,8.39871961180618,11.4357815063378,10.2837251950356,14.1797977727568,14.4337956697147,12.5001370306011,7.87720867852579,22.0777085904862
-0.671942823695492,-3.12160299844506,0.49639878242599,-0.317493063427186,5.18281801679452,1.00314269701376,1.29864712855945,-3.04336932005673,8.6295017794773,11.1034398238927,8.84977811735194,15.5113241905927,16.474304594299,12.6166118134394,8.21119297587228,21.7376591508768
-0.655929952696446,-3.11323425833477,0.508476329267398,-0.307809740833379,5.19825666029746,1.04125018011295,1.32823958951138,-3.06514873655122,9.09792950400293,12.2185841937574,8.29871420739041,15.1040025838677,16.3636570299342,13.1205675072346,7.67864278869009,22.2216320505034
-0.62968510911884,-3.14236266123973,0.502863630534729,-0.325752853149866,5.17523428834549,1.05170326289058,1.34722306261488,-3.05016192333181,9.20721202210923,13.1793957640077,9.32384663962378,15.5110556157273,17.1099553926494,13.4004630795902,7.72743220955066,22.8800869149207
-0.630898573780021,-3.11421543636614,0.532219828914151,-0.340047450067732,5.15002517441785,1.0665918657012,1.32908183380241,-3.03007266924529,9.3899735444824,12.2948472094779,9.07551541616083,14.9156386462077,16.7961499870963,12.5848135497218,7.28299602555545,21.9557810771303
-0.644256663544405,-3.1404847985936,0.495242434334993,-0.32546651566252,5.16707931066349,1.04031980458526,1.36910235334183,-3.02512862484682,8.36621381277221,14.7983025556337,9.00692281628647,13.8900613653776,17.1695312264997,15.3589832892887,7.34996228440283,17.3819307309378
-0.65705870318036,-3.15878992557566,0.506848406675518,-0.336598558536022,5.12657579508939,1.05290928600741,1.33213935516087,-3.04130627862016,7.84165292142247,13.56565508398,11.5346628580103,14.1878927861174,15.5860923795313,13.9511855569249,6.77393289989713,18.4352556363795
-0.671150764912433,-3.12658631794184,0.453641033798328,-0.326886339507491,5.14591394489581,1.04538490190938,1.33492059719982,-3.06253979431076,8.26343867757499,14.4991272722728,10.769640879595,13.8456831224415,15.0237195552221,13.9422821760606,6.58184305077115,25.639166062724
-0.646350142367406,-3.15086349839439,0.512568923108109,-0.351974374674594,5.18536005306888,1.06414841660044,1.32808445933612,-3.06046295463879,8.43293083826002,14.6233671453474,9.78241196737053,13.4092869644643,15.7212117690777,12.9785331918581,7.14737359158226,21.2345808180522
-0.669806327364792,-3.12766362854721,0.458041601909568,-0.328699323345479,5.16247361370338,1.05605141290866,1.3296688726242,-3.05874639705522,8.89086752211571,14.6438759281222,9.94884863032233,13.4710509935063,14.9210486275405,14.5799719883713,8.01195641247973,23.6296799067944
-0.655185631906472,-3.1354566472313,0.479775691442477,-0.304619187747423,5.14177407557317,1.06415516147091,1.31564917051071,-3.04124532061664,6.87381707997552,14.8249183863441,9.59196569213024,12.1427473213007,14.68027822181,13.5243172671176,9.12475460563735,20.5900901613376
-0.667955571800142,-3.13292032163511,0.512079609926636,-0.335041257139814,5.15602427582145,1.0579460939464,1.34420767304639,-3.04906448159647,8.28219725109905,14.7793559926184,9.24038849269937,12.8870559410699,13.8796349638183,12.7217150138999,8.61594211202052,20.7988155607421
-0.644079057227755,-3.13879493125591,0.483033198498299,-0.328471345573241,5.13645185138025,1.03139541543007,1.34899584412901,-3.04667081144098,8.13637494189238,16.2134848337352,9.95057332682433,14.005315447139,13.5020228816435,14.2540420104793,7.78778401931885,18.8470766892531
-0.664969891060491,-3.14259302781515,0.495319955302828,-0.328906135344598,5.13307634016406,1.07094287346112,1.31819068154197,-3.04359666177148,8.6325790175431,15.1047531234933,10.2826352635009,15.9366899531765,16.304111218376,14.5219701216143,8.30651473782445,17.203199986523
-0.68146394233851,-3.16395322974686,0.477492361483553,-0.311715279646731,5.1370744283688,1.05510094991264,1.35078486614633,-3.04278212292029,8.14580202117448,16.9831265205145,10.0797159116685,14.5415949529593,15.1332267500495,14.069510585349,7.20891121185476,18.6013429088515
-0.655553274782655,-3.15415094186865,0.486005275865292,-0.347681039963931,5.17285507567435,1.07499191897182,1.36523799647838,-3.05199668343659,8.56073536185457,16.9558569914128,9.55904549488839,15.4965643848025,15.0795424645929,14.5253969686434,7.67846634826426,19.0078405983738
-0.615016565024667,-3.13690149129767,0.550030395976614,-0.32741057530266,5.15034332989506,1.06443250971616,1.34473826686499,-3.04223738090719,8.50831227252587,17.2348182196055,8.86461002713779,14.7737772185419,15.6265854329139,14.7610442869343,8.0272481796579,20.8219367637123
-0.616784147997355,-3.12541324396615,0.519443676217318,-0.303346238321418,5.14630050877044,1.06409899969813,1.35970292341789,-3.0473412019736,8.40053684589475,15.6711379845953,10.3115732917634,14.631091505759,14.456875237807,16.582546941383,7.47074812650519,20.750220582481
-0.629900858410397,-3.15492122747681,0.507597410098884,-0.302341359571141,5.15310780234512,1.07345359583558,1.32642833074542,-3.02826092775988,7.89910579898032,16.3502489859254,10.5944615727271,14.5380595681138,12.9958249462898,16.1199074068663,8.14616076461891,18.0075212873529
-0.64136070259489,-3.1378701743514,0.476458161499244,-0.293465893997958,5.15325910882794,1.07067600417793,1.37027079425295,-3.05423342784235,7.57118897114727,16.5071059943508,10.1048814021488,15.1215726190973,15.4265409991603,13.6165928777408,7.05833664997905,17.6576974279234
-0.659219850800551,-3.13680687308523,0.491777680835251,-0.316656386999762,5.14315864523794,1.07796463734598,1.34431764348062,-3.05449444650188,8.4536491191436,17.2861566384604,10.5693587512763,16.6867513934572,13.8972459568783,15.6261664971603,7.70378134225462,15.4208397905364
-0.666146195547138,-3.13949161702694,0.490213713926926,-0.334306380144541,5.15801474981227,1.06432732450408,1.33216743755114,-3.04559490971124,8.20893797585657,16.4018141620505,9.96466203821995,15.3892417861206,13.5225324341831,15.3280978610431,7.9518107988345,16.9595008411867
-0.641507266485006,-3.13361192026063,0.502981810736091,-0.32363980139952,5.12946367470703,1.06206342490042,1.32322922754076,-3.02866062883791,8.56314384493247,17.1791256522999,9.52850381916319,13.9184604287955,15.0013039776594,14.3653379197179,7.18273242204258,15.1424332416947
-0.655855633059945,-3.14409011463726,0.508411696481754,-0.312483882846253,5.12040239811884,1.04203629162188,1.37180743041981,-3.04843575866602,8.41647867981527,13.742885020431,10.0008178083828,15.9410813948437,14.287815156762,14.573702334569,6.80308790050826,17.3032025721833
-0.677056339225481,-3.13212483561091,0.522787742075266,-0.314582853600608,5.13187704976414,1.0768471752656,1.35368383538508,-3.07711401329762,10.1172327237279,15.1344296846131,11.123759249472,15.4415349116617,13.0193427753351,14.7654651822932,8.13680145154456,15.5988585171998
-0.638144875379786,-3.11732605826798,0.51011668968305,-0.325403951116321,5.12009137970446,1.06939182756903,1.34897414636854,-3.06135564286856,10.5648394639841,15.2907469949009,9.01380901027908,17.208004828883,13.5930750955888,14.6961625416123,7.36261255023419,17.3628470095608
-0.638308173798157,-3.13396672599755,0.493899694351396,-0.330877406820243,5.11437268996866,1.07492382528181,1.3141710124557,-3.05322296574715,9.20976356929204,15.5424477765187,10.8709629558533,16.4831722825049,13.672264791597,13.5669557032547,8.29493594415583,18.5784464336766
-0.650970397990335,-3.10660288556421,0.495206364702616,-0.320846166648302,5.10023317526593,1.06347417157909,1.33645527661385,-3.06300664104686,9.63099033691427,13.9643151644817,11.9247725959786,16.4169989036869,13.9614655455923,12.4653114597493,8.55119744109114,16.3745180746952
-0.665264755055547,-3.12700186167127,0.481728511306988,-0.317399745152315,5.12141448790567,1.08126168325373,1.3321137844733,-3.0410304928243,9.40255606277888,15.9069201191016,11.4053839269925,17.0402667623446,15.0723795181948,12.9551499942299,7.56296739153642,19.0395235842082
-0.646968493552675,-3.10638654164925,0.510045356810679,-0.325564271528211,5.12693922573128,1.08245205076096,1.32154111315927,-3.05893204011553,9.25702458976419,15.3161304378712,11.3834900080891,15.2195527836125,13.9740266207191,11.9546393453399,6.78736634621202,14.8272750616944
-0.62210942399817,-3.14211143977381,0.50300644226672,-0.330153108142853,5.13354065987823,1.05757186394657,1.33020002978862,-3.05886182330195,9.0649632461029,15.297655605685,10.8289856587567,15.501104217731,13.817951062697,12.1636385278331,7.19255860161331,17.9270774346552
-0.62880279745628,-3.12536269193227,0.490898707312736,-0.319518320918485,5.13968792723175,1.05401036979172,1.34151128682935,-3.05197571531421,9.94245902997201,15.2919209093553,11.8449825588042,16.0408127240185,14.010946033864,12.8811854737427,7.24148108603821,18.6171077064665
-0.626751564743578,-3.15469934116293,0.493600051446444,-0.332219733546974,5.1258507824344,1.09127965417444,1.33392962941495,-3.06746179091148,10.1648379304743,14.6313830901538,11.0546583718295,17.1538042857001,12.3238907332602,10.7793485824592,7.26694240360071,19.0510917390699
-0.594954866175945,-3.1087720892027,0.498103419700753,-0.311758849268343,5.10461653169591,1.09005978041261,1.33395302547756,-3.06034004959293,10.3845561863745,17.0262983575229,8.88547880928327,16.7337742014828,12.6257491821246,13.6832752007415,7.7044768370796,17.4384839822928
-0.63576555652304,-3.13771423789188,0.489750280078328,-0.307081131003516,5.13900535936979,1.06578250620614,1.39616807227397,-3.05418774188827,9.60321675335186,15.6516187396698,10.117034077102,16.7126280373655,12.0233380782748,13.0686017157941,7.28293366617166,18.4731196164513
-0.666648395390945,-3.12130969239062,0.493867506664591,-0.332359416686604,5.11504814310743,1.0873142377889,1.35293519977461,-3.06743981396162,8.80525091239431,17.9738016008379,10.0725931399815,18.9967522445156,11.7624840271947,15.332353460479,6.21917595778577,16.5461097386552
-0.650349909817386,-3.12497444030405,0.505369501260015,-0.316314457053076,5.14307953846622,1.05683846175815,1.35648465904552,-3.03469515729028,9.54215815948603,16.0241236671442,9.36699812988296,18.481273869959,13.3440760874066,16.8412436639235,6.90273405147476,17.9478009011095
-0.609595201069424,-3.09922804901189,0.53774265048427,-0.293791449201646,5.12378518430268,1.04863088246177,1.35551776109055,-3.05431393152317,8.76210888018933,17.7403139871519,8.72532214252855,18.2108260817762,12.1256351027723,11.7199077044745,6.86961774389466,18.2047934784154
-0.621219021818191,-3.10700434688802,0.516270980087639,-0.29945129346405,5.11656823861811,1.06735628355917,1.35633313559175,-3.07121740978003,10.7515886727959,15.0465924325418,9.59545777406741,17.0304202421347,14.6146397798046,14.4872216054216,7.40399882825521,18.8712937973817
-0.643696841750577,-3.08874478230245,0.51257461245929,-0.290684597225995,5.13234505708075,1.03119339755085,1.34959625478926,-3.06370636166831,8.6135675466361,14.3862487653534,9.38343308349648,15.6708096672129,13.619209806098,13.7139455036276,8.12636195978441,16.9032806317593
-0.622059091009655,-3.11754452257988,0.555563790279579,-0.290054776433121,5.13751439838866,1.07352548983813,1.35792407600765,-3.06098495641132,8.46115619984873,14.8170710076142,9.45092735165973,16.6051439431693,12.6673912058145,12.7061243749542,7.92703503580028,19.3033711437113
-0.616819440092807,-3.11492777961452,0.544982040655106,-0.320745870956836,5.12753397864949,1.05121292028632,1.39669538362246,-3.0722921743179,10.1628129495992,15.450107163962,9.16544081452821,18.4901078749005,12.431534195976,14.2874627632622,7.94795579241268,15.7317510157705
-0.618855358009449,-3.14163820512526,0.527749628676259,-0.309295284982395,5.09166436202984,1.07277448225265,1.37972111963776,-3.06515718808186,10.5982376409401,16.5153073909961,8.3383843590828,14.8055359783042,13.2264401412026,13.9676593413188,7.74334363389278,15.5225342212953
-0.619250073610888,-3.12972474572153,0.533278565944268,-0.310127830030362,5.11564269603533,1.06921236933109,1.37660909229285,-3.05455997417185,9.25810493358039,13.443618194155,9.32169816168405,15.7272953207537,15.064891314722,13.2096797166601,7.01041535985435,17.0849846591559
-0.611949428412552,-3.14950456306638,0.530844445389228,-0.325648912181568,5.11276292202621,1.09231658344125,1.33788615901244,-3.06304886221785,9.51756205952756,14.3411211747904,8.97511180272977,16.3455278615235,12.2887763710879,13.5857913455408,6.97381723829548,14.8797822439313
-0.626031681946778,-3.14968361681013,0.513272191790796,-0.303344747107165,5.1071188977124,1.05176001978972,1.3648388604333,-3.07433413561729,8.52935719414453,15.2800081421379,8.45822579692347,16.2422556894377,12.3336351176704,12.4799795634179,7.2314625970997,16.6359146502279
-0.626569802815057,-3.1340478961094,0.519842762313094,-0.320455579383042,5.1091436291191,1.06094261686842,1.33428659276784,-3.0552262387505,9.43586132541501,15.7157818567021,8.66640466389391,16.8170171524733,12.9899550847458,13.8335897804471,7.63814866982668,17.7816249648902
-0.61800041853072,-3.10724014349738,0.536810200796901,-0.304390682527274,5.11023776047889,1.04266802960206,1.31836523824372,-3.06168940842839,10.9853007431601,17.2442659366723,9.57792926530693,15.3490844615115,11.8082346937585,13.8191196664872,6.5629482318282,16.3827877201177
-0.641903757659562,-3.15467030077751,0.530346383731276,-0.319039858741981,5.12831170645286,1.01564370862007,1.33765373218492,-3.03947967479736,10.2343083889464,15.5278488838791,8.89010981306696,13.9446655347513,11.5862268085656,10.5119145433325,6.93306289325226,15.5162681068198
-0.621024979769353,-3.14047332930304,0.488793038141867,-0.32906691991247,5.13149308436578,1.03962790701745,1.33032115135991,-3.05333427634694,10.3006526098826,14.1020958195394,9.77799195741665,16.4572306911103,13.8099570614591,12.5082991634614,6.88139972187927,17.7635945490658
-0.64726434119598,-3.14809931679675,0.552688023281297,-0.304639470939962,5.1157010893121,1.02661612848528,1.35493183396986,-3.03766065199678,10.1846962945944,14.138502036237,8.78680038931238,15.9253512663503,13.2986824562286,14.4240215176672,6.7455601238402,16.463182578329
-0.599039447905162,-3.12275261411325,0.551880696847628,-0.310650042282634,5.11807618003548,1.00831264118269,1.33448438694081,-3.02205519318901,9.15088857887884,13.3014242393375,8.10542521704648,17.2647791914366,11.0279614877645,15.4986272745551,8.43889372539802,20.1859412024974
-0.64110134271366,-3.1210673808414,0.534748318873367,-0.32043934238235,5.13177224071961,1.00847797072283,1.31986639851269,-3.02358341864147,10.3160965932863,16.4230044628932,9.63772262631439,14.6485366900408,13.042700917352,14.7017091437713,9.04921193967863,17.0688068915354
-0.632644418876087,-3.12595236665182,0.562024363540015,-0.323085221021637,5.10125924186566,1.01847914709709,1.28123406986511,-3.03466017400588,11.2752465753353,13.3856719682643,10.2111812416741,17.5331826470389,13.2682439579731,12.1346050172121,6.41040080309351,17.9166412931954
-0.625990563411684,-3.14254905805585,0.539259746067641,-0.334887607284955,5.10390544332549,1.02346592567515,1.32895318816044,-3.03591786955612,11.0172411212717,14.2457771275857,10.0228128847168,14.0543133531222,12.1379089734345,13.2829530260951,8.07319352677215,17.3366154415946
-0.645814566527215,-3.12701037728637,0.531604794384133,-0.357148537500063,5.11211126299765,1.04745395506433,1.31842207492317,-3.03138472330697,10.0493070595856,14.704056869291,8.89761912270267,17.0062543983072,12.3248032371195,15.519876074849,7.35843909764933,19.0476803007164
-0.659732951764738,-3.16396876379524,0.536922223799957,-0.348125360342426,5.07269712999459,1.03316532182246,1.33926743363579,-3.00295061801782,9.06615956932758,12.8658893858325,8.64734579517009,16.3038289735635,11.9381067574759,12.7668275801549,6.5555269371767,16.6747935722893
-0.642114429623713,-3.14658542331617,0.55608543635932,-0.329147634908237,5.09338378187066,1.04894535472658,1.2781827145344,-3.05076545307005,9.3944135388791,15.7471582687207,8.84238342470275,18.6139625271064,11.7904504479426,15.0917125134713,7.69266632468922,15.6848729501696
-0.618813734318703,-3.15871723840628,0.53127143606001,-0.371140595696809,5.11582035269878,1.037626552534,1.3102492235701,-3.03654559717908,10.0581546529418,14.9047291380855,8.64724475885706,17.4900341560008,10.641909165172,15.2670992906072,7.20343365031631,17.2444210629764
-0.626179620029426,-3.11727819220584,0.533732906535953,-0.355223235283233,5.09698354667241,1.02303926607359,1.26964014362025,-3.02014320698718,9.2418359035313,15.8446989796159,8.85245379697083,16.34388987692,12.3347623335076,16.7011710773807,8.19393931459396,18.8672221227977
-0.653155366476064,-3.11202295625136,0.518488303778118,-0.317114896598161,5.09144829799992,1.05536614455126,1.3069483181102,-3.046434312372,10.133203692606,16.6188689934428,7.64450554159649,15.3248701148982,12.7201986192715,16.4563405967513,6.96213583212818,20.7938782513028
-0.685875133658537,-3.1139552073482,0.542935428377708,-0.342502678408797,5.115934119373,1.07532507652501,1.32408513142824,-3.05509692928084,10.2615791797918,15.6404561952527,10.473997577489,15.8514986744609,13.0611328836213,15.041780697155,6.68827844900595,18.5134890476919
-0.628235168132116,-3.13297283280867,0.537797735187395,-0.360215090712553,5.13118062969054,1.05240438599626,1.33747929952765,-3.03969588168845,11.1290416738959,15.7463746751542,11.0310637631792,16.4570200270379,13.0229745777523,13.2784322943033,7.62898221494274,19.2369092567026
-0.646930183747081,-3.12647532919472,0.494390783526584,-0.363533026849263,5.11369307664128,1.08564883404519,1.31828499880185,-3.03730385034959,9.80140753488209,15.8857763679304,9.63292958651857,17.4230952270929,11.454970218601,12.812557534506,7.66020887764017,16.9693506049197
-0.63951218277032,-3.13402767344049,0.544125079952959,-0.338558063471349,5.08663425300342,1.05217204159922,1.30934641815472,-3.05204067633441,10.7716154710431,14.8352765474752,9.34042197870607,16.7196060963916,14.0600051222145,13.08619406402,7.97997317538517,17.9757510717232
-0.659702722927851,-3.13966724367767,0.545479533301983,-0.343722147545887,5.10438709898204,1.07312277238434,1.26641073183057,-3.03660047634967,11.7547979130015,15.6426575299042,11.2436190047245,16.2353685652128,12.3341600340714,13.1963848867637,8.3628381697139,17.7928804657308
-0.634727987439119,-3.11250018889123,0.539854226635893,-0.33643660101104,5.10594157390422,1.05522811666652,1.30536054722114,-3.05159520080327,12.6224039733567,14.3853367700415,10.3334275107268,16.608027813846,10.792534340466,11.0111597583507,7.60254825305487,16.6469404282073
-0.637219526057901,-3.11165186408163,0.528283741689609,-0.340639010988047,5.09779120198698,1.04770334345367,1.31032318892392,-3.05228242549831,11.587692772193,12.9791541455077,10.3100370452882,17.594004183854,10.7305484917718,13.1510151033109,8.64341990090974,16.0523700702552
-0.641541429752875,-3.11928168285346,0.542124094122478,-0.355928444845585,5.13282948073144,1.05924166948718,1.31267937190858,-3.05739773966168,10.9697033631255,14.5052114172109,9.64787909656611,17.4995787702634,12.3530523079128,11.7034441392558,7.68720760640264,16.1468606197051
-0.646053643941904,-3.13219624272126,0.535282574897121,-0.335751605082489,5.12387904790468,1.04232052031341,1.29786941113619,-3.05019456858758,10.8314512764904,13.9260673201025,11.4187411195354,19.6836006961759,12.4238232349639,13.0337394319792,8.10132205467347,15.51044382061
-0.615861148834099,-3.10442430035727,0.548181575323047,-0.331270814382724,5.15895132466225,1.05571333640866,1.33272257460157,-3.08061046221181,9.08612776707505,12.7779667035663,9.07751946297679,16.673325843942,14.7227277136201,12.452783672615,8.70778825334997,15.1542406194997
-0.634124529185329,-3.08007383757475,0.556866644612112,-0.309124205093326,5.11435554240098,1.03863451898065,1.31079907359244,-3.07042179696423,9.15137028609471,13.8457135004953,9.09960234103631,16.1184047546729,12.367769263889,14.0821282074377,8.30000591856826,15.4444958734331
-0.63037741130791,-3.10061528024696,0.534157869145294,-0.330500170876657,5.10094787461645,1.03450919378482,1.32538781989758,-3.07841503960912,9.31584246590101,13.5135711031565,9.19358572982272,16.5005750570193,13.2822589719685,13.1281790224787,6.73560791734973,16.5719391281565
-0.639943971377912,-3.11998182367486,0.572209880315065,-0.3365921289549,5.11733748624207,1.04751788156135,1.35408254331297,-3.06405974358192,10.1426925268388,14.6581260350273,10.2159712121481,15.5634746179787,13.272301902222,12.8047310585571,8.2451146372609,17.0388063261005
-0.661249573455407,-3.08719476043215,0.557576041175118,-0.340116799678855,5.1408383455787,1.04228536401184,1.33946100939368,-3.05572211579786,10.5261575281432,14.6846456079971,8.45045727573541,15.7132367954632,13.0919826762246,13.3840388517903,9.23411984954031,15.1620828035618
-0.6334787900775,-3.10004163852602,0.531051877368348,-0.32638726356285,5.14418846914184,1.04054716749779,1.33443859820795,-3.05741099841991,8.27724416949969,14.3164269265246,10.1425808790784,16.6030658904664,12.8361186251834,12.4943153538985,7.59324326052405,14.4603440877819
-0.633976267839942,-3.0921228336796,0.553729173899281,-0.340616904214382,5.15363844656286,1.00791111559113,1.31236746863914,-3.05804636718466,8.66292882997201,12.219959904437,10.6257842748002,17.6857829403533,14.9550609165073,13.7796674641341,7.67962812118455,15.8705278598028
-0.647999227100163,-3.07923361356652,0.53476014063619,-0.335687976393758,5.15076139687919,1.04581729085401,1.34313430091214,-3.05508373609607,9.7666314506093,14.2538386087177,8.47943178342681,17.6618551655205,14.0892906931458,14.8155980196189,7.85637708941341,16.29930794549
-0.665750216770068,-3.1296514212385,0.524535876604665,-0.327341623754627,5.12978070957895,1.05080518094496,1.37537595079141,-3.0679661278595,9.58925959906515,13.3930550461794,8.29516589389134,15.1854481174057,14.1847761816863,13.7353142163482,9.476831072469,15.1388694555051
-0.665852704309746,-3.1157964155573,0.523004164478858,-0.330482537307792,5.10349078742366,1.02309970419082,1.34144452600407,-3.07643983626066,10.7145869775582,11.9652555796342,7.41703182819297,13.8754751240261,14.3639453948547,13.5328694387482,8.61793045725565,14.1778369901026
-0.658341125485977,-3.133116815341,0.530691293930693,-0.33434171368702,5.14229667843091,1.03254675588044,1.322342141122,-3.03655887007104,10.6321674493731,12.026366538347,7.95965159155029,15.6176023153615,13.909513002094,12.0391130024772,9.03527217155747,16.8410408494314
-0.662375468618852,-3.12460290040929,0.50677722399798,-0.338976175516806,5.14365992046516,1.05034521505794,1.32603674217916,-3.06719497148718,10.1330890380289,11.72241263993,8.82114332914592,15.7785201058806,14.9305926080569,13.6204673051789,9.26936055474665,15.1569430656061
-0.641867065412402,-3.14610232530673,0.532265512868775,-0.326105533040517,5.13232527962002,1.0082433199265,1.28525758530466,-3.05866760575253,8.85725362047228,12.7586024909627,9.13127981390444,16.8146265957027,13.6364044597664,13.352105858923,9.09882889127531,16.536083912258
-0.633978878573436,-3.12235754969751,0.530292652334803,-0.331455194231293,5.14075025203596,1.04530493304988,1.31393284583758,-3.06290108029317,9.99465249043026,12.2178920449724,8.94283246949941,15.2610186643502,14.7006243613737,13.4709705408093,9.59039636470881,14.767702596396
-0.66361803238764,-3.12125114306748,0.516541013977633,-0.339069403708435,5.12082428182723,1.01841143416689,1.32495876112742,-3.05213436659342,9.43043975779739,13.2577339907222,9.95461483582774,15.9705822560135,14.530261201258,14.0035608747504,8.43833451638472,14.3474377232016
-0.649752480876548,-3.10463920299282,0.520750547174553,-0.329300513567683,5.14418946559082,1.03886432514167,1.3473959883103,-3.07500797172547,9.23979478295165,13.5031437657793,9.1955997595457,14.2038198139273,13.9826920250662,14.1245104347775,7.32164227653274,15.763273006724
-0.645843232362543,-3.10681652802002,0.525435635654776,-0.316038269322298,5.15910257624165,1.05449861519941,1.27709884372551,-3.06842769086234,8.81688622104562,14.4554999838297,8.84373613230441,14.7368528453338,14.6936467220175,12.2603653998745,7.99247750985958,15.4280497076064
-0.631465189788192,-3.13635319223767,0.507602480152253,-0.342110076925273,5.13433602870109,1.02991535781074,1.32715882723762,-3.05241524396336,10.2657684599571,13.941766739162,7.94269932837862,13.8924774476646,15.075402877517,12.8059345923109,7.77917932727745,14.2985230504611
-0.663629513074488,-3.12362944077497,0.521180141440964,-0.326858784320702,5.15901714193706,1.05055513131543,1.34203595769552,-3.04615989059848,8.54230270465293,12.7190516970388,9.42774281889308,14.7523561879881,12.277177688462,14.615643930776,7.67063024639233,15.3801503398802
-0.65863908259163,-3.10657915423242,0.526683202916239,-0.350136388196588,5.14197319670085,1.04407940608575,1.34167712597246,-3.05274839001493,9.32517706359029,13.3437509800665,9.49462563278394,14.6837570386037,14.6504864296415,12.8441540048087,7.57315995730568,13.9037265246057
-0.637224840333323,-3.09169876427761,0.514987914108491,-0.321596522532973,5.12496753344987,1.07411759250118,1.30734252461554,-3.07053180981905,9.10431596580101,17.1937088605737,8.66595201906556,16.2101512772287,13.0664366473018,12.7683405378821,6.88466794333426,12.9721326141239
-0.649665326455177,-3.09857576057822,0.534616568150176,-0.322113636276051,5.11562689236774,1.05265687063176,1.29259384839627,-3.07919779585322,9.68099357868692,15.973173427557,8.62579639025745,16.5384855385917,11.6702156640989,14.3094160206588,7.12317582577496,13.4360508757164
-0.635651971923167,-3.10030440754178,0.532787221004012,-0.342117263927628,5.14345059819525,1.05130574084105,1.33778421845962,-3.05544937791485,10.0166635329364,14.8266041724041,9.20908319705847,15.3639302703015,12.6377416475574,13.1964524559791,7.71770068219903,11.6308625843893
-0.619095624933873,-3.12210317693678,0.519065493058279,-0.3172457171363,5.13527725113256,1.05915023223098,1.31871718583656,-3.07615487697994,10.9388273235622,14.7957525991925,8.83048569891957,14.889979850755,14.2127040272739,14.4814801350201,7.55986742016143,15.5956574867442
-0.625175150343388,-3.12348011454432,0.550107883248439,-0.318947088622445,5.15053766031186,1.06319226675496,1.26570017248129,-3.06605851165894,9.63673840877926,13.8763662689375,8.5626147139996,15.310332904922,12.1927966772102,13.4974749349694,6.12920952426541,13.9263892505348
-0.634198882153047,-3.13306825977282,0.547368735892729,-0.307773547649722,5.11340678240435,1.06266675153241,1.28856091981188,-3.07398769506518,10.6094101199564,15.2275679223956,9.58793145551723,15.6458930776479,11.7334253453511,14.8520466977947,7.73666430713321,15.1288821871462
-0.615923779365351,-3.10585337831582,0.575061793978212,-0.311783283149613,5.12737942589996,1.02601828208408,1.28834921808864,-3.04170737758115,9.59953969154353,15.1912086358238,8.80177945266383,12.7811178275563,12.8908923305721,13.2020858164797,6.96855078662277,14.0643908437298
-0.582430730888618,-3.13458308346126,0.553048823893144,-0.325648216938974,5.12261625436618,1.04578926696563,1.312910111722,-3.10283366309906,10.3423510754403,15.8891303062051,9.34978358921746,15.1176110507516,13.7600508877929,13.6626975216285,6.61620738638147,14.1082947982363
-0.60774276336682,-3.12493717473527,0.554921816297132,-0.316860291653694,5.12725313549254,1.0357050432316,1.28584601990879,-3.04973253908937,10.109255206973,18.4157354903836,9.8206397939749,14.7632031325863,13.5110646129661,13.034790567344,6.63056764867554,15.2020438439927
-0.642732108747464,-3.10097335074996,0.570423059313295,-0.338910913362319,5.11856171456705,1.04072653722452,1.30585193808249,-3.0876933544252,10.1471077319257,17.8204460596957,9.4614648761728,14.1306204096669,13.469800345759,14.576246153286,6.83908517923407,13.264267191249
-0.602914793772463,-3.13493992635863,0.553714328456561,-0.347896636193773,5.13631477176222,1.02402495126894,1.33307380445702,-3.06221621603318,9.51965411434907,18.0993370008251,10.3556586134238,14.2204741520741,12.8978532580815,14.9663557270042,7.60111202294899,12.5910846263499
-0.599639538785995,-3.12584010699435,0.552626511323781,-0.329925646576186,5.14373295291641,1.04568410671873,1.28618749680799,-3.09389752267574,9.18791579337937,14.641356577634,9.00957096040789,13.1416427438979,12.1038415349698,13.1504787530954,7.5791396064874,13.3970126402685
-0.626417315141081,-3.13420569963491,0.588547382579776,-0.302963498614465,5.13557015952779,1.04420174908465,1.3193292410143,-3.09553688650326,11.0044557024783,16.3348387550202,10.1580197736724,13.9980155275737,10.6803507764921,15.3926112501535,6.97117994555896,12.4333393272658
-0.631923888022182,-3.13433756532738,0.50393851321217,-0.316789037088311,5.13384391162107,1.0496321361215,1.28782095383148,-3.07737922495286,11.9426727116617,15.3492863780591,9.7344674735493,13.9327152782144,11.8741203858771,16.9701997530269,7.68959738787822,14.1485640966055
-0.629228975888954,-3.15070165279981,0.523513422097534,-0.32688565574684,5.12512770058571,1.02309158174628,1.32284365557577,-3.08712661918026,9.85481317237585,13.2568083808225,9.75093174311715,14.8730186641506,9.42848855173448,14.7690108037488,7.26419433663962,12.9635522919199
-0.630854572923776,-3.14748622426873,0.539436670261777,-0.324103525691101,5.15379351540729,1.03841780771168,1.35960169770453,-3.09173766160087,9.77115913435785,15.1771491775653,8.7563450608825,15.1436527291986,11.6161388257964,15.7694392489668,7.283192940547,13.8554857556487
-0.590819621569513,-3.15679739733932,0.553663319083305,-0.336311050424213,5.1606701840189,1.02520945633826,1.3343464748937,-3.10422593814178,9.26062839711185,16.8243121384761,8.72133077912938,13.532519741508,11.2031316706217,15.3747133880196,7.36371761980765,16.5434996484929
-0.660971713358363,-3.13797332360916,0.530861568361703,-0.325496469483877,5.12881499546514,1.02095293291272,1.33599093879358,-3.0895269836425,9.74005313690493,16.9380315210909,9.14090640850393,15.0102618716241,12.5951676780798,14.4021262057482,6.82714176601304,12.034311700246
-0.61397203753353,-3.1444325258442,0.519029049225172,-0.331038392678987,5.14177319379258,1.03833903181466,1.33963524573323,-3.07882676904601,10.4033780794715,14.6216151181799,10.1343724647359,16.1110384505554,11.3459716120544,15.6935678357605,7.91877464079318,13.9710961941612
-0.632733723823914,-3.17698070078232,0.529888749536282,-0.342594618099985,5.15687927086705,1.00751335023255,1.33945426297306,-3.07262949768948,9.56626382755662,15.7913102945739,9.33227627516666,15.9894314826555,11.9955407627807,15.376093093276,5.97779468698169,14.5322898672595
-0.663310386984146,-3.1540239993315,0.526730060566318,-0.328959186760819,5.16612945177205,1.03427083193327,1.32494941254353,-3.07571043626382,9.33375068455506,15.3315063299466,8.99704715157663,17.2569844628234,10.818960886926,17.2830190197311,7.23833703084613,14.0576843081822
-0.645998208867333,-3.12076847304214,0.518377664229303,-0.318247595299644,5.1502777861808,1.00421490657481,1.3513661701511,-3.04511243394016,10.4249996591336,14.7010825040483,10.000299822293,19.6399390487528,9.30489253548314,16.6582212109364,6.88088408764908,13.6324431382209
-0.647576824886589,-3.11813506903941,0.5269651093998,-0.328159574389907,5.16738732596127,1.01285955458192,1.31788197575842,-3.0575386135003,10.7394216034098,13.879337700064,9.08549301812146,15.3301929660652,11.6560044504431,17.5975685908141,5.93126767788367,13.6420121779618
-0.639186103860869,-3.14863602796965,0.496986706288043,-0.329514579456334,5.17554845261108,0.99995088714667,1.33942199732993,-3.06887827057426,9.8585999661546,16.8593600354673,10.15317665449,14.9076059431588,12.0927892000304,18.8680313562189,6.15169654817758,12.0874859864002
-0.659509848991201,-3.15092837366552,0.508419214805262,-0.328186171231801,5.20404729599316,0.988137869270019,1.30690607234245,-3.04533103100778,9.07769427056229,18.1132473495958,9.98303464264467,14.6748488729796,11.8506876304016,16.5200857129821,5.98488285244543,14.198334205435
-0.639288774682961,-3.15378818026272,0.533976418633767,-0.340991742288949,5.16170742373564,0.969706238281236,1.32402258456575,-3.07655286128356,9.62965298512116,14.1374087555698,8.96834796986457,15.2954264329639,11.1182645767895,18.8293744846306,6.68629990419423,14.5747101811527
-0.62840714165726,-3.1459488824388,0.519545188307625,-0.330053761543607,5.18305953880248,1.00771390230326,1.32271511950179,-3.04546673332491,10.1709580279902,17.0216449530754,10.3139003742388,14.9297125372824,10.7351226972497,16.5078181548329,5.36804253250189,14.6770631998469
-0.610576015927824,-3.15309205478763,0.521418659249194,-0.329210994363439,5.17275337919525,1.00315582682755,1.28799963452421,-3.05883758912879,8.50021275819635,16.4439385115146,8.6313035722023,16.136557800403,10.4615088061908,17.1798986080531,6.27772566199259,14.193834082092
-0.62417438872163,-3.15564737058523,0.524012600519463,-0.348891804536785,5.17331410167743,0.977766396501593,1.30791009385673,-3.09005451419185,9.66524167344955,17.8371076780704,9.3879642087132,17.8238151537435,11.8526996057598,13.9508874798726,6.4784273380278,15.8324919832664
-0.622881024461332,-3.15030932074421,0.536050259779354,-0.342478828785111,5.1355932617218,1.02943095786002,1.29913368954153,-3.08245121114322,8.75504162597009,14.3815400132784,10.381414822021,15.2737337530017,13.3706309915224,15.3980511689474,6.36834726047478,13.1150943248562
-0.657564427364326,-3.13967483659284,0.533747402020348,-0.355487436003991,5.17377316456338,1.0085115151142,1.23892147190999,-3.07011518843467,9.8762289956863,16.0015932594249,9.96816239275773,15.8041902343565,13.58392565494,16.9056889384686,6.36771466765084,14.2010671148222
-0.645801254187921,-3.16158922439308,0.522865266622681,-0.330754908013887,5.15379063286323,1.00513771340173,1.28750298619543,-3.06255477164861,8.3166050637473,15.5807036262675,9.95335665942818,15.8905061583135,12.6591863407406,15.2343787938485,6.07109572015503,14.1094960826962
-0.672448142619091,-3.15515346596582,0.516848548854744,-0.324643718438783,5.1751990064575,1.01463274084867,1.33335276670505,-3.07931880643369,9.21384347744097,15.5962833290827,10.3890469432172,17.2332433873969,12.676102593211,16.0905068727661,6.03586739813446,16.5685131126818
-0.649326137549105,-3.1302845544581,0.513974788044497,-0.340492423866657,5.18641108143689,0.99740977389649,1.28164027309768,-3.09749863002282,8.89285325632005,14.946336614654,8.55085787019427,16.7091127822631,12.1852958945459,15.9873409295894,5.86284756733389,14.4586981080662
-0.641100434799347,-3.15385196648353,0.531108629937835,-0.356987671026305,5.15555224757052,1.00251447134412,1.2914429211499,-3.06111036052419,8.76092374248267,13.962675808777,9.13724698125865,15.7954923114422,11.2821537801561,17.5758836740628,5.97521292650984,15.8537070508937
-0.664087465659585,-3.12890531137053,0.516056997672392,-0.338711648175839,5.17908615651865,1.01388481325736,1.28199900216031,-3.10882678789698,8.7860516277342,16.0869129584203,8.5714919846223,14.5193615783858,11.6630234571613,16.0462378761355,6.51929121651533,13.5208263548565
-0.673597507129315,-3.16385317988165,0.523763332958141,-0.348301793206177,5.17680789283317,1.00150252818088,1.29340878616933,-3.08054982728011,7.66379396182884,14.415706927239,8.34978536933734,16.5350546793982,11.2563268567815,17.1469534768398,6.54597439372318,13.3479588962411
-0.656732543996736,-3.16199356408143,0.528423747762037,-0.334513769576041,5.15194084388088,0.996576132591536,1.26009166350308,-3.07672518974736,9.01789027569738,18.9811088392853,9.94419816468335,15.4256679168533,11.5370563568459,14.9867287832438,6.10168805322059,13.1759072987827
-0.635156668720364,-3.18227199056745,0.534161653122109,-0.336525739363485,5.1687274007001,1.02912726461804,1.25973601270472,-3.07423450637099,8.94408737951172,15.715766139487,9.27796080669856,15.2239735011272,13.185392979428,16.0955935819699,6.35461784677694,14.593317531423
-0.634157973212192,-3.18270630920471,0.541543890173822,-0.338286212689338,5.16442468047924,0.996251038683887,1.29822252643554,-3.10278221737219,9.45509642943703,15.9950602604562,9.07262073419392,15.1954819315522,12.6496781290535,17.1823565880624,8.66782096580231,13.3945064279709
-0.6515159261917,-3.19350151069294,0.551605099653711,-0.337166855394801,5.16142819542113,1.00860053190447,1.26927685350056,-3.08721907256505,10.101018459809,13.9564887034113,8.87327884673074,14.8363835612917,13.5106785794806,15.264848439891,7.44681170019938,12.818480796622
-0.65409791018655,-3.14109122693156,0.554081049047865,-0.350991766725542,5.17378435923042,1.00636275753938,1.28057303910208,-3.05150339019824,8.62137018274121,16.1676238924538,9.5548845599694,15.9932996871999,12.5571988179766,15.8692391260871,7.93868264931775,13.5472363909985
-0.662354799346416,-3.18267204532343,0.503604648931228,-0.340260029163076,5.1586759825649,0.998354446372128,1.29980255867311,-3.0752467353317,10.6312567202489,16.0784635234664,9.98594023017399,14.4246122488114,11.5975131002493,14.147172717428,6.72906350026142,14.3747416092363
-0.639139226813998,-3.18721792561302,0.521791940990293,-0.33729148093828,5.15178696889406,1.00479419944344,1.28897449932859,-3.07054853985815,9.3135353106416,18.2502615581815,11.0751743217383,16.4336687569381,11.7563311753826,14.2753905547217,7.52123879711115,14.0703968210359
-0.641888927444382,-3.16464226730646,0.510961212394174,-0.338398821733459,5.16600863900541,1.01257490868222,1.28793747010467,-3.09905257115078,8.79326912572458,17.1178005378938,11.3453509661923,16.2826516731068,12.0106368765756,15.0155912597097,6.50113484371479,17.0666782479038
-0.660832193315071,-3.17479144663602,0.549111408636218,-0.347405199981094,5.17077588038929,1.0163548761404,1.27740470126481,-3.07459418705622,8.36204249366677,15.2771710461789,10.0254718980988,18.8870525967628,11.7462410248506,14.7581549662071,6.67618736707321,16.6251069476001
-0.649776910406043,-3.15703855108027,0.499246599729324,-0.325648424688706,5.17273470167718,0.994065692462151,1.29910229173382,-3.08386629304273,9.07711454231309,15.846619591936,10.5338747424097,17.2285815968281,13.2170542349424,15.4979873421183,5.85064867186172,14.9497432526859
-0.66265625734398,-3.19510941720281,0.508143079652465,-0.318044380132568,5.1639518864321,1.01960098237387,1.28540985338475,-3.08124006764846,10.2917939226756,18.3301784702879,10.8545828181591,15.37440335825,11.2792686835004,14.518221077679,6.37550608729782,15.121468238289
-0.657856208623986,-3.16914980074562,0.533544571144434,-0.328496243111854,5.17357763173944,1.01042314629357,1.28683016154387,-3.08877281448516,9.46752041417729,16.9091341182252,9.70875913342149,16.4406040345602,13.023070516263,16.4074412148848,6.56670197303466,15.8095757551598
-0.642289569813623,-3.17823210140067,0.520104212335522,-0.296635510043139,5.15621666720305,1.00215875799159,1.24747723023279,-3.08745892653226,9.30427524736833,16.9281174216324,9.29616792955222,14.402091305604,11.6621040400125,16.3334208026888,6.36611696689849,17.0133364598247
-0.65864116945481,-3.17653053497024,0.537157704212571,-0.343802136834489,5.18330731262665,1.00865152691677,1.30997827623862,-3.08451911324272,8.97118572245456,18.9834657401833,9.85845958106615,15.6247400513724,13.4457924671884,15.0093305397644,5.52766255504038,15.7647063787743
-0.649833185557044,-3.15613332850788,0.530197671708243,-0.32247441440831,5.16283551640764,1.00082913264499,1.34542501756995,-3.10769180444636,9.53976016754955,16.6004134940289,10.7550955029785,16.2434056321152,12.7031498124651,15.3023450322414,5.7874721948733,15.0791498338502
-0.698563084709006,-3.17820326046527,0.487000065460923,-0.319164298347999,5.15597759626117,1.01324849001677,1.30513121310495,-3.09839160054195,9.52280940202963,19.3180253517227,10.955192518513,16.3605545970377,12.4402069173666,15.4951744594412,6.02568430128222,15.2663288398045
-0.685416581503066,-3.1320761333323,0.517782665482662,-0.323310299134923,5.16069841751221,1.02753415527703,1.28293668471488,-3.08023159491877,9.23420207796983,17.3194431500896,10.3423170401852,17.7226743017686,12.9983935013028,13.7543262648871,5.8848937756158,16.2502820049799
-0.663102223530338,-3.14957018285885,0.525363380799903,-0.34719126311725,5.18464301700308,1.02145621559467,1.28621287247487,-3.10118011730335,9.11761400677554,15.4882565089225,10.097951790518,17.9068758789806,12.8391065548018,15.9187293576174,6.19960380555682,14.6969427798638
-0.657230290711733,-3.14495492400485,0.50022166767639,-0.347709791135357,5.16570036839192,0.990484438495497,1.27399606753192,-3.09181633929488,8.40852959419816,17.4225736946279,10.9735095450459,17.5569358718041,12.8362073091228,14.4226765374609,5.70346268041582,15.6010677052485
-0.672380008573346,-3.14990770299792,0.474591089757448,-0.331988421689675,5.17237561170937,0.97532802170993,1.32170344633506,-3.10243230326346,9.00172026673635,18.1498535647833,9.28082537754589,16.3909992951007,11.8712226359741,15.8237787587675,6.2055353213332,16.0864231671825
-0.682729255210539,-3.14057925825951,0.492174775436871,-0.341181330682598,5.1833917994607,1.00569174335703,1.2896609511067,-3.0752445717526,9.66442341011743,17.0631306847494,9.15460259123271,18.898611699952,12.6332436136653,14.8591038856503,6.64018107707063,15.4811256791913
-0.645158086483073,-3.11688716752244,0.514026866278313,-0.341437709745609,5.17739907147337,0.993375752802706,1.292889401023,-3.09021061656841,9.45116179168856,19.9912348354034,10.5745279719606,18.7201760845329,12.4810025408132,13.9814626512821,6.13921681246054,16.7329417844454
-0.681096294124183,-3.15396031571604,0.466365590310417,-0.33992000633809,5.19694268434886,0.987059141827181,1.29344279333587,-3.11504142803737,8.6402416623416,18.5019625132482,9.71435158355281,15.7543323485318,13.645408641397,13.6423748640185,6.50041220264965,13.8695095384072
-0.679931276403004,-3.12995679192191,0.510507614050078,-0.339651595911389,5.1988860349266,0.986222357663875,1.30644166655176,-3.10738301705203,8.25589951087174,19.945207710425,10.9092918169556,14.9397513175685,15.0302373770929,15.1498353572224,6.48096924737843,14.5751258732455
-0.684874564251425,-3.15256222525052,0.511212485733856,-0.327871396556696,5.20391800555169,1.00529282138476,1.31088455815461,-3.09481968589731,8.96870349363626,19.5803400722306,11.5438878573764,16.9575399973976,12.4527703736553,13.4956560241951,6.2837827390375,15.8202196034352
-0.660738601387963,-3.12523790038509,0.517950302753183,-0.352046359301494,5.20736352302628,1.01089698152768,1.25436929958713,-3.09225747758593,7.63210514885852,18.2094826252283,9.78597937713221,20.4539212039256,13.1681856693877,12.8371133054792,5.96736037027112,14.3157356699854
-0.661699646837789,-3.16163571130876,0.468120169878655,-0.34471647990166,5.14742865946552,1.01853240355129,1.30114568603185,-3.0994257658958,8.45272732857076,17.7487867955491,10.744103727577,17.4619680148162,12.3194264319447,13.3021223184462,6.04355023193354,15.7124883468109
-0.664968609892257,-3.16219164505857,0.513642859279809,-0.353671611761803,5.18385989579989,1.01065449187623,1.28192111071956,-3.12346216364643,8.73313728465186,17.4887404434594,11.1173680571761,18.1959733508813,14.3057225610522,14.0134396975751,6.15687560103781,15.961752662615
-0.667843542143748,-3.15032073921963,0.488486545745956,-0.338575970902506,5.17129130527393,1.00220806355009,1.28001365120317,-3.09346848698395,7.95410473864126,17.802532003795,10.4230913095907,19.9204841388019,13.4467633795307,13.4345886922388,5.50453716244926,16.0066478484106
-0.659231607422927,-3.14126909391076,0.474389356247482,-0.345167565931716,5.17247965495141,1.02191867904143,1.26695224741523,-3.11940657801128,8.27984584148339,17.6999307946298,11.6854070146386,19.5191131223074,12.8819075192496,12.7507187086019,6.51305700246738,14.7636351192457
-0.62722213563481,-3.15661560617968,0.478635955219628,-0.324506356434471,5.15433490174281,1.00241140052097,1.26032298045396,-3.11599389957748,8.06367873484655,18.6021999200358,11.3826061709991,18.6282617409578,14.6283900922006,13.0720057271908,6.16534736359157,15.8340861359824
-0.67770916424467,-3.15711911683131,0.521168536794906,-0.35790496532552,5.20244321005236,1.0090237375909,1.28531171262752,-3.12225560791008,8.54674158193074,18.1036705956427,9.71581758011459,18.0221923229528,13.2039041026984,12.3355603332222,7.0108380224072,15.4616605700386
-0.705822819385629,-3.14233695634091,0.485202848265703,-0.320730243424885,5.18310124817515,1.02508212640535,1.3161845465212,-3.12842470871192,7.12544586819453,19.1595790009449,9.35105016465616,19.2067671320988,12.3996424791405,12.0485047551513,5.66450558622352,15.5766822760381
-0.680124085180691,-3.14212135154519,0.500826554177533,-0.343294229960514,5.16966560025284,1.00999334929463,1.30988982554411,-3.10440034780078,7.55185098858642,18.9448234666757,10.7938753316941,17.4944261124627,13.6103195026813,13.8002087543902,6.56260911130412,13.4312131487019
-0.641871203435971,-3.15741590403123,0.511507620705284,-0.329086159346049,5.17270953620211,0.975366586458749,1.30848109989812,-3.10804215383239,7.9656525514669,20.097670088526,11.4292971983959,17.7490189297189,11.5785716413115,11.0900371848164,6.434361431711,15.0717209037881
-0.673343897703446,-3.16123450560793,0.502031150888055,-0.313330543948186,5.15907469458338,1.01975147191716,1.29155628262021,-3.08739932345521,7.71033664920188,18.9081988325593,10.0792785076483,16.3986051876916,11.1792121778579,12.4655199593466,6.8993361226791,16.6309366649987
-0.665435002525241,-3.15909517042421,0.491492431913591,-0.338425145038966,5.17774086979668,1.02971978870637,1.30798752965537,-3.11028155636218,7.52444294904426,18.5405641661123,10.7397253119993,16.1597861899281,12.7723705119351,13.5929626099905,6.04755718493859,14.5589822305335
-0.714639750094435,-3.14468532539378,0.467676543588463,-0.340941729423722,5.19152971773209,1.01034146351763,1.28049552295214,-3.10637852712687,8.13664102703749,16.9779398661518,10.3666234433915,17.0442524597151,13.8162494793533,11.3699127252288,6.89344376863859,17.101931704167
-0.66983736664272,-3.17135007872942,0.508608478265642,-0.341448851718325,5.18015584937244,0.99896713349471,1.2999509130214,-3.11606597741872,7.66816570029466,17.8318177377593,10.2252716897123,17.3311656069304,14.2255777530944,12.1697783475377,6.85838466699495,16.2569746356111
-0.679941155501365,-3.15410496911736,0.529824631969981,-0.34899950699029,5.20316594929396,1.01206209796279,1.29782059113053,-3.11288757637567,7.64641422085397,17.8375898227208,10.0978236824502,16.642922887386,12.8012783110629,13.3417096481681,6.10621696232128,16.4512959124686
-0.642963138906783,-3.14198636866206,0.517986368353868,-0.334786282972973,5.15744243624893,0.997811705441581,1.30709000152805,-3.11992603985346,8.10640838110936,18.8992618748434,9.67757832298696,19.0366537736233,13.2513968077484,12.996040709695,5.74647295667423,16.2289822613725
-0.680383123171619,-3.12089784930196,0.511848211323113,-0.320148888491325,5.18310046128334,1.01144169420009,1.32945225086225,-3.0932509752256,7.3705586972956,20.0299147031794,9.84123456943841,16.8358355474392,13.148648015019,15.3732690730771,7.34872280879861,14.7684270029082
-0.673479273402686,-3.15405287139781,0.507755696730912,-0.339804463947798,5.23230434648399,1.01165788618033,1.3327110308649,-3.10022586734216,7.77901206489394,19.9715526300697,9.81023736417566,14.5009268496328,14.4724779305648,12.6472531200207,6.63827395963952,16.6053863977326
-0.682389207350255,-3.12680371055306,0.505180919514129,-0.334553421084495,5.20271555362066,1.00558581232891,1.32075207026821,-3.10560204373498,7.73116914203691,19.8165099247352,10.5200448291322,14.8881756929339,10.9810956079371,12.9232097639315,6.53759455773741,15.8844771027003
-0.676265467110226,-3.14493535585005,0.472202446939413,-0.350978895019031,5.18942678467264,1.00607094145769,1.31911442343221,-3.11176266167519,7.23250982636356,23.465249944732,10.5423285005442,15.230393988422,12.7017578646255,14.4762659666433,6.70361505354087,13.6197802948177
-0.681946706894272,-3.15137683724183,0.488604801434688,-0.337991063796767,5.19047928377742,1.0192535820947,1.27145920905651,-3.10166241785145,8.91368807247386,21.2344930615811,10.6512889351186,18.0756936741285,12.8716580585471,14.471322880115,5.89948048199367,15.6610000740433
-0.682115381760626,-3.16280903378981,0.491349183974442,-0.34577665292193,5.17804699244157,1.00281876928222,1.31609934641756,-3.08590168380395,7.72618093683501,20.0214778066974,9.98411078573435,14.7509226119826,12.1063811352614,14.2981332787038,6.56818039222711,15.6634565942908
-0.668246180421699,-3.15009714866428,0.489454149273182,-0.359553529148578,5.21149209811232,1.01398717572544,1.29091383115787,-3.0694118162196,8.03492829821734,19.7869767558102,10.3611542802695,14.3761193199268,12.6942098825877,14.8589078432507,6.6320862666209,13.6174860268535
-0.659166382037598,-3.1312306232641,0.478600678677869,-0.349826830547247,5.1872683450253,0.994557457170305,1.28661618970329,-3.09977947862157,9.3500856732172,20.4490516342405,11.3173973352924,16.1605559425958,13.5961115079829,14.7600079079199,6.42866907430658,14.3899922616973
-0.665737941245301,-3.15382300407439,0.489673407092656,-0.350174404554368,5.19084915720023,1.01166152758034,1.30277792820774,-3.10395852075504,7.99068202022566,16.488502365975,10.5288517310746,14.6618025629439,14.8674889820792,13.9154474277711,6.59242548413166,13.4606068938398
-0.694824476974138,-3.16217986969126,0.470345876489376,-0.349012787335327,5.19676073310184,0.993184409318584,1.29472039026545,-3.11639985322141,8.08218299682102,16.7059427128568,11.355427710262,15.4255561866353,13.5068144800535,13.775995282956,6.69796586871191,12.654291345468
-0.678706059392987,-3.15976684509565,0.452398033465969,-0.350004353203468,5.19872509331242,0.98445706351488,1.29704501439567,-3.08799103366923,8.31519568114264,18.3522008460642,11.1201018941643,16.9493014515634,12.6653517522128,13.9905159559891,7.13078186014166,13.1518465359135
-0.681188281919069,-3.14689570674232,0.453318739127826,-0.352840390561397,5.17717153198466,0.990058523629398,1.28824879111093,-3.08417425125485,7.87014665427407,18.7110427023014,10.2542567796172,14.7633771483298,11.5483817426294,14.1632304862687,7.59354354175846,12.8904738852301
-0.688756315469746,-3.13609451252596,0.48323468223168,-0.343984973421822,5.19335360320044,1.01468491282982,1.31266108377182,-3.11123008836439,8.86967739034268,16.4636637166427,10.1246060024722,18.2668006817083,15.0194973845701,11.5385280058387,6.6956088469108,15.9397929152327
-0.661985603233836,-3.13385013732615,0.472525346335117,-0.353411729422996,5.22056546773068,1.00290483448349,1.30585053607466,-3.0953906141039,8.21447981400555,14.8943366046631,10.2627993268108,15.0078556911271,12.5289044724922,14.5662062458757,7.72224698701764,16.5507907243356
-0.675026972588395,-3.14534928618685,0.455004797668339,-0.331792122039611,5.21953813251349,1.04157754659928,1.31055150731458,-3.10710557819685,9.19326072641719,16.0530686116767,10.9744767017677,14.4831798708244,13.6449717464009,13.3431656595295,7.7751958222436,11.9601934732114
-0.672795465616781,-3.15066694306917,0.470173932804821,-0.352231791362811,5.22100457012062,1.03157240391588,1.2518291386734,-3.10605333798042,8.26559028854016,16.3783442228832,12.1889539004475,14.5480048984016,12.7676288666397,14.2998091113505,6.92706686508825,15.0747762093559
-0.669046560627965,-3.14118574253079,0.438624912884916,-0.335499250278093,5.22570012160103,1.00072333575528,1.31214967062034,-3.06541448798425,7.05569405321928,19.6394987766803,10.2772678231012,15.3579387418714,12.4628434966662,12.3967683881593,8.23606541046639,12.0709912979739
-0.647362153962961,-3.1349490585511,0.468407546258701,-0.354830055056076,5.21221413633339,1.02804146505678,1.29633797540037,-3.11743672074905,8.17386175791184,19.8008856292314,10.8601043470858,16.6414986074884,12.9553435083194,13.7361034775194,8.34953998364573,14.8940783797783
-0.651758986288839,-3.14182889338827,0.474331846095224,-0.339943689395141,5.19726752091685,0.991994552007659,1.31741356138156,-3.09719267752152,8.28518299493675,20.2195914419195,11.9582021573655,16.0871325642911,11.632998133064,15.1863486517958,7.45447670879917,15.1432672977216
-0.675803222789555,-3.13546065525077,0.465310376461107,-0.359786118854057,5.22435952716613,1.00427403194881,1.27658595503745,-3.12030660665886,9.07075351168612,17.9989447242744,9.45285773070549,15.8483817733454,11.0472425056134,14.9081137547991,8.22162663701236,13.7667384491963
-0.676921673696117,-3.13154083741035,0.458945357491476,-0.364661693558626,5.22137206309032,1.01952740479542,1.30564790105675,-3.09624197266234,10.43067390093,19.9477050102686,9.53647514755925,17.5197482908065,11.0301771570095,15.0718591524506,7.86403888655426,14.405969516892
-0.671952112071297,-3.12391126273384,0.483097396974811,-0.368150738744697,5.21396861104845,0.998265511353533,1.25809312508384,-3.1046918719078,10.0700595208094,17.6689375516345,10.7656440263079,15.0486026302881,11.4052456881824,13.3230831859851,8.92959389202111,13.4859818699775
-0.646745477124131,-3.12660052309468,0.476572279749478,-0.344469718884864,5.192928964223,1.01991426876673,1.28891853975081,-3.10989497337415,9.75876811268613,18.7843464099145,11.8253214417349,16.2620344760708,11.259984483954,14.1936922496714,7.46065619936215,14.2514756811753
-0.691454789909292,-3.1058444520535,0.45894664537477,-0.368189269691334,5.18324752177926,1.02297420283815,1.29989428327665,-3.09117812148852,9.32998944986087,17.7897680564627,11.489949727387,16.5753339092904,12.2752338563664,16.0635718677771,7.5771808684942,13.8567637568987
-0.631507660108739,-3.15996949060514,0.471805349512322,-0.355499490991014,5.19035848609478,1.00522137827246,1.2683542071092,-3.10605010712215,9.06923072363099,19.3751392788556,11.7831508462256,16.7062940945027,10.5845305388024,13.9742649927874,7.73557615911961,12.9981206159302
-0.646987599916411,-3.13842544720935,0.488994153149575,-0.356388903844243,5.21166504974628,1.03591050826444,1.32479847781855,-3.11411682785538,8.81383659163844,18.65311768428,11.5989756784989,15.7626591281481,13.4264067546615,13.7554451360646,7.39953411588165,14.848603262094
-0.633057016656548,-3.1403923657618,0.472240232027588,-0.358491053016831,5.24912346414573,0.985267775143209,1.2880277469215,-3.11386502423216,7.35802425516987,17.047650591964,11.3915301742956,14.3198069041179,11.5779643488238,12.7940040152535,6.6253910092283,14.5633738580207
-0.667211260386221,-3.14282009366851,0.465361844786933,-0.353001837057309,5.24164814779204,0.990466415995976,1.26889654914205,-3.12037682931442,7.5075260141172,20.3033104109174,12.3631538361726,14.3806986612767,11.9610886518182,12.9649219398481,6.29002767682653,13.8645635163711
-0.628488442891077,-3.12663850408358,0.472090649155552,-0.349489556329879,5.23491271227218,1.01727389781302,1.27554122491969,-3.10787578633273,8.36111718789207,18.0675130579393,13.2583951736677,14.1549244905547,11.5372993852256,12.7738457821537,6.90168619186694,15.2019367924867
-0.661803592182338,-3.1127493195671,0.497942280084829,-0.32761951017445,5.21875825219441,1.02638901512792,1.26843300300874,-3.11064619352347,8.9905306889766,17.0718940223886,11.706229337506,15.9749180732719,13.6659364453971,12.2304784279364,8.90416610549415,13.5222481501011
-0.639329251569965,-3.13144854854043,0.473427251183661,-0.38746396089425,5.24432367752568,1.00647602190073,1.28222322729719,-3.07632093438982,9.55318779551046,19.5302545457131,11.2929787418325,14.3401359806682,12.6081029983417,12.7125252904303,7.46111556639508,13.6191148869347
-0.660842627680797,-3.13504783577341,0.490160117844489,-0.353367529518634,5.19365539878937,1.00099222850852,1.29351473215506,-3.12456970938377,9.59647790644782,18.5642874981373,11.66262706899,16.9559762024418,13.0760918534784,13.9456466789537,7.49415507129633,12.2886082104443
-0.655154518651834,-3.13619986098422,0.497719915065556,-0.353410218117623,5.2174316584751,0.995975458223782,1.27829398918454,-3.0928067729028,9.49764448200069,19.7163638688379,11.6021993626286,16.0590570201499,12.4852511509291,14.135902935771,6.22903560626076,12.8587180703741
-0.635337943952319,-3.14302805676478,0.469174091541825,-0.362239489173519,5.22454495283823,1.00147577927955,1.26824336713122,-3.09714003855449,8.47748214688923,19.2285783741161,12.5786142408288,16.2889315587957,11.0871873967333,13.2457358598515,7.18168695628333,13.1776354148293
-0.642252648123776,-3.11811136074263,0.468543935869617,-0.356418233495561,5.21427792472532,1.00284678554044,1.24887467597114,-3.08153640780018,9.7619209033809,18.5696196154272,11.8430573605974,15.7434053754779,12.4931735222983,13.5385701132711,7.47445927698194,13.8101181267389
-0.671519728005751,-3.16001379647481,0.477094928326609,-0.388434086762675,5.2177112003702,1.00465320680764,1.23400052408297,-3.06752203717592,8.1533156250417,20.2817769469359,13.1906712933246,14.2494318941777,11.8531013753867,14.2523431708264,6.45557654475426,14.307966845478
-0.69230070360826,-3.14864952296137,0.455028346798256,-0.373706162341371,5.18503498840027,1.01807069048954,1.2753022511284,-3.09571018175433,7.87337518928882,18.4609564217539,12.1365345444573,13.9779478918871,12.3760275271841,12.7062573519686,7.18142471416053,15.5674437678225
-0.672805093733796,-3.15951650034433,0.460796967999463,-0.384131783305561,5.18634714691023,0.992160511776781,1.22998037508345,-3.10380436406879,8.80023992090609,18.5545448817631,12.8191014478428,15.3055885567251,12.8117791884425,14.0875261499584,6.76528253757337,14.8304414182293
-0.657387423402277,-3.16164181410241,0.488961659894712,-0.372560677291715,5.19936616069462,1.00907278010313,1.26149964775724,-3.10440348452899,8.89748903479262,18.9843281278604,12.7536340856361,14.3738088148924,11.6795080009478,14.9807021025336,7.02291296817433,14.8500091052468
-0.655777573792675,-3.13748482016128,0.494896888335151,-0.387083320747662,5.20068821569582,1.02570470934727,1.23883165844518,-3.07344399183087,10.0588493341343,17.7772074975601,12.0891799628929,14.5031542541047,10.7650863645716,14.9115286813784,6.71762510129868,14.9309735503843
-0.668942124148602,-3.13601168765448,0.486575825212611,-0.39475420764964,5.1991809628371,0.992851213855639,1.27711911859249,-3.0745985249198,8.75678337830883,19.1495253191783,12.9959471448901,15.725751954173,10.889602314316,14.9526357208768,6.10426617641369,14.1999968956283
-0.647203974009278,-3.14262220241463,0.479994775635744,-0.376999365994233,5.19147937146105,1.01707728541083,1.25908124858723,-3.10801347751746,8.22489061410885,20.0249140902684,13.2979834462728,14.9805324762437,12.0311205070381,15.5430019981168,6.52031217709353,14.8481650455436
-0.660628809495848,-3.14188767683164,0.488431963111445,-0.385248966108577,5.20684550689595,0.99974374885068,1.25312692649131,-3.10595328037016,8.62978001247984,19.5121424531825,12.9010160197112,15.1577909828564,11.8150873243838,15.3886481253233,7.15691798010961,14.331608116017
-0.684209957233458,-3.1313011948482,0.51349690966031,-0.39109625528699,5.20425655706094,1.03943057999831,1.24813777285233,-3.12114625542312,7.41925921980823,20.6461441201105,12.1257036731069,14.6382175436507,11.7272810499065,15.2102379849237,6.75998279027923,15.2946915474647
-0.643385067500853,-3.13464838198465,0.482736696002328,-0.380613939725128,5.19445841649073,1.01640838049499,1.24535499438351,-3.11603588522379,8.57976359693928,19.7552266837217,12.1559901925742,17.3949333267239,9.85824792015667,14.0837254558104,6.84282119025896,15.0074001029539
-0.641094552475865,-3.11944331729151,0.471304644118805,-0.372307331079803,5.18998295501998,1.03891089956283,1.25712434027569,-3.12417924362144,8.38195001040664,17.4576516929415,12.4916483045529,15.2899814197605,10.8034841735551,17.135211132497,6.75764183130254,14.7984423185657
-0.631384361542403,-3.13206112254888,0.492296693236045,-0.370334590072193,5.20518329138657,1.00702495351441,1.29540308826917,-3.08799029254604,8.22553362698673,20.573719331908,13.3269450725532,17.2842030990751,11.6876676560839,14.416779475581,6.58470172971579,12.9415348171557
-0.678380838766058,-3.13276870695476,0.487599868713027,-0.367383662967895,5.18303021247834,1.02234804744363,1.30734047896527,-3.07337297712092,9.81539442987319,18.9692775618072,13.0200530149465,15.1554421609479,12.4355355309012,16.8246150743344,7.52723744536996,13.0007039048059
-0.623203404930779,-3.12169979648678,0.484545145760344,-0.358358628782752,5.1851718568786,1.01735915365948,1.3138091263588,-3.12070523831272,9.77286464533548,18.9710695069854,14.0329342661247,14.9959691212524,10.4816900490297,14.8505982921534,6.96998028607397,13.533359962482
-0.624125627969903,-3.12233354896088,0.488450015778348,-0.374164473333466,5.22115200943884,1.00941168525109,1.28722213008604,-3.07194490960131,8.65568480110609,17.7612035589864,12.1789397470308,17.8683973253145,10.4692030728284,16.6341688672263,6.68234008510225,12.1654761055773
-0.643959624350809,-3.13474286220871,0.489534378722793,-0.383887102391545,5.20208954543013,1.02090435112907,1.28673501293418,-3.1019090971944,8.84166054065291,18.7946838944663,14.0339034106741,14.9010241833167,11.5949652073874,15.2629003009897,7.19222941895303,14.2011602291932
-0.622933893142122,-3.1434633928207,0.486643954296631,-0.344183000876789,5.20125015062382,1.00064887726071,1.27397297188576,-3.08296202865198,8.29121213847272,19.0036295686863,13.4632049443597,17.7887478118428,11.563710467653,15.2748397599171,7.58766946789176,14.1484385322398
-0.655026638204937,-3.11158077436725,0.487081605038057,-0.376647127728193,5.19562399968743,1.02703617086967,1.30414910746233,-3.0929813342653,8.45224978626431,18.2590709633077,11.8965712839252,15.847229902425,11.1089415997267,14.7790870808348,7.63541700048857,14.9067288480804
-0.621863565616373,-3.11212064603882,0.507895173054782,-0.382447965028214,5.20438654588639,1.02072394829781,1.24999579317166,-3.0719999693298,9.07384963653511,21.2331644605227,12.9659919950887,15.3834210618153,10.909912623478,15.5939345739952,8.0996356936371,13.1903070152554
-0.691616363656442,-3.13055806602917,0.474592012059251,-0.373367531265189,5.18920091128646,1.02472615809008,1.31416899618846,-3.06584580701224,7.86460855108888,18.4018371606105,12.7402269402408,16.7887082130858,11.6166464048294,17.0008457366498,7.77312854031946,15.1308289325305
-0.667318928387589,-3.10335282302596,0.482752982982021,-0.360706533750025,5.18838478803083,1.01985314009867,1.29287478608116,-3.1048313848386,8.04286706720336,18.1875556924562,12.8486741373353,15.2476671922682,11.6779395340573,18.2474864332194,7.54559407727275,14.6245918213902
-0.69446483198228,-3.11264800487231,0.50034863701135,-0.371191473679584,5.17301973114781,1.01529706312289,1.29633943891611,-3.13470256223691,8.22266333361191,20.0617660949176,14.4128642749794,15.0698713418459,10.7019445327753,15.3280654587835,8.57247586051423,14.7898392642461
-0.683763197857767,-3.11684111048017,0.491373904628927,-0.358712084677002,5.18149458221711,1.00538467649661,1.28690719198924,-3.12647037946725,7.61480395961534,18.8269669927932,13.5514045501939,13.9525558704829,13.0247620250363,15.5681692493978,6.79975042529164,12.5717606684719
-0.65577168700897,-3.11751976334442,0.498241355127185,-0.361525132575995,5.15282027650856,1.00757296435422,1.30388647615933,-3.11596535586522,7.62594026937095,16.0713638306479,13.3739501957981,14.2587022206921,11.9954733343739,16.7438424002314,7.11646886051366,11.5612968775408
-0.642745093431304,-3.11197484865723,0.494027474652561,-0.373752938830134,5.18263541918361,0.99851555245063,1.28237252355762,-3.10332985540787,7.93414134189411,17.4358932895228,12.710403582271,14.6847244203028,11.7672770448728,16.3579396737056,7.57812915406666,15.3245030777024
-0.652518068347096,-3.10337196308358,0.509344138070273,-0.37259239001815,5.20149453098828,1.02344889174663,1.27809633601473,-3.12084989832982,9.02013616067391,18.5424845176578,14.6959398828266,14.3316644423998,11.6484275767454,13.6826727618547,9.34589659852825,14.2213581353431
-0.668394151590311,-3.09904817644899,0.475481866692831,-0.365783978800685,5.15410021272205,0.997640454518577,1.26410909327194,-3.11755631095146,8.08151709872621,20.503146648373,13.1584434256226,11.9924899974661,11.4239531006152,15.9625435027313,7.36174105880456,16.2658865734816
-0.650179319077281,-3.10381781138821,0.478242505641056,-0.353688431124663,5.18996970098098,1.00780782575207,1.29713969219317,-3.11705756763248,9.4463107942437,20.6604840008398,12.1157440744942,14.2531940594469,12.4849757397041,15.1954538040232,6.87541630936407,14.5418589160129
-0.686532418400051,-3.10463295815216,0.480177872831746,-0.328594564190109,5.18865184829707,0.993313563426661,1.27800538402243,-3.11229438849466,9.32439892720786,17.7634864035081,13.2436781699911,12.4702220867347,11.7607942614252,15.8336013840836,7.44503661466516,13.7534367684189
-0.668199791861662,-3.13400061752458,0.482322965164208,-0.361707592696831,5.17302642613613,1.00122650960365,1.32927410476398,-3.09813219919269,10.018268170153,19.0588528395358,13.6286560709699,15.8125847740399,11.9583095913722,13.7969733042097,7.76419877104034,14.6355323790984
-0.672618869446459,-3.13660661482437,0.472875300914013,-0.373197427732268,5.14761246636012,0.995410453569675,1.28454353571404,-3.11825856159376,9.44469161587787,19.287392180344,14.9709968815116,16.696446823632,10.9415038737683,13.2909241795838,6.51173031170326,14.540892712864
-0.674936897526021,-3.11899633341466,0.484745577580272,-0.361312437793318,5.18640616033142,0.997169472901681,1.30150490762539,-3.12400908692674,8.81873377670534,16.4698362687025,15.1888563575231,16.1940737379949,11.5599387892121,13.3487694195509,7.19740258239809,15.0589732869263
-0.695856407687151,-3.11432257009585,0.489783125445713,-0.336326260466839,5.20130135413605,0.993371266836567,1.28066986733321,-3.10116564887486,8.7462711045298,17.1833528221202,15.2994981661267,16.9241395315071,10.3758014147065,14.1645509233415,7.45377944856219,16.4767602365282
-0.676117536992784,-3.10744984365018,0.467653560417674,-0.357185531916977,5.20300710411087,0.996779476568673,1.31582144035644,-3.11368378455641,9.69288488473319,18.5559005685467,15.9666905045828,14.7322653340112,11.3574125359217,14.1590033306728,8.03890589442724,14.4800329790249
-0.696367317316982,-3.09754981537204,0.470045474488492,-0.380190666006084,5.20077742401555,0.986982770736155,1.28913118307996,-3.09309510976055,9.02641397140487,17.919684720565,14.9256141117611,15.4698311059449,11.9850439738347,13.7658951590669,8.51820884900331,16.2523310485103
-0.672526484033325,-3.07925647389046,0.477422804095433,-0.369314352534649,5.18960982171808,1.02082873938993,1.2834699463672,-3.09713464088214,10.2305101839242,16.1758010081997,13.7357744824258,14.8079601333109,12.9586629442999,13.4881372145701,8.04471572839844,16.8612828647932
-0.645651101223932,-3.09862269565771,0.471999310423236,-0.335371376432112,5.17545628920294,1.03170958258783,1.28891855403045,-3.08046957939333,8.8073118914264,15.1678862717365,15.3244440394651,14.6539147629308,10.8316705799996,12.757892220624,8.38416179027783,15.5837351443157
-0.676605732931332,-3.09159087788506,0.471821371838191,-0.354485659249467,5.22793644220454,1.01903316359513,1.2775593181478,-3.07279970683583,9.67548061825723,16.0970783782044,16.0795060574579,15.1078023630385,12.1700564820628,12.7318061071789,8.76373140033679,14.5683361295254
-0.700316177138942,-3.0930935261079,0.467067965077856,-0.345507498585875,5.19487294158844,0.991022140072385,1.28597486388985,-3.08942638526983,8.74007290130363,16.8999827602214,17.8617412571107,12.8314151947715,11.1909915925224,13.2899755506281,8.14611834572239,13.2314500795828
-0.690858741558915,-3.07697553346765,0.472229908970615,-0.325548166106835,5.19463791035187,1.03688759726431,1.29883679626657,-3.09886464632957,9.56940576050977,16.7784378343754,16.9837963823948,13.9838320118642,12.7804258882058,12.5694270501435,8.24849750229463,15.0314229130076
-0.681238405696895,-3.10282402459264,0.445935592242779,-0.357510805554943,5.1908387554704,1.03246343254551,1.30584771428705,-3.12825577652433,8.69588709267239,18.6439833954587,13.7398168856954,15.9692607547983,13.2469552045182,13.6977249219729,8.05977029482533,17.8234398717855
-0.71543649102736,-3.09272456142818,0.444643865725162,-0.346773169349269,5.16692129938449,1.01769784178311,1.29488482831034,-3.1367341935533,8.60438396764371,15.4841274954203,14.6335981369402,14.8919468293581,13.9179048838973,13.845015613792,8.72758738167504,16.6689343914908
-0.681097502600482,-3.11737325617486,0.4751875333301,-0.367619333481534,5.18132479843267,1.01669104383078,1.28880690787605,-3.08597759649213,8.18316670635895,15.7431098729554,14.2184503497693,13.6294330277277,15.4985217388237,13.0991838188625,9.99617579829776,15.4062435766564
-0.673128163974095,-3.09506058695666,0.469779900102353,-0.386637764341033,5.19207969301531,0.992407826411578,1.28554958319525,-3.10650352105204,8.53414313759433,16.9974401187272,13.624325025656,15.2906484978921,14.2920157800886,13.438419531817,9.52632874819343,14.8614505011014
-0.641385458988204,-3.10174644726906,0.468612268109833,-0.338116714551042,5.18698376872676,0.995830546014629,1.29758830659549,-3.1124206174568,9.11027271430811,14.1510790779972,14.3799960440416,14.2829468232404,12.6541126624112,15.3031641764177,10.2092253175112,13.6911810727175
-0.692469330657348,-3.09847210437545,0.467757427736033,-0.360529791542278,5.18587292190603,1.0336801857976,1.29584335106575,-3.0747218999066,9.52520707066535,16.7941911023367,15.3782943811147,13.1125058540941,13.0786965350096,16.2010307637662,8.52073489788518,12.9548276853264
-0.676081205598011,-3.07446747366771,0.450346693436079,-0.343627411821783,5.18889253214641,1.02226709076235,1.31860272451718,-3.07160342135053,10.3072661136532,15.0251241691464,13.2443731520182,13.0341723481151,11.5211259218389,15.3248322593885,8.31728146848921,14.0941951224849
-0.6864756783647,-3.11385664653593,0.456906020704503,-0.350630800369349,5.17802820479714,1.02734984414509,1.33994358651351,-3.08696826910381,8.20429487307673,18.0484203763426,12.0010468985932,15.5034157537673,13.2719988243727,14.7913282240107,9.53203786881034,13.1323151503352
-0.733917124628821,-3.09026491401125,0.456349366602556,-0.362495500071764,5.1662495591862,1.0342604721894,1.30677125340605,-3.08311680871923,8.20591271464587,18.1460865310622,14.0586683562587,13.6546081874666,11.777699495304,16.5093355423146,9.76110425287316,13.7388128166766
-0.684154341154715,-3.0825723841439,0.448827196908264,-0.358906614929836,5.16189780300335,1.02701969630086,1.28089992729834,-3.09692456247404,9.03774294059961,16.7700736896124,15.659438097175,14.5263602899423,12.7457691521483,16.196553789801,9.03239712950439,14.2279887437793
-0.686442363097392,-3.10594341329335,0.47003698700841,-0.366102099763132,5.18530456515382,0.998291889640215,1.28202392081827,-3.10948366479863,10.7970764774189,19.2108787684842,12.7745675668071,15.1733402087563,11.0480509848148,15.0186395760098,8.19504255077439,13.542439378348
-0.667785620641315,-3.09164966836324,0.454386054772269,-0.331036290326957,5.17524164244406,1.02415303497156,1.28961146571466,-3.09219986525402,9.21139892750979,14.6910493079089,13.3509068833963,14.2694173762221,10.5979652733196,13.5083607133237,7.75295260404648,14.6371207087431
-0.68444386315724,-3.10460187028114,0.460979413507572,-0.367615361299815,5.18461157089278,1.03155045243128,1.26658477453177,-3.08036856129333,8.75863595127061,18.0203605632333,13.6170334611286,15.1965345907389,10.8453988105273,15.0548710331524,9.25584057383256,13.2250954080329
-0.638214349542913,-3.10785842456004,0.431787908764206,-0.36327808013418,5.18408877350961,1.00261003382841,1.308548911464,-3.07821959802934,9.17718095304824,14.215110846048,11.4234928421424,15.8489867435687,11.2930841370131,13.9916693701457,9.97185169846064,13.3147128814863
-0.667226997255281,-3.11693445340964,0.448533489940682,-0.345389612527936,5.20272717141574,1.00530257648726,1.31385814326395,-3.07813952328329,9.70824734542626,16.5574350088844,12.4826760138141,14.5504598712615,10.7264088933782,13.1530352698239,9.72921315719008,17.038615208805
-0.668807038036556,-3.1218902758311,0.435384124122463,-0.349907644610812,5.19307808528474,1.04685665116197,1.29761003705763,-3.07786045280667,9.81953628640449,17.570608195859,12.1861403775064,14.460702191982,10.9129575572755,13.2095307175392,9.00820878597775,13.5024391543519
-0.68753267921976,-3.10398300050429,0.465181850394042,-0.37662507395518,5.20242528185683,1.00722291004041,1.29463204604085,-3.07512301613055,10.1550752570626,18.4167191240409,11.7865247820726,14.9757843514618,12.3117273029075,15.0635212113539,9.61341966863705,14.4914557079619
-0.652411618370619,-3.09470390185272,0.441264359345442,-0.354565154943228,5.16991523115398,1.01000804300102,1.30383848126549,-3.09036918802852,9.29953013110238,18.4587718275582,12.6230844814043,15.2092498342851,10.4776115256596,13.3342717064228,9.5930257661251,14.8230798454043
-0.667493978470503,-3.07634896909905,0.457678113935133,-0.343266137329561,5.19087139876472,1.00731702559372,1.31431815444881,-3.0892659637058,9.56613360999567,19.7403833969911,10.9902861122612,15.7940691820069,10.5890451250259,13.0394683677244,10.7440848415048,14.6336000538969
-0.651271042827912,-3.10815628024199,0.446073663701086,-0.376273325301065,5.21112209060183,0.999139292895264,1.31121909933117,-3.10029556857354,10.5629105801763,19.6060184166444,10.3867698662076,14.5409217353042,11.9490563081334,13.7777895907809,9.83592960956161,13.9350561756917
-0.683381084620267,-3.10488969145692,0.462362040090767,-0.358196190010994,5.16529898327769,1.0263277130829,1.31310854823947,-3.10940216989375,11.4189753504499,17.4416748289534,10.5775068206509,14.2269024543449,9.57725436706215,13.7744494455633,10.3027864830921,13.5771987519173
-0.666874678918807,-3.07531710197309,0.504153552868074,-0.359209862831325,5.15671112902998,1.01748638700991,1.31007323159634,-3.09701279711203,10.2332315503134,17.3801532846597,10.4842057516797,14.114412995932,10.7180265084059,14.4792777015317,9.96831595164582,15.0542854053185
-0.660464735250727,-3.09140969499111,0.489298381509515,-0.371628798944336,5.15678639184225,1.01600794960708,1.30194303188667,-3.10349931079735,11.3399133271296,15.1084073958137,12.1931757820284,15.2726595998248,10.9478822396636,15.3782953887022,10.709033124509,12.8559736566062
-0.670228130091145,-3.09817116358105,0.464488059803845,-0.366932596977785,5.15171737883285,1.03299044184613,1.26198085306576,-3.07215897271833,11.1987005908105,18.1756669843419,12.8537268708117,14.1461064237304,9.94438224891843,16.2245930990317,10.190188769952,14.9009866707058
-0.658070136639764,-3.11103625834051,0.481903715119231,-0.346196506854474,5.18007135613118,1.02266094999719,1.3187243362178,-3.08496782127587,10.3766658928324,17.7486910381632,11.8998552894348,15.3401247265097,9.64059515189945,14.8457142850833,9.38490079160094,14.2123701884487
-0.691774019781047,-3.09075355286259,0.474317245725126,-0.340185318885874,5.18128076519511,1.05357088543291,1.28526318642137,-3.09182691483962,11.8852654984128,17.8182727316922,10.2727496583748,14.0864089352269,8.68759702782599,13.6547484065275,9.60111280851777,16.3667120196951
-0.693407898244111,-3.07180642529454,0.467727820077031,-0.35939371256163,5.16228069729947,1.02327077713168,1.26878636282424,-3.11158268229091,10.8943211517729,17.4771962453331,8.97569750315289,14.8748117890803,10.3553664588387,16.3738277119292,9.57977417004371,14.2526219136578
-0.676343716170993,-3.09271055303464,0.508616973073283,-0.362152588641917,5.19361064392952,1.02370018502957,1.31030847674156,-3.11162517658313,10.0020729869124,16.8816459928016,11.1073479157254,14.4678148417525,10.8339193987568,16.3825369786532,9.35134098746706,16.6205872587285
-0.688233130042867,-3.10064945395576,0.496506060845266,-0.340621838633976,5.19966792531013,1.00153236438204,1.30226603686385,-3.08484394277788,10.8923337361998,15.585035020811,10.9673721375338,14.1662187736888,10.1309346693994,16.0427472321289,9.35942688641033,18.5182364660387
-0.65384953751848,-3.07660803400726,0.455342913732548,-0.347224305553155,5.16497638218649,1.01072518363941,1.31614388214263,-3.08276363269724,10.1124783926715,16.4635930142285,10.5393148883008,16.0783464408838,10.7405840279821,19.1836638576251,9.40630744765946,15.4712996898448
-0.679420415703294,-3.09631844222359,0.474503797182857,-0.371624345366969,5.1785857094895,1.032161118241,1.30214273254089,-3.07963490943404,10.5673942700138,15.7404885651814,9.46217392375633,12.3973450430696,9.0271608623997,16.4825095574081,9.52108366456681,14.9384182199032
-0.671818090595009,-3.0902277713088,0.500122803402681,-0.354727824526626,5.18692149699235,1.0269988499377,1.30840539742143,-3.09277519900666,9.66983216971794,16.9115274734659,10.9969062854635,15.1110354542143,10.0139533099111,17.5898572015571,8.68354048053591,15.1339511049838
-0.634580848981307,-3.08953094677785,0.495359635449396,-0.341439511358316,5.19111884237712,0.998032230044334,1.33570850604617,-3.08294758826078,10.6687790497245,15.2255188668353,9.93901930313505,14.6224532077973,10.6315724737004,16.4372547265566,10.4931154211633,15.1429683503622
-0.675150540025127,-3.1204475916847,0.494180706665957,-0.3478392383145,5.2049090704633,1.01295297988096,1.32846383147641,-3.08201076619627,11.4498223490847,13.3754120510821,10.920232251873,13.7034008727555,10.3582398770356,17.44569471091,9.34026033530784,15.9589326725864
-0.683113190413304,-3.10578056193289,0.482840236240111,-0.354028098672276,5.19958991617354,1.01628338177226,1.29592644981885,-3.09298897088537,11.7819473315688,15.7162710456661,10.3468235646466,13.2260817395715,10.2564865639975,17.1030996764806,10.2222895307994,15.8173563496535
-0.680654938957047,-3.08752075014371,0.493622269631603,-0.334435840068769,5.15644371129404,1.02426149221332,1.31977824904954,-3.09170761135385,10.5904737930277,16.2206292336518,9.89843636925904,13.9899897807313,9.73383371576174,14.651043058706,10.4590265333392,16.1759782658116
-0.663015789737462,-3.10200398457977,0.500225957109077,-0.348990551702775,5.17932360681151,1.01945054129229,1.32883947428353,-3.07951519654324,10.9077659441646,13.5679385275016,11.7965741367429,15.0192295178671,9.98240192460605,15.4171589957025,9.41208231327339,14.8713250292796
-0.668801287522302,-3.11894197323021,0.498648919991664,-0.370579073766194,5.19554402170087,1.00890091004127,1.33546613368763,-3.08386368902607,12.0893165954996,15.7607973469506,11.6470771098605,16.5377354727525,10.158256973287,16.0834754490054,9.15906703275366,14.7053332663951
-0.656723253655798,-3.11554796996313,0.486890983364063,-0.371582476616092,5.1986190768389,1.01801659713934,1.27839813326,-3.06375220098875,10.5181453340453,14.1607851112956,12.722082412013,14.966465718786,9.96914170660556,17.1944961829063,10.616359147496,17.0374330864478
-0.671212765281189,-3.11911470599487,0.485105746666548,-0.372434896103756,5.19096464340293,1.00002930592395,1.30285270030444,-3.06531841736133,11.8749317111219,11.4054608381005,11.7230300224106,14.8450894900996,10.7555034961116,18.4070914825821,10.4458783112393,15.7298094106596
-0.637735385380492,-3.10909831102439,0.503797193528661,-0.354817196155984,5.17801958282854,1.02088793567899,1.30834289317236,-3.06666017091567,11.2764610196792,16.3990463302284,11.7569611507232,14.4711048067463,10.2103000057582,15.759014442529,10.0998093160693,14.3989379367655
-0.650778457386978,-3.11268262973927,0.511244387439877,-0.373000473392674,5.2004067630702,0.998596615723181,1.31752970243819,-3.08119531874465,12.6199583282722,13.5247179464723,12.533496249105,14.3247301837581,10.3169204360598,16.996165366171,9.84153613267984,17.1116483270435
-0.644969234166875,-3.12688597535963,0.515503332957864,-0.345868315484098,5.21356300461557,1.01029324153108,1.29011704811835,-3.07438309248207,12.7009657307097,14.3821244299305,12.260398565439,14.9750080769544,10.4079684184148,15.5820399014313,10.5777937372152,17.73449401457
-0.672664358114748,-3.11866684121188,0.502194805680317,-0.34581845596101,5.18833335879066,1.01396901090727,1.2967972096149,-3.08217771611534,11.641452338472,13.568003894562,11.7686414217065,16.5715116359384,10.7419815536655,19.8510096361048,11.3404209404986,15.2383906288363
-0.687476003631738,-3.13406112529867,0.505924622340808,-0.364213083941236,5.1924285929802,1.01060517371783,1.28558923236085,-3.06724662664317,10.4712541148383,14.6314429154701,11.9761047880632,14.1968995713066,8.97045981957652,18.2185452263571,11.1861770896233,16.6535082563223
-0.639070816728898,-3.08783493095924,0.486485372016398,-0.33931319777093,5.21249315525934,0.992308003422277,1.3056438617245,-3.07747881334339,11.9115875939638,15.0085855635204,13.4575033604344,14.1712772437772,11.4213671000669,15.9622551325213,11.1810948046939,17.7827680911547
-0.654852217891578,-3.12625920028543,0.480643027682325,-0.340422382424259,5.17130840676231,1.00148286976904,1.29647042717152,-3.06478668739546,12.8777317604314,13.569851296365,11.1101357794406,15.2497100925287,10.6277008464071,18.8300134822134,10.3859204659801,19.3293907683834
-0.647513851656546,-3.12950751236719,0.511311962190282,-0.34695803114242,5.18999362212668,1.01343798314751,1.29028863054757,-3.09495698742724,10.4610781094058,13.1959413626425,12.8789964482244,15.1805627955702,11.0672070610194,17.3699756501348,10.8531581179924,18.5148597693828
-0.637747336364588,-3.12011638793905,0.496207320550952,-0.357292100676852,5.19703780447924,1.01001421663548,1.28858627454346,-3.08056900285277,12.0639492379313,12.2015552409292,12.1375609592836,13.4499944471181,10.0358981369983,16.9692188020742,8.84708135879914,17.0555895822885
-0.648974753620438,-3.1185354682189,0.498252737367261,-0.361294931954037,5.19866684047291,1.01212238203381,1.32655307020789,-3.06940687625132,11.7221104962608,12.9432299109781,11.2807439620534,16.0604296232561,10.9735733538879,17.3120021985691,11.3524172491352,17.5571603747074
-0.647781638014912,-3.10510795002331,0.504418065710674,-0.341115377651138,5.19149846167978,0.979594790350052,1.29370948413273,-3.07557678858438,11.3381952028786,13.2616587179187,11.9499682125306,14.6580477776274,10.5672678318175,15.7210344999034,11.8880353235741,18.3310461021984
-0.62802526420197,-3.14575028196459,0.482723171024923,-0.33323105847627,5.18627483973816,1.00492502038111,1.28059971106435,-3.07998071670768,10.5872810823545,11.1251914568511,12.6062521712287,15.522078665093,9.76549027440164,14.2667609214143,12.9325217201993,20.5083157382486
-0.642474554404226,-3.13189835364473,0.488089189135903,-0.354063382314176,5.20690996474274,1.00688619346697,1.30400792389796,-3.08258635673011,12.782194922322,13.3332238646164,10.4693021434963,15.317516503361,10.6901320196698,15.1183253187181,11.0149693834217,19.3564224755455
-0.642822884927554,-3.11155497155536,0.492434794804462,-0.349817221318577,5.17576989111956,0.998586719041216,1.27405550772388,-3.08658350888829,11.8246919322617,11.8885823874498,14.1164098808344,15.2666846551307,10.2158508369531,15.1892411956705,12.6649057856081,18.932301419381
-0.65435710090296,-3.10168807795328,0.494203525909209,-0.33482503082441,5.21882266482856,0.984574628400334,1.27279748662995,-3.09642907366663,10.875575420536,12.3695321181211,13.4264431555554,15.8317868561854,9.06067612067799,15.590440728811,12.3948345907356,20.3570788269415
-0.649835356708958,-3.1233206881075,0.487919151205141,-0.357174087708026,5.19398640439767,0.998820476015355,1.25853494029579,-3.06197925452097,11.0386372633047,13.6624326829705,12.7612558127989,12.1646690558649,10.2408001989266,14.4458828997225,10.9205323439697,22.1644610286528
-0.646492242753699,-3.08701294935464,0.495183063940383,-0.334570156332819,5.21613212178158,0.988995894518048,1.24100627054606,-3.07952746047913,12.157542408948,12.4924682512134,12.7238396627689,16.5562790176127,8.6645710430655,15.9851925837619,11.370522332433,21.7427942477419
-0.636793082738338,-3.09638142085316,0.514575885771432,-0.356004219848787,5.17764070870299,0.997658021415388,1.27927357628826,-3.08142867007689,13.7665978188558,14.9365974259696,10.628047741588,15.4126197564434,9.55336234867197,15.8206367334032,9.02671748433164,19.8143634736706
-0.674849153211389,-3.09360273092721,0.510778884803922,-0.347540875623387,5.19875068376919,1.00103454071713,1.27129035105131,-3.07505361802223,11.2550464908229,11.702791076811,13.1727373229758,15.1434508138847,9.83843137485117,13.9495465888826,10.6492252166879,21.6651087501337
-0.66545174938956,-3.10440907173525,0.502064627719058,-0.344983424497346,5.19657697363282,0.98643133439586,1.28932660482859,-3.09279572282925,10.923211603891,13.1727198634417,12.3250276233103,13.5343954458702,9.49450175526332,14.4339654226323,10.1813510840157,20.3571969991817
-0.659414013007845,-3.11747401471463,0.487697840774214,-0.349324996510649,5.17773411736411,1.01924137622863,1.27296976623299,-3.08950748351305,11.0684193622381,13.7865688698272,12.5303394785763,15.48749674744,10.4677430349622,13.7343442832469,12.6111607614373,21.7318762656693
-0.646900847948072,-3.12065160091986,0.512864048037633,-0.341113000040066,5.19396237886525,1.02239517515212,1.28038397105118,-3.09156483945001,10.3946312875436,10.7002976748136,14.5471536628278,15.9829031481099,10.3896305375851,16.7453325084997,10.1013204751551,21.3607727598664
-0.688267778252516,-3.12120683387407,0.484421014493727,-0.331046485695187,5.18230090295679,0.977585158181743,1.23393247275806,-3.0958387137447,11.5658164207865,12.8974785089037,11.8836368937503,15.9075046480141,9.28590400974016,14.303904692327,10.9368822369112,20.0388905447384
-0.65840880412423,-3.11829099204867,0.496186260798349,-0.364656562040416,5.20504019824606,0.988341524869266,1.26937942588559,-3.08838681992111,12.3217861886836,13.0229635617333,12.6929799375836,14.9814355743294,10.5875714112065,15.0856350093495,9.77087824716749,22.4071193496361
-0.65585681890154,-3.09351990276907,0.494009331647266,-0.342480691226889,5.20077137231686,1.01020218291648,1.28893259907735,-3.08698876928101,10.9448249098492,13.8252322397322,12.1481182312991,15.6933665149868,9.78307311661889,14.9309338933298,10.0751384280305,19.8415468756835
-0.68611784288885,-3.09259208157464,0.484146100097867,-0.370598362271934,5.22080790545575,0.968482826637649,1.26393476093616,-3.05824948992112,10.5594591562395,13.1106910772737,12.5301752654554,14.286637507736,10.2414557338285,15.2127132970763,9.78565164586275,19.3560465423335
-0.656467223593313,-3.11330417066929,0.501206530395023,-0.352314558321444,5.20634201037179,0.983355394386226,1.28188120687607,-3.09831850587028,11.503266670588,11.8836509456678,12.0300620919934,18.1889403365997,9.71919232205252,17.52958389009,9.57290378534982,22.419344654916
-0.661671858636722,-3.09790457683025,0.498440509554876,-0.358649980611836,5.17374643390704,1.00397505249152,1.26505553703712,-3.0867468485654,11.3133815736188,12.9512191894152,12.42867845403,15.2067912532527,11.4611945499333,14.8956080796655,9.98444054013111,17.3112306465342
-0.661889324308693,-3.12043431086229,0.511188448174053,-0.375673664303654,5.19412655740876,0.988627228463234,1.27449102402782,-3.09937710254008,10.800236502095,13.0597375068666,11.4221675015133,13.1479378751466,9.79471210500561,13.9010754229998,9.3046790607632,18.2951381479979
-0.657607458506839,-3.11923413920198,0.502087439576346,-0.376676892464897,5.19311357200976,0.969399230176958,1.27877896843886,-3.10521456798978,10.2456777998089,11.122488554227,12.0617418537994,16.7961406287878,11.6024308973745,14.3573576626112,9.43660655904864,19.371541870362
-0.64991080673457,-3.1247284073412,0.497043712539342,-0.371979634365692,5.17817308684752,0.980781290009444,1.2698712020416,-3.08512488801156,11.8758661469358,12.6427689847998,13.4077470719684,16.547949450588,10.2538350029477,14.39110951417,10.6007651934112,18.7652835182363
-0.631314611594078,-3.1161942992414,0.494805464201513,-0.369087190795178,5.18409069797281,0.970601862756973,1.25712766233536,-3.09328585313005,11.0883523262236,12.7605088957823,12.5303528137642,14.6576231149619,10.5293377219197,18.7637958095037,11.3170047685879,19.9933293266347
-0.665120227904851,-3.14449342992588,0.503833866278101,-0.361557860448071,5.18799040080865,0.995952703567783,1.27714796563287,-3.10448832810761,10.6710171326833,12.8310206129343,12.4721897043142,14.4932982176825,10.5461336734726,13.5046336847395,9.58162874939817,20.7410964246113
-0.648281714283653,-3.13015040362901,0.51618535181484,-0.354182748765056,5.16355790793873,0.98347276775978,1.26752083239842,-3.08761516929531,10.5661492259335,13.5514339234195,12.0228699229477,14.2778579929923,10.8060344874462,17.0051956597615,10.7387029687868,18.3162885158972
-0.644945658958499,-3.1442476276228,0.505096354307028,-0.384009507240379,5.18941990627685,0.987207911822412,1.26250389331,-3.07025461578389,11.2097248904589,12.1454842458586,12.3123332882764,14.9931393725345,9.1986623673406,14.8800706171772,11.1076951682553,18.1288174754765
-0.65621446073875,-3.14954995847503,0.504684114277267,-0.363941310333925,5.19524484107099,0.999834338896398,1.27423901300862,-3.06646985266502,10.9547651477009,10.9747155447794,15.021092884439,14.2108277118958,10.8893952311153,19.1764362948567,10.7877872741858,17.4292460595988
-0.651919320709009,-3.12193641957002,0.495612928830709,-0.339422083285945,5.20155535531481,0.982432460802382,1.26703441843927,-3.08034891158602,11.698726062051,13.2283901744579,14.6302086910841,14.7169104499883,9.51278446883619,17.9182330835865,10.7711010222981,17.7698051725688
-0.645017226533421,-3.13487231011048,0.529553856904732,-0.368512553523328,5.20250768818884,0.998096340583941,1.2909935612299,-3.07425124679879,11.9763603520907,11.5971343102856,13.4112536836307,13.6337583483531,10.0171590380354,16.1586692411753,10.5402057439157,18.504914048587
-0.66398664140869,-3.11853738226739,0.50602424353767,-0.365627623801531,5.15517927504167,0.983295141976096,1.25307567585485,-3.08304122529714,11.7149416028754,11.1842560176613,15.2705823628587,14.6359988172337,11.0977347907126,17.5789268305834,11.4044085872744,15.8131918142331
-0.678811878701546,-3.11237848389927,0.502133960429537,-0.36613866494649,5.21182280929288,0.989146461795768,1.26811727414164,-3.09612505082918,10.6581935658817,11.3068187211907,13.743686843156,14.6831851989072,10.6883333795913,15.3875775674733,10.0166392893238,18.4870739100101
-0.653976790045235,-3.10629895262672,0.495578106108725,-0.375558874876739,5.19022562483741,0.96788235486973,1.28252487422181,-3.09897865705336,9.9566053437232,11.1725399525978,13.5597690485932,15.1705595275125,9.83047553077521,16.2705966304428,10.4722916828444,17.130992288063
-0.687174434005086,-3.12879532176899,0.530605349448737,-0.357450194196775,5.20561856384838,0.962099592206164,1.29069919992,-3.11018416420774,11.6398386826832,11.1950591330617,13.4023037966509,14.693873157439,10.4266468520057,16.6610277356864,11.9616065654192,17.3738334292602
-0.640611594423306,-3.10705859279478,0.514493728565235,-0.339016356978801,5.20921423921707,0.945865163612549,1.30722868199087,-3.11166745509742,10.0707063389367,11.0663113095192,11.9672162964122,13.0489485007423,11.8137239944408,16.417568605407,12.248188208152,19.5430151202354
-0.665499476376303,-3.11941700627997,0.509972627484234,-0.364015993928226,5.1974365025747,0.96693120718757,1.3036661644745,-3.09226149192319,11.6612464088783,11.9750924056285,13.1650870231525,14.8149136233279,13.3493350658305,16.9721451873927,11.2565992149995,18.9196739034105
-0.657861643561719,-3.08469781224593,0.496118120073241,-0.374844919525041,5.21012308709435,0.954524882332391,1.30791856409475,-3.09752391471439,12.0580685309106,11.7132941206538,13.2073535614047,12.9155395559447,11.4282438875399,16.1238694129133,12.0657477454238,18.3287278826261
-0.660952736562987,-3.10607692053488,0.502963716400227,-0.361528766030788,5.18723960634005,0.972643756638079,1.31053087107434,-3.10278699650002,11.1923482364829,10.9056889874529,15.1273328656827,15.3041838250912,11.3793243953866,17.2149467171873,11.1523853778852,15.9745466882524
-0.663502846168112,-3.09944052982317,0.500953151211643,-0.361971537720455,5.20520163086427,0.958997277543826,1.27524738823515,-3.0868638413117,11.4313340554168,11.1577801055196,12.7512674888887,14.051900576147,12.2509161719404,17.0477871831586,10.0161631950477,19.2322437183392
-0.649685750629833,-3.09567066857877,0.499833707170798,-0.353151503555742,5.21428768927266,1.00155800681032,1.31526364832277,-3.09272240707944,12.7632098253809,11.4533679286246,14.4864587268317,14.400993022247,11.3259354620103,13.9551921391577,11.4233150592546,18.4310698598583
-0.633246456706085,-3.11635971445566,0.50362104532389,-0.337341132549422,5.19833414961578,0.977019990881704,1.29075134601744,-3.07590985016615,11.3774102965749,12.9692856229798,11.5400783342128,13.7623192211592,11.9514590138822,16.4610765099766,11.080808954015,16.4069253256933
-0.651974871607809,-3.12508637822032,0.53447429213372,-0.374153808929048,5.20165588846082,0.97183912349162,1.33216248444359,-3.0953413630924,14.1420031076083,12.1953126965906,13.0050900550005,13.8796504113911,11.0534633047786,17.1501720070789,9.24399694633934,14.968905840972
-0.67113928640623,-3.108943149145,0.501589670475584,-0.347125979421637,5.19984648519377,0.967747391492643,1.29512431027909,-3.09726438552719,12.1851028932317,11.0502195006952,13.5047523112376,15.9178941541749,10.4422887444599,16.0204146202448,10.9976750684953,15.5454693496819
-0.676911493766823,-3.10613613264084,0.516948586053899,-0.349819126791883,5.19788525536417,0.99128670358422,1.29795239564583,-3.0827242875575,12.7676660786267,13.2740225011503,13.7189726406833,14.1007176727894,11.9988441419138,16.6213701945116,9.83975629283429,15.7354513694411
-0.668262726682569,-3.09594616856999,0.514034961051438,-0.350288319689879,5.18029244768083,0.980068454851044,1.31782081133529,-3.10263720924697,12.8492110753311,12.3117101999674,13.5645846084464,15.3233044685573,9.82573948451127,18.8404355293301,10.567147452924,17.7613030389088
-0.67247949945725,-3.11878318048115,0.51213048088767,-0.375889482103275,5.1482544567622,0.985775237744169,1.28083099592341,-3.08075914829334,14.1888660546995,12.3179311898283,13.7867497430766,14.7041173346123,10.1664069106646,16.9108405431826,10.4674683740621,16.1380195759606
-0.683041430155153,-3.1128613163604,0.503112325735845,-0.346613367172385,5.21927995326299,0.983934515564135,1.31814719832026,-3.11221014862669,12.8836052115955,12.4332306434392,14.096244470332,13.0577080710977,9.62624542295045,19.2621648396097,9.55904672967816,19.2271743485427
-0.682018938583473,-3.08572272616188,0.477079585577552,-0.361348816178807,5.20833658999478,1.00575534883386,1.3510648569626,-3.09484264191974,13.2724499559341,11.2651034174031,11.4813731423856,14.1963229189823,11.6103560007717,18.1179974016003,10.168687799656,17.6441224481612
-0.681664268201172,-3.10312163360114,0.480961188851137,-0.341388398249564,5.23536603894468,0.976260281105124,1.35297752508206,-3.1176179731159,13.3435364302653,12.1348922155711,13.5629063110945,16.9516174011347,10.8319556470602,19.1087658599285,9.66716478677901,17.4235617338742
-0.698604347451033,-3.10196421749322,0.486329795192816,-0.362312763030346,5.22150447852699,0.996853563875222,1.3260339196652,-3.09299559018793,12.1867172470172,12.9951735046344,14.0999668955391,14.645579047743,11.0497495624301,17.108249256161,11.07065005635,17.2789088743709
-0.653646619015168,-3.07984114686333,0.500741349825887,-0.336289406572375,5.19659634080535,0.967748121765193,1.28813426540222,-3.0860347711451,12.4898681996627,12.0187257466657,12.2978735116005,13.0242669589681,10.2974912924111,17.1856607916756,8.80332263314778,18.6123755144322
-0.680444228709856,-3.10002792785589,0.50550035133839,-0.351847006597098,5.20379484684559,0.974692307493713,1.31890072914718,-3.1160331054014,12.3251579611871,12.1237110719509,11.9516593698098,14.6086601178824,10.5338188387869,14.524605914274,8.96812481883441,14.2841975623442
-0.659715695264261,-3.10604905476232,0.504019357983421,-0.334085336930809,5.20336389046151,0.987470270959584,1.29145989581771,-3.11377490420184,14.6050079782933,12.3452731276037,12.3670011187049,15.3732083497633,10.8744875475298,14.0757942409779,9.03605985830373,16.1627221460744
-0.666625814001964,-3.09811672736363,0.50769669855228,-0.345081668448561,5.18877230136446,0.981173546797607,1.28802551618376,-3.09580574168162,12.6747114911503,11.3760449697357,14.2620118070312,13.2700328901193,9.93788301469501,16.3092678947121,9.78359628638479,14.9975860234935
-0.648326590186685,-3.12467445742398,0.480920330021845,-0.363090110851754,5.18716760905207,0.968642338837101,1.31744487775138,-3.08350287019237,12.5936023975837,13.7898253696263,13.2229037292195,14.8420567459269,11.0914747282889,17.976958223694,9.67912638251689,15.6191626115391
-0.682560973394979,-3.15523559418696,0.490961415309848,-0.351888214728053,5.20952060244152,0.972492993173437,1.27393450105318,-3.10222712630076,14.3048940742685,13.2972422626304,11.9736878292088,12.3339236540764,9.81994653884157,16.3021128206057,9.23173323602397,16.4926589936064
-0.661816233477883,-3.11563949669703,0.495052388576318,-0.357046009268256,5.21032033558211,0.973274091667054,1.30740261232993,-3.12315511757509,13.4127902306168,12.0307690249107,14.1367779151686,14.3245115264365,10.3068728638649,17.4022269550522,10.0595737937555,15.4226431695643
-0.681230802743478,-3.11404621844873,0.492666332701888,-0.355698277053445,5.16855036848595,0.961330222900857,1.30132074819228,-3.09276578121665,13.7776898768365,12.8799385813784,15.1670757175396,12.4688814921714,9.7199000067121,14.8761251865199,9.89088177424774,15.0789698822141
-0.65289619540986,-3.13170871477374,0.521150851785398,-0.352196494463621,5.18683700479214,0.949168506926359,1.26674014403149,-3.07385190526657,12.3665239483937,12.874988872964,12.2525118325959,13.8408298741971,10.9882008890713,16.2708475539279,9.36201571556205,17.4399259352155
-0.678091421597424,-3.11224759803588,0.513643106662901,-0.357545884183958,5.18247250507585,0.942856846232179,1.29882402037306,-3.06768961229542,12.8806882872626,13.3446956057254,14.874535921862,12.9862587230833,10.3106288495139,13.9157495948281,9.96169651837904,16.8892000388063
-0.667674575059484,-3.13274738193157,0.524968366009807,-0.375210440276059,5.1697069616416,0.95968730707889,1.28864180606071,-3.08953574770902,13.1482988427613,13.1726553165887,13.4092339547353,14.1137701641029,8.88466894585467,12.0255886382047,10.1992681267147,16.945622256527
-0.66871836500783,-3.11318250418599,0.527819098991722,-0.375844628161096,5.15499500530718,0.955766300186384,1.28737405066816,-3.08987896421736,16.1890759580682,13.7277763745658,14.2673050988398,13.9154909535505,9.07022670237721,15.6550299859859,10.0994957729514,14.6282697276169
-0.707150303021119,-3.10433090747681,0.515349858132537,-0.390941636567523,5.17738470236133,0.983832948434226,1.31039603819832,-3.06790360584754,14.8601765540254,13.7115903050996,15.5245694051991,15.7486703515745,8.49222577226745,14.721666769364,11.2194548221849,15.8731700758335
-0.665436418091652,-3.13491549885254,0.522896965771408,-0.363839183581892,5.1849829630128,0.99637678623471,1.30923984241859,-3.07629909824551,12.1921091315078,12.6688483757094,15.769995149394,12.4792374861195,9.45006905800225,12.4082610172022,10.4909970602963,16.2952517107231
-0.662528650795272,-3.1181296372566,0.535175251687233,-0.356098289421025,5.1958273077013,0.967319091449917,1.3013746065004,-3.0938832944658,14.0652857041022,14.0432225471992,14.1660960471562,14.2189593166841,8.90554761134034,14.3040837151571,10.6008618929728,18.4805138839425
-0.657028826360146,-3.15648127115028,0.557739873960323,-0.360843874083197,5.18897155905465,0.97140872487743,1.26615324378879,-3.06194147954281,14.4467737989758,15.2015127859932,15.3716641424559,13.5984864398072,8.39865245840936,13.8598126993394,9.40114330385329,14.7845990763705
-0.656574520638863,-3.13943319931732,0.549696659663394,-0.350374932000355,5.17393791007588,0.967284422146497,1.3197447390794,-3.06590171287554,13.9633139972,12.9265359568505,13.7969717381575,14.1200349050114,9.2302706256452,12.99863686406,11.083501783261,17.5320593304654
-0.649551816471928,-3.12559826939263,0.538343244657405,-0.356005579331579,5.19727582908162,0.982064601306644,1.30124369559064,-3.06582007240809,13.6046336086856,11.5606150808601,13.5918020469176,14.8499879970978,8.26752028284426,13.5047337280814,10.142770851867,18.2467074763696
-0.645686840850015,-3.13058611871361,0.53814036099365,-0.352804231992341,5.20346293253631,0.976959827892812,1.28569513968858,-3.06326919354542,14.1576509219313,11.8873586305422,16.5079797300519,14.2947724635256,10.0468721863046,16.0874348649989,10.2066025730867,17.8487136071285
-0.644110089383052,-3.14046204806249,0.53694198648163,-0.351775304311079,5.17284838167386,0.977100642162963,1.26308761465934,-3.08657067993589,13.7345745039995,13.0185219787102,16.1016466246716,14.3816850153094,10.2691073635223,11.9637895638609,10.9207971727909,15.3468967443718
-0.650047221557072,-3.12892164401701,0.513320238766954,-0.366310217706213,5.18108932654526,0.997832381752856,1.28101191987938,-3.05536925674499,14.539696751869,11.8938047050055,15.0984679360408,13.5859541979552,10.6121496564587,12.5713747015692,10.8193683584684,16.9286077136348
-0.654647696440283,-3.15159626223989,0.524131356273927,-0.392406750852934,5.17821901674487,0.980528638119967,1.29938309352598,-3.0700698333649,14.6623973993311,13.1278547687458,16.4083605643584,13.4734506265111,8.97794899711443,13.3033176656502,10.8546486266283,15.7817910480163
-0.660091686122326,-3.16052315119187,0.532148625347377,-0.3570458750668,5.17027163171235,0.990119424988391,1.28321520422116,-3.05972328982682,15.3658228465144,12.3767460814369,15.4105053588453,14.3160598597189,9.39690558580561,13.9128195792126,9.95294371620627,18.8603267854163
-0.642570972630701,-3.1329469098139,0.519872444882716,-0.357411761732405,5.18409328063815,0.993348445670592,1.27494327583387,-3.0729122448466,15.5327834983362,11.1617555047258,14.504878670341,12.5189995539562,9.48519534684752,13.3164979288889,12.0814561958959,15.4104320537444
-0.671415071684066,-3.1011234119846,0.516247390927664,-0.379163680666694,5.18224871363072,0.985231153025194,1.29621104800063,-3.05542733928315,15.8611821181646,12.1265205635038,16.601715151201,14.1142550951489,9.07666758207366,11.8541276395122,11.0732474880332,16.6393126621991
-0.663171018788056,-3.12523436845372,0.507512062376394,-0.38157769778432,5.16996497484052,0.969613161830132,1.32438959717106,-3.04485162715612,14.2446101887628,12.6584069408594,18.0935365339219,13.2432265266057,9.81803757297796,13.65455684008,10.922925668211,17.4516675813573
-0.65404025614133,-3.11166064254796,0.520111518703742,-0.371599205427974,5.17952338839553,1.00079518584763,1.30990576961792,-3.07253430679951,15.0539598783811,14.9491114377909,16.5877899941024,14.7225191757507,8.76460025559575,15.1044923042931,10.8341417040072,15.6910445044636
-0.652803574317555,-3.13376322050527,0.516532461884642,-0.355901049046663,5.18418262709368,0.977030792319781,1.30317616030395,-3.06476840742259,14.7477684874881,15.4978753696087,15.6730742982744,14.1603877864106,9.88981626051927,13.3205653438289,9.98945555621015,18.8072153729653
-0.629197630869036,-3.12186348005408,0.520630373014788,-0.350355249909131,5.20338247967207,0.995244301164878,1.31689267290739,-3.04798671131219,14.1735506017107,13.7922870270936,14.9390842263502,13.3382337295689,8.82776629289226,14.2234786200213,10.3479198942062,16.6613143392415
-0.651110278251937,-3.1637966307254,0.516562435435571,-0.349506393378972,5.15158574102963,0.983685927885044,1.30227355327381,-3.05029132499366,15.8059880607233,15.3552960796813,15.0337174971762,14.5611095554562,9.26278102529156,14.0997048029173,9.22637413855119,21.0544603881716
-0.665486696580275,-3.12299326810045,0.535088564440134,-0.345139563411119,5.20195997507834,0.993089609352579,1.31760992198129,-3.03920956530953,14.4995568784276,14.0437234443793,17.0159215181336,13.6856078230581,8.65175402281331,11.9463775301095,9.94678890819253,19.327382234123
-0.631918789684728,-3.14583754010896,0.537084946723352,-0.345408859332529,5.1793065635288,1.03949394738053,1.30637434137828,-3.04734058359692,14.437525701965,13.0422081196191,15.4091448293877,11.770767436233,9.78162796144562,13.9914020074444,9.22393747210412,18.2099935805847
-0.640937864972519,-3.14206368783462,0.511267777434459,-0.35345441037541,5.19876961091932,1.01594290323433,1.30481697194096,-3.06253031387921,14.4279374372613,13.3699135327711,16.5932833504353,13.0290057354592,8.74545885837597,13.5664897409083,10.2103688264135,16.9067218669178
-0.627450887700905,-3.14431589024786,0.522976716142122,-0.345411506391793,5.17072067562369,0.995724452781016,1.34012556738858,-3.07681578290718,16.325389776061,13.190192772873,15.324624367774,13.4477712292022,8.35885054112375,15.3927715954941,10.9734080730546,16.6516498193229
-0.620334117621269,-3.14430921070828,0.525851652876119,-0.342157064047222,5.19091883421497,0.984393422107429,1.31838402704879,-3.03988170885237,14.9299273757634,13.3501776140981,18.2435705187249,12.8666356029558,8.76283783589227,12.551959127964,9.91363344466568,15.0478432007287
-0.648519274020193,-3.15566617678449,0.551302105851059,-0.345742937354469,5.20099195269776,0.983339025656465,1.29690783048385,-3.05561316523734,14.0847671691754,12.8212903352882,16.5284728331075,10.6546895690832,8.77903046742119,13.8993328534715,11.055181581398,15.8003134230484
-0.627258090080926,-3.11932987224758,0.521387988725936,-0.356961284272582,5.17841635826058,0.987132778066514,1.29543978120197,-3.0484708656526,14.2377934957637,12.7838587817475,15.5997589431316,11.5027101139375,9.01887319208317,15.186591017479,9.91486704839033,19.3996470543839
-0.643113835454096,-3.14628055282216,0.520185616353935,-0.351870441806443,5.19187130335784,0.978432034978739,1.30821465568851,-3.06138677514168,14.7344195548042,14.4612495476739,15.3155276096365,12.1823929002065,9.77611393730735,15.7915333989947,11.4646581300351,16.5642134852681
-0.630526231079493,-3.16337010470735,0.495432457905078,-0.343792676761635,5.18815410368594,0.991868524187233,1.31170092934125,-3.05707860473449,14.5693096216184,14.1966787655806,15.884376920187,13.948126471987,9.97781115525956,16.0357255681601,9.89826278789148,15.7212864229423
-0.643359768723078,-3.16451985273051,0.542891221274838,-0.367096981880243,5.19366192888815,1.00427521854544,1.30116216613158,-3.04308846231307,16.348598802268,14.3170871433324,15.3127185256695,15.5895826115951,10.3267176139238,14.254694388409,9.99497397725109,16.7982506320634
-0.637325940331609,-3.13047782267419,0.541415023805366,-0.344573335170894,5.21954048096895,0.957678322967264,1.30905069113852,-3.04433985053203,14.5688612602357,13.8931066264143,15.1396923989372,12.965629026323,9.36660131098903,14.945101085955,9.40883252789646,15.417032747992
-0.621044598558849,-3.14859541299009,0.526280190974124,-0.360285504276114,5.19887318397217,0.990248306334367,1.30062788529872,-3.03901177203285,16.0941102021015,15.1040059362734,17.3035758373699,12.9047179947303,9.3517540406811,14.4897327434268,10.0765569384982,17.2333795512605
-0.633050343159843,-3.15916966821366,0.542399148011946,-0.347400663786529,5.19988311032051,0.991624516204228,1.30962726231539,-3.05818669522932,17.2435621872829,13.390877635793,15.4413026459875,14.562279070828,9.13917037510793,12.3260268486672,11.748783230548,18.3791269716756
-0.625695601403721,-3.14411607516541,0.553469258775572,-0.331256442795966,5.20870614526801,0.988038778885962,1.30604630370301,-3.03467497262516,15.8247383830898,14.2712673270208,19.007256662137,12.0108107547242,7.7894767383519,13.180475887365,12.7810126345373,17.4351709891747
-0.605014040095882,-3.15526865566603,0.520172934390981,-0.352427145394674,5.17816427751516,0.967434615378472,1.30040383625558,-3.06176022228073,15.2188835967697,14.3195618873053,15.5712306002838,13.8984126481938,8.4806987808704,14.6935827732407,11.2639772531389,15.5038416485725
-0.608148775318681,-3.13876187227109,0.546932132972575,-0.333330639365839,5.1891987294594,0.961131815304945,1.3001280608482,-3.03712400817436,11.9927651399442,14.6314426308536,15.3626689436628,14.2446902509856,10.4706260326564,15.1752571643683,13.3827872664783,14.108025169438
-0.626058075885025,-3.1405530423101,0.550494443161313,-0.33624122514396,5.17152771030319,0.998399727876802,1.30436876094371,-3.0602503790592,12.9834485035578,13.8444327853008,15.7027593538056,11.8291019421492,10.039082301769,13.0208721925009,11.3024893757768,14.378520435252
-0.607038262714604,-3.14224486851921,0.568195515400975,-0.335551756896188,5.20151500894552,0.975199987617618,1.30978264562668,-3.07885124110565,13.4220703530647,15.4444425828088,15.8780170059853,13.4052653471514,9.8960372753114,13.4376994654736,12.7028616572024,14.4206011297281
-0.643005544074851,-3.14081835563293,0.535264893439836,-0.351014398715928,5.203376911673,0.997890594192301,1.30558384954494,-3.05280380875966,15.7912979801327,15.6177282012318,13.4677461085782,12.0122395744561,10.7149553262008,14.0410390871538,10.5281185280881,12.2441221138488
-0.634530619452129,-3.14635633592208,0.525590057847702,-0.333951624946194,5.21024030589823,0.972879597439056,1.30712397998053,-3.06076710010625,17.2029334039624,16.8619242662431,15.2284359965583,11.979037652419,9.6320038996087,13.7090045628795,10.9853544111186,16.4020224518047
-0.650092362620158,-3.13091054251427,0.534030305961456,-0.335661625935634,5.19006590502832,0.980103710153406,1.29278078329139,-3.09292954896386,15.3544774482716,13.4538085658303,14.2905398819242,11.5310152061348,11.0146482837125,15.5393287370852,12.2325200979437,14.9193023548447
-0.607473567099164,-3.17361222959247,0.492176969172326,-0.356462775208483,5.18572789595235,1.00088610100665,1.30457210478678,-3.08198157038909,13.9368665463705,14.8030008910291,13.8356295421979,12.2227118999197,10.5215468046673,15.6400498469314,10.4654201225673,14.829811644092
-0.627174521482336,-3.15264979370997,0.515615154383856,-0.353105775363188,5.2057385508063,0.984917621809402,1.3056853045887,-3.05606996239985,16.2352790663936,14.098837023113,15.2706315480683,13.0667481636504,11.5274568336984,15.0399089289497,11.5378593950825,16.2758577749284
-0.603382277731066,-3.12917080034745,0.538121496565438,-0.355840654960695,5.18947335311461,0.991411873114548,1.33575606457573,-3.07259074092916,15.4542556812209,16.3523133521548,13.5426526128743,11.8604325902238,12.1219419455207,13.4718263036865,10.478612316569,14.3597991855818
-0.631719405581863,-3.11436555102049,0.54359178119219,-0.371909955666709,5.18363549203479,0.993689315805507,1.31470043661419,-3.07176158071664,12.9497639189706,14.2924299443192,14.3546346523301,13.4329460131071,10.664042639593,14.909716942256,9.93908101803119,14.1980009510647
-0.62797805479655,-3.14290764878439,0.526271089923476,-0.357324251832853,5.18624041840483,0.999752981785116,1.31615248657403,-3.0613240654256,13.8014877019401,15.0285879498028,14.9978540365237,12.9690558935654,10.7206134090141,14.5118302639501,9.91836462924824,13.3583567854708
-0.617698275609807,-3.13002513436743,0.524957561906656,-0.34865634778486,5.21027632727725,0.984053703549426,1.32611348770765,-3.09281588701695,14.5596438034072,14.8932112222166,16.0573056104077,13.8152715070291,10.3135244086438,15.2648315440891,10.732758704386,14.7281607961547
-0.606877001514393,-3.12694917663287,0.565187920989832,-0.352833704486583,5.20920190531233,0.979756108979453,1.3033569191474,-3.0804416544609,16.4191252219577,13.2313004830963,13.283070370135,13.169188764234,11.0546203067242,17.0617842586821,10.9720447694731,15.2912447063042
-0.600204226874166,-3.12811471708495,0.53551510985553,-0.353634833011278,5.20559994369179,1.0183575622986,1.30897913975746,-3.07667184373987,13.7909353486882,13.0815643027206,14.2515392090537,13.6108511502339,11.3581609575927,17.9716568652328,10.6332742859769,16.5523948682858
-0.638920242540645,-3.14907815862726,0.502476078053711,-0.344215893522318,5.22595438774808,0.990631209914068,1.28921535902265,-3.07460640636627,13.902466859901,14.348512755038,15.012321129334,12.7120658393372,11.3666568609244,17.7228520100319,10.3750659814203,14.3667254213682
-0.621667384931925,-3.14175857687422,0.53071836434943,-0.347388517240283,5.20247356810889,0.997418767456669,1.31743823657472,-3.08575678732288,14.3931855701731,15.0445597075775,15.4566388113371,14.0744439516673,10.0090094394062,15.3469686766512,11.6463566128365,12.6598982499228
-0.605772726003977,-3.14660141906241,0.536991039620476,-0.334046777234505,5.19675326157029,0.998720666166681,1.29427488019658,-3.07352625801887,16.0829372849141,12.9881776450425,13.5197868489443,12.5586961412187,11.0759286922824,18.0609311711774,11.0106825017539,13.0126743644088
-0.634442057521086,-3.15040921192971,0.506824551559373,-0.345757003965709,5.21151619598019,1.00494975520741,1.31597790704524,-3.07671980620362,13.0255838576089,12.2705864010562,13.7625026906248,12.323317099178,11.153676890705,15.3886530589269,10.3750607324345,15.6694840454995
-0.572331765624573,-3.15600342188873,0.54582228945057,-0.316016279507688,5.19784354765572,0.998662180672925,1.30278603717354,-3.05380567971766,13.9337008795354,12.0397449151478,12.5061846120831,15.2839994324538,10.0053768961105,17.1176666436738,12.9807119652664,14.5411151175411
-0.623835552032094,-3.13472004928602,0.513960107046023,-0.331067637612937,5.18231388467282,0.996477321811468,1.33135239086455,-3.04857233439245,13.5770463632843,12.8477519834843,12.4643501518166,14.041844730664,10.324193184195,18.2459260625861,10.834805711521,13.6140164118954
-0.629694604605619,-3.14894893835524,0.519712731531065,-0.340917371590578,5.20356060520595,0.989694365879192,1.32445640543746,-3.09549906398533,13.5863142870366,13.3724712118222,14.7833351901811,13.7208542157875,10.8295683966186,18.0733197837675,10.882044217287,14.0863773831302
-0.59953528130613,-3.11904513896477,0.507212140920021,-0.366106819356266,5.16085725021478,0.98937720579601,1.30667253958612,-3.07034710688553,14.5310412023848,12.5317944403273,14.9216797769458,13.2762070828945,9.86660851414549,20.2458299429425,10.2553211036671,13.93336236273
-0.622089887464913,-3.13204642962629,0.520292934743879,-0.348350283603002,5.20912429154521,0.992212192314602,1.28878500198828,-3.0901216525579,14.3645958948652,12.1315002852765,13.9952173036512,13.0678124036519,11.9274269792119,19.2882993052537,11.5880959148286,12.0324427644355
-0.634913146362219,-3.1412314390266,0.522577246626933,-0.353813304322739,5.20037557507555,1.00062043468526,1.29644096862931,-3.08647337487391,14.9972629448862,11.6673084804232,14.0591698235809,12.6979855157862,11.5374870411559,21.1383816872234,10.8248317755068,13.9532876740971
-0.620080574042884,-3.15153092923458,0.497375728768075,-0.368540290024388,5.16403991669782,0.994503992232356,1.28180477359994,-3.06215903491625,12.3792203598857,12.9045695622,13.5753057019414,14.0994431401936,9.59786844317706,20.2345063759998,10.3998547077604,13.7551374670453
-0.603506784801192,-3.16884650644965,0.536129998019683,-0.334706862745539,5.16035781942367,0.982566284819409,1.29210914856207,-3.07149241449161,14.2468432804618,12.8054789404874,11.943971780799,13.9673861920011,9.94648417200144,18.2912697515637,10.6488693624124,14.3725078438478
-0.60785202941967,-3.173861210649,0.51748667894961,-0.337176189045124,5.16051139394621,1.00108154518946,1.31177406004169,-3.07799883089236,14.1809872419033,12.2233419571361,12.9058068949409,14.1562636057678,9.44006252577226,16.6017640027922,11.0539995057435,13.6052214884965
-0.609886015546819,-3.15725219407601,0.514257632531889,-0.358307114314229,5.18490312696348,1.00286884429416,1.31492709173153,-3.07884307084665,14.773429369144,12.0765067892505,15.2112647865026,12.2604781735193,10.7345181132111,18.0648459438369,11.5472298101263,13.567279136617
-0.621667468821258,-3.15548447994435,0.519582437075425,-0.337829022717872,5.17672692992959,1.00303393957992,1.27311433911886,-3.05896783082647,14.3307514690349,12.4521565655748,13.0973346768715,13.2471075449179,9.69962411691887,17.7218344833348,11.3229511383841,11.0609003121338
-0.604104164681579,-3.16986208021829,0.486717302891139,-0.342512949731471,5.16956331198261,1.00310105662935,1.31045414194903,-3.08530837278139,14.6768506092363,12.9095229196635,13.0792211297582,12.6982320865948,9.12734991698779,20.185841227232,10.0442030471478,12.6142854196781
-0.614486633594245,-3.15377768302687,0.530008704468939,-0.333472207048918,5.20935449287729,0.99762834651162,1.28600131805885,-3.05964350633371,15.5190808041788,12.9170688038651,14.6283477175348,12.1364205702881,8.54933007050233,18.650185419067,11.3225962876791,13.2521760946615
-0.615436404283907,-3.15446306882241,0.48556314853205,-0.329637583847021,5.21120074028851,1.00548851081457,1.30150939295311,-3.05383048100152,16.1231505981031,12.2328931658312,16.2513219076447,11.3850018684498,11.0909822355264,18.1486557976128,11.2435316762826,12.6513769518485
-0.611799768080542,-3.15917411782172,0.489712270734188,-0.347537367800986,5.20164842989201,1.01593487742638,1.31983039133683,-3.05927212583484,16.0454677180284,15.2192571309606,14.4715673789208,12.8131422356511,8.81460249176071,16.7070583197034,10.2666126462551,12.3613964125432
-0.60906628437021,-3.15972867110284,0.497932891970301,-0.35600993498475,5.1949801203168,0.9910742352902,1.30767946103419,-3.0443041784288,16.2092706702021,14.1087172510415,17.1316794619602,12.7845171268022,8.26225868850512,16.7217071254656,12.2023393833932,12.3018421118764
-0.616270669105672,-3.17010225238458,0.51037151542629,-0.323962155672104,5.21246289267837,0.99409218214373,1.29041613767186,-3.05659010254741,15.114637391531,15.6090302385743,16.6991453803155,14.4723340739019,9.75979393065674,18.6196146609438,11.3807909024841,12.0547279141903
-0.60499587971182,-3.16913590776165,0.477292603312209,-0.354158047829888,5.19758562482015,0.981124168134843,1.33887675004299,-3.05828428414121,15.3751158078327,14.8601522351129,15.3307132367936,12.9623882140806,8.3168778776155,17.8973453418177,11.4187644293405,11.9431115645247
-0.607546053320237,-3.17667851690785,0.505978432860611,-0.335725499999536,5.21453077907696,0.997775205243282,1.30320785231314,-3.0349822744619,15.7759344297963,14.8196113909749,18.0726032660621,13.429429184456,8.24462502365285,17.7588081674578,12.2025182801511,14.1461414055093
-0.623750423457223,-3.15373018805715,0.513470116067925,-0.376309957400716,5.21623337131066,1.00632325614873,1.28094401222587,-3.07431479371945,15.2372247876313,17.331909372229,16.2209082829748,14.3990853332113,8.48160859581947,18.4911192489248,11.3582391688121,12.7641749087789
-0.638832236322601,-3.1503045916775,0.518457760077071,-0.35242988567271,5.19357433356477,1.00255332186817,1.31660596956875,-3.03291503102781,15.9449743894204,14.3259144979767,14.8685611048916,12.6617891189237,8.07583489801219,16.3422334868785,12.068960083158,13.217476867271
-0.629687052199889,-3.14832557241639,0.523773628197492,-0.330657201605455,5.17779015711957,0.999238401446053,1.2914268617714,-3.02660321389999,12.3585435946488,16.5885032315497,13.3498825525148,11.7330379471304,8.01953327148547,16.4888502727553,11.9313001174815,12.8504845555697
-0.656777824506412,-3.16418483082088,0.516460405928353,-0.34014587553162,5.24147350798071,1.00993435247186,1.30139586861224,-3.04859364415235,13.1284335232028,14.6855990368945,14.0742223229494,12.7052852195419,9.08979668636387,21.1433988402538,11.0226420500884,13.4851961171197
-0.633147446716316,-3.1648336284164,0.522470868042386,-0.332565348115578,5.19200454123203,1.0124102381632,1.29622802356389,-3.0342248536834,12.3081678959184,14.9229184101777,14.6674254609542,12.8513028160453,8.31108007779538,18.2439408371391,10.2580826197415,13.3155255028868
-0.614259735643616,-3.16308383125929,0.502207170357639,-0.31668206456568,5.19675606042257,0.997476803507381,1.28864627528997,-3.06144716797173,12.7549242015088,14.8126034791663,13.396067908656,13.5409738162314,7.75791383306172,17.8347496151924,13.4549602571863,11.5508505353309
-0.642338818803337,-3.17211317244074,0.515957752787671,-0.348941014382359,5.19488826522413,1.00963909447435,1.28727980147819,-3.05415781148749,10.4660129832511,15.7110091407292,14.1846356345672,14.5983026390336,7.74748402813547,16.5493073343345,11.816390602349,12.4171300187745
-0.637991688539722,-3.17298732970055,0.531692759534075,-0.36169983224689,5.20409697996548,0.993584062711157,1.30633947383164,-3.06359681397153,10.2165450796084,17.2469645099647,14.2954174280054,14.0430084996474,7.7710317207807,16.7397890828414,14.6175247218622,11.5723665461144
-0.59104439184415,-3.18544065002889,0.530788023072493,-0.369264425253303,5.1937474468918,0.992380560939269,1.29500400374043,-3.06223432747318,11.5509318199709,15.2027102235596,14.4060226318117,12.8266170227098,7.7550986069962,16.3156191479901,13.7244330302582,11.3795932480165
-0.58996805483196,-3.19804726276737,0.535556704578664,-0.367344561481271,5.20855607080414,0.993823266619707,1.32589836841402,-3.07975037667634,12.8520920585685,13.1628910609684,14.6145384357452,13.0596245382501,8.79257202268752,16.0670780388287,12.9433351285954,11.6124157522678
-0.587262105159425,-3.17391293157281,0.524209903453059,-0.342988784973617,5.17823473094529,0.968908621624812,1.25502945442357,-3.08084550069661,11.929231039626,17.4454499113897,16.0658497876215,13.8260316723357,8.21966689814451,17.5741749414067,12.5577722884153,10.5583551896645
-0.610607077141476,-3.17425857317698,0.534288685604618,-0.367544130974773,5.20705454873114,0.976203697512064,1.28307191334484,-3.07069678945532,12.5299888536878,17.0298256482143,15.349673806011,13.9801810906349,8.51332505706927,12.9380076626464,12.940087711583,10.8548017595591
-0.632099423113792,-3.17560969801728,0.542043062329245,-0.35856082030154,5.22514253852268,0.977206508994867,1.28184191983823,-3.03235403956746,12.9353644802064,17.1012223131087,14.137579545122,13.4322111830846,7.52902687162243,15.9318266235438,13.4519090774901,13.5176493270227
-0.624073252649772,-3.17723100887981,0.516590626428396,-0.363272141741121,5.20995374134651,0.977249479319311,1.31335165415094,-3.05550807966488,13.2873778070019,17.1077447483382,13.2945872140334,13.3315351227548,8.84384627570176,14.7682074316997,14.5655163449344,11.3009472096525
-0.603472568011932,-3.16001282198842,0.511119698288486,-0.355784619364657,5.20407884887685,0.982214665856682,1.27763090406791,-3.03396473415339,12.1253978248846,18.8662110668833,16.9162310594526,13.1553765801208,8.65486107742095,15.6781625423524,12.9091821808462,11.0739645311304
-0.599856224311188,-3.18090812747143,0.533899398366708,-0.32194632988751,5.21180849768814,0.968130349334593,1.30772770037697,-3.02748238565692,13.0763937042993,16.8585654198394,15.7245951317899,13.2905302767221,8.21528746499055,16.8930867818366,12.8105713858161,13.0342589332085
-0.622540119239941,-3.15908916236066,0.535713030576423,-0.343991405397083,5.19470933514428,0.962629597724446,1.30983402319017,-3.03090967454689,10.2957483727256,16.8699628183488,16.6722128799581,13.477678201676,6.9432684800989,16.1579646194834,12.3066701201973,10.4072649380337
-0.603093869455751,-3.17269391304344,0.558316156629147,-0.326582093615568,5.16538630659252,0.96724862337279,1.30392726762675,-3.03269928421349,12.246480453779,16.1791335439139,14.1031977558833,14.2550391439205,8.65849982058977,18.0783530624458,12.5267534104409,11.5943709984222
-0.631854375677014,-3.16849139152327,0.549208722924614,-0.355285217476188,5.20375284060978,0.963392690480576,1.31370551630518,-3.06052722759565,11.1148078902622,16.5983347043251,17.177687486984,13.7740936845766,8.53038449757102,17.8141271652224,12.1660073388976,11.535674675791
-0.598613364400172,-3.14208107499154,0.54184635852437,-0.35246880448148,5.20293515987007,0.977885159474561,1.28838052452999,-3.08144668015201,10.9963905804203,16.6699642060959,15.0948019142721,12.4767600502044,9.42418041851078,17.1874657042806,10.4044692463912,11.353546574907
-0.596272712180032,-3.16073425089946,0.554168364405047,-0.303438553811547,5.15426250361175,0.977673469388538,1.31411508709345,-3.04604677050071,12.2622145439193,16.5940373832194,14.8473929877336,13.8595854171217,8.56412857384467,18.7428743103269,11.3142922458013,11.6491341065186
-0.597015302471618,-3.15728822086456,0.511658650928591,-0.332514568624569,5.19382994325981,0.970242172602614,1.29293083598371,-3.07150197027394,10.2833097410223,15.382235081503,14.0478591151128,13.6636832195731,8.53165234444396,18.1274689154216,10.8194345529519,10.9223379513239
-0.587127408668178,-3.15334237501897,0.544434385022274,-0.331330922774513,5.20410216569443,0.996537351123181,1.33777080323159,-3.0804393174212,10.8570363391785,16.2643497655917,16.1909201784278,12.8898385685436,8.72891562506062,18.5603222405494,10.8487602555546,10.9264649973952
-0.584899089715073,-3.18215697101241,0.52771213695734,-0.345331425955109,5.21091677191766,0.975183468186936,1.31282094849808,-3.07791658971745,10.302093063674,17.160270130224,15.9801303905949,11.3868644873495,7.95795019276733,15.8131845006411,11.0076324720708,12.0237023322511
-0.593743622536542,-3.17002886147808,0.544800060939771,-0.338958455043498,5.17496106351723,0.977942333084944,1.30192441860734,-3.04569705962197,11.9352986807129,19.6549174231188,14.830996093903,12.6849190446373,8.46696753317393,19.3607536856239,11.1859862941778,13.3610122947157
-0.632762162095963,-3.17643413063213,0.54112706385064,-0.339843897431197,5.1894154403625,0.97315552414754,1.31833326475496,-3.04575100832891,10.0162848013669,18.6951623189988,13.4354602649366,12.9193585388625,7.75226573547637,16.9245933085341,11.9477137523874,11.8298907766302
-0.607859706384042,-3.17212590268623,0.535717604754383,-0.324848700740809,5.1923391288001,0.956458757779374,1.27627413416788,-3.04481811139405,11.58438433583,17.1727286542135,15.6022464413128,12.1938592398723,8.63646272080993,17.4556465707542,11.8080354477117,11.0901697332775
-0.627733605172356,-3.15311106883938,0.558711909628719,-0.325965010602165,5.16746355308478,0.968722787692643,1.29470563875999,-3.07335180399449,10.7798929066498,19.0219455809326,14.8132376554241,14.2206847663978,7.85923701519828,17.2050889825755,10.5542077225053,13.0738139563411
-0.645591233254196,-3.16841097273575,0.512847374066588,-0.360456402294855,5.19850105469202,0.98815871593103,1.28814691974123,-3.08084123936963,12.7908368892291,15.3574578678148,15.0800298506874,13.2144128876565,8.53639136141509,17.7584435803023,12.0122033457839,13.1142135945723
-0.628205164353599,-3.14914812511037,0.524464963127918,-0.3437313251811,5.17915543565977,0.976289449155196,1.31613056421512,-3.07739263247736,11.597504661814,16.1845945685188,15.1966837946305,10.7501081778602,9.34531321073423,19.2242145724833,10.7251731298875,12.7223656668859
-0.613934955959921,-3.16027308711562,0.536572878020155,-0.333676118882262,5.22541447189947,0.970982058033233,1.30394668935982,-3.05723672285097,10.6779082932892,17.5087042702558,14.2271357624497,14.0728887363058,9.72309618047987,18.7577761054614,9.88475153772612,15.0229589285059
-0.635592424858018,-3.16949120190512,0.543380246997996,-0.357849259851934,5.1790846397816,0.990258424323026,1.31888807129092,-3.09940778552717,12.4017150064695,15.2309508279449,13.486567804034,12.2174542004245,8.4611027209128,18.6817621986962,10.7186455708128,12.6638063723674
-0.634335066520632,-3.14936501743384,0.536090296004781,-0.341441394672131,5.20598464675277,0.974591455971273,1.32296567559929,-3.07127421830646,10.4010114842571,15.069507109912,15.6983555545768,12.5073416421817,8.93830437793194,20.1124373587392,11.0844002247278,12.5008548490307
-0.616682192517733,-3.15704803912946,0.510059178119915,-0.327749492293615,5.19829906144431,0.980846914116837,1.30317104100799,-3.0839514934792,11.7889449950758,15.2764642862684,13.989202098884,12.9962618595782,9.56768574295963,18.5286789656829,11.0811260177579,14.3040507902572
-0.615807711464316,-3.15633339873231,0.544154389730418,-0.337950085268967,5.1949109395858,0.980819182273913,1.29670382477566,-3.08573372978817,11.2785673947389,15.331306392411,14.0047462080297,13.9514157131274,7.70515954174962,15.7254041016493,11.8287697828738,13.3699456279802
-0.598486322517208,-3.1549266488121,0.55202908636935,-0.346359415396067,5.20720798130626,0.973633297709267,1.31111076192319,-3.0648907164508,11.3272430495821,17.7630212542603,13.7080807011145,14.8585150684925,8.41663974144649,18.4186487508806,10.8755784772595,15.8811113671467
-0.592490575096669,-3.16499981856999,0.53336465403116,-0.340304846773095,5.20291690433631,0.981254659054508,1.30230110409381,-3.06742102452716,9.92901871617895,18.7483895524882,17.2389070359608,14.225529019946,8.78445804420217,17.866527139945,10.0476088533592,13.8766204417103
-0.626505021234666,-3.15429980455088,0.544318392540615,-0.322731338126483,5.17080763555702,0.973349032129351,1.3109993209582,-3.08378236376298,10.5828467711606,16.3173308971268,14.5206665101783,14.9311656702428,9.32570116210859,18.4810829219151,10.157813873185,14.6670056257956
-0.597663689615196,-3.16207692779985,0.532162005742343,-0.341640701572002,5.17491544722671,0.98601011400152,1.2835108415479,-3.08873870952372,9.8182797097313,17.1996168094998,16.9716262618218,13.2902672877275,8.56516089307578,16.4073655693084,9.7649912041526,16.3382064236173
-0.594222291479326,-3.16186249990782,0.544227196364554,-0.343721600494136,5.20185949578514,0.969553394783621,1.29165269400293,-3.07928200297876,8.95941408136183,15.9925509328838,16.8718856138246,12.6366028121034,8.72394986748941,18.2386576887926,11.3022292565924,12.5650260960301
-0.57392868902632,-3.16108610356494,0.525313528540088,-0.332515166002561,5.19389278624144,0.961624227024478,1.33103236788378,-3.10331582889526,9.64883209327499,15.9669886421857,15.8900568921043,12.7018129707287,8.64533792772032,18.1031321957554,12.6707535653525,14.9503538809749
-0.619378974239301,-3.18018558597423,0.558374962435594,-0.330490133667533,5.20777086547852,0.986371571239884,1.2976504889096,-3.06748275259779,9.20931457482451,17.0553002711275,17.41970167025,13.3162021672509,8.32472874196763,19.2525543418976,11.5041465111222,12.9058657275974
-0.60277463513127,-3.17382363370814,0.534635551280688,-0.335519228533766,5.19391976573514,0.970602017928282,1.32268338020916,-3.08209268403975,10.5052194249755,16.5000547816096,14.8450129864483,14.4819756907203,8.9485352205231,18.7694883154871,13.1940761751561,14.1964132200019
-0.636346654677552,-3.15795779543845,0.537712819282785,-0.337029998168963,5.18893578987429,0.975702908596798,1.30776595660034,-3.08699200704889,9.93238142610327,17.6640544177177,16.1001908383621,15.017620351781,9.66553598089856,17.7959203325775,12.7534240316412,14.8229227134218
-0.617603683919968,-3.14669674844252,0.527753474992945,-0.331313336303131,5.21409439230751,0.995354145950889,1.30766184764092,-3.08351376813576,9.5489143295151,14.2838885308102,16.100132259681,12.486174751719,8.49895373336707,20.0704120807268,12.6984385420692,15.2522840288738
-0.612131156861234,-3.15612514010671,0.557589208387576,-0.331978502639716,5.18780008351218,0.960218210004488,1.30157422075487,-3.07578659074175,10.2267123652042,18.4080000339085,15.6276071724545,14.3187848899234,9.81142075088416,18.7171025103475,12.1327585853862,15.5557628086739
-0.62113144338711,-3.15720331162407,0.561483433130579,-0.339356001231604,5.20888573773685,0.964756672055388,1.28142990137135,-3.09014383055046,8.44403178609232,16.2732908422975,15.5793125986207,13.2653481315504,8.17495340357238,17.4935426556599,12.9843153141515,16.7766505364812
-0.6122075119321,-3.17521676961421,0.540788437509012,-0.339338869822949,5.19602068518999,0.983159422884855,1.30548806846545,-3.07660880184243,9.65439312383346,16.435020139225,17.3628012548052,13.8310549552925,8.40455783059923,17.4912543196886,13.4947829556548,14.8220234218408
-0.632905062668451,-3.17457741749821,0.532025278235731,-0.33768252879151,5.21166504538333,0.979821814099793,1.29561358678408,-3.07750783385945,9.86352379467345,17.7134666996814,15.1655139592005,12.4863867146099,9.68116131205774,22.6541258308301,13.4389451980998,16.6337279686635
-0.637334974321499,-3.15636794671402,0.566977533712665,-0.346272875638487,5.22477876486493,0.97837542779516,1.2873431303577,-3.08847213502464,9.37660420079859,16.6239214243617,15.294750432874,13.8293030642763,10.0901661206012,16.9093315587076,13.3690993166172,16.9404625126266
-0.613137321146089,-3.15990961295384,0.55883691109806,-0.348825940128544,5.18354510008961,1.01397233894968,1.29401893851623,-3.08447279867126,9.57819741030481,15.3263092998418,16.4180557463515,13.9901814313423,8.19709380013954,17.0483499069317,13.0973120134735,17.5694664901097
-0.605782028380917,-3.16786242985546,0.544425459286656,-0.343415778414905,5.19247228351107,0.975772306733802,1.2975304630957,-3.11260604533751,10.2117543762347,17.1481297922781,14.0982627560629,13.4512514682726,8.60375827410696,15.7106245418962,13.5996638582685,16.4781736137453
-0.617976367367574,-3.17194773837805,0.541997842579479,-0.325433364490334,5.170176657174,0.97775990431135,1.28038727192687,-3.08981126571106,10.8579568404566,17.1043554515694,13.8907895588629,13.3279832626243,9.52780802240814,16.138166301781,11.933967849678,13.4728847842812
-0.597548299681606,-3.15282354875623,0.526442083023029,-0.343149638921007,5.20449080066651,0.989129722514087,1.27356446339075,-3.08371546915415,10.1606794923782,16.8569422201008,15.305438502922,14.7809071269152,8.72340269587688,16.8299180126455,12.224429019222,14.2072102796367
-0.59716537973641,-3.17895473857993,0.560682086728519,-0.338506477798539,5.18129654084975,1.0016742718986,1.30783740912816,-3.0884214350842,10.3570083351385,16.083290144513,15.9621507736656,12.496816038182,8.77748114984958,19.0850208298397,13.6556859484065,16.901389631252
-0.597580697333538,-3.15338110350684,0.537447241908709,-0.348063115887641,5.19995263136596,0.979392136778115,1.29703689803562,-3.08379087215498,12.0664274396284,18.0100254294778,15.21124554195,12.6965830968529,10.6015021488204,17.4183085341671,14.9535377734871,15.9937755317067
-0.621747349115684,-3.1643619335306,0.537981607798975,-0.361368915936493,5.19247071580187,0.991170493240048,1.27030254982811,-3.07561097540689,10.3350803822481,18.8324373892285,15.8221782493376,13.0732936463578,10.4624654013648,16.2229047795775,13.073372232637,15.5839736736124
-0.609640519483619,-3.14929497380089,0.544846365051657,-0.333713424995931,5.17741025050307,0.984657424335207,1.2606183001532,-3.07559894947836,9.28300440092291,18.9861757734083,14.2560860514633,13.1738990180936,9.62376209800593,15.5098242578169,12.8147763737877,15.0473174076318
-0.609425470693229,-3.1662824935298,0.531941766013757,-0.33682670816855,5.17007451718412,0.976589823142894,1.28809343501124,-3.08390112371751,10.5577029746425,16.3838883622939,13.8365319120664,13.1672341366704,9.91562407209677,15.1285500039447,14.5950748485289,17.6467846749667
-0.638021704776658,-3.15980390082389,0.526507249118229,-0.363955033786493,5.20276103675427,0.989942407607745,1.29956869886376,-3.10919888921522,9.77214529392498,16.3621971315276,13.8318472019601,12.2368513109322,9.37913343419634,17.0278651029493,12.0607497026917,14.1285947130003
-0.600946598681211,-3.14623471489091,0.544637674575271,-0.369908522057986,5.17670312949263,0.982465452326227,1.29871464132064,-3.08207134851201,9.58120529230768,20.8197646154644,13.9961015628874,12.3342573981184,10.1279556171441,17.7017395455052,13.9390189802934,18.9916821019071
-0.60592571276819,-3.16199022708582,0.520567523766497,-0.348481589857979,5.21676816319042,0.98167441666715,1.30084223933383,-3.08514115580145,10.3430010803484,18.0657055442686,13.4351304610588,12.3888970457528,9.81531087619284,17.4741192833913,14.4483624056598,16.6653048484051
-0.622193959064845,-3.15622956065355,0.522057587702325,-0.350007831581683,5.1679801838739,1.00635933133304,1.28328349695424,-3.0943092858572,11.7683186139526,17.199813717737,14.6056182520197,13.3972197177671,9.26754096603124,16.8973894126758,14.1588542231279,16.1843916908755
-0.601839670794863,-3.15289051833198,0.534665223400476,-0.344192925732693,5.19170881409165,0.988974893809417,1.30187128282247,-3.112760354616,11.3974140061583,17.3509246426529,12.68752585145,13.0224491319213,9.28064763878431,16.2039632166229,15.8639640284472,15.7460245609626
-0.606167781179873,-3.16752171018257,0.534385419317878,-0.37368306042499,5.19562762488031,0.978123868660809,1.30996232498309,-3.09525806331407,11.3055650623963,16.4295214899617,14.2605136985535,13.4226638456965,10.2068164366352,18.3891951211061,15.1894783797459,14.4920884981756
-0.615079778202183,-3.15533295732982,0.5347703761161,-0.339015723879272,5.18997143990246,0.979355861673213,1.29746475062494,-3.0768671253823,9.638229523929,15.5119736243489,15.9022160825759,12.9098298570684,10.109970006154,17.0568994712893,14.0485025731521,17.8291815563786
-0.603654994134994,-3.16242747708949,0.531872414256953,-0.356810539717686,5.16963736168865,0.985857252085785,1.29392102474,-3.07062248826511,10.4763746264711,15.8989750983948,14.1900889302839,15.594917231959,10.4967498568708,16.7113635495651,13.9987441362409,17.0789007685086
-0.583430561807685,-3.15588948006142,0.539914217945821,-0.334030307200762,5.25139210044991,0.98434185869956,1.31293734914948,-3.0926500633547,11.3512568304836,20.7494438521058,13.974512279898,13.7441783858266,9.87335150886743,17.2360128386276,14.7534221714337,17.8272542755528
-0.574681171592327,-3.16580223223703,0.534816472077169,-0.343896492248912,5.2005628743989,0.984706607115889,1.28578215065503,-3.09333123766326,12.2050890460707,15.5394214411965,16.4475135770034,13.1463564169793,9.61800590899779,15.3476207278726,15.363068718319,14.5247380932094
-0.594072122034232,-3.13752170433836,0.522545002579375,-0.353881841149428,5.19393920593111,1.01427552630555,1.28100764212382,-3.07856652118628,9.85458027461254,19.3628402454439,14.7280450654914,14.325123177488,10.0057382953163,17.1840567896072,14.3760735733078,14.2676583191429
-0.594483636251625,-3.15501660725285,0.552669504787508,-0.36900946671295,5.22922185896368,0.99247581592887,1.3007284616723,-3.10006431859059,12.8733666012435,18.3573896572086,14.0065184468299,11.6180662488018,8.42794632200979,16.8033596011511,13.8298794595187,14.1621571294276
-0.604658635773681,-3.13108008376493,0.553917293902599,-0.325395767686696,5.22312106659745,0.974842742224145,1.29680872618679,-3.08655255550782,12.4477008824174,16.0806195896157,16.3140269846507,12.3951618051868,9.69048652479339,17.3533601547437,15.4566850799891,13.9238922110721
-0.588149244347403,-3.14917506239406,0.540023924749885,-0.336102500962501,5.20602772499582,0.992900480371462,1.2692986058042,-3.10093899184093,11.2655949296468,19.4868423330299,13.4703480319839,13.1036093333936,8.94458865299638,18.4433221243934,16.0734253221313,13.5438292599462
-0.609553487134553,-3.15810384273101,0.540802546284444,-0.368777936865053,5.19415127266975,0.969946136538453,1.28938803071501,-3.10240340159292,10.2926776335645,15.1482052233285,14.6298736001759,12.4645004270497,9.26194864873932,17.0080108438029,15.1545994178786,13.4074318825421
-0.63119537115554,-3.16508925493523,0.538278934162586,-0.359763954746541,5.20858710213796,0.970258115009967,1.30811375671974,-3.08664498924886,12.0148656089361,17.858842824388,15.5137388525339,12.4577195658419,10.4965581669353,17.6585785535776,13.9583192537473,13.5218615848081
-0.618572733909782,-3.18014172848869,0.541546780280199,-0.330170451994669,5.1709229648697,0.977239778190701,1.30308005857709,-3.0760449108822,11.214779112315,16.4520871482223,15.4019750412115,14.5039291397778,11.0237449633076,17.2682563893052,13.1265378575874,13.0429515365264
-0.628507308656211,-3.14050876831082,0.556351781568936,-0.367930525548004,5.1815541748011,0.981745980806422,1.27316283934955,-3.08526920110476,11.1668517724163,16.0079159333025,16.5879581213328,11.9403777714677,9.85273666332534,17.2620834691173,13.1751506371535,13.72720894958
-0.613309889076092,-3.17219361449074,0.542082901889158,-0.355381272899991,5.183815427908,0.954328391799796,1.29400539727487,-3.09833592231162,10.6280842664049,17.2730245788236,14.5105555892622,11.2516818211749,10.0940400199631,15.9287499498175,14.4351509777578,13.7830544747234
-0.623610629781011,-3.16686901360296,0.579577515078246,-0.307737594913531,5.20487384707225,0.979030785061094,1.29757960086646,-3.12958768394039,10.7137002538066,17.2648398125995,13.5256994817405,11.4630299005782,8.53005318816694,16.5773007334791,11.6540453829409,15.3167850013943
-0.638422444875464,-3.15425390530656,0.539601299907765,-0.338798126037655,5.20756056283267,0.955386759202413,1.27427086781996,-3.09960078539623,10.6294229739013,15.7899357447205,15.0209452726794,13.3489629218319,9.50106496704255,15.0263793663908,11.6119019671152,12.0791983640649
-0.627338083497961,-3.16662501212064,0.542986540054243,-0.334470470396717,5.1910879748561,0.969560907143199,1.27802916815006,-3.11861479997683,11.0323360408384,17.2148732104456,13.4516703927898,13.5592499301035,9.89809075989905,15.6624067201318,14.1644317394575,13.1020438110254
-0.621074469337145,-3.17578000223828,0.519582114729216,-0.34323297103754,5.20515354307908,0.96938213841419,1.28937025313216,-3.08586691188275,10.3377599478651,16.2945121190745,12.0990680931228,11.2256416773077,8.75802010395634,17.211659352572,13.2650093722476,13.2416999196667
-0.615202095607567,-3.164673912651,0.532496361964892,-0.337959727678028,5.19973347884696,0.954432041390706,1.27767746471852,-3.10406644458699,10.5947372107976,16.2976056276642,12.2994700652037,11.6370015929042,10.3484312571451,17.2993660573503,13.2458079330414,13.7493622845897
-0.600133891103878,-3.1613672817406,0.545194577628661,-0.334683858406586,5.16424387600363,0.961189142357216,1.25969178635331,-3.10931141407717,11.5183591793182,15.2965641242455,13.1696304853315,13.5639914488274,8.41350643725905,14.7072979758129,12.5058282195697,11.5883495291002
-0.624519437052191,-3.17174060770597,0.553527976368188,-0.350949121691258,5.20786341528814,0.983177957231764,1.29878673565924,-3.10525361749815,12.1841142728333,18.1442951473762,13.3379709291579,12.7752043827694,9.64615161606249,17.1158559203107,12.750933033561,12.7516050603525
-0.615902987437271,-3.17119993989044,0.535279964026693,-0.331360932427979,5.22810412892577,0.950983191063707,1.28255886914984,-3.06882250713115,11.0105736056053,16.5074392381264,14.966600788026,13.1366674924019,9.26332486940746,17.1011440297176,13.6883748028677,12.9055398984972
-0.635328239243629,-3.1719502142655,0.576136519207576,-0.355058565497401,5.20229145210766,0.968894652232324,1.30367828629644,-3.07823680044521,12.0086466239016,16.2327440308603,14.4261625372536,12.8266581718657,8.39552197927897,17.7104244146226,13.7909400174737,12.051831950267
-0.614608879222477,-3.16567986015196,0.556903016749266,-0.355319877932602,5.18068636812965,0.964451553408949,1.28408898797165,-3.08219783574881,11.7243665570838,16.0121595053116,13.3828272326822,13.0741235724614,8.97659922323622,17.3889399857265,13.3753135815854,12.8036106129599
-0.637111428324126,-3.16334730816818,0.54843983265761,-0.370135896926932,5.17269168263914,0.967242966556662,1.30218442002263,-3.0801252824239,11.4373816240362,16.1354836189012,13.5301923357599,13.4067627794765,9.81540058456738,20.0554338218544,12.832210008251,13.4751035536407
-0.607021732174348,-3.17638909767195,0.530768191118766,-0.332471210688847,5.18996137160309,0.959925504546686,1.28376825266417,-3.09303347644708,10.6109478726569,13.0983760870336,13.1607358798728,13.6700277105877,8.82535511798793,18.0544348826319,13.2591644378599,13.5833011890469
-0.644984339550339,-3.17988935530966,0.518571377037474,-0.339380246674656,5.18336024262097,0.957931335897615,1.28605355909434,-3.07926916418469,9.59044457803275,13.3135852095689,12.9152877660242,12.981220359146,9.50180031859408,18.2775569563319,12.2021178511248,14.8567586433761
-0.619668125428865,-3.17899252827096,0.540483958700637,-0.358766650344703,5.18747884628799,0.95742840469682,1.26640883137175,-3.08718426094145,11.0334930118238,13.6684769008072,13.7305386369109,13.6334366036029,9.37836597935581,17.8098893526023,13.9508504007441,13.4924635728269
-0.617051984249635,-3.19538405898341,0.55383615515183,-0.346633066267336,5.21328460074457,0.951188393011407,1.29663839562496,-3.0857445055653,9.56590860607544,12.5519924368734,14.9090945930104,11.5979322700124,9.45016285355021,18.6401322294961,13.3931004763847,15.7690141023333
-0.609543604605904,-3.16940050951429,0.558973097781539,-0.348580711852797,5.17267617281862,0.932194120280143,1.26075811297375,-3.07772206370256,10.2984662297942,15.2999136170689,12.342130223273,13.3070760422763,10.0064164636824,15.4766476645916,13.739622385677,15.594801469852
-0.650752442817681,-3.17440993704677,0.52407297587342,-0.342455808329177,5.21024916355905,0.971410525699824,1.28784855567025,-3.09217172294011,9.70298866839825,12.9724049983669,11.3774086423697,11.8265598267078,9.44354252350322,15.6041398575691,13.6623448427349,13.578678160029
-0.660525731116859,-3.18656543573007,0.544348421270152,-0.357348753239167,5.18828017775281,0.970161267631087,1.2971407710266,-3.07379455920182,9.96363546633608,14.0705084376894,11.3467224830585,13.4250253798882,10.4617945946193,17.1725430958424,12.78358522711,13.3711370758953
-0.612816353688666,-3.16553643478407,0.520917042912359,-0.360301377791898,5.16542538583245,0.953143544192485,1.30828027464818,-3.11919580768073,9.82589037867839,14.3176268895323,10.1379047603383,12.7826316800596,10.3066156677502,12.9685091611685,13.087646712041,12.7253908964813
-0.630351732611185,-3.18946837447768,0.483268894186931,-0.340126881913506,5.21347834265805,0.974540224237213,1.29551585797382,-3.10223536883513,9.90580205429061,13.8747968334958,10.2939962752927,13.4044057162932,10.2041497946093,14.2581409739474,13.9301560499481,13.6622593273689
-0.648301270118318,-3.16447431518886,0.528638543916306,-0.343966256464555,5.18391275683806,0.947756431346424,1.2885857115215,-3.08479015616847,9.00838980277429,12.6031623109681,10.43437336445,12.4530990827536,11.4087343061723,16.6073474394398,14.9434296296303,14.585310126006
-0.634808206143223,-3.16665005623505,0.540754877289842,-0.335377017322978,5.18725413606894,0.963061603038207,1.28580346542689,-3.0724506811043,10.0079065365173,15.8940827595601,10.5412588756475,11.3072840130328,9.75647895502406,17.175594193772,16.5363321428299,14.5678360621804
-0.653571428030701,-3.15228478455194,0.513317590418463,-0.325498254094432,5.19766604487772,0.975372037240269,1.32172263751787,-3.08244622011696,8.36782415821717,12.2667093020166,11.6479676938486,13.7869416813117,11.0615990290694,15.3918924086042,15.0837537801194,14.0879059760648
-0.645071913131902,-3.16185574922868,0.54745303835949,-0.327726710074234,5.1906965983919,0.960695615369471,1.29530802597549,-3.10677587214607,9.90509679409329,13.2779731950147,10.7108138099063,11.9735857100611,9.51346920344815,15.2785740737944,15.6019203375507,13.2215008945754
-0.6668928132512,-3.19136887008644,0.5222278111208,-0.335761204403175,5.16118993223789,0.970526269130729,1.28318276215544,-3.10424669603187,9.37242324865064,12.9115295903366,11.0264644495081,13.3084053228213,10.0523119379385,15.2721268115863,13.8123605652182,13.5170497235828
-0.659121654505379,-3.18642335971165,0.532283636549295,-0.345270317545926,5.15253664637229,0.950661857758257,1.27596446402334,-3.12821751502776,9.20433730220401,12.8228798109553,12.1941375412392,13.0593237634565,8.77548948843406,15.7198804573215,13.9292983329307,14.8946066837039
-0.644889328672254,-3.20827558881345,0.535346738528882,-0.338075982078587,5.16801432545864,0.960290655138058,1.29605967737885,-3.10996149822355,11.0538490056619,12.242331520752,11.2349728063214,13.3531984178654,9.63502661977079,18.1525445928882,15.2123429413491,12.9888438905669
-0.65299032292573,-3.20328753735633,0.523958100367838,-0.322401640386581,5.19206378586421,0.968155661657845,1.27722073357064,-3.10708106508992,9.06740284900383,13.1887985863711,11.7719411672518,12.8531480357994,9.27022812185598,14.4720424566945,14.4540126965224,15.4455149919733
-0.646687406270094,-3.19606796644056,0.539367127686183,-0.348021025548495,5.16499698380139,0.999106562944649,1.29067391222061,-3.06425704535109,9.92228013511955,11.8424672612527,12.3012681050408,13.8459016803009,10.3668749795908,17.6760337796298,16.7063281286858,16.5441179983443
-0.62785301030642,-3.21397065607688,0.527762892431193,-0.342633463382583,5.21388442356637,0.96161671980579,1.25737133742491,-3.06707534844298,9.49294521250382,11.5821172144361,11.4348005150787,13.1827206054776,9.7256671694959,17.0071417234177,13.7573925048611,15.3894612594607
-0.617995671371346,-3.17209791081049,0.534232772202931,-0.337184368756473,5.16810298232159,0.976568137376256,1.27565196584932,-3.09597801933751,9.90563944895065,11.4950162809189,12.6870220597177,13.3663442792206,9.99452461835268,15.1925017791704,12.214609023015,16.6870565556157
-0.644333028437678,-3.17949989135273,0.51288804999758,-0.333562064315991,5.17406531900585,0.971965203283194,1.27346894030608,-3.08678947548916,7.97562026495778,12.0768444477869,13.020932943587,13.8414157914289,9.38990816378231,17.5369178050508,14.6963404631943,14.9545312575825
-0.61461498753665,-3.19678304288262,0.518892603759518,-0.337121181301126,5.17974530462329,0.970740834186797,1.30694183491019,-3.08247085715805,10.4891742200643,13.6155367487687,14.9320793954556,14.1897556676274,11.3930967071748,13.9374744879653,15.4841420644081,13.5600598830173
-0.667667568927479,-3.2089663648854,0.538650699184462,-0.352791113442991,5.15208892909198,0.977075496693102,1.26702721097854,-3.06102532674596,9.96765682610964,13.3787419586011,14.3532461699004,12.9912457220887,9.86883289828881,16.5034060764341,15.7161091075394,12.9568516036814
-0.613224957505665,-3.18043633224762,0.542953537082569,-0.354356742151455,5.17424147033788,0.963925097994716,1.28754567920636,-3.07132884760033,9.98104959495858,14.759585368449,12.7092185799935,11.5085638368641,9.62941298735654,14.0728732692475,14.3681731806989,13.9709678876298
-0.63747066846187,-3.1778177151511,0.552421996531034,-0.336041996765033,5.16900940429271,0.978563452569337,1.29056678893007,-3.07688272215144,9.22369938998162,12.4886225872213,12.5306384249186,13.1320014954806,9.70553960926175,15.5075911938719,12.9821478353692,14.4222691470358
-0.660088855815459,-3.20224463586336,0.515012582365533,-0.319280477113532,5.22920583692652,0.958663674530399,1.28549331519457,-3.10018959435335,10.5160726438726,13.0403461055509,13.3890412260178,12.7416361868915,9.81475816945941,16.5559701192141,13.8322376512699,14.3380443810559
-0.642505728278964,-3.18993843033866,0.545816071750824,-0.338790640249835,5.1441984985077,0.96464646681531,1.25783287436324,-3.07742208414007,9.46238524510873,11.3366808855985,12.4252828998337,11.8372124521729,11.0614515606405,13.1701085444967,13.7792510367478,16.7583127785719
-0.64644669721294,-3.19152249673893,0.54483497845295,-0.339066709387901,5.17845930800679,0.95607370841632,1.2849947499098,-3.08059135034958,9.65383884603593,11.0960505146008,12.0302102272476,14.1051502456621,12.3730484057119,16.5483227776245,14.4565144385267,15.9562652354429
-0.634318691380429,-3.18000657151781,0.547595299571101,-0.358809706433616,5.17650022404046,0.963605275840291,1.28202421075579,-3.08130971490133,9.13043701596696,12.2393679987677,10.6234242700029,11.8902139870101,8.82200965617517,15.0350597609612,13.6998841212573,15.6717519336823
-0.639181614876807,-3.17611300320059,0.52911025658508,-0.348828185859906,5.18129610086895,0.941018354937337,1.27323286709869,-3.10338454967413,10.0112632309407,11.6958653259128,11.0721739872558,14.4189757160305,10.3505226410273,16.3290215721064,14.267936256361,14.7184588310186
-0.673790605460773,-3.16766009949337,0.542512290510201,-0.329149413939159,5.17447454193909,0.973323225737667,1.29344941363756,-3.07994440373788,10.8693858777361,11.7678762917659,13.7804356090692,13.1505206250358,10.7988568907334,16.7659979994598,12.7938949754952,15.0641075096268
-0.616385466856475,-3.17201085753571,0.511314875100058,-0.352986727746039,5.16616595714965,0.947408478784559,1.26152745391652,-3.08050195720365,9.37654668385098,12.0907119308315,11.507975814051,12.234874323132,11.344745384495,16.2083818714937,11.7429395728075,16.9797734101918
-0.637331775549199,-3.15976080763888,0.525294953030535,-0.329574103303799,5.19054632143955,0.962067063053281,1.26919234382307,-3.07830610801126,9.86064613925087,12.0728657010059,12.7246268268872,13.2514024631762,11.2117596969513,15.9361942618241,14.2203215127701,15.4965964685335
-0.638755264381785,-3.18985218171441,0.542966445467265,-0.332557801165975,5.16650358049733,0.963720300319655,1.26353766601883,-3.08022546993685,9.24775822913956,12.1391817619225,12.0227385678255,13.4077009957133,10.4858330045426,15.816229897802,12.2367872098232,14.2030376273265
-0.635108063843401,-3.20909982055475,0.532799394790201,-0.355320530254483,5.18645529530686,0.972413792421482,1.26652902256597,-3.08775914130062,10.4417735914192,11.6385244770109,11.930927781695,14.8016508414133,10.5639232839272,17.4274495581666,12.8640183229521,15.0252805100322
-0.636873939628784,-3.20175387470004,0.530366354500297,-0.355601746395209,5.19196671415182,0.9557574346861,1.26122751959028,-3.07745570830248,10.2215657322565,10.5239093668891,13.7772344399987,12.8640377551792,9.89504569625285,13.8461081719539,13.2521010632035,15.2585790611739
-0.627596819088797,-3.21451358511776,0.529554538152026,-0.361091709296882,5.19826478714469,0.956978954590776,1.24140905890443,-3.08942803162793,11.2587697134348,10.5722470293542,12.1888312072212,11.512117283692,9.55871599192476,14.8555735911917,13.4239736402407,16.4274476229488
-0.628687138394673,-3.19949560463677,0.527141682280641,-0.352153539226519,5.16094564590763,0.965685677169036,1.23644597843251,-3.07010450380654,8.90318435412821,10.2041027715655,12.9407300243798,12.6750572298982,10.8176411689824,15.9044397837581,13.4513498086137,15.3803152132963
-0.602314013349397,-3.17793791113658,0.532136426839806,-0.331808952449609,5.16712570669173,0.983212169588812,1.22752036853765,-3.08125353232957,10.0928740401107,10.9018324853241,12.4817481386519,11.4234116880338,9.83724365839162,14.7464049043803,13.275297536173,14.5230984731023
-0.626443533386756,-3.18053158342161,0.513917788104981,-0.35767082413388,5.20392697260625,0.971678185821747,1.23781715237557,-3.07711362868568,11.1548270410082,11.5045926824968,14.449278758542,11.18709339257,10.6095489888183,15.3857510763357,11.4644537760045,15.9790265259452
-0.592749609943136,-3.1835318971664,0.523766714301054,-0.350820633511447,5.17106876678792,0.956963613438764,1.24740054560873,-3.09309266178445,8.60225621664741,9.7878798371788,12.9248524317968,12.4842313958672,10.9012309843463,14.4214420776367,13.4846994289942,15.6415521188204
-0.639930240677337,-3.21872253126045,0.532619040829587,-0.321764765166408,5.18239803005427,0.977216043001922,1.24616016104151,-3.08880195183941,9.05993356733326,10.4007751771034,13.024335284719,12.9545210657749,9.53812838009217,14.4650039080164,11.9990136328038,16.1664486538691
-0.66944210200009,-3.18394019232549,0.552735549686033,-0.356415627326074,5.16599377245956,0.969738212528094,1.26083085115084,-3.07852667842519,9.71805615037913,12.2569599265381,13.5383644513209,11.7136880729694,10.3121216398614,15.1616663432945,13.4350765935603,16.0662166346804
-0.626994372213169,-3.19559354273755,0.531931238154416,-0.352619137521297,5.17831263240663,0.995797430077043,1.24040699244333,-3.12014213116255,8.13542526101016,11.4802308567633,12.3748889422938,10.6371186916874,10.6457192679102,13.718679561139,13.026334435653,15.0740077071532
-0.624534100631241,-3.19454775466512,0.525043646626298,-0.339289376891642,5.19907212549005,0.997291146459025,1.26811210478198,-3.06994253440094,9.13842551179941,11.9831288847201,13.0376707725954,13.0211959944647,10.6686724598967,15.4325416487853,11.5406948760242,14.3625758501406
-0.630623685139224,-3.1969756647619,0.552004372759851,-0.314107058116333,5.18795558692606,0.956828271893528,1.25285110718437,-3.10398901804344,8.92979271198961,12.602170985887,12.6883744238789,11.4223478517589,10.0302631015891,13.7744340024701,11.9872561544079,14.5238028233963
-0.614076593446049,-3.18728142800594,0.540341073680907,-0.340064125045384,5.17960230554844,0.973612264778987,1.26232299837138,-3.06897306392727,9.87678205552039,11.709589764447,15.5234623165846,12.1103716889864,9.23473241085306,14.7550569953336,13.2345746732319,15.867915058027
-0.632812656879501,-3.20470813720123,0.540055697121031,-0.32829028196873,5.15736559733135,0.968043819992103,1.23230735901788,-3.08803022924963,10.8279639354426,13.0686828202887,14.0545791114296,12.1351590942028,9.1054233086049,13.5333720471347,11.9291742391339,14.1918198750765
-0.644288095979414,-3.20777553265279,0.529174790215579,-0.351209302412659,5.14499131823361,0.989635060094966,1.22399206594377,-3.10945515682971,10.734649251799,13.9858698992352,12.9564283157351,11.8755289930702,10.2310933016187,13.6779539992244,14.1116364593167,16.5335722883741
-0.600441842987861,-3.17694575743863,0.526671007701491,-0.345672260585709,5.19989345637982,0.971539787321205,1.22976888956499,-3.12344469683271,9.62655675873287,11.3801474754746,13.4511913047655,13.4920406311173,9.59766412880329,13.7296630800137,11.7631429126149,15.9813852386974
-0.630218673419195,-3.15722460814006,0.543598704958331,-0.331933122414651,5.17257409965107,0.978885913121366,1.21191576728023,-3.10398006380288,10.5574306849424,12.8052026050638,11.7410913913546,10.1661034929916,10.771766430784,12.5849310960035,13.2572441001488,15.8383615538619
-0.638787829723465,-3.20077595072335,0.533155183034885,-0.338833117774627,5.2006580484546,0.95838652903118,1.21882490527057,-3.07477600626911,9.81580378766479,12.0687651913877,10.9265480587185,11.7264853564192,9.80081861543024,14.6913794892405,13.4038819481479,15.7480519155109
-0.611953495438684,-3.16352475732429,0.518749083913742,-0.358655817358745,5.15532844468222,0.953669211539569,1.22077422079525,-3.07318430304006,7.9771543420551,11.2340839584921,11.534819036238,13.7505140079708,9.58222680782352,14.507189229855,12.4441026163482,16.4817340418289
-0.638466620674181,-3.18831109380329,0.541066860084723,-0.366847987732903,5.21606759930271,0.961669670125608,1.24809878765853,-3.1020688394267,9.51218475706174,13.1575476607964,11.7274204537822,12.117082534921,10.587642995458,13.3164009502753,13.6199286938714,17.8823300815277
-0.630820516342538,-3.18620396613208,0.547836423522665,-0.350097111692781,5.18532263602936,0.982339827496996,1.23883946287324,-3.11465873391397,9.75223175893519,11.7538392735499,10.1294194360475,11.9414570148069,10.5770517616961,13.5135738916153,14.074656878112,16.2085134982859
-0.609758826435955,-3.20323748980222,0.530050713966963,-0.35118097962765,5.18558303005517,0.953987877904675,1.23531218805152,-3.1135296969257,8.61219865112873,12.5523210910567,10.4617296155496,10.8345695382949,11.0509064282893,14.0741740156853,14.7087390227069,15.0271951733887
-0.623664618680648,-3.18575994432665,0.533826667815939,-0.330691854268173,5.2067787310347,0.977617753228834,1.23468529512038,-3.08171383393686,8.30946305417163,11.8373695894642,11.0667955370232,12.1300470600215,11.717076967886,14.6030058793563,16.0341256149262,14.7303777042449
