qu0,qu0025,qu005,qu095,qu0975,qu1,id,time
-1.35140564785827,-0.624966720101074,-0.5238532222622,0.525238744991043,0.635943315503725,1.35706954869782,1,0
-3.06267141181805,0.146001326081168,0.292145159847328,1.89056328896091,2.07421942772525,6.43379641921163,1,0.2
-3.3838900299721,0.763102977373666,0.961369863701637,3.14866568083542,3.40776937227884,8.39709240262264,1,0.4
-3.80377140014736,1.32488145343383,1.5710452391701,4.2096533555198,4.52566150386171,10.5227792074329,1,0.6
-2.09848427979044,1.84103910799473,2.10374152131631,5.10601348519931,5.46252947716871,11.7179750425173,1,0.8
-2.16392159443686,2.31402367898886,2.58925137490064,5.87734849279111,6.26246227408257,14.9088482964239,1,1
-0.929061119694383,2.72562594842813,3.01475126386548,6.53501093112257,6.97399933385818,14.7164456421988,1,1.2
0.139914502075857,3.09795162802643,3.42139368127754,7.11139452599147,7.58581785230443,17.6391812814803,1,1.4
-0.455013780687509,3.42773080355939,3.76032449549777,7.62750446684652,8.11107565674071,15.6912940806474,1,1.6
0.374020948384002,3.73204956632106,4.06237493409979,8.06391883659656,8.57458387241623,16.5820093622785,1,1.8
-1.03505640836624,3.98979636641494,4.33535347723479,8.44417731456615,8.97570221255361,19.105061272009,1,2
0.903339963336301,4.21551047882793,4.57435973237052,8.8072032618493,9.33853531753529,17.0765296446973,1,2.2
1.30897500212977,4.418002189774,4.78545999140877,9.12730678254494,9.65902206378304,18.0577574863517,1,2.4
1.95503050317019,4.59187554003258,4.9562548894701,9.39346405067378,9.94807934853402,18.5407833340036,1,2.6
2.05260873390033,4.73383393880094,5.10306142399823,9.63836290695828,10.2242540599638,20.0517472733837,1,2.8
1.89356002409187,4.86230992133983,5.23949030302711,9.86144410422937,10.4641702775585,18.7470137165653,1,3
2.56492884468921,4.9909655756826,5.36291997605975,10.0829081805881,10.7034890531058,19.4627761897275,1,3.2
1.41259072261875,5.08535149605622,5.46475462487653,10.2583972755976,10.8630833106748,19.4754590549422,1,3.4
1.94230975437806,5.1523071195087,5.53690131789339,10.4335338114372,11.0610063079017,20.9336401460814,1,3.6
1.72155422476679,5.23638467137341,5.61533859572368,10.585916412288,11.2399788595787,24.5063381115278,1,3.8
1.76783593915249,5.26160421007623,5.67290312546544,10.7194284735887,11.3629032277508,20.769266132929,1,4
1.67666643354427,5.3225720369802,5.73084188418697,10.8333044875101,11.5102245693161,22.5214927269495,1,4.2
1.4597777830601,5.36239267720124,5.77407163937869,10.9648277198903,11.6455039156129,21.5987586360944,1,4.4
1.51528310171311,5.40089331411086,5.80980636611635,11.0742710829199,11.7421050577718,23.0579160047056,1,4.6
1.42458255290449,5.4376173248546,5.84938687669585,11.1487196111696,11.8622167114884,23.7486687519106,1,4.8
0.244603406668247,5.47581763598032,5.89733450962816,11.2416563147512,11.9339231522583,20.6503104568145,1,5
0.235423732301299,5.49013065079762,5.90114917618837,11.3289158250041,12.0220445124131,19.8089039210641,1,5.2
0.479351700170932,5.48673257691064,5.91594489187611,11.3898427797633,12.0894867658136,17.8012148924788,1,5.4
0.978009198103036,5.50165490527163,5.92909115184105,11.4778946386682,12.1669353022356,20.2924762959655,1,5.6
2.8266212744089,5.51671956858235,5.96194090802099,11.5087242264912,12.246349855814,18.9225448669923,1,5.8
2.66342239123314,5.54026826477589,5.97212261209766,11.5916776973268,12.3362010714412,20.3251692654642,1,6
2.52058524369519,5.53412593129649,5.98514592501382,11.650781365318,12.3683898095238,21.9519847804088,1,6.2
2.54656327824218,5.54677480960949,5.99472738522939,11.6961471177511,12.4121864214405,20.6990346051913,1,6.4
2.45312846199996,5.55683968798175,5.99383146465025,11.7550326978706,12.4722003618427,22.1683550184,1,6.6
2.42893617523811,5.57638224294079,6.02438518391215,11.7866080364129,12.5277557954278,21.2369422608622,1,6.8
2.18769620744232,5.58477094195108,6.02455549620385,11.8273968429956,12.5785770105292,19.2996826530262,1,7
2.42271190253441,5.57366139238469,6.04125537541727,11.8327891349679,12.6220454188613,19.7839187651515,1,7.2
1.82475410347552,5.57955311249225,6.03229738171077,11.8675342241593,12.6268581227275,20.1441328903474,1,7.4
3.17962300285978,5.57809155379809,6.03599500608002,11.8850812099945,12.6496940466555,17.8713532070486,1,7.6
3.15522449211846,5.58898285762652,6.03516600601434,11.9046681404609,12.699255467931,18.2580041579021,1,7.8
2.74626209134181,5.58137090064562,6.0494795446277,11.9418703222794,12.7215427828829,18.7055734694861,1,8
2.98763956621704,5.58910833603209,6.04428442570928,11.9535881619521,12.7323570026651,19.6999154768159,1,8.2
2.90857645352736,5.60315878777516,6.05932125784091,11.9715921921154,12.7640577608617,21.1661056112806,1,8.4
3.08352354607067,5.62839941767443,6.07276542936939,11.9972684973299,12.80345990275,19.0769585493494,1,8.6
1.89139705990826,5.60900794063127,6.06282793408364,12.0226892759774,12.8104449915235,18.792189475132,1,8.8
3.31681627101358,5.63974004554266,6.06177332684386,12.0542248818684,12.8533281084504,21.1697443921841,1,9
2.60548713859276,5.63696790027788,6.06504586648264,12.0716473055934,12.8667787345479,19.8676372197506,1,9.2
2.64077489318386,5.6065879030166,6.05895600306923,12.0819494453293,12.8783611198189,19.5588253979174,1,9.4
2.97374025730227,5.64254799796357,6.0708013147814,12.0997822376461,12.8861418870217,20.6610831358039,1,9.6
2.33312256434085,5.63628165429669,6.06220097206296,12.1002572886438,12.9347459061463,19.0912313492838,1,9.8
2.39463278909657,5.63617732627642,6.0705476988496,12.1273449490967,12.9142188184411,18.8339075808338,1,10
-1.37744291850881,-0.6312313378489,-0.527879820640706,0.522736027173551,0.621855493334006,1.83563801495814,2,0
-3.50938156602294,-0.266441725018397,-0.132899460287248,1.23122820856265,1.37110792407959,4.44178180098466,2,0.2
-3.01132752009141,0.0557769944010578,0.228415380494055,1.89371247165359,2.07789613817188,6.09311888522558,2,0.4
-4.03884727882368,0.35691388876486,0.553833865357494,2.52669448987083,2.7641687655326,5.88192671487766,2,0.6
-2.27784923535905,0.652060190268396,0.867570282838671,3.08312964873296,3.34601653854484,7.42422766218679,2,0.8
-3.31490856123996,0.91359668567081,1.15558306158818,3.59988275603789,3.90024003163099,9.97163498432817,2,1
-4.17909045391567,1.16849165443861,1.43050198732046,4.08269079551435,4.39662899443637,12.5264611277609,2,1.2
-4.91181395069688,1.40369131524682,1.68554231961077,4.51683494619374,4.85526977459319,11.2504634554358,2,1.4
-3.81314778493313,1.63920539547752,1.93290197627998,4.90074642605381,5.26321493980036,12.2894956257225,2,1.6
-3.71322075726153,1.86618570717043,2.15557418139777,5.26908647192932,5.64186545178921,11.4036250974254,2,1.8
-2.73620257068113,2.07623493340152,2.37989550979361,5.61363170354247,5.9823354916169,10.8350676579718,2,2
-3.19025501194073,2.24819772288645,2.57396470116148,5.908162697273,6.27994384243689,11.1181322249424,2,2.2
-3.37210233750609,2.46267496609528,2.77127531286305,6.17173753444343,6.55143552227336,12.0271348530061,2,2.4
-2.20910388575687,2.61909968107723,2.94623729296389,6.437697082002,6.84145704831669,12.2511135975291,2,2.6
-3.35551488683333,2.79262865207469,3.13175293694189,6.67284289680282,7.0764433267865,13.4777499724294,2,2.8
-1.63017021458208,2.9456679687079,3.29393200040634,6.88901196953888,7.30868467135708,15.0603299508581,2,3
-2.76386879710227,3.10109978189022,3.44253148800396,7.0874927001816,7.52454580936588,15.6073707205805,2,3.2
-2.68350829761005,3.23645932145365,3.58922167079524,7.28062760664827,7.71467828474348,15.1274939621188,2,3.4
-1.97117674102214,3.35433974176523,3.713598129847,7.47119027305137,7.92988576202999,16.6888833227884,2,3.6
-1.4595900546698,3.48731307525874,3.84779009861276,7.62183701582111,8.0824199178691,14.5019983017032,2,3.8
-2.89883785676406,3.61318440349268,3.95301065152954,7.77281953794924,8.23528307265905,15.5857740962051,2,4
-3.71034734505676,3.70763200680228,4.07097756955441,7.91695832300291,8.39087863305546,14.6201378521836,2,4.2
-2.83860569578838,3.81182503673211,4.18765110092451,8.06277459811458,8.53080953757704,15.3415106873165,2,4.4
-0.969262456024925,3.91741762664476,4.27956727504644,8.18999421598569,8.68191688033909,15.3235589608065,2,4.6
-2.57719165602255,3.99830939866311,4.37397980823704,8.29886953028418,8.78885374718818,14.6956652704707,2,4.8
-1.52667155128969,4.08506929273381,4.4429684303062,8.41609706105322,8.92102060071693,14.1117686848589,2,5
-1.86747251103869,4.14566794935863,4.52606592432836,8.5280074268085,9.02439326014546,14.915531918256,2,5.2
-0.21163486670297,4.21959275595755,4.60210275988387,8.61568839326664,9.14158268800474,15.467203622791,2,5.4
-0.508288513219805,4.28619537020313,4.65843555866009,8.69730163236414,9.24285805464542,15.894826226919,2,5.6
0.199101905449803,4.34032948822155,4.71752830728983,8.78574333250073,9.32870915671725,15.273235641243,2,5.8
-0.0992935358771153,4.40205613579026,4.79115744104674,8.86722522216577,9.41130161467364,15.1765495089499,2,6
-0.858564955661745,4.46880755069229,4.85082865146272,8.95352620690331,9.48689632780296,15.1110860950491,2,6.2
-1.17722938360994,4.50603808994553,4.89209582283973,9.02646534460158,9.56966617144749,16.2090330978908,2,6.4
-2.0183807331592,4.5502806481394,4.93586776724777,9.0970487251188,9.66582355661543,15.8073066877114,2,6.6
-3.35038989350994,4.57605880543857,4.97923772349634,9.15757051577136,9.72764286383463,15.2269325743732,2,6.8
-2.09570059944886,4.61808746586374,5.02612057746987,9.21610331708027,9.78618529705427,15.3125406038109,2,7
-2.2180625517568,4.67687471110292,5.06157351460024,9.26824801501136,9.87050916598949,15.8051866791727,2,7.2
-2.30736426341126,4.69857940903686,5.0845241296153,9.32029423199134,9.91585791860003,16.1256355409374,2,7.4
-2.2426343213684,4.72746638892542,5.12637225870241,9.37031908519018,9.9703306910695,15.2363322915708,2,7.6
-2.01182638890939,4.75320629836568,5.15087963461105,9.41410832009734,10.0415019108655,15.2939810052465,2,7.8
-0.478593900975081,4.78139228768318,5.18191657518278,9.47285369974744,10.0788866456203,15.9060180825067,2,8
0.264982874555848,4.80149457301885,5.20887579583285,9.50000452512424,10.1517331077577,16.4714116938967,2,8.2
0.0458660662090437,4.82651253318295,5.23178304030209,9.55670854791041,10.183374980779,15.9888252361361,2,8.4
-0.134410031266449,4.84613495869987,5.25074374368251,9.59829228395888,10.2405932786543,16.5568340028187,2,8.6
0.318437757556133,4.85287193267531,5.26714349364013,9.62680069659442,10.2564476093511,15.7845628643981,2,8.8
-0.0397591291225778,4.88640196099042,5.29442064704873,9.66721009764795,10.2938299221231,16.289715159755,2,9
-0.384795437195463,4.88823835827145,5.28999894256524,9.69719016338517,10.3519014578337,16.6536293675379,2,9.2
-0.34310571363622,4.89267603174733,5.31773578791218,9.74398326405842,10.3870289990037,16.7625238951956,2,9.4
-0.859481254283228,4.89694777748509,5.32750780976518,9.74751640956242,10.4081568759435,16.7512878734446,2,9.6
-0.995691739099063,4.93659423808262,5.3467468282045,9.81008901750438,10.4579258086584,16.9197841724811,2,9.8
-3.22771120084903,4.94991902377451,5.36419915169071,9.81895282000425,10.4681030340916,17.3636473658015,2,10
-1.41123582491151,-0.627094680294872,-0.52062527958302,0.519388027026217,0.626028304794869,1.3270716323575,3,0
-1.8286768767972,-0.445575780475858,-0.311693182355841,0.98368542000608,1.11408496142988,2.60713110144513,3,0.2
-1.8720302450114,-0.26769352917239,-0.113210036235654,1.41040369820794,1.5721211198501,3.52714342456669,3,0.4
-2.43783974548996,-0.0909896456958162,0.086060060274079,1.81507988813509,2.00945083532074,3.86657652017552,3,0.6
-3.5269669819622,0.0789102555976907,0.275032630345905,2.19488469942757,2.41713306863829,4.83632973123754,3,0.8
-3.88699802691472,0.242863848465848,0.454591686093858,2.54246894678896,2.79203470194172,5.44685062944746,3,1
-2.73181541506358,0.408645818750214,0.634493276556535,2.86491824926746,3.12907941589319,7.02302917059092,3,1.2
-3.92919025220708,0.554793045915783,0.793182373859994,3.15418308307681,3.45468111006438,7.73106560568726,3,1.4
-3.02409514632415,0.704408625591244,0.954366432432235,3.4368831605144,3.7300776286427,6.49467323371162,3,1.6
-4.03857201448622,0.839229383790401,1.10307697923879,3.69018255635258,3.98554159556837,6.41547465214497,3,1.8
-3.44504093646998,0.984759957232412,1.2508242139305,3.93624497566647,4.24357697941231,7.1550984545925,3,2
-2.67827510700676,1.10867537521589,1.39445308142402,4.15035904559766,4.46761708922325,7.01225236827245,3,2.2
-1.42917491252841,1.25596770058451,1.52496946256188,4.35804416273765,4.6983729723091,7.91337072214084,3,2.4
-1.75298329378411,1.37737357912249,1.65685895515313,4.54371677668977,4.89848094341125,7.91379183682094,3,2.6
-1.43874440118478,1.4791284787071,1.77422131377199,4.73827500309731,5.08936378207653,8.43604760438281,3,2.8
-1.58123180170948,1.60458652796611,1.89736251878763,4.90056589069605,5.27056018132982,8.7998968646681,3,3
-2.5897900470491,1.69340959342467,2.00465180329603,5.06214601168257,5.43845742563109,8.69523216043994,3,3.2
-1.5851913542742,1.81705526796661,2.11316107629926,5.20941460816646,5.57608035414347,9.21971295034387,3,3.4
-1.89642504548187,1.91148001302917,2.20783427601756,5.36430415379658,5.76747922330972,9.06808989972094,3,3.6
-1.78325177905057,2.00925308764036,2.31287402117673,5.48300346704648,5.8803401139703,9.18479183497298,3,3.8
-2.2601150295276,2.08247480321423,2.40155518275296,5.61482701711981,6.0158779771627,10.5523573480822,3,4
-1.85490011919152,2.18314079936365,2.49173870222456,5.73300786144324,6.15425397494553,10.9985664647614,3,4.2
-4.34332654694736,2.24760212521088,2.56561993236309,5.85148700514164,6.27614205093256,11.8678868395129,3,4.4
-2.92691424543614,2.3400231059707,2.64564628245945,5.94480104080154,6.37049319820729,11.0282644801407,3,4.6
-1.25719961787799,2.39122935083582,2.71955098558469,6.0427742201751,6.45722417445411,12.2263963386211,3,4.8
-1.14532769859816,2.47492339089141,2.79192769448749,6.14605422140841,6.58558623677178,11.8006546748808,3,5
-0.955208344222288,2.53126598287235,2.85988267901356,6.22887292223529,6.68130958651893,13.8730893936648,3,5.2
-0.930004911452243,2.60812671793178,2.92884037900268,6.33405322397337,6.77528254106084,13.8534263673359,3,5.4
-1.44345674413269,2.6744951473984,3.00248846715673,6.41886066976312,6.85198041676225,13.3776071553922,3,5.6
-1.33152034244672,2.72971958911195,3.04732216221037,6.48488818315902,6.9516758280401,13.3233680693518,3,5.8
-0.637788476337989,2.78276559183802,3.11045935035742,6.56254781395226,7.03674777541687,14.0938728419337,3,6
-2.08997186224246,2.8446886358327,3.16873752262451,6.62438943932442,7.12138549908271,13.9070183085699,3,6.2
-2.17701641918106,2.87963015896268,3.2001907725538,6.70061974850874,7.18187099021178,13.5022475832028,3,6.4
-1.59401508915707,2.94119036253052,3.26302260616602,6.76924794991628,7.26260626361354,12.9645557647622,3,6.6
-2.40740573947145,2.98585922556504,3.30374678723939,6.82360314555282,7.32652268676408,13.8317373542203,3,6.8
-2.22936907463139,3.01075711121012,3.32890630623102,6.88374447196998,7.39278346381439,14.3957113440502,3,7
-3.41978889170684,3.04431305695465,3.38625984073351,6.93686928222999,7.43799000843762,13.9752144260309,3,7.2
-3.53843069066034,3.08896769127977,3.42054867307446,6.99413545510727,7.52362172369769,13.3347875400979,3,7.4
-4.38096500197409,3.11907953720189,3.44844989072576,7.0352421872972,7.54236883190178,14.605108869272,3,7.6
-2.28606505085442,3.15278871611856,3.47882228970568,7.08963621731655,7.59104007441166,13.8312096447243,3,7.8
-4.19381615129821,3.2003959620398,3.52373526799151,7.12820166278706,7.62663870203003,13.7345448713508,3,8
-3.20197767466878,3.20394095266269,3.53289477517061,7.17119946176798,7.69914612029539,14.4003093119528,3,8.2
-2.88443886781088,3.22426700342347,3.56968312087867,7.20543259913701,7.72465995203329,16.9443609484253,3,8.4
-3.32820328583989,3.24982543452411,3.59652854324003,7.25703253692532,7.77574865560753,16.6785312828573,3,8.6
-2.82888448959131,3.28805335078739,3.61915884181428,7.30392162367818,7.84863109046686,17.9398218744517,3,8.8
-2.19672898671425,3.3141715713025,3.64434020519395,7.34559786850046,7.8738537675193,17.374748963885,3,9
-2.65661967236359,3.33941443749238,3.66270073654561,7.37140717716769,7.90481949374911,17.1043875464111,3,9.2
-1.70437870884533,3.35674440260595,3.69376083488108,7.42330300947827,7.96497326382091,16.9011078982666,3,9.4
-1.13580339976105,3.37982248019182,3.71680151497344,7.43202525781,7.99526110042696,16.0260910672042,3,9.6
-0.655565032969771,3.40173695658606,3.7462133976225,7.49000025404298,8.01755760260202,15.6849304021161,3,9.8
-0.444027754756754,3.41315891549963,3.7584138440361,7.51571298471328,8.07159745955338,17.0271605725779,3,10
-1.41215910265847,-0.625965294050149,-0.523861155817601,0.522061509589325,0.621986921118403,1.39502408691329,4,0
-1.20100710572621,-0.086612867561243,0.0379722706501619,1.3773463355233,1.5165690996015,2.89869049140715,4,0.2
-0.989858831880842,0.357184816265259,0.512293359350312,2.2215392474009,2.40394828947092,3.76470703867469,4,0.4
-0.603269451250858,0.755328451474761,0.940526737036742,3.00102621883287,3.22214143324998,5.22516268361944,4,0.6
-0.906485818169814,1.14089025348839,1.35168575416219,3.71022677920006,3.98010281493461,6.97140022656133,4,0.8
-0.597931702153723,1.4769028747385,1.70362443610672,4.34648057106573,4.62839979859951,7.45896792111558,4,1
-0.547916299649821,1.82469101093447,2.07425915735741,4.91255229841438,5.23332854537741,8.38337313862377,4,1.2
0.0186158828329256,2.13813218085444,2.39372221827793,5.42319042428422,5.7446511895517,9.05552904579658,4,1.4
0.327693437674227,2.41255015274382,2.70543582931982,5.88793015195454,6.23645498491074,9.77942859615612,4,1.6
0.910521202442242,2.7075529901491,2.99578689696862,6.2967196406411,6.64310933329673,9.78455156865685,4,1.8
0.856265065250009,2.97114130708835,3.2819065718662,6.67471225641714,7.02561680329621,9.65212715515738,4,2
0.465197827271985,3.20670890622476,3.53217487399755,7.0105583373551,7.37572888014672,10.2275072539481,4,2.2
0.934319050731488,3.45086453817093,3.77449347555349,7.29748927330297,7.65878912513762,10.9347373468721,4,2.4
1.13496919031042,3.68088499095642,4.0181608068043,7.58914890778608,7.97130224968907,10.8577456571525,4,2.6
1.19974391798882,3.88074493627783,4.203303384878,7.8328463057491,8.17872341366414,10.8924831915354,4,2.8
1.22884753635577,4.08109888700295,4.41770001402474,8.06851641075031,8.43145306278626,11.2269350809424,4,3
1.36440404020123,4.26583132658564,4.61466330742779,8.26988642649894,8.63823876596698,11.5707601624222,4,3.2
1.97738339444156,4.45061743600717,4.79838184451647,8.46953247420208,8.82863120986269,11.4072903448055,4,3.4
1.8022312136625,4.61139620595548,4.95865253017047,8.63437804467421,9.01659986651194,11.6816829594334,4,3.6
1.93454159000026,4.78287191733948,5.12670236283081,8.8035628789237,9.15710533419869,12.0783909888543,4,3.8
1.43749693920279,4.91266452610422,5.2680845231418,8.93884654003349,9.31159481818086,12.2540708085518,4,4
1.57186191341638,5.04268057902568,5.40368086468859,9.07666497460836,9.44099986451847,13.039676748712,4,4.2
2.27220680892084,5.17358448352068,5.52795772804087,9.1927953435911,9.56294766519908,12.5220751859922,4,4.4
2.42423953582396,5.31778376481169,5.65748822114864,9.32132390847534,9.6919388778302,13.15802911034,4,4.6
2.85199836710928,5.41482983966949,5.76189092176955,9.42844848148652,9.80060663770968,13.3579944709522,4,4.8
2.79213197496093,5.52417070091017,5.86852071298098,9.51331285472915,9.91018733954188,13.8165790374871,4,5
3.33159760194916,5.61994048341951,5.9722166780143,9.61049118000237,9.99705714479341,13.9593274059479,4,5.2
3.37621223182346,5.69594487580498,6.05429920552853,9.70761278635239,10.0725106641295,14.0936295508118,4,5.4
2.8958904752098,5.77773936952183,6.13359132389057,9.79522976395064,10.1581179062206,13.9965484669131,4,5.6
3.21498200661671,5.87889921285753,6.21759719267609,9.86901777722971,10.2369638762319,13.6062871888352,4,5.8
3.41600132329941,5.93438379318734,6.29029440708414,9.9160452097645,10.3103594295298,14.8006266227391,4,6
3.66351998548463,6.01123964307717,6.34645373239392,10.0038685183546,10.3746006986837,13.6677302343227,4,6.2
3.67686568735976,6.06541909803965,6.40242891020629,10.0645883566819,10.4408060630508,14.203720437524,4,6.4
3.76736387502562,6.13278564193405,6.47601609013503,10.1021067668565,10.4866659565565,13.6295671663741,4,6.6
3.44234159562284,6.18435440544863,6.52175737802249,10.1596267315681,10.571725843568,13.9409832338632,4,6.8
3.9150008534879,6.24958602546963,6.57613239380301,10.2128865052514,10.5934678964291,14.8627124591831,4,7
3.98830324944674,6.28670266078387,6.62322271667772,10.2548105901747,10.6581060827784,15.0995779414375,4,7.2
3.30464227701365,6.32101427413729,6.65990697606239,10.2949400099745,10.6902259973564,15.0743035618503,4,7.4
2.82196447012327,6.36637434334198,6.69669630481576,10.3317647319413,10.7249579630863,14.7631793791149,4,7.6
3.54737653611699,6.38814151581694,6.72732527542865,10.3686726560344,10.7619681586565,15.6073410573548,4,7.8
3.59362696570022,6.41447403342538,6.76412612979936,10.3908597534443,10.7687135244078,15.3644187787507,4,8
3.2494181318334,6.45883937577909,6.78882610932804,10.4299994013779,10.8225905629505,15.7173855763501,4,8.2
3.48253417599143,6.4958239008446,6.83148150387005,10.4656528547431,10.8577941785864,15.8198996960104,4,8.4
3.81954527144275,6.51326465830385,6.85840321595994,10.4979920617915,10.8896327544851,15.6813416586445,4,8.6
3.41356810699454,6.52365083153643,6.86743281418769,10.5105501582432,10.9052969277251,15.8267524182635,4,8.8
3.82824347490224,6.57540163153253,6.90092730787123,10.5374505851041,10.9425346696287,15.9868429987425,4,9
4.0250475688936,6.59251561736777,6.92125056918585,10.5766338731618,10.9643453451608,15.9279622607424,4,9.2
4.2129763339453,6.60557670960129,6.93579734814405,10.599606016066,10.9937993373229,15.6761572494297,4,9.4
3.92327557868523,6.63038026507285,6.96828546780242,10.6252309892999,11.0255374451784,15.7360570833494,4,9.6
3.92091261384274,6.65536713129137,6.97357087139182,10.6564055057407,11.0273463282856,15.9049623546557,4,9.8
3.28627228592346,6.66662754119793,6.98810341065091,10.6689453043896,11.0547712863002,16.0703862222542,4,10
-1.62171926613938,-0.628840685619786,-0.521687946550258,0.518598593544561,0.621730053117295,1.41502729652922,5,0
-1.03165993298125,0.21342369145574,0.369493559156232,2.03386530262984,2.21599925804397,3.8599325712403,5,0.2
-0.600034739477442,0.907846804832936,1.12084136719645,3.52685058026795,3.80431453043772,6.99960523486118,5,0.4
-0.573583288992965,1.52946340983326,1.80394925283145,4.88105452684399,5.25032922536877,9.10225368496638,5,0.6
-0.305898087150802,2.11722465154601,2.43138525018887,6.09853887342359,6.53374667887037,11.6171853984882,5,0.8
0.0819519063203608,2.64097744470653,3.00037086462005,7.18462901130606,7.68334457174602,13.1246614712732,5,1
-0.0777340526884554,3.15039608600192,3.54136717415644,8.16883234635206,8.71980339523652,14.0497941168637,5,1.2
0.0181032011427916,3.61145665621627,4.03155461778771,9.0653227506306,9.64834108641628,15.3266218749966,5,1.4
0.565395826590901,4.04567170663485,4.48416492289232,9.88510631536614,10.5155411353868,15.9587011381419,5,1.6
0.957989130053722,4.44147772228477,4.9134383430606,10.6196710640205,11.2955062680292,16.1539517734814,5,1.8
1.79422131356823,4.82183863770859,5.31533352274854,11.2928164239871,11.9864128104901,16.6949755625144,5,2
1.13141251765276,5.1507642084218,5.67308522278237,11.8998199525855,12.6330224336009,17.7002113793978,5,2.2
1.81991232121981,5.45355451197319,5.98627862884126,12.4619916355343,13.1771289505918,18.7398945553948,5,2.4
0.797812966661401,5.76009923355241,6.28136250248023,12.9784723464952,13.7012817610188,20.0417510655881,5,2.6
1.96139155218325,5.99238973587781,6.56672447626325,13.4714607281921,14.2204057471357,19.5613978055023,5,2.8
2.2618210599169,6.22668097656528,6.81073228073483,13.9032042721761,14.6696514072549,20.8368097171164,5,3
2.34260761715415,6.45985364196172,7.03988637903409,14.2972824423938,15.0832799919409,20.9001676145178,5,3.2
1.6683992168165,6.67789392450031,7.23682515111779,14.6753340449774,15.4268936604697,20.7517501386058,5,3.4
1.51154238951341,6.81922122101009,7.40805149730251,14.9981493263715,15.8007059885234,22.0978836465783,5,3.6
1.21610931487972,6.9911353522885,7.58421394015682,15.3025295293545,16.1161752903766,22.2169147615568,5,3.8
1.6089325580295,7.13611711745065,7.74348177188986,15.6101369528855,16.3862460464817,22.8842955438439,5,4
1.4612462739158,7.27726666961078,7.89063490889801,15.8686986700276,16.6614395554895,23.4178373044767,5,4.2
2.75840009218954,7.37193619858525,8.00870586753847,16.1156082950293,16.9467987355468,24.2064476038263,5,4.4
2.9601187821782,7.48318941000579,8.10400774881087,16.3490220000526,17.1390339007687,23.2956656953673,5,4.6
2.88590502124156,7.57634512949246,8.22876188258411,16.5719627266609,17.384797351972,24.5123205623917,5,4.8
2.65345584816639,7.69317442927982,8.32809228733838,16.7554825572481,17.591712674129,23.6155946126125,5,5
2.8570318239849,7.74667817485037,8.40375000504757,16.9417763374428,17.7691658964922,24.3666736628879,5,5.2
3.25963692156407,7.83028079453762,8.45639613722125,17.1303300382179,17.9371567841328,24.8501183695039,5,5.4
2.51578139099552,7.86107788800273,8.5245483126933,17.3159363211515,18.1274564563464,24.658814709109,5,5.6
2.4233046500427,7.93847979203187,8.59208694459505,17.4470941272821,18.2517347329409,24.7293028897698,5,5.8
2.3709252792649,7.98821835725839,8.65268715539292,17.6051590938859,18.4079450397346,23.995298924482,5,6
3.13771594883848,8.01685543025063,8.6981979254385,17.7186201968767,18.5295251792748,24.1731663391082,5,6.2
3.90117773797708,8.07469722308869,8.74556995516057,17.8438419398788,18.6629509658713,24.83168656189,5,6.4
3.53400447738573,8.10548935381935,8.76708183529612,17.9736909523884,18.7735450506398,24.4166034392904,5,6.6
3.87828983614006,8.15179715751696,8.82097203846937,18.0665219641411,18.859883684533,24.9552678607633,5,6.8
3.71857138432386,8.15907444674237,8.83708603928822,18.1868046217534,18.9901204713566,25.863021677925,5,7
3.42292258072805,8.16749725363863,8.87116003277635,18.2693420965831,19.0740269885303,25.526849318068,5,7.2
3.08985314974399,8.19483549141225,8.92306627396352,18.356930042052,19.205203271668,25.9768997304331,5,7.4
3.49023016902362,8.23190256505716,8.93749334673268,18.4421394278867,19.2698959967737,27.2907731283028,5,7.6
3.64029977599815,8.26227330341273,8.98068209682559,18.5096931183936,19.349241915665,27.5921653373272,5,7.8
3.47840585198186,8.29252612051214,8.9808014372966,18.5688576778264,19.4078800143104,27.9651736136667,5,8
3.9733496751925,8.30923335159904,9.01178430623982,18.6599177198629,19.5207634465489,28.5104903760636,5,8.2
2.89913273763313,8.33877929158842,9.03034676408343,18.7092098546181,19.563703645657,28.3706224080683,5,8.4
4.0857459078654,8.32652091667281,9.05751973319617,18.7749180001664,19.619773295197,28.0373961872056,5,8.6
3.62404345889911,8.32891108907135,9.06378338521129,18.8455748632945,19.6946311118597,28.6708621824175,5,8.8
3.86409988185811,8.35171167553203,9.07026790431168,18.8939489910133,19.7282080558752,27.7009769677562,5,9
3.95454801308703,8.33596364730874,9.10098774739659,18.942173022419,19.7824900679286,27.5245475884442,5,9.2
3.77198375923715,8.37434918652207,9.10352260796731,18.9802473338861,19.8547228381737,27.6575171185543,5,9.4
3.69373312821686,8.34972824671318,9.10162856868277,19.029584182376,19.8880622601843,27.2760631693272,5,9.6
3.52214326071384,8.38547720737147,9.11066541941812,19.0710300920936,19.9389967903732,27.1188913167713,5,9.8
3.82706592589869,8.38706805824527,9.1157824528045,19.1096215740044,19.9954902426629,27.7609478982449,5,10
-1.28332850772449,-0.627631220258559,-0.521399548491443,0.524242965067691,0.625313940003518,1.45476109272649,6,0
-0.717413818908419,0.235637260126426,0.374816954561183,1.89338794158683,2.05721798873274,3.12848903785033,6,0.2
-0.949355843702758,0.919551164174318,1.10518251427284,3.24581664516014,3.48713064829305,5.40504331079273,6,0.4
-0.571976384194483,1.56917630923508,1.78598510962836,4.45509804960592,4.79099012386675,7.55418568197277,6,0.6
-0.57724951300285,2.15422460745866,2.39998623625028,5.56795591234105,5.93936941261175,9.11782712999259,6,0.8
0.0543278875977213,2.67648716302871,2.96488339100291,6.56164670568347,6.98234063199503,10.0343864861006,6,1
-0.134958871686817,3.18035020349552,3.50692154384205,7.44708958217676,7.88267509918275,10.6155986080405,6,1.2
0.455958358407951,3.65438002744343,4.00184804281332,8.22876832582998,8.69084737662756,11.8931870090637,6,1.4
0.67979227598021,4.10362848930647,4.46583583502446,8.93001268922159,9.4120400151229,13.0137828856472,6,1.6
1.43561177296014,4.52413290500936,4.91478559126259,9.56675627429731,10.0527235700533,13.645155541406,6,1.8
1.58714187565189,4.91364700566551,5.31625022407452,10.1356728444215,10.6464137011501,13.9100487847889,6,2
1.77744679122995,5.26686243538589,5.6998145406798,10.6403695503456,11.1500441129188,14.6169729268188,6,2.2
1.92885207033345,5.60721781638061,6.04971099296651,11.1169271771186,11.6224162251985,15.2905595575267,6,2.4
1.49387908731574,5.90994428452095,6.37140520614279,11.518887668973,12.053263693713,15.8064719984302,6,2.6
2.27050824821863,6.19705741585443,6.68281905392263,11.8984458632843,12.414030140457,15.8841355263538,6,2.8
2.33640343364326,6.46105499445764,6.95058125364032,12.2432220727408,12.7580561041392,16.7219071229365,6,3
2.9646328574324,6.71497707566931,7.20980184031772,12.558276794453,13.0640586402659,17.4678270097824,6,3.2
2.98491064321358,6.91901040313299,7.45519653852306,12.8416682632642,13.3696003655316,18.2955138954341,6,3.4
3.50919973385396,7.15011937652104,7.6852878156231,13.1101272649272,13.6307061507734,18.1120831275325,6,3.6
2.8149417069577,7.34390130018942,7.87704027123321,13.3364276729935,13.8595558200476,19.0647622289587,6,3.8
2.92878619139329,7.49975813202336,8.07726372856908,13.5527110097777,14.0953125546483,19.6513458897359,6,4
3.27324063841249,7.64521045880584,8.22231357798858,13.750903725631,14.2676982893568,19.6977957296668,6,4.2
3.33391800739368,7.7825380197257,8.37939677192366,13.9473238195869,14.4521514906232,20.519628977465,6,4.4
4.01060044096265,7.92151423075243,8.54203763776386,14.1107603011348,14.6536472658893,20.0505758221036,6,4.6
3.63878103219585,8.05106742976185,8.66364510156169,14.2623969649752,14.776310657354,20.5236497117091,6,4.8
3.30859047224485,8.17340709215802,8.78851094501909,14.4087307920171,14.9567328383992,20.4245035345894,6,5
3.89253305172102,8.23697465194378,8.91636061165254,14.5548688175217,15.1117507067381,20.0659546398665,6,5.2
3.91467620322165,8.31948660175571,9.0078027058562,14.6857660658543,15.2172820421636,20.4380595286976,6,5.4
3.74400657625689,8.40698868547129,9.1043618044834,14.792580342353,15.3515840966637,20.630142446607,6,5.6
4.41188756194671,8.47854595378988,9.19442090998991,14.8926510965051,15.4614160755955,21.3366123498911,6,5.8
4.53924335040833,8.55842921617177,9.25298746676836,15.0086169348797,15.5558462598356,21.5578539437385,6,6
4.26754006461457,8.60249226639437,9.33139992119562,15.1053474712429,15.6632509202512,22.1038421233664,6,6.2
4.4834927085885,8.64529963296738,9.3783160191869,15.1950575281666,15.7262092329783,21.9258236091731,6,6.4
4.20571705020691,8.69042847713034,9.4509109490294,15.2853541138608,15.8125320357963,21.5673473735027,6,6.6
4.73168027513757,8.74995349747066,9.51396210676536,15.34829547876,15.8886575323775,21.9843368608885,6,6.8
4.46623583617493,8.75811213217042,9.55908160683749,15.4246562311529,15.9816923414475,23.3329311987026,6,7
4.77021147909129,8.7985265060352,9.60088805818886,15.4883224826252,16.0316167237547,22.8133507226576,6,7.2
4.33524998232602,8.82201781203302,9.65351535741104,15.5506866801639,16.101257649206,22.1871376825622,6,7.4
4.61443062972345,8.8473443267942,9.66146262097647,15.5976215252708,16.1172265063084,23.1618155608537,6,7.6
3.99529717955389,8.85273855491961,9.71473596349876,15.656201063477,16.1825974374372,22.4473088410181,6,7.8
4.38330438181471,8.90255647486982,9.74905177652993,15.7134258623944,16.2604071238532,22.9912387857579,6,8
4.55869527196225,8.90922890765601,9.75609815523724,15.7445797093681,16.2982768684318,23.3218691233577,6,8.2
4.48760257649042,8.91302751163891,9.80266745416045,15.7907231535869,16.3634226578556,23.1103946879338,6,8.4
3.95971602926458,8.97438909532102,9.80849296305097,15.8423580897032,16.3924980931923,23.7550458978977,6,8.6
4.90901412350518,8.93983914552824,9.81105238538347,15.8633059223785,16.4180331980069,23.7934068983579,6,8.8
4.9773017165307,8.95514138025898,9.86033564493307,15.9060385689969,16.4544931963247,24.2435416839943,6,9
4.88311423438651,8.97094823760851,9.87829447153857,15.9381511073061,16.5077626260319,24.9473664833883,6,9.2
4.56886050709012,8.99447119340813,9.89271728833827,15.9721569433378,16.5561769782637,25.0985452298958,6,9.4
4.90015604546451,9.00878976861323,9.91523167877266,16.0079522366644,16.5803714707483,25.8442886205481,6,9.6
4.97404872146179,8.99776559504438,9.90530694110686,16.0334140969682,16.5872166339152,25.0944793717634,6,9.8
4.91861188074196,9.02376465683024,9.91680272328325,16.057871692542,16.626979960243,26.2486737121924,6,10
-1.37304874106218,-0.620908973912934,-0.52094935156348,0.525665116836207,0.625602842645134,1.54071993136385,7,0
-1.85336850641485,-0.0641496432871629,0.0818224950455141,1.57077720830112,1.73005653644688,3.00972306242137,7,0.2
-2.63500268772252,0.419180227695057,0.60788179614968,2.58387824474757,2.79886521963373,4.84980457384861,7,0.4
-1.16600873203699,0.854414207907985,1.08866569850377,3.51823988567128,3.79908273491703,6.53206339311013,7,0.6
-0.914312511155895,1.28426298642421,1.53351036476527,4.35930831715531,4.68488380719121,7.88244329849426,7,0.8
-0.571151017704266,1.66586895718807,1.96013152462059,5.11453602243756,5.47278846894418,8.98885696380107,7,1
-0.66491219985613,2.02747391195802,2.34277530087945,5.79630684401176,6.18891340165841,9.49249606320411,7,1.2
-0.928636262503655,2.36212833328526,2.7167557140977,6.4180795057793,6.8418090813076,11.0652319978971,7,1.4
-1.03584836849344,2.66484869050163,3.03484537404934,6.98533836167546,7.42599210829529,11.8916874041092,7,1.6
-0.550096318324443,2.9736902379602,3.35621702582163,7.48460442251167,7.94638803729998,12.3914338888638,7,1.8
-0.223332532930369,3.26261523291749,3.64937037412047,7.94365213766716,8.41006308850207,12.4005513535173,7,2
-0.136012208827402,3.49639323714646,3.92131774318313,8.35788326271437,8.82965518052103,12.5339930015229,7,2.2
0.23427527802652,3.75806799596905,4.17951750917088,8.73484852491116,9.244646078158,13.1065589495748,7,2.4
0.481826880884241,3.98290302784877,4.41524099470518,9.09601110064657,9.58651617236393,13.8191112115529,7,2.6
0.311374179545549,4.21693745535311,4.646980952803,9.41553448822208,9.91129477747929,15.1274576930921,7,2.8
-0.271382230443632,4.3736517601212,4.84109421454041,9.68358338027417,10.2242163756105,15.8314665627613,7,3
0.251802100085831,4.56219496976057,5.01954143037932,9.97589971395667,10.4993051557151,16.2789555017876,7,3.2
-0.147902318442152,4.71432591424661,5.19223191320697,10.2192037396639,10.7321489034141,16.8199019303213,7,3.4
0.750681388899837,4.8738608174324,5.36816959660454,10.4385875169969,10.9734937920946,17.4060949510462,7,3.6
0.960507447291245,5.02546188136166,5.51096383719534,10.653009929319,11.1920119202484,17.5104714257469,7,3.8
0.828561543041046,5.13475134731088,5.65456457773576,10.8442540402531,11.3657736225229,17.8869950820129,7,4
0.255653376479335,5.25101269714422,5.76371399954521,11.0179553014916,11.5631958785416,18.231879383571,7,4.2
1.17631345774417,5.36534894305923,5.87702511930241,11.1745990359368,11.7229393734171,18.1849602515364,7,4.4
1.16694190111851,5.45317586984316,5.9891082075137,11.3403947670835,11.9084628243935,18.7363853260853,7,4.6
1.71857500262291,5.55310102471134,6.07063807918403,11.4868768407992,12.0490025500561,19.807203217278,7,4.8
1.76401083486053,5.62220747264672,6.14338488114887,11.6158129937372,12.1650145772948,19.5921258338261,7,5
2.20957176560072,5.70258231829643,6.22591404216819,11.742452632802,12.3149097394226,20.084025476844,7,5.2
1.5836805242147,5.76575759614634,6.28693179385933,11.8571150289777,12.4194969398398,20.468374478001,7,5.4
1.23088395357044,5.81320941022799,6.35473866789876,11.9603723502416,12.5556127835475,20.2795341662147,7,5.6
1.85076348011444,5.86591278762859,6.41481904349954,12.0639081032616,12.6252040684354,20.2894679721842,7,5.8
1.52202377912652,5.9295015671334,6.4665548097231,12.1731517976979,12.7493949621005,20.8262495107161,7,6
1.72651010131126,5.94075782531033,6.51679467108481,12.2414818483201,12.8191497428019,20.613868262782,7,6.2
1.87995280405435,6.00359526279746,6.5552014860182,12.3275972075998,12.9002659378806,21.5748448994897,7,6.4
1.7926029396939,6.04578241211516,6.5957132345929,12.4083705198883,13.0044841313787,22.2820395769513,7,6.6
1.4787940601478,6.09403319264048,6.63719492634299,12.475440965214,13.0644099980417,22.3182345314521,7,6.8
1.25998120210183,6.12824697164417,6.67036308646292,12.5510870402698,13.1458427877271,22.0856186276862,7,7
1.64132467497157,6.1561722433658,6.72148351927946,12.5965944753601,13.2137186283937,22.4377391804593,7,7.2
2.06330987443579,6.16900854301167,6.72984509553557,12.6635068552892,13.2644828810098,22.5888804234608,7,7.4
1.91674945113826,6.17357904936709,6.76451203722096,12.7294105726799,13.3127712407361,22.0564348535276,7,7.6
2.59095715343524,6.21088338691405,6.7926041871019,12.7909537954465,13.3548556332607,22.3482719508237,7,7.8
2.67588557471524,6.24338748828356,6.80639116838488,12.8236589640053,13.4122596205124,22.2053848842844,7,8
2.38028183587412,6.26153697704569,6.82075565927473,12.8699369317654,13.4530691875783,22.0373149606672,7,8.2
2.81954124205134,6.2788801838508,6.85592784748542,12.9184905124693,13.4839109100847,21.6850918850919,7,8.4
1.82818311259771,6.28914870628896,6.86447837138975,12.975398019955,13.5650138245271,21.7486262539932,7,8.6
1.14489151604092,6.32224669074503,6.85958374469159,13.0029029451403,13.5907578583146,21.3043906910723,7,8.8
1.29983728718987,6.32102242779615,6.87436591718549,13.0498809001554,13.6107155999645,21.5242310877268,7,9
2.59758903775445,6.32261712236403,6.89565545928117,13.070994761025,13.6469907510392,21.5819483420743,7,9.2
2.67399639829243,6.34796232462067,6.9202672441651,13.0942404617879,13.6961335996861,21.7720684853514,7,9.4
2.45615127673862,6.36379289388739,6.92850367796024,13.1226272529984,13.7120771684541,22.1558107323174,7,9.6
2.49151489661986,6.35878959594528,6.94697500193381,13.1407161018433,13.7401067789578,21.2824262615816,7,9.8
2.30160785963442,6.36811418252671,6.95522159004883,13.1964093602024,13.7678487364234,21.2128906080024,7,10
-1.29078078712843,-0.627078904687208,-0.520868168619428,0.519699113044494,0.625197759977848,1.29219900396114,8,0
-1.10366741358599,0.208496529290671,0.352472877224044,2.01249494235691,2.1972412144819,4.86576852732083,8,0.2
-0.854449994694608,0.874940855983092,1.0809377725091,3.43634386504637,3.71872340765375,7.67343119680758,8,0.4
-0.445537211077216,1.49926852470385,1.74354147041109,4.66635765765611,5.04299157094885,10.0829079654635,8,0.6
-0.731819255867496,2.03908620927394,2.33334251206929,5.74799914726427,6.16378074862383,11.5736499881398,8,0.8
0.00574266376991095,2.55734131561457,2.87860412974313,6.70415697323469,7.17312456132806,11.3530712782426,8,1
0.391051851420034,3.02124050566949,3.36224532937369,7.53558353552214,8.02820763597182,13.2528399721505,8,1.2
0.211912297040371,3.46645092500824,3.83218965517628,8.25171738722624,8.83122762720147,12.3935230435909,8,1.4
0.274552361155444,3.86489086540004,4.25128833384397,8.91325874956989,9.48519056272354,13.3737586082202,8,1.6
0.426720382818208,4.23151163887006,4.62875560923851,9.49841888550586,10.0897004380829,14.5238235803352,8,1.8
0.495558356222961,4.57589367660615,4.96954387027556,10.0171518472135,10.6696364971293,14.544515844083,8,2
0.73584135266888,4.8841178508144,5.27798754778133,10.4962656460359,11.1419627656805,15.1045874850233,8,2.2
1.70980410252514,5.13534885710359,5.54910357199336,10.9081313151112,11.5758244912803,16.7251472038629,8,2.4
1.31112809939068,5.39515875143875,5.7973885469281,11.2801244177437,11.9815048511143,16.0684821613801,8,2.6
2.32416423204346,5.58773066958919,6.0206187845987,11.6250672970711,12.3438181714234,17.089090108428,8,2.8
2.0485697451926,5.77268532985154,6.22431539374719,11.9557101949706,12.6802858419971,17.3872903866724,8,3
2.67332357833237,5.96104561402719,6.39444061322896,12.22753142126,12.9694644644295,17.5412774425581,8,3.2
2.38674236350851,6.11495542533581,6.55892191329185,12.4926713293865,13.2505875829068,17.7073424065751,8,3.4
2.77764824230326,6.2463925013517,6.69739007214112,12.7308219504712,13.5079866039722,18.634233950534,8,3.6
2.90301310868312,6.34673048541788,6.82102197065831,12.9503178080142,13.71069544412,19.0060041652552,8,3.8
2.63873107562931,6.45378172245264,6.93083607758848,13.153444409393,13.9048202670709,19.2892203245014,8,4
2.64839434879114,6.55673272653398,7.01413209526095,13.3435328440152,14.1084481383312,20.1988980556269,8,4.2
2.83533404885004,6.65356993972475,7.11915052168974,13.501112330312,14.2964072724219,19.6643168556985,8,4.4
3.02490721908057,6.7142218345834,7.16716364182685,13.6631090207529,14.4167812751497,20.4686231079767,8,4.6
3.12728823687687,6.76596823283413,7.24477011143862,13.8094281064243,14.592477603754,21.0480594836534,8,4.8
3.06780658411333,6.82154988902083,7.31342315814355,13.9386325862825,14.7108959821462,20.8476705327761,8,5
2.59981655420199,6.8638681109676,7.36740924476833,14.0557829764217,14.8261387610816,20.9067196033813,8,5.2
2.9521231629731,6.89816893657289,7.41397888445641,14.1732937892337,14.9508576682382,21.1631380906641,8,5.4
3.54078149671299,6.92576963062476,7.4484838301163,14.2889937589354,15.0712700846313,21.5319836720558,8,5.6
2.83808729226266,6.97251012124178,7.48100965213485,14.3721950158066,15.1760784406109,21.7058869676118,8,5.8
3.04815446813019,6.99818444571676,7.50308860780005,14.4625149481657,15.2558681585946,21.3127084311149,8,6
3.56099833748747,7.01785143266191,7.55186163694498,14.5341559359137,15.3341576152165,22.7396029411323,8,6.2
3.97104210631808,7.05012850479101,7.57784839850819,14.6066144575843,15.4117611580879,22.6742182750001,8,6.4
3.19847564493167,7.04687228700598,7.59833917661133,14.6851270285749,15.5114541567519,22.6007988854842,8,6.6
3.0547131139398,7.07998241618449,7.59679402967174,14.7382649178589,15.5663896517474,22.726671188281,8,6.8
3.60452988629306,7.10500325831825,7.65368647088724,14.799420047845,15.6162688660358,22.8257878850828,8,7
3.4949379610175,7.09316941816394,7.65153545891299,14.871740269139,15.6796613591953,23.3222810238975,8,7.2
3.52556414087415,7.12105738821536,7.66695074734315,14.8963347451082,15.7035421850719,22.9029140459091,8,7.4
3.82416961601291,7.11912693352043,7.66070254011549,14.9563929120338,15.7916247097421,24.2117520617268,8,7.6
3.71385777584038,7.12020320753516,7.67997786174127,15.0108199617575,15.8195159803414,23.3610744783911,8,7.8
2.70729990564295,7.14214792267138,7.67304293810101,15.0418920148311,15.8718497294255,23.8822678614843,8,8
3.81046660953576,7.15696950052845,7.70723174730916,15.0795091639747,15.9164650728512,23.3230973165036,8,8.2
3.28826425277082,7.17471451195879,7.71033347749344,15.1127865868086,15.9535324389041,23.0347766653891,8,8.4
3.60811056388128,7.15568014059492,7.7180212512339,15.1528359961271,15.9523718656253,24.0818877656803,8,8.6
3.09296329130797,7.18789082427616,7.71274785902192,15.1726828096314,15.9977142957677,24.0237992284347,8,8.8
3.52901705244199,7.17608080529269,7.72544190292535,15.1881295220594,16.022370706236,24.1802101647194,8,9
3.48984170572949,7.18494851157402,7.72767234547718,15.2378212309173,16.0685276853722,24.0590293889528,8,9.2
3.25958111647096,7.17072498549768,7.7257880012517,15.2558941217054,16.1083295133439,24.7862433259022,8,9.4
3.1843548671571,7.14921779835458,7.73265938299739,15.2846739695443,16.1220296568717,24.9971033457443,8,9.6
2.86743022590286,7.16251809871599,7.71790656730126,15.2990575951451,16.1349503069794,24.4926809502672,8,9.8
3.0202051477662,7.17425304480755,7.74577235121307,15.3226890185694,16.176816904497,25.8845432644896,8,10
-1.50025436201539,-0.620712890283469,-0.518027529548752,0.517408857881551,0.617842786360752,1.31393096934121,9,0
-1.3053399504754,-0.208272113283311,-0.0808590936342548,1.22495113105138,1.36625541484147,2.55907529007142,9,0.2
-1.50780297731163,0.132887255905863,0.299724063908046,1.89602132974749,2.05980583338168,4.09132614908426,9,0.4
-1.56668033578462,0.45714991960976,0.63672540868228,2.49352754960402,2.69113098821947,5.32831286859925,9,0.6
-1.63681612547682,0.753550104654873,0.944549288888895,3.01783505972763,3.24777846956961,5.65182105497543,9,0.8
-2.06252348349231,1.01204606754154,1.24037769304734,3.48274445366387,3.70512762492727,6.45074359080976,9,1
-1.48061460587668,1.27337895980139,1.50554914086441,3.88478629871865,4.13655414207812,7.0225981621615,9,1.2
-1.5173537911634,1.51259516624736,1.74894247096746,4.23987043655926,4.50323272878945,6.87003060545331,9,1.4
-1.98885890798776,1.73603164580766,1.98987192326876,4.55294406751832,4.81975050658798,7.20227899283838,9,1.6
-0.841375312979779,1.93326664903638,2.20775422060743,4.84213748546741,5.10875432586118,8.66785504630944,9,1.8
-1.18087283500865,2.11670474714903,2.39986106291594,5.07187372249028,5.35053761104777,8.35939159831124,9,2
-2.07781343694924,2.29895926584866,2.57514094567652,5.29386712759702,5.58720521464638,8.13163977191179,9,2.2
-1.5859981763871,2.45863979918674,2.73842095421367,5.49883306890732,5.78232143398633,8.9332399225604,9,2.4
-1.91069523282862,2.61016353201694,2.90427590419591,5.673125732695,5.9524241204414,9.3923908064031,9,2.6
-1.85155967362625,2.75105272883955,3.04083562110814,5.8236496150476,6.13045281498784,9.23282049924442,9,2.8
-1.19683198944518,2.90023811192976,3.18279795898026,5.97746948323908,6.29632335621243,9.79186192289063,9,3
-0.349140317486681,2.99960238609681,3.30308586542864,6.09658166765909,6.40690463008193,10.192442057457,9,3.2
-0.789314050903938,3.12571035408872,3.40703227209089,6.21807721158018,6.54628127224328,10.0480542355159,9,3.4
-1.79005338442568,3.21817085225567,3.5086281410518,6.34149274730654,6.6734253950112,10.0933722817118,9,3.6
-0.0880631490286712,3.31781210903385,3.61232496377266,6.44289093638333,6.78075809315636,10.3064306098064,9,3.8
-0.0596035076278636,3.40395736723269,3.69615907472219,6.52997837409781,6.88174901035901,11.4371468823499,9,4
-0.390548651852181,3.49577031541388,3.76857924846708,6.60345313844045,6.97402921495793,12.164152303203,9,4.2
0.227945243129831,3.55479541073758,3.83637473703944,6.68939546823019,7.03860928285505,11.3894474137291,9,4.4
0.21306281008,3.61662027757703,3.902683366948,6.75927110534983,7.13826569435486,10.652034304241,9,4.6
-0.198567862919414,3.66686883467277,3.9488071958652,6.83454083778263,7.21433389161637,11.6904333938506,9,4.8
0.109489404473303,3.70959626320209,4.00491680728362,6.90138269517607,7.29647429349521,11.9270079536416,9,5
0.160240541569626,3.76679422591807,4.05852277115059,6.94763635191656,7.33168028488381,11.8550510788426,9,5.2
-1.04090734113223,3.80901633393443,4.10110783425479,6.9868236543491,7.40369575336807,11.4113531423727,9,5.4
-1.62381386109587,3.86037057852789,4.14619490486839,7.06121106950809,7.46455104769676,11.6371183427461,9,5.6
-0.248530275306264,3.89067478831053,4.17775030257215,7.10833938174646,7.51328640962532,12.1101165998283,9,5.8
-0.190836955749743,3.93942587809438,4.21165017261229,7.13440485955485,7.55862397044003,11.6756965746202,9,6
-0.0544531677257986,3.95729801070627,4.23514239638147,7.18340715193789,7.61571731513476,11.8794352043256,9,6.2
-0.979627247857674,3.98783798718928,4.26400268460308,7.21028564327559,7.66154544618281,11.9237233413031,9,6.4
-0.936036214837904,4.01494550903846,4.28291342480248,7.26583544206937,7.69839025620639,12.165902978891,9,6.6
-0.19764496306732,4.0222302457495,4.30251811477509,7.28685206519093,7.73265652640735,12.7566535376631,9,6.8
-0.778084247729609,4.04574201821249,4.31891667775237,7.31237955080507,7.77016290368536,13.5262917633018,9,7
-0.634759209944296,4.07274383065191,4.35113642367929,7.34357700321257,7.81498427497822,13.0569570030626,9,7.2
-0.213047013801692,4.08616199518503,4.36457543962701,7.37172316301715,7.84900032171064,12.9929683066601,9,7.4
0.423284750148866,4.11243396374583,4.38774440317894,7.39105478859604,7.86526052693204,13.5514373154532,9,7.6
0.126934783639208,4.1065262639973,4.39220739082133,7.4133804255603,7.89864868192023,13.1232467819687,9,7.8
0.524133588297996,4.14060503027509,4.40893705639731,7.44461627573704,7.94433444598541,12.8756022567857,9,8
0.752968610425587,4.13913084466398,4.41362678132011,7.4644072817747,7.95870891786671,12.8217409581982,9,8.2
0.815008372842651,4.15765795106005,4.43291535459174,7.47663923055105,7.98241679381866,13.5138684593629,9,8.4
0.0545390955718549,4.14965734500312,4.4366663983575,7.49648557409228,8.02568716532104,13.8272700807227,9,8.6
0.77893010715415,4.17560341957811,4.4450758955466,7.51048215008084,8.02447539791765,13.5617477224879,9,8.8
1.24130657662667,4.16033869200648,4.45254751507538,7.54871461810512,8.07308861004886,13.3439530560848,9,9
1.09058829127934,4.17378460256956,4.45524915674177,7.57664884478379,8.08707128227882,13.1919120803141,9,9.2
1.11114271674212,4.17801933977848,4.46133934261809,7.55550547947916,8.09377727742106,13.2257610265889,9,9.4
0.539137604187624,4.19849910576963,4.4749263539123,7.58332310285622,8.10275023828468,13.2594489076667,9,9.6
0.674359828126231,4.20218823711863,4.4686571830662,7.59308399754688,8.12853446835412,13.7978612498528,9,9.8
0.586276478505619,4.18333515125902,4.46735358379183,7.60836058410164,8.14926418883821,14.4797500738025,9,10
-1.34043189551663,-0.630654279017539,-0.527059595501968,0.521482773887441,0.624978997671425,1.39576289477123,10,0
-1.30337556228092,-0.439369026982871,-0.318930069603123,0.927954567669791,1.05267454652145,1.97594132330962,10,0.2
-1.33012676458177,-0.261758932640723,-0.114622765371945,1.315060589264,1.45434948956773,3.16658842471492,10,0.4
-1.57754914714853,-0.0990962824472204,0.0664325407513847,1.66446382319048,1.82465900067662,3.53411683757578,10,0.6
-1.64899390999108,0.053199242128095,0.230104578182333,1.9921871442544,2.1763325243845,3.69472850582963,10,0.8
-1.89513955776554,0.215804731536047,0.399409002126294,2.30234835292067,2.50041364619016,4.32545000877322,10,1
-1.63201866031188,0.350196696131027,0.560644018875602,2.59212247184082,2.79525678892873,4.96825305388148,10,1.2
-1.8405541582191,0.500363681315799,0.715122269888645,2.84549311490649,3.07841465165722,5.67451733056568,10,1.4
-1.70777716707938,0.622131375331539,0.851405213341943,3.07742655281019,3.30466181712618,5.63745155390078,10,1.6
-1.65485606540024,0.744590492095107,0.983965257478691,3.29017909583362,3.52253021403433,6.48379215615709,10,1.8
-1.1642608858959,0.869960050837358,1.129254738027,3.49927412546888,3.73882488431596,6.31306809653527,10,2
-1.28766821709821,0.995761776214896,1.25322337104486,3.68022299543929,3.92792963433743,6.75631546684011,10,2.2
-1.56675411807339,1.11248050350489,1.37950952373956,3.85380118561358,4.12198876577803,6.84701127466537,10,2.4
-2.11257843394082,1.23037954343807,1.48737660671209,4.0180077391371,4.275853996794,7.96572564552632,10,2.6
-1.36665986545583,1.3299589474952,1.59229212453189,4.15890370017855,4.41940862113682,8.02780471013636,10,2.8
-2.3228991725563,1.43162423189835,1.70590712549797,4.29293892853791,4.55742836361348,7.74257377972695,10,3
-1.34209108803023,1.52601658212872,1.80120935952179,4.42155451355196,4.70166053327511,7.96956538919061,10,3.2
-1.06140510322574,1.61535654827405,1.89204363794436,4.54445348261835,4.81564077817527,7.78957663361002,10,3.4
-0.690211270547737,1.71175944046524,1.99013012564421,4.65475753685158,4.93244957671492,7.93312843125372,10,3.6
-0.519886951718947,1.77537903555821,2.07265361605458,4.76422855929913,5.0463758997891,8.10249054879364,10,3.8
-0.425349872623701,1.86274736412903,2.15971789333346,4.855508140418,5.15189897234063,9.05661851208367,10,4
-0.395842198918745,1.94246048794571,2.22415861235221,4.95153358528191,5.25785955534434,9.14202042556849,10,4.2
-0.278834030038405,2.02086873293853,2.31385292183125,5.04371055856067,5.32953364508267,8.91793212650867,10,4.4
-0.345528009209853,2.07667134986153,2.3672216201628,5.11574929321344,5.42569469883669,10.4420550273319,10,4.6
-0.220065163509252,2.16089858697156,2.447010677983,5.18846997430173,5.488946194511,10.3182215754411,10,4.8
-0.330084809795086,2.21783823757178,2.51227437887923,5.24768857231777,5.56097702534306,10.4169165375904,10,5
-0.320409020969528,2.26459540377588,2.56135619298004,5.32377375987919,5.63770798741883,10.5319121212386,10,5.2
-1.27853007547041,2.31796012297843,2.60509589087359,5.38369563058118,5.69856558232365,10.7587712450383,10,5.4
-1.07097027514551,2.38394069675068,2.67425145303234,5.44144904495555,5.76718605481463,11.2928356341756,10,5.6
-0.750653911540172,2.43761388734573,2.73396534230066,5.49690113655026,5.82945487484021,11.5131193980073,10,5.8
-0.214436482155931,2.47355472928804,2.77235471222984,5.55330734280697,5.88964190256709,12.3344745467501,10,6
-0.292436431871973,2.5349303643286,2.81702376713383,5.59812987154909,5.92822997034274,10.7980054416488,10,6.2
-0.0438437416057388,2.58321360534454,2.8631719629917,5.65105790705045,5.99058984970372,11.1227480218476,10,6.4
-0.66512937607472,2.62874412893836,2.91911145954226,5.68137038316176,6.02296912262018,10.285292237933,10,6.6
-0.643789886457001,2.66021651409729,2.94878396158178,5.72952264621521,6.0799426997088,10.9337228068749,10,6.8
-1.19124245551108,2.70670667071299,2.99115120784111,5.7772170918969,6.11670774081197,11.1048406207878,10,7
-0.290140776937689,2.7266683747123,3.01247803622346,5.8048328845658,6.1577433506704,11.726233290812,10,7.2
-0.270135444285309,2.78227784855875,3.05191772364784,5.85503155478573,6.1930662091485,10.9922556132776,10,7.4
0.253097643990514,2.80636394465478,3.08085274289767,5.87124993756151,6.23978999641645,11.0242349811626,10,7.6
0.306802128976551,2.81788578761384,3.097775687055,5.90547200535421,6.27481684515449,11.4683950688874,10,7.8
0.340833296101452,2.84430854772894,3.12555394158611,5.94352240049117,6.31998138294685,10.7430145805448,10,8
-0.561138866470074,2.88797554168242,3.16225752598395,5.96842731628695,6.34974256512124,10.7869319592109,10,8.2
0.153586231872626,2.91454358879997,3.18169581174625,5.99724522078574,6.37889119096972,11.2775303635762,10,8.4
0.0578451386988892,2.92533498888481,3.20521017997319,6.01944677451352,6.39186190535778,11.3918253869582,10,8.6
0.222344662732333,2.95435566133356,3.21927906683316,6.04726789280579,6.43108640271911,11.7415869783955,10,8.8
0.5169832365955,2.97260074167831,3.24502820042621,6.05889426565083,6.45297802465604,11.4561045828598,10,9
0.135847797210884,2.98823454396878,3.27232537338019,6.09362187643104,6.48257488090385,12.266867857173,10,9.2
0.458414150987428,3.01287965277929,3.28650857585732,6.10439331332596,6.5149280998915,11.6319548826439,10,9.4
0.364846808800243,3.01372224517106,3.30448850583773,6.14001291464019,6.52735143394925,12.8993257795368,10,9.6
0.230069014328731,3.0272705467353,3.30751441526634,6.15309151412214,6.57443266794528,12.9541486806587,10,9.8
0.478585471357793,3.0494402722287,3.32890620193214,6.16822091138722,6.5844232331552,13.7436830315254,10,10
-1.41142288095403,-0.62976019756139,-0.525584610878355,0.52912754764739,0.635141059713504,1.40411137695332,11,0
-1.278099043207,0.442846349871644,0.59734643600187,2.38765543709328,2.59316276248411,4.15062151001717,11,0.2
-1.28422413414285,1.28038248824493,1.50462707172519,4.18626177928129,4.52552872329335,7.0067827218589,11,0.4
-1.30134917549295,2.04406263946518,2.33349034108037,5.76015935416316,6.20361651759062,9.33816749299519,11,0.6
-0.927359605842157,2.76183526091083,3.07905391420588,7.15448365698268,7.70261767324883,11.2141517299906,11,0.8
-0.49441479680785,3.40461467529212,3.78351960088765,8.38971228303208,8.99395781073561,12.5648040844579,11,1
-0.837610421139696,4.00159254003744,4.41679166919669,9.45503108606966,10.1095237113766,14.2564563265588,11,1.2
0.752758051354783,4.57670652616175,5.02182343088975,10.4073783344952,11.0996832379092,16.1862620920224,11,1.4
0.732396428269467,5.07991812816147,5.55660386701688,11.2876188580146,12.004927622091,16.8612933045384,11,1.6
1.0558772749224,5.55268395051396,6.06214513982515,12.0425358528197,12.7590460684928,18.032764642112,11,1.8
1.23786122619245,5.98120294067165,6.52078765714158,12.727978116992,13.4830363845731,18.6532093416829,11,2
0.988592387444142,6.39993891619792,6.92559144020936,13.3801294943786,14.1507623937746,20.5531652240748,11,2.2
1.07746695112708,6.76141226302435,7.31198737865233,13.9152668140531,14.7225842315099,21.4758526361184,11,2.4
1.29469198693224,7.08064649317268,7.65634498635754,14.4305882203357,15.233511757337,22.5087856790423,11,2.6
1.17455044516156,7.40657692951655,7.96976267755568,14.8947793035426,15.7085483278457,22.6728756223063,11,2.8
2.62095655941534,7.66021126010693,8.23057783762133,15.2959932209195,16.161422368598,24.3694368290111,11,3
3.20264140307754,7.8869567191006,8.47154397851503,15.7195216923087,16.5974886233028,23.6989322143436,11,3.2
2.46388980724063,8.09382527211643,8.69327569724692,16.0485365245412,16.928901702632,25.2634323199903,11,3.4
3.05676277973357,8.27663752536708,8.89118750158581,16.3926955504856,17.2892470263283,26.354838742725,11,3.6
3.66912064658032,8.4612666308732,9.07449514849613,16.6936171946036,17.6282574156959,25.5482343989094,11,3.8
3.53094790512617,8.56774571294701,9.2325483095753,16.9766908689615,17.9484913673459,27.2258195883277,11,4
3.42813462637357,8.73043283678889,9.36198253841865,17.2155909547465,18.2181356739057,27.4031288072191,11,4.2
3.33101574840223,8.84901126955144,9.49774478241079,17.4611602167589,18.4721768767056,27.6492083777149,11,4.4
3.64313853795741,8.95897980071272,9.62067870897752,17.6606039544028,18.6744956248367,28.307137905429,11,4.6
3.04985227270763,9.02611177760111,9.71835526422258,17.8657619169057,18.8560193225683,28.3223627785703,11,4.8
3.62011096677246,9.08379947739374,9.80996351581576,18.0524198178251,19.0483631576621,28.7121652725313,11,5
4.04106661153425,9.16837487180097,9.88584604027375,18.2324297792525,19.2497875300833,29.9296558071264,11,5.2
4.4077493460252,9.2168272717294,9.92886530382492,18.4089778912068,19.4560288462533,29.2688472009677,11,5.4
4.13300720497721,9.2857572579987,10.0184142479024,18.5517059384344,19.6084564367955,29.4083239774841,11,5.6
3.99447212531723,9.33473978686434,10.0752750616743,18.7066721234975,19.762079228023,30.1180906435364,11,5.8
3.85397247198199,9.39285827434625,10.116127208231,18.812428130234,19.8709534012016,30.0716139709838,11,6
3.87887536271685,9.40548988381549,10.1575899848466,18.9642498565539,20.0323770029327,30.9428179832397,11,6.2
4.13133702645924,9.44176214426242,10.197298063572,19.0739243085909,20.1551731669594,30.9872067800887,11,6.4
4.94453150445666,9.4773092461931,10.2162256788632,19.173928212922,20.2885180477657,30.6671968871446,11,6.6
3.96404330396396,9.49247812386695,10.2525484226256,19.259340802402,20.3829620291046,30.9012743220109,11,6.8
4.59363668601409,9.52587831472885,10.3002525379765,19.376068063562,20.4732377791127,31.6518279555743,11,7
4.2209536457255,9.56505098227635,10.2969865974716,19.4697456269758,20.5827369921564,31.5394792927766,11,7.2
3.89540007164465,9.57446853569343,10.3130858527411,19.5215421281608,20.678573637985,31.4029276152669,11,7.4
3.78318765700635,9.61061776765814,10.3326663683867,19.6309041922665,20.7748050659343,32.1512282620385,11,7.6
4.73530412228065,9.60902177481086,10.3752422764423,19.6837620147707,20.8665902179125,32.0680904278028,11,7.8
4.54453663061478,9.61739853480532,10.3974118202496,19.7513436668817,20.9399648973915,32.5242015906104,11,8
4.57486619984036,9.62005339105625,10.4105682459754,19.8256162478758,20.9864705527487,32.34804835481,11,8.2
4.53082479103456,9.61725543182409,10.4102130093067,19.8936974259577,21.0343672788968,32.4420715788812,11,8.4
4.34906760109011,9.62813085701789,10.4216552569883,19.9442028334667,21.1101874511074,32.2241666749188,11,8.6
4.61688548819381,9.67570024092778,10.4290501277794,19.9784970445547,21.2042835085948,32.390869405712,11,8.8
4.30206125613443,9.66152581263105,10.4193833017908,20.0534830753112,21.2532244336956,32.1294347050029,11,9
3.7690825133933,9.65421688074662,10.4617731496955,20.0982496933461,21.3017191922453,32.2196494874713,11,9.2
4.24231144593375,9.66443670273389,10.4743100156865,20.0978725492477,21.3499021033301,32.2900400505447,11,9.4
4.11986143494517,9.68561077406627,10.4601034631538,20.1569914714872,21.396045748958,32.7716160290211,11,9.6
4.84348299047909,9.67939336209346,10.4589321793371,20.1702651314455,21.4522583579355,31.8496050416464,11,9.8
4.86610134447508,9.67287782738295,10.4685487877673,20.2155969597424,21.5018192185627,32.119054883841,11,10
-1.50573034266799,-0.627123129233877,-0.521811929622098,0.525725655527418,0.629590722470578,1.67442738475105,12,0
-2.57717399208834,0.0729763670620571,0.219530754129942,1.66357284616936,1.8194218443406,3.22664060388187,12,0.2
-1.4700537881123,0.650842550923388,0.825091948922408,2.71315615991765,2.927223324751,4.56615441345353,12,0.4
-1.29369049178845,1.1391046838653,1.33329546320719,3.58138378307666,3.84631722611417,5.69296119523202,12,0.6
-1.63228170304546,1.5658815498689,1.79765550263777,4.30385344579657,4.60015041847201,6.34603853284188,12,0.8
-0.635130441611187,1.96466502450918,2.22200324487086,4.9090621296177,5.21623169189192,7.25843959734526,12,1
-1.01415858138887,2.31498490360429,2.585911188861,5.41136392276893,5.73324780920194,8.58286187021996,12,1.2
-0.0561938908218633,2.64023535940984,2.92650277518546,5.83481155184243,6.17658156425314,11.252346585209,12,1.4
-0.286338438137714,2.92245195291024,3.210309919374,6.19774005181961,6.54889191796668,11.7408855027662,12,1.6
-0.436496629235658,3.19183813344552,3.48530382747982,6.51138352805582,6.90020048003497,11.2532513424608,12,1.8
0.398313877380226,3.42501070500387,3.71737451534316,6.78552767281642,7.15854584302436,12.1190233914773,12,2
0.355568921089268,3.63248679325109,3.92418470913181,7.02628366391045,7.44050290846257,13.9021008121428,12,2.2
1.14247856273576,3.79402565903371,4.10097521505859,7.26053026553026,7.67956312153243,13.733194572284,12,2.4
1.03969777010034,3.96806083929571,4.26266865596138,7.44944346784632,7.88367087704234,14.3653983473161,12,2.6
1.33504575098907,4.09981126891042,4.40011984745897,7.60752077537569,8.05664983313078,14.6608159733197,12,2.8
0.674682206241391,4.20004068450986,4.52438816440956,7.77671167057691,8.21726046477027,14.1955976810648,12,3
1.26492814965532,4.30237927642265,4.61911015393255,7.90093900340176,8.38213150456985,12.9682588006769,12,3.2
1.38717644035824,4.40056326721979,4.71730318234217,8.03719074443108,8.52044265623086,14.4005777755555,12,3.4
1.15044331844321,4.47852686505916,4.78491614184084,8.13599551872413,8.66884410730335,13.3114873113482,12,3.6
0.840221699144625,4.53983265787378,4.85294545603154,8.24225171157402,8.76114794341733,14.5382022877023,12,3.8
0.945483343027056,4.60701125660067,4.92649949392139,8.32067787595991,8.84842780957333,14.9406813840656,12,4
1.23079489402087,4.66474256813152,4.98107963579189,8.40775230326967,8.94148471992325,15.7299081430348,12,4.2
1.13742266214453,4.69469364096809,5.01560567695166,8.49963155125299,9.03942118732371,15.119506996138,12,4.4
1.83620076373901,4.71184067862079,5.03427582901954,8.55618762921246,9.09798401343149,14.5540761696698,12,4.6
1.80663975682264,4.76698572110633,5.08014070479156,8.61047764289589,9.18476616134132,13.4844350594029,12,4.8
1.15138120911409,4.80242690898751,5.11104758967191,8.66869574360636,9.22053016371433,13.8868087119982,12,5
1.96341128770765,4.81043435044884,5.12524825715383,8.71798877672216,9.29410806988191,14.0941292201242,12,5.2
1.89988103299165,4.83843998955732,5.15393475822649,8.76052418652595,9.34420629320101,14.190166712801,12,5.4
2.1945775953067,4.85076370380979,5.16150253838373,8.81139711035711,9.39938602186631,14.836060253183,12,5.6
1.8462744141467,4.86793845259523,5.19181805699384,8.83308482821105,9.43832829545959,15.1808514205642,12,5.8
1.99750618043701,4.89088591331783,5.21409538113386,8.88028098268962,9.50109427341794,14.3514148659648,12,6
2.39463702123885,4.88024011460136,5.21763236544793,8.90379055988095,9.5353453135464,15.0232673328297,12,6.2
2.02646586174995,4.90580010898083,5.22115276641842,8.95802919951847,9.58696380525505,14.683465506965,12,6.4
2.32991541821239,4.91270668717913,5.23823256477919,8.94748837699173,9.60848210866988,14.6380059186065,12,6.6
1.92466380140433,4.91047829222025,5.23368345311296,8.97675616134356,9.64826859169783,15.3159361817794,12,6.8
2.26339794415535,4.93902710994243,5.25599441372626,9.01622636546107,9.65779521420056,16.1293145252519,12,7
1.96419897244681,4.93910169734014,5.2606626460866,9.03459346981231,9.67954970775232,15.5495893901505,12,7.2
1.86900482147243,4.94332572292399,5.25492660795937,9.07046202819491,9.70274125899325,15.8182379089477,12,7.4
1.92876729761104,4.9557037665147,5.26165103216526,9.07157102006831,9.7128562988545,14.7682327850889,12,7.6
2.30908052449382,4.949542871751,5.26503932240131,9.11068464535655,9.74951216091379,14.6185191145278,12,7.8
1.90573494822493,4.95543754381259,5.28126949433886,9.09878768608635,9.78396090377516,15.841950165584,12,8
2.1877348060536,4.949768180117,5.27133199335342,9.10728947296265,9.78829762443318,15.0603446327283,12,8.2
1.78511685461352,4.95541540620898,5.28590680560954,9.11238010304672,9.80927360747026,15.4174618634094,12,8.4
1.60621987623276,4.94446506536435,5.28511343262007,9.15391646485917,9.82947845716706,15.2141551115257,12,8.6
2.5333729878128,4.96652309824978,5.27930384910044,9.13781767438167,9.82721638096678,15.2014820973574,12,8.8
2.24628763268154,4.96997696552444,5.29347761014172,9.14905811816667,9.86401307048664,15.4572861247544,12,9
1.96356226135551,4.96119212388093,5.28189019595339,9.17349814605887,9.87874003619474,15.5685702450024,12,9.2
2.32559947970251,4.95828768217258,5.27962920261697,9.18341964723561,9.86818982676528,15.5618996937286,12,9.4
2.20503973802196,4.96273990007994,5.28978860237125,9.16848039268616,9.86577184934369,15.2525582090615,12,9.6
2.4134897968691,4.9715345952038,5.29695435473904,9.18675494938461,9.89841196613792,15.5742488374604,12,9.8
2.15701855358722,4.97509899168491,5.28190365490337,9.20417204410558,9.93621653890815,15.5639511603238,12,10
-1.30988937559132,-0.621153983307752,-0.522644551459276,0.528473551887996,0.628883837354234,1.42336274531222,13,0
-0.769660388283986,0.0303417015673283,0.155294189589707,1.48730080961298,1.6264612397927,3.03055868923188,13,0.2
-0.811337953141439,0.556273617943723,0.707292401661088,2.47156956350638,2.66591833405425,4.46285704064858,13,0.4
-0.661727586874944,1.02052098956181,1.21096689273022,3.40577061615076,3.65505380758758,6.32653214306602,13,0.6
-0.148647619397286,1.45302644578286,1.66098772481392,4.25461602130543,4.53304461581374,8.1500553168478,13,0.8
-0.113456935115553,1.85938497549582,2.09423034161892,5.0208122454523,5.34245024383939,8.7452836554552,13,1
-0.222306759182628,2.23289539469032,2.48846716004517,5.71467467267342,6.06181267328945,10.1108061711913,13,1.2
0.216165537823596,2.58676494744844,2.86414875833784,6.35450236383701,6.73123766527416,10.6488417451297,13,1.4
0.836679412572939,2.92265521049588,3.20432978942054,6.93083068280029,7.31033276200315,11.5920405547377,13,1.6
0.759671463468116,3.23102049998935,3.54632982403926,7.4635466698547,7.89580228460826,12.5077897737876,13,1.8
1.05271100209184,3.53022366640951,3.86689490783695,7.95467250568534,8.40629989130537,12.7355067523759,13,2
1.5967782711057,3.80388469384169,4.14607804964713,8.38985064206047,8.8563296458567,13.2227818429935,13,2.2
1.55672572877986,4.06070459515002,4.41763685283913,8.80990344242169,9.32113753262781,13.6567441288176,13,2.4
1.74815030132083,4.31724074077045,4.66943357129274,9.19149052803714,9.72207973653284,14.2432641291177,13,2.6
2.03301862798311,4.5372066446064,4.90047993572898,9.56302699171009,10.1386077429876,14.9509692594584,13,2.8
2.24405053355926,4.75614983312775,5.12002331058554,9.88503930602603,10.4659145255925,15.2014061400659,13,3
2.43883139236,4.93669693998555,5.3097376958399,10.1682318371149,10.8130239305979,15.4087777637902,13,3.2
2.16024358301603,5.11865006158084,5.50049922199607,10.4700798390053,11.1110685181572,15.8907722397365,13,3.4
2.74255771101111,5.26865847991234,5.65493019838596,10.7505441017197,11.4069486788105,15.8752376332636,13,3.6
2.89210335016961,5.42783044247927,5.82522338436739,11.0087838175535,11.6637519367142,16.1013847322659,13,3.8
3.05501475435714,5.54730124491939,5.97807489502333,11.2553003307261,11.9104739568453,17.0824524231129,13,4
3.39188319084212,5.68306815576082,6.10084861712337,11.4566695193887,12.1328635218485,17.4478367858878,13,4.2
3.13026404526316,5.81003024681016,6.22502015649403,11.6819539954592,12.3583217681192,17.4331585438997,13,4.4
3.57821338511288,5.90516314199368,6.33145595019904,11.8893636104583,12.5572267974078,17.6828454846488,13,4.6
3.39528874944046,6.01888257097733,6.43319824103609,12.0834321399672,12.7718878830112,18.5082811586811,13,4.8
3.68148828502617,6.10811125530854,6.52999637453176,12.2555477987805,12.9467709293188,18.3274628744395,13,5
2.97675496632551,6.17168052567698,6.59475114601071,12.4248134351953,13.1160848984991,19.2860252835686,13,5.2
3.61045064107083,6.25071427377069,6.67840862954686,12.5884201576161,13.2713487166694,19.4542080141635,13,5.4
3.41665878962411,6.29902359360421,6.73285970324497,12.7398598449924,13.4316861046268,19.0808833209168,13,5.6
3.68749720043442,6.35480947405773,6.79999154405596,12.8761720916766,13.5737931454581,20.3259781565631,13,5.8
3.83775228084726,6.40829796424126,6.86487594201948,13.0062472042835,13.7439176676598,20.6491751743908,13,6
3.8601566249316,6.45581456475034,6.9115072454422,13.133156066951,13.8482230528757,21.3559052890756,13,6.2
3.75805838871244,6.5246523688522,6.95087039092967,13.2627911403811,13.956503099838,21.0076662704376,13,6.4
2.96586765274251,6.5478668589989,6.99938796791504,13.3806174513609,14.1093246986489,21.618946500657,13,6.6
2.86169015864523,6.56634414226454,7.02094522436798,13.4755620519345,14.1849297245531,21.7289779629423,13,6.8
3.11891360345867,6.60339371684722,7.06844793494392,13.5893753919478,14.2869090059145,22.457086140693,13,7
3.2445044378739,6.62588155026595,7.09774334490695,13.6761649860824,14.4097007530529,22.872053730424,13,7.2
4.0357905767559,6.66900174051311,7.12719819996082,13.7563390752497,14.4809108182788,22.9543041804048,13,7.4
3.95058898707279,6.6997876220405,7.13497308412236,13.8574882204413,14.6026874344875,23.2548612852515,13,7.6
4.20773860522668,6.7051684535315,7.17332786382225,13.922783367286,14.6964673890258,23.1070291589422,13,7.8
4.012570197843,6.73727822796107,7.18952204308049,14.0045430715616,14.7894732613535,23.2401810547984,13,8
4.19345920190831,6.74100778588772,7.209602491739,14.094248683822,14.8715509548278,23.5750030658343,13,8.2
4.23511634020124,6.76422074381538,7.24117265837269,14.1649464953908,14.9678393076347,23.9248269518691,13,8.4
4.01999455575251,6.77085404386054,7.23665135128027,14.2447160409022,15.0226005092813,24.3801402644962,13,8.6
3.9992661820102,6.79771154745382,7.26597616183089,14.294964572988,15.0978613236073,25.1142730203367,13,8.8
3.72045055191089,6.79445083226644,7.27598926448726,14.3455528965533,15.170878985486,24.5570061189672,13,9
3.91415775691378,6.80987606546073,7.28286820942104,14.4157022834282,15.2049406307203,25.3951560744193,13,9.2
3.54074451165106,6.80927016165971,7.30354925844664,14.4435188516166,15.2660281971414,25.361973362182,13,9.4
4.16116271525325,6.81400570941962,7.28319296683165,14.5030293722923,15.3386119538305,25.1236221443639,13,9.6
4.14380821042612,6.83052792917542,7.31888013056091,14.5648118407457,15.4015069574437,25.1624966198445,13,9.8
4.25011984752455,6.87013710815981,7.32574424214757,14.5810287650451,15.4610751710377,25.6187807855909,13,10
-1.45910356896299,-0.62788625525477,-0.525939482853452,0.521176883207887,0.625937262155257,1.44963125220516,14,0
-1.13332891010004,0.00377742440817427,0.141456491040879,1.54046793473088,1.67998803930912,2.92483303907514,14,0.2
-1.50432555643459,0.510438181526756,0.688257367943096,2.49697763510896,2.69013463631561,4.91146580687328,14,0.4
-0.850080862844741,0.969164625054532,1.15981786534407,3.31864260554113,3.54908794463226,5.20444470877874,14,0.6
-0.431268636846562,1.37797271748495,1.60286243701718,4.02987203708737,4.29846808603715,6.38600630486112,14,0.8
-0.745235334417289,1.76030362532989,1.99367494938269,4.63921336607382,4.9227572345989,7.20541064509599,14,1
-0.197257556350167,2.11768700090178,2.36323615708436,5.15314712939603,5.43865987184217,8.40890231860916,14,1.2
-0.951042997902315,2.43247257936527,2.70497351155706,5.60033400833629,5.89458592900418,10.071282692856,14,1.4
-0.293297193275534,2.73966753981913,3.00802686260227,5.99699487033243,6.30676145964936,9.49888176555847,14,1.6
-0.446759450802152,2.98756009259817,3.27853743934393,6.32297018775303,6.63225974706587,10.0386101358669,14,1.8
-0.239866513378895,3.24612784444415,3.53156157715534,6.61002515507444,6.92876919364927,10.3221739333156,14,2
0.433977506822889,3.47426252362833,3.76937622845532,6.86917016056162,7.19628960014832,10.2898792249878,14,2.2
0.862276381842216,3.68415354671618,3.9730482721208,7.08662667216903,7.3784686554216,11.2649087622582,14,2.4
1.24318587766265,3.87464122304866,4.17314654457488,7.29176017423438,7.61223464574808,10.4238868836959,14,2.6
1.04542257746326,4.03678997214782,4.34178801617509,7.45717961647507,7.79197011975646,10.6166408283423,14,2.8
0.904190020280003,4.17608019365424,4.48652140423089,7.6084952155443,7.93381355787756,11.5117766720552,14,3
1.06859787101974,4.32088893571157,4.62813758784718,7.74263009742415,8.08097882471023,11.3158463280055,14,3.2
1.22337300149432,4.47452768277645,4.75679293565346,7.86387963868962,8.19995225290277,11.9836561059945,14,3.4
2.01140754406167,4.58025466733953,4.87674935601499,7.98951882867221,8.31868287606803,11.9802940985709,14,3.6
1.83963000643258,4.6958220273049,4.97619447469175,8.07947817653956,8.41872258329833,14.2919492493332,14,3.8
1.53017496191869,4.7835725273524,5.07084100855525,8.17862317103189,8.50168921761117,13.3566812046322,14,4
-0.0142320177753874,4.873617766998,5.15200913510868,8.26271288056937,8.59646025497739,13.0614854731093,14,4.2
2.13907691278919,4.93722634464894,5.23360252755092,8.33966974952762,8.69994506277714,13.9695525507302,14,4.4
2.08104357933919,5.00169077912377,5.29632277150834,8.40275139256698,8.75799315421429,13.8111654014178,14,4.6
2.10053602076946,5.05265049195604,5.33989637995511,8.47582773283538,8.82632086940213,13.0162551455193,14,4.8
1.97639531702897,5.11877896525594,5.40890461652984,8.52125053187264,8.873621814088,13.3084883274369,14,5
1.39853232799946,5.16934839736271,5.45481702791372,8.56780913295663,8.91339043922693,13.1871621693194,14,5.2
1.81974596006533,5.20505855281426,5.49349299537843,8.61708993815491,8.96085016054997,13.4243822011179,14,5.4
2.48514767780748,5.23802045089939,5.53127747363418,8.66418703329404,9.00695636553387,13.7499072373984,14,5.6
1.15184854520245,5.27765870745711,5.56066507216775,8.71481395553116,9.05902085243915,13.7999630102178,14,5.8
1.25568645076372,5.30432223223232,5.58821233741067,8.73078347654333,9.07607642011794,14.9750018755885,14,6
0.03222568088987,5.31837617593379,5.6232136992461,8.7614159124961,9.12153966867049,17.2709602763134,14,6.2
1.65176794895349,5.35827989628507,5.65407878737369,8.79203607547714,9.14539561246247,18.1628430188487,14,6.4
1.27209907532364,5.38243424914068,5.6622077972355,8.81835483886895,9.1935204746801,16.1222409737217,14,6.6
2.35731921603719,5.37728426430928,5.67477516633027,8.83289379389852,9.20289916520554,15.9649513512388,14,6.8
2.27431593664088,5.41673478160216,5.70871237741158,8.86316362951736,9.22531314679257,15.6281192169067,14,7
2.1920001786545,5.43834405984835,5.71821346696601,8.87950944846785,9.25440134805067,14.1889776034661,14,7.2
1.53416823414867,5.43714230075152,5.72164435180999,8.90242627777582,9.26860257196829,14.4139057456291,14,7.4
2.09140159462295,5.46022173189354,5.74872903557273,8.90821597558886,9.28848376324943,14.1519623997205,14,7.6
2.10815983009478,5.46969687271643,5.75921037898799,8.94641317491203,9.31083437073936,14.9252934230382,14,7.8
1.84475439815337,5.4604348419155,5.7677900599838,8.96384621002145,9.32661499578386,15.795700410566,14,8
2.33794769601148,5.4776478034792,5.77251469633901,8.96907447723451,9.33768164884921,14.87248496009,14,8.2
2.65042659022621,5.48727420610926,5.77875655432191,8.98453018294145,9.34807524078675,14.8890341074946,14,8.4
1.67489528944462,5.49852359957858,5.79014532414724,8.99756528903196,9.37617233279403,16.6408746177191,14,8.6
2.47677098705611,5.49862055620017,5.79628413803124,9.00008984075434,9.3905308528473,14.817094316594,14,8.8
1.91097450572047,5.50085779595536,5.79647457241222,8.99502606041917,9.38963979664592,14.3341367809902,14,9
2.23865243277065,5.52553327703036,5.8042346572767,9.03006512271436,9.41113503669669,14.5421255881932,14,9.2
1.34906691310293,5.51506586692282,5.81295129378558,9.03674822645243,9.43180191816721,14.9500789827861,14,9.4
2.58139996232089,5.52100895308143,5.80588373614789,9.03349119526573,9.41345870297394,15.9068076721443,14,9.6
3.0194070297273,5.51918103759671,5.81264315450689,9.05693101097832,9.43102081007021,15.301782013735,14,9.8
2.64427194882631,5.53320114325867,5.81886306547958,9.05979428125921,9.43779521810995,15.599313007811,14,10
-1.60441698527229,-0.625658219513669,-0.522051622413511,0.520425513299859,0.618559829340733,1.30834770918648,15,0
-1.03577694495952,0.205313408773635,0.337195927656065,1.79665291197545,1.95106229959773,3.34709899988024,15,0.2
-0.483471241075395,0.856712770331511,1.02690904760808,2.99205357463295,3.21334518873242,5.22080932736601,15,0.4
0.115997024577949,1.42516049405837,1.62632507608618,4.01513178604334,4.29330631879116,6.68284050699646,15,0.6
0.478699013705957,1.9489101715942,2.17228039375682,4.87029425982904,5.18220497963115,7.47134450876399,15,0.8
0.430669185023933,2.40485831529015,2.66679709558949,5.61519032690766,5.92905413860337,9.14341531132681,15,1
1.03055986254272,2.83387237975366,3.10624563981872,6.22847040522236,6.55917859844763,9.23830700044047,15,1.2
1.43983881806213,3.23682271221075,3.51987923634778,6.75840453680482,7.10170188596167,9.62846971984424,15,1.4
1.47742894397077,3.5818290828993,3.86573964835811,7.19654965324575,7.54854847198756,10.3284113059704,15,1.6
1.65779791686419,3.92347411034517,4.21944589205019,7.586344927833,7.93579733635739,11.1804096277389,15,1.8
1.95501946819215,4.21409273616647,4.52658582824956,7.91020303784448,8.26503476690685,10.8883389557224,15,2
2.53983053001296,4.4789408955516,4.79637893078567,8.19219240456606,8.54229722247323,11.6341995067783,15,2.2
2.64919076505621,4.71789227338154,5.03411182296094,8.45652693021193,8.80820155547501,11.6059073736432,15,2.4
2.64256298615855,4.9592615744012,5.26477810574979,8.67485691340663,9.02912954567084,11.5068295925285,15,2.6
2.31347717799757,5.15290470175214,5.47314779485093,8.85365434962809,9.20724516660285,11.7744828640301,15,2.8
2.58041222912685,5.33966090733341,5.64939743848474,9.03790228971064,9.3929995222401,12.0736444401425,15,3
3.24248087860953,5.50489722025135,5.82382596388992,9.17869324850494,9.54466778306984,11.8158858111944,15,3.2
2.81381393196032,5.64339850160785,5.96379699666663,9.32079959415963,9.67560873002981,12.3873500627679,15,3.4
3.22096731577366,5.75480477006126,6.08161639263795,9.42764212925363,9.80121344993933,12.9885941063744,15,3.6
3.57051798730692,5.88461146916984,6.20945392841459,9.53518443398832,9.90645409471535,12.795768043333,15,3.8
3.80823887784699,6.00056234910516,6.29747282000001,9.64449930811459,10.0175056207899,12.6199477994953,15,4
3.58086273463307,6.0851416043531,6.39003513976039,9.73359364624906,10.0900928616869,13.0627471790937,15,4.2
3.88718634682958,6.16623329295501,6.46018699060612,9.81430065754274,10.1927322122675,12.6498425798068,15,4.4
4.16747048830696,6.23513358129375,6.53389755366728,9.88387903727731,10.2372700266244,12.6421265319493,15,4.6
4.0330375334799,6.30632312406607,6.60954883971908,9.94898981856639,10.3159458700558,12.8257788735404,15,4.8
3.5575609358631,6.36610288088703,6.65232399105549,9.98441608186029,10.3590787728626,13.3782887431035,15,5
4.50880445063484,6.39306699635231,6.70231192795712,10.0400149631854,10.4004521610001,13.0410129626509,15,5.2
4.20427822478796,6.44570060793551,6.7423192940987,10.0689965415229,10.4403259210598,13.1559657688032,15,5.4
4.09983978534185,6.49339977406044,6.78747832135907,10.127828515626,10.4951468913319,13.2298917447447,15,5.6
4.48738482623958,6.52728823548165,6.81160008287507,10.1591080691472,10.5087809932154,13.234110597759,15,5.8
4.27941229742304,6.57247467674521,6.85540895528371,10.1897710326323,10.5481751632124,13.653782636386,15,6
4.28561498562396,6.59137327650001,6.86649308655526,10.2370137340395,10.5971349811621,13.5005392164357,15,6.2
4.4119765904111,6.6033097002036,6.88520274011923,10.260076507994,10.6335811842787,13.5489208591271,15,6.4
4.59598910919449,6.62272374427652,6.89835686809497,10.290376443442,10.6631894559126,13.9437156723153,15,6.6
4.14483616036226,6.65081892429119,6.92941748200497,10.3108253885229,10.6699653265116,13.831414534092,15,6.8
4.46543339320115,6.65236580644403,6.94308916934802,10.329864277322,10.7015560877234,13.5898710435168,15,7
4.80100568131028,6.66396857831989,6.95562316385717,10.3463796054172,10.7217874131658,14.1977677029769,15,7.2
4.58152712738598,6.68166257357507,6.9732124268325,10.3786727533838,10.7446323294429,13.7664557970546,15,7.4
4.50721317631747,6.68491468227831,6.98565313535111,10.3787070644482,10.7414843196309,14.150127895574,15,7.6
4.30640150789339,6.70688398720041,6.9939561880189,10.3873431238878,10.7656466746938,13.9703879467913,15,7.8
4.32505045358167,6.6982682581534,7.00899189303739,10.3928125287005,10.7785762646509,13.9822577795743,15,8
4.1275501413073,6.7154376694833,7.00706546854644,10.409804659861,10.7858685931788,14.0840440480463,15,8.2
4.66892621287362,6.73043932858455,7.0126086188044,10.4249968091329,10.7998799151852,14.0743544520287,15,8.4
3.70840083541605,6.74628275835173,7.0284103249441,10.4343813219306,10.8234857497993,14.4217087245519,15,8.6
4.48253968156626,6.73205663255539,7.02294614425432,10.4428461752064,10.8226362348999,13.9712961376666,15,8.8
4.39121928385056,6.74394079439332,7.03981166458496,10.4458794890316,10.8310129537513,13.7452365093439,15,9
4.2816255360027,6.75525428312475,7.04164266115814,10.4504229545829,10.8357204952195,14.0206980324463,15,9.2
4.53734239017823,6.76833442023774,7.05397465338745,10.4555781581696,10.8426719502513,13.9893592275578,15,9.4
4.14985876527241,6.76153914574834,7.04900389677106,10.4597413879554,10.8352583309914,14.9833828391113,15,9.6
4.39532654436326,6.76364583858546,7.05551365611,10.4761703811103,10.8340110375698,14.4022603136691,15,9.8
4.46257776835873,6.76615135771674,7.04955182890628,10.4844035019166,10.853030099819,14.5857908965906,15,10
-1.45638308985617,-0.626106094790097,-0.524069808838318,0.520075660674311,0.625858026131398,1.41298343203162,16,0
-0.881013021858152,0.401972912287628,0.552777440948153,2.22898432925901,2.41170510498019,3.66734864898683,16,0.2
-0.896684320552575,1.21442457818006,1.41744990814743,3.86516456362974,4.1635535497896,6.57006268368701,16,0.4
-0.352110378251974,1.93563333026735,2.19791574632645,5.32072321369044,5.70618965857635,8.73085500615232,16,0.6
-0.0344894075202941,2.59864683327566,2.90268951532616,6.57851850424269,7.05562511432401,11.0649474544583,16,0.8
0.221783517877581,3.20950478656128,3.55558571054043,7.70674784329821,8.22149446708967,11.9000643294349,16,1
0.869238201171353,3.77353640059871,4.13241113172202,8.70262954281755,9.25418173059892,13.4618836929057,16,1.2
1.23795312948484,4.27856528036426,4.66431851981793,9.55490199987442,10.1558675815737,14.1877900987004,16,1.4
1.62309038716745,4.73235953208541,5.16114054820154,10.3197627562403,10.9391760241744,14.9707127207165,16,1.6
2.07659975697908,5.17253754643808,5.60338368607534,10.9967236603756,11.6118072273211,16.6801669059019,16,1.8
2.06885056232881,5.5596610129573,6.02691317727258,11.6061230102902,12.2260746503319,16.4548640958893,16,2
2.1970706823148,5.87571278391856,6.36763685383856,12.1385506068703,12.7573769081163,16.8346004073638,16,2.2
1.27985287598801,6.17667356931805,6.70891144835313,12.6334374648682,13.2284465084491,17.5398547569916,16,2.4
2.08701590205373,6.45199514098365,6.99422924189119,13.076281968539,13.6797657221498,18.3146973480751,16,2.6
1.51282417453587,6.68141313407899,7.23736750255341,13.4606393198552,14.0465500906793,18.7254553791523,16,2.8
1.95844144757176,6.89759980970328,7.46532417153442,13.8092487847977,14.3939429989325,19.7566448093973,16,3
1.31412723069334,7.08745911868367,7.67064226001092,14.0804898805416,14.7011402238941,20.1267511113337,16,3.2
2.33399741743195,7.24447516659868,7.84760854258664,14.369208244213,14.9775381902379,19.758866599527,16,3.4
2.60039558165286,7.40286845688638,8.0072486900659,14.6374297800956,15.2501196979023,20.5186546679559,16,3.6
3.58900674760145,7.54282271744644,8.15378468565097,14.8461305784427,15.4762497210978,20.1061398505023,16,3.8
3.47682999442914,7.66175423293657,8.29010303680365,15.0620408472304,15.7015593007155,20.7346941316551,16,4
3.03564740695656,7.75042150311112,8.37591504653695,15.2391253078411,15.8796039528192,20.5991431495237,16,4.2
3.1680549928769,7.81275566112898,8.47227408691915,15.4286032208112,16.0407624804648,21.4719805061005,16,4.4
3.66751927975143,7.88895945420134,8.55406942560527,15.591624599054,16.2085803148251,21.0254936035626,16,4.6
3.75521368705839,7.95828556746055,8.61586382877188,15.7177478914128,16.3444074054192,22.0451434417128,16,4.8
3.73618875706943,8.0027910356275,8.67457169799367,15.8426674550081,16.5026133188058,21.4954079840806,16,5
4.34517324565001,8.04549565577319,8.72856755710494,15.9843520641764,16.6116979348305,22.1935297414947,16,5.2
2.29742100218579,8.10305438108271,8.77579201734379,16.0749106758214,16.7485887910742,21.9633322065625,16,5.4
3.88118103880058,8.12421904035421,8.84872804892857,16.1890643493176,16.8464904620823,22.3396330506178,16,5.6
4.23471831003828,8.15281273258632,8.86669724452696,16.2733641061981,16.9784137028787,21.3567048749911,16,5.8
4.50980173962423,8.18699607224936,8.90646174579378,16.3649763726404,17.0419909536324,21.9789421221568,16,6
4.61986692545019,8.19972622315459,8.93130976744559,16.4446080452657,17.1100448209622,22.3051902347955,16,6.2
4.28251608025832,8.23497413066707,8.96377663074366,16.5231107607221,17.209751715557,22.3675909647641,16,6.4
4.40386453060593,8.25158097291372,8.98182164397323,16.5861454423705,17.2650764610115,22.7628023797778,16,6.6
4.66714955145753,8.24941535537104,9.00118714887982,16.6642883199933,17.3465962690148,22.6712542495043,16,6.8
4.26280374683555,8.26421055381248,9.01506909799649,16.7197831201478,17.3948074298454,22.7428381951346,16,7
3.96230362721239,8.26954126051946,9.03425205858333,16.7679546114231,17.4583949858667,22.7511998511269,16,7.2
4.08472620299422,8.31023359081602,9.04304633965942,16.8241136777289,17.5157274188332,22.5014316989435,16,7.4
4.75610985311723,8.30161545569069,9.08587185163329,16.8497316752682,17.5538875191645,22.4831292167752,16,7.6
4.32526206684883,8.31785077285348,9.07814638953609,16.9164187923167,17.6150671481129,22.9406331174695,16,7.8
3.64166722435958,8.32158612707449,9.08551357914058,16.9380428719402,17.6419842449859,22.560607750941,16,8
4.37664318580249,8.30884489290774,9.08828518976173,16.9951901476444,17.663802659716,22.688749164879,16,8.2
4.24767728635916,8.33887826257864,9.10514315754284,17.0289796126848,17.7139522066111,23.414400823515,16,8.4
4.75380157798878,8.35890324656679,9.11111386089398,17.0558492177585,17.7475553953169,22.9742557893889,16,8.6
4.38600912786507,8.35352877335361,9.09339458834408,17.1103045975044,17.7875359597168,23.2145996523277,16,8.8
4.06269771461735,8.35798155474017,9.12096179259049,17.1138076023261,17.7998021081327,22.9637425412138,16,9
3.50370542293049,8.32111799123633,9.11105433955181,17.1383667244952,17.8107727125335,23.105787500637,16,9.2
3.56089690560083,8.34911757836814,9.12009681532296,17.1635427356911,17.8227005749255,23.2535236768198,16,9.4
3.28176347752282,8.35510304795473,9.13819830029845,17.1693200781678,17.839670412135,23.4940777735401,16,9.6
3.11181565995415,8.35641168374844,9.12390929859817,17.2018535280931,17.8887479461097,23.4211578228326,16,9.8
3.33911345307556,8.3310548932509,9.1431997359435,17.2314785328476,17.9186775444552,23.3784007504025,16,10
-1.36940956276985,-0.618793280029475,-0.518184764681577,0.520677380586234,0.622249154925038,1.5287052341484,17,0
-1.24061560430298,0.346666202119272,0.4871720483044,2.09211543600091,2.25487423839455,3.50542741160173,17,0.2
-2.34390030507173,1.07649931326799,1.27499293585923,3.47188638599494,3.71503804938067,5.49091245187863,17,0.4
-0.939189317260803,1.70576295984706,1.93838172280594,4.59611339898681,4.88137848026649,7.05530704511193,17,0.6
-0.271908095168973,2.26624680318895,2.52166126075417,5.49717498445665,5.81583606305402,8.20924784034777,17,0.8
0.0854356555591597,2.74817287293168,3.02708469888755,6.21480458094819,6.5479751460276,8.86916333095321,17,1
0.280899489130272,3.18975374138891,3.48821323540165,6.79091537985181,7.14300139843638,9.8097273003921,17,1.2
0.26102066411008,3.56147808691591,3.87283209448427,7.28281279320482,7.64634432996107,10.5753723517915,17,1.4
0.650369714991,3.88005135125009,4.21735867626189,7.67546167431628,8.03554946103787,11.142184276847,17,1.6
1.21753715423833,4.1903664174116,4.51760203442768,8.0277652466463,8.37724048349325,11.0965276921587,17,1.8
1.19318610536787,4.4435830092165,4.76907869745499,8.2926841666765,8.65631879446464,11.7602768558871,17,2
1.98215813484065,4.65004420826036,4.99025254589953,8.5170187144179,8.90060688185983,12.945618971866,17,2.2
1.50475125621867,4.82710580873769,5.16796384493298,8.71778724974573,9.11631400915925,14.3959704884734,17,2.4
1.96338405148514,4.96954658529351,5.31424357241622,8.90536360733909,9.28301281844114,13.8407356503111,17,2.6
2.02619228529923,5.10702327248701,5.45887122046897,9.05055883846251,9.44303899263185,14.0746741513109,17,2.8
2.64084022164277,5.19695386962289,5.56085419778568,9.18088388218354,9.56447618051381,14.0008843484061,17,3
2.38261345106353,5.29419477943434,5.66482361584144,9.29107955661779,9.69539730801459,14.1377934398246,17,3.2
2.43837080592454,5.37610789664627,5.75319901701974,9.40206211539004,9.80251515052834,14.2665579315406,17,3.4
2.18048004545846,5.42593791237028,5.8177239972029,9.48871288524049,9.89708731526891,14.471543405002,17,3.6
2.23704412787429,5.47425598637988,5.88614435929695,9.542728200077,9.96053749640514,14.6569767303321,17,3.8
2.50107003373615,5.52460481867727,5.92767246386436,9.62420688957294,10.0531386419297,15.3414338806384,17,4
2.4979679631784,5.5538698268688,5.96739326406078,9.67935409206801,10.1108040537191,15.2829563295833,17,4.2
2.74008612427154,5.5842355006393,6.00516885080368,9.72817124220318,10.1619056167278,14.9029018055025,17,4.4
2.05994257029722,5.61493147833014,6.03651989124049,9.78346910014421,10.2181353667646,15.4481313910058,17,4.6
2.35274548933274,5.61930184858822,6.05747987373798,9.81692492127121,10.259703791241,15.4288315441459,17,4.8
2.78879514772626,5.64893690554511,6.08227977322322,9.85492590325269,10.3169288789304,15.7281832690326,17,5
2.57807614783892,5.63388903364142,6.09234328124333,9.88897241511355,10.3491501407638,15.734373982586,17,5.2
2.4880377916667,5.66756768306685,6.11585902410688,9.92638682149557,10.3827875516131,15.8453170771287,17,5.4
2.39899103202826,5.68772156924053,6.13925071085384,9.94200294761085,10.4114721468974,15.8769148369417,17,5.6
2.54305705844198,5.67235909125661,6.1342048960297,9.96986166176517,10.4249382717585,16.1688581765153,17,5.8
2.45128235333945,5.69803152548727,6.15253167664964,9.99629652003359,10.4592362750262,16.9520693977906,17,6
2.01195153004838,5.71347622311174,6.14676654888744,10.0198798396144,10.5042289312911,17.3434041166835,17,6.2
2.87272590611691,5.71632353101907,6.17294871895255,10.0311083626471,10.5088526655265,16.7864403646701,17,6.4
2.50210245330136,5.73052726511385,6.17527944109723,10.0378186153253,10.5209086417694,17.1382625567345,17,6.6
3.0400024783124,5.71728344910644,6.17935867693135,10.0594030904683,10.5379567347339,17.4747680289586,17,6.8
2.45453254829826,5.74257066271552,6.19989254605175,10.0648178729725,10.5617814167337,16.8481575387637,17,7
2.20902504742681,5.72822220631009,6.19502415956156,10.0846497291843,10.5657974614163,17.4650960823719,17,7.2
1.64531525239854,5.74852242637086,6.2024579186149,10.1054260325777,10.5980063355275,17.2135432364635,17,7.4
3.1915963509963,5.74954595699924,6.18665190239094,10.1008118226638,10.5866014076826,17.5504538724526,17,7.6
2.48451020101916,5.75118527587008,6.20378128790448,10.1138346683145,10.6019847839139,17.3508448712777,17,7.8
2.65378232990834,5.72241399569891,6.20725059516512,10.1089722822466,10.6239160226657,17.0324124017257,17,8
2.39559264466882,5.75874477398934,6.21010639234997,10.1100883230809,10.6098092173035,17.1401658559819,17,8.2
2.65212427601915,5.74335698598506,6.2141978338007,10.1144546566292,10.6251394173744,17.1659253258115,17,8.4
1.85774953667035,5.75644299096586,6.20412815491046,10.1254614800303,10.6484706588251,17.5466456199618,17,8.6
2.64330783490228,5.7392293547878,6.20695506533041,10.1280729507489,10.6403957613836,17.9544345514517,17,8.8
2.91072399185411,5.77038116217217,6.21607829454679,10.1410099352608,10.6550493517289,18.1262429821055,17,9
3.019930322371,5.75804712471602,6.21692937895305,10.1315120744604,10.6333261540825,18.0431677351506,17,9.2
2.87286133222922,5.7482861063741,6.2162916958113,10.15089434986,10.6453789513308,19.0207415721311,17,9.4
2.58956504048361,5.75038912351001,6.20630094384662,10.1536409331637,10.6451130437716,18.0027524869727,17,9.6
2.31404504435648,5.74589097783365,6.21084917409989,10.1611687006136,10.6590360084708,18.1632005371691,17,9.8
3.20012093720656,5.75098278762507,6.19156663606542,10.1553036810194,10.6735658072592,18.4735254055344,17,10
-1.36307724396415,-0.624211239603822,-0.518589460440684,0.519504360228583,0.624129105068874,1.40608811397266,18,0
-0.993699191995955,0.210941899103082,0.369519121298773,1.96910552110424,2.14137357575294,3.76504320988567,18,0.2
-0.992618734698407,0.88177199893906,1.08730233294896,3.31302493767103,3.567002149229,5.97545963078505,18,0.4
-1.01004459583228,1.46512490045162,1.73503059577618,4.52080531333023,4.83260291016022,7.33691138832006,18,0.6
-0.493237441693597,2.01501879997854,2.31340904397257,5.54770783430919,5.92334278406428,8.6565585282938,18,0.8
-0.120856334416134,2.50657299642499,2.85269937867162,6.4246855704349,6.83643005382456,9.5659945270106,18,1
-0.400164148654574,2.99371867920408,3.33730443849105,7.17932153408452,7.59952969908445,10.5237082541844,18,1.2
0.750986418244744,3.41979827184813,3.81157183721333,7.83699890658894,8.29055134578983,11.3771059679093,18,1.4
0.633265350778877,3.79543201848461,4.2245613632822,8.39369990611376,8.84995563357928,12.0728331847962,18,1.6
0.883442803944863,4.15293633145902,4.58599214142628,8.88699831117203,9.36317557348143,12.612396611556,18,1.8
1.06238098336073,4.49600216918501,4.94273789394153,9.32560357726124,9.79757435679185,12.8694372237034,18,2
0.419834784443209,4.77982130474858,5.25381584611585,9.69215792135883,10.1821599809738,13.7009838006208,18,2.2
1.10033654699663,5.06262421887811,5.52929016495046,10.0430048176812,10.5101236222574,13.8484153880623,18,2.4
0.703709737730386,5.29633581484067,5.78775172793852,10.34244017496,10.825375273966,14.3790000298036,18,2.6
1.25029523628251,5.51552559091039,6.02667425858808,10.6257854274339,11.086905582616,14.9158787516528,18,2.8
1.70896126775536,5.73139197783403,6.24528523787277,10.8357207801014,11.3256810229741,15.8341825607525,18,3
2.36928739535819,5.89865808813079,6.41328821724395,11.0640377325113,11.5275201855555,15.7530270860496,18,3.2
2.35653167289132,6.07153931077808,6.60922006739664,11.2560883012491,11.7594674744403,16.19898343969,18,3.4
2.27916032125412,6.20168671953206,6.7625956466996,11.4165962902845,11.902818345743,16.3143265253389,18,3.6
2.75589820635666,6.3347538729252,6.89531786061524,11.577235799334,12.0511806754517,16.5135232823532,18,3.8
2.55254425636966,6.439606256732,7.00747085863323,11.7223557104039,12.1936287108015,16.6105201329345,18,4
2.86104851961695,6.57499243577084,7.16683580104875,11.8556151450416,12.3307543953767,16.7835770901104,18,4.2
2.66783495992618,6.65407372107973,7.23565693075883,11.9595397828926,12.4433645193772,16.9859660682797,18,4.4
2.83301030865442,6.73194500992168,7.33256762407616,12.0398187695652,12.5399439047514,17.4802652784044,18,4.6
2.7359575272419,6.80622151752096,7.41108175855809,12.1353874345868,12.6316567899486,17.5482069152317,18,4.8
1.96002029527433,6.8891848885507,7.48919207449008,12.2325780758305,12.7076160687238,18.4160984940285,18,5
2.35763403173364,6.96117634821926,7.55447678807606,12.3086628171025,12.7979843305636,17.5030202625929,18,5.2
3.1612515607762,7.00817347147378,7.61741655558574,12.373470564295,12.859475101216,17.8630909884852,18,5.4
3.51546222689037,7.0451019653326,7.67703926822202,12.4429859030754,12.943522610232,18.3902158206232,18,5.6
3.03797781163181,7.11138753188023,7.72407694317335,12.5139220631715,13.0203945510126,18.2944080597742,18,5.8
3.00682527273899,7.1366159652487,7.76322735611276,12.5563455298915,13.0712950847693,18.5211970650136,18,6
2.99195647063134,7.17586319151305,7.77807558045871,12.6006425685574,13.1212219175622,19.7241759150942,18,6.2
2.64660384182524,7.19637123837179,7.843489774547,12.6598773046651,13.1796614866406,19.6114183856721,18,6.4
3.31040200680191,7.21196315075706,7.84615774023233,12.695542346162,13.2300118912941,19.3633186067643,18,6.6
2.63480092376785,7.25173780231586,7.89399543777269,12.7313989711467,13.2688574125313,19.7687861645245,18,6.8
2.72640318521107,7.26998017353076,7.92198924983941,12.7815480741609,13.3104105595956,20.8397618970958,18,7
2.74604369207143,7.30271913459035,7.94712283643265,12.8092286628792,13.3749324593553,20.5393313248186,18,7.2
2.77013928827722,7.3083698989533,7.95230714876246,12.8249478286581,13.3890659832627,20.8474948462286,18,7.4
2.95639191550375,7.34450435655306,7.98915590811379,12.8706617327299,13.4172144839949,20.4508862569943,18,7.6
2.39550506638933,7.35687673150622,8.01274421274512,12.8717968258637,13.4370682932476,20.6854568322974,18,7.8
2.42836766768633,7.37170608546083,8.00919510172936,12.9210629474851,13.4780220309449,20.8067165473056,18,8
2.95584181582348,7.35974248473143,8.01559846490641,12.9508226064262,13.5104898120787,20.5048762725425,18,8.2
2.59655295368437,7.36412523035593,8.024387574817,12.9581465496866,13.5312211673066,20.7527002333769,18,8.4
2.409373785152,7.37619098702844,8.02785678107383,12.9802464019144,13.5422094679338,20.9683516078607,18,8.6
3.1649770502572,7.39494545751323,8.04171024624312,12.9859998996834,13.5433788861997,21.8914374793039,18,8.8
3.18517839851325,7.38626591249542,8.05308118873388,12.9871393126017,13.5650913356162,21.8820858331469,18,9
2.5764742120465,7.38123823789077,8.04573284378067,13.0165478419147,13.5795846190608,22.0463418140094,18,9.2
3.08605569937894,7.42388527967488,8.06575434062398,13.0192232873462,13.603870516878,22.3959721921195,18,9.4
2.61781825307514,7.39358750146285,8.06801693645582,13.0478179149479,13.6271398303531,21.8584023716659,18,9.6
3.35120736327839,7.43063085515153,8.09019828851151,13.0586333750748,13.6652920521202,22.1123506984886,18,9.8
2.65264607870425,7.42112963581875,8.08727799564829,13.0635409237498,13.6685138068794,21.3677275910815,18,10
-1.34664288915284,-0.622051506288682,-0.522605035446107,0.517075174195547,0.614890474991808,1.28710199787917,19,0
-1.97857294691151,0.0447737602729437,0.194134742881431,1.7408217840705,1.91214256556021,3.44532607170603,19,0.2
-1.88084533306391,0.621919770932502,0.813441087290726,2.84907978335892,3.08220084747771,5.21910856943036,19,0.4
-1.18718906182741,1.11245417720043,1.34406495499305,3.82476387107293,4.11132747603212,7.65978783593488,19,0.6
-0.78092436838331,1.59739033860405,1.84633129355565,4.66825259811104,5.00031333035289,8.17662148514895,19,0.8
-1.04596353976939,2.00962506807109,2.28995121538812,5.3753291209129,5.74457759670256,9.08357298116916,19,1
-0.14461647404185,2.38871526778653,2.68937459418522,6.01980875454615,6.4048927345825,10.5079650245614,19,1.2
-0.499677759796491,2.75373442671419,3.06936354164584,6.56234298392604,6.97153295277107,11.3067610874731,19,1.4
0.296340616440727,3.07344742531405,3.40184272615013,7.05817707657389,7.49555618809067,11.4065995652698,19,1.6
-0.13276830118755,3.35956747876752,3.69361187295533,7.49736956727398,7.93956448391409,12.8128647474337,19,1.8
0.232854573020473,3.60771928645827,3.96070008189133,7.88319425726852,8.34716276889047,12.4546697505231,19,2
0.223215934143542,3.86211136920875,4.20073546459921,8.22604497636081,8.69379778696161,13.0697597354505,19,2.2
1.09624132635106,4.05741223867312,4.41608035978289,8.54021480424661,9.03390650057285,14.0084946069758,19,2.4
1.12938486040061,4.23277661054239,4.58797559450197,8.82014534899261,9.3330445403332,13.1935512279156,19,2.6
1.32605322488125,4.38924267361767,4.7616534019792,9.08525292825718,9.61293090290167,13.5892376387659,19,2.8
1.5946381013131,4.54081566249981,4.91101262836938,9.31332034869992,9.84279680801602,13.8983502146473,19,3
1.49634601478491,4.65904960638709,5.03675569957995,9.51740457288404,10.0675258955551,14.8515375178239,19,3.2
1.50176734240901,4.79137499416239,5.1586172122247,9.69319170490697,10.2387729772765,14.5807977260247,19,3.4
1.85978675024981,4.8645911866463,5.25586410278789,9.85293173081575,10.4320606976161,14.8637749472598,19,3.6
1.21723816074783,4.95274897859651,5.35410825751853,10.0328334254753,10.60855759978,14.9653261719157,19,3.8
1.95737610720297,5.03570397125914,5.41110079761287,10.1617062558153,10.7618346255336,15.0489449959964,19,4
2.38360568936344,5.09432364894146,5.48287940010025,10.3086927850369,10.9019671928029,15.4753383878001,19,4.2
2.35430029866019,5.14645761683518,5.54121219340631,10.4319021526417,11.0094290436127,15.439441026448,19,4.4
1.37326859852035,5.20533716036353,5.58615785831647,10.5401988809455,11.123327005307,16.0149793957346,19,4.6
2.07633974732466,5.21917249588932,5.63394505388955,10.6486493485399,11.2519003367359,16.4593170449897,19,4.8
1.6681696550933,5.27548769139223,5.66412809746123,10.7487805614273,11.3337086645002,16.4107928390594,19,5
2.29100802441843,5.28599045550496,5.7095915568647,10.8244266520658,11.4433394516259,16.7979161785929,19,5.2
1.59849805535593,5.30834191205887,5.72075309081776,10.9044077637947,11.5196018940796,17.1344162049486,19,5.4
1.90694161705111,5.35840978759567,5.75381666604277,10.9787503684658,11.6103861115396,17.6063263381238,19,5.6
2.12880237300777,5.35907390806728,5.79021513971832,11.0424618607721,11.7076212276947,17.8875607402318,19,5.8
2.45118143304462,5.3969548294939,5.80742777998525,11.094555897424,11.7487349489403,17.3464386862411,19,6
1.40131460088332,5.38897424505969,5.81882004342022,11.1690133732652,11.8056914072146,17.360638694765,19,6.2
2.38557547185738,5.40485634630522,5.84041204692676,11.2253582221892,11.8565775123283,17.1218776330105,19,6.4
2.67424245192954,5.42269292656889,5.85918915491414,11.2662079334688,11.9294636449455,17.5358957931736,19,6.6
2.41307260276662,5.4342225574156,5.83608118102491,11.3203910806807,11.9569567521744,17.100063838225,19,6.8
1.82577476300972,5.44062997394564,5.87290425665524,11.3669767759416,11.9966383255282,17.2798041502822,19,7
1.53274314632072,5.46278383384645,5.88109792773296,11.4024680163892,12.0615617990916,17.6741454882805,19,7.2
2.14160872680889,5.44631365286907,5.87182449338254,11.4303875607243,12.0843966117526,17.237703941645,19,7.4
2.37201662794674,5.46121636056421,5.87794016240281,11.456436474787,12.1168243454707,17.5176652495778,19,7.6
2.02565524271408,5.47719792730481,5.9044343737419,11.5026337169134,12.1992026090398,17.1901570863638,19,7.8
1.53340935919954,5.47473690563777,5.90224294267456,11.5494219362862,12.2282494163168,17.8887738074947,19,8
0.888657942657054,5.47561455641413,5.90090762154332,11.5627256781434,12.2591744891145,17.849022978978,19,8.2
2.47869043575597,5.47469650372329,5.89356748704507,11.5877846355943,12.2698269671727,18.0347395578107,19,8.4
2.4215940829885,5.47908974997175,5.90003340571203,11.6090357795281,12.3169199700878,18.8667238213291,19,8.6
1.41568147659877,5.47271629907844,5.91603239891355,11.6242239003723,12.3023286118206,18.0019743329137,19,8.8
2.67029583872812,5.51007429157449,5.93335103139082,11.6544378632499,12.3466702645048,18.1800626180921,19,9
1.59937316325361,5.49678841272065,5.9174037698727,11.6813359922957,12.3789174833899,18.1505770507799,19,9.2
2.75637184014708,5.48503063915314,5.93616688348857,11.6814680493837,12.3610869045411,18.5259269877107,19,9.4
2.16213223901348,5.49825176572499,5.91733140550757,11.6860410453744,12.3969142467137,18.3733554156044,19,9.6
2.36574724730668,5.47744424246105,5.91222262190382,11.711601451519,12.3973164734306,18.2014743991031,19,9.8
2.84551844682094,5.47433230807095,5.91924959957944,11.7292109490006,12.4128090974044,18.3388842622788,19,10
-1.48242629072048,-0.624874188666645,-0.520651634453848,0.516942523058362,0.620540122837692,1.43902364520923,20,0
-1.64751405921576,-0.144096163046991,-0.00277150077692118,1.40099495002503,1.54809744429576,2.82213165209484,20,0.2
-1.51028364805309,0.264077929822726,0.443577165016815,2.22512623945443,2.42551591192683,4.52179630712624,20,0.4
-1.73381787124052,0.650065190955979,0.847268278896025,2.97157727173548,3.20049770499241,5.84583688328186,20,0.6
-2.62099456598321,0.981469290167227,1.21297416746021,3.60977947143959,3.88390552245468,7.17145714602033,20,0.8
-1.26333034126703,1.29416268001053,1.54953922338986,4.16123331546421,4.45633554231692,8.1027447268214,20,1
-1.22584915211217,1.58123042230066,1.8586606173449,4.67380705736719,4.99577322572101,8.10770404399942,20,1.2
-0.751069608757871,1.8465424796557,2.1387465621752,5.09943185526296,5.42844458439316,9.30596447204699,20,1.4
-0.807809782832581,2.10308325999228,2.42234631636165,5.49384297615904,5.8315426408243,10.3988894268577,20,1.6
-0.963530659957871,2.32775876898175,2.65193589443155,5.83782970894782,6.20530606668255,10.6665822536216,20,1.8
-0.626010508549471,2.54041212480143,2.86676785167053,6.13396585550788,6.51003963617266,11.5596648180914,20,2
-0.0982132848907086,2.73714494664503,3.07164452149052,6.40870898832888,6.78281074562786,12.1601831235883,20,2.2
-0.553246442170788,2.91773543872099,3.25311356156474,6.65372395479779,7.04416854159311,12.202781772087,20,2.4
-1.32047469921495,3.08406015622111,3.43293995470652,6.88220561010601,7.26950109940279,12.7134638272522,20,2.6
-0.361984258516219,3.22507045613717,3.57239721452759,7.0819637266369,7.49156524260891,13.1576655968147,20,2.8
-0.290288680560398,3.37202151030131,3.72676052767145,7.27895989019615,7.68853490532175,14.1277944441112,20,3
0.0447358989097399,3.49208295959635,3.84283379245946,7.43409590202949,7.86682390200673,13.9885794194064,20,3.2
-0.426645118413137,3.61675247205302,3.96734693685429,7.59738949575732,8.03863555750976,14.9803517584623,20,3.4
-0.14478033796405,3.71066176970309,4.0758726209865,7.72823233349835,8.16952929125503,15.5758890320644,20,3.6
-0.606105782419756,3.793045171485,4.16409296246454,7.8595971291156,8.32447088702171,16.1325719878304,20,3.8
0.271138344787378,3.8720138437037,4.23919998060184,7.9975912765498,8.47329259101808,15.3773740287116,20,4
-0.0422779987291814,3.94143079391623,4.31027887874794,8.08827772398006,8.57289949368005,15.4901405460706,20,4.2
-0.184220988366451,3.99729509577903,4.37664615168832,8.21511605194019,8.69578622597631,15.1973556314614,20,4.4
-1.09422887975743,4.05517385109925,4.4267631600801,8.29308927572463,8.76746026717809,15.5914246628259,20,4.6
-0.678008364284781,4.12928415044488,4.48239760775821,8.37603012961418,8.86518055010896,15.5237947311128,20,4.8
0.231144158595533,4.15347564090804,4.52770456823624,8.46751625296746,8.95862898612326,15.6674517106945,20,5
0.434368386316472,4.17593654934778,4.56681717672745,8.55056811000315,9.04961273743403,15.6234225578777,20,5.2
0.393459750715002,4.21424891360012,4.60845136950505,8.59553367817944,9.11508309816164,15.4279865201537,20,5.4
-1.02120451989597,4.27515909541289,4.64411454930564,8.67072317603618,9.19294873919526,16.0725328584161,20,5.6
-0.779482303426798,4.29709099066899,4.67125107955659,8.73769020563175,9.2491603998383,15.9306425917163,20,5.8
-0.488741958174654,4.29934430814092,4.70450268049547,8.78811759087656,9.30965714715215,16.5526704470675,20,6
-0.0363383754962541,4.32038959751012,4.71090951371089,8.8429314954538,9.36004868847789,17.4001927221198,20,6.2
-0.311218909020928,4.36582923548632,4.75248363882686,8.89472786617867,9.40949765287858,17.9358090536633,20,6.4
0.725206132144762,4.38330856122329,4.76427568173367,8.92815015585455,9.45353668921992,18.1499843445164,20,6.6
-0.0822165137668234,4.39640875211704,4.78348295301904,8.98379791012778,9.53071535379327,17.5626491716287,20,6.8
-0.788190141833766,4.41892552611459,4.79351208148641,9.02474118215432,9.57487441067145,17.3928467786699,20,7
-0.584634187834357,4.41580959156971,4.80817999317529,9.07239750070492,9.61125858340306,17.4425882684663,20,7.2
-0.323050410985544,4.43309167751185,4.832346318883,9.0855027982205,9.63349938813856,16.3863192181254,20,7.4
0.248248117168553,4.44086168564184,4.82230420280336,9.11756861159154,9.68522894855559,16.4373173277487,20,7.6
1.08303242687026,4.45739246792778,4.83935181484538,9.14644925420954,9.70080556947599,16.5794817254775,20,7.8
0.92314813739915,4.43664486596107,4.8481925440412,9.19376467076549,9.75941050724597,16.8554861051954,20,8
0.64705119637731,4.45449963020124,4.84749118311742,9.2106161989725,9.78701372412521,16.0124768812727,20,8.2
1.83019511392447,4.43442110192359,4.84539269358761,9.22304254282391,9.82474777378358,16.3411301641782,20,8.4
1.70280508836501,4.4887411084633,4.86561753503037,9.25089868316715,9.83087711449528,16.4657466227607,20,8.6
1.55121690301777,4.45655036080085,4.85977587649278,9.27761145527275,9.86943724041947,17.3732785675496,20,8.8
1.25666290262269,4.46979499768444,4.87624242064138,9.30772425056079,9.88348076403938,16.963307445507,20,9
1.19838412556443,4.48038991064755,4.89558445861535,9.32638857462385,9.90921310391039,17.4645361161151,20,9.2
1.45021782673865,4.47866210696844,4.88731193150847,9.34095827712968,9.94999739516769,16.2759423802303,20,9.4
1.2477193094829,4.48906971459716,4.89850057121221,9.34087008138295,9.93863006344121,16.5642498122118,20,9.6
1.5582191320641,4.48851173035961,4.89584016653887,9.37053628903577,9.97480023179894,16.9483833255526,20,9.8
0.748134485969994,4.5008977170205,4.90769481722707,9.3732419864283,9.98885078879323,16.626336164884,20,10
