ind1,ind2,ind3,ind4,ind5,ind6,ind7,ind8,ind9,ind10
-0.688071940241696,-0.60085665263441,-1.20839906817559,-0.769336065210046,-0.995979762302571,-0.882569980502109,-1.09409074391764,-0.726179655666099,-0.387712429896821,-0.579497964594505
-3.05826576976142,-2.87673621908349,-3.08110558960542,-2.68774256737442,-3.06171197018065,-3.69104837494035,-3.11816215883295,-3.08025245009287,-2.94152127679374,-3.55627207437124
-0.406652796272638,-0.355027230134232,0.375413270904385,0.261448144045753,0.319675521113095,-0.186411347895106,-0.190424117764317,-0.559204202694976,-0.409376475006976,-0.0756298271212067
-0.353473468231697,-0.279004454558711,0.0749990978803217,-0.135745913516315,-0.0112687800568106,-0.834105986770732,-0.439800837384801,-0.188648710344814,-0.617949499894305,-0.370042308286731
